#ifndef CHINESE_FONT_H
#define CHINESE_FONT_H

#include <stdint.h>

#ifdef ARDUINO
#include <Arduino.h>
#elif __MBED__
#define PROGMEM
#endif

const uint8_t chineseFont[] PROGMEM = {
    0x10, 0x4F, 0xFE, 0xF8, 0x4F, 0xBC, 0xFB, 0x4F, 0xB4, 0xFF, 0x4F, 0xF4, 0x98, 0x41, 0x04, 0x11, 0xC0, 0x08,  // 啊
    0xA0, 0x4F, 0xFE, 0xA0, 0x8C, 0xE8, 0xCA, 0x8A, 0xA8, 0xBA, 0x8E, 0xE8, 0xEA, 0x88, 0x08, 0x83, 0x88, 0x18,  // 阿
    0x42, 0x04, 0x70, 0x4C, 0x85, 0xFC, 0xFC, 0x04, 0xFC, 0x52, 0x05, 0xFC, 0xE7, 0x08, 0x58, 0x0C, 0xE3, 0x04,  // 埃
    0x62, 0x06, 0x68, 0x64, 0xCF, 0xFC, 0x64, 0x07, 0xFC, 0xEA, 0x07, 0x26, 0x67, 0x06, 0x58, 0xCC, 0xC7, 0x04,  // 挨
    0x05, 0x0A, 0x54, 0xFF, 0xEA, 0x50, 0xA1, 0x0A, 0x98, 0xA5, 0x0E, 0x50, 0xA7, 0x08, 0x70, 0x0D, 0xC3, 0x0C,  // 哎
    0x02, 0x0A, 0x68, 0xEC, 0xCA, 0xFC, 0xA4, 0x0A, 0xFC, 0xBA, 0x0F, 0xFE, 0xA7, 0x08, 0x78, 0x0C, 0xE3, 0x04,  // 唉
    0x0C, 0x00, 0xC4, 0xE1, 0x03, 0xF8, 0x21, 0x02, 0x18, 0x3D, 0x81, 0x58, 0x33, 0x0D, 0x30, 0x1D, 0xE3, 0x00,  // 哀
    0x01, 0x06, 0xB4, 0x4B, 0x4F, 0xFC, 0xB0, 0x4B, 0xFC, 0xF0, 0xCB, 0xFC, 0xB8, 0xCF, 0x82, 0x8C, 0x60, 0x7C,  // 皑
    0x04, 0x07, 0xFE, 0x7F, 0x8C, 0x98, 0xCF, 0x87, 0xDC, 0xF5, 0x4F, 0xDC, 0x52, 0x05, 0x24, 0x96, 0xC1, 0x0C,  // 癌
    0x12, 0x0F, 0xFE, 0x12, 0x04, 0xF8, 0x4F, 0x84, 0xF8, 0xEC, 0xC4, 0xFC, 0x7F, 0x47, 0xDC, 0x7F, 0xC4, 0x18,  // 蔼
    0x40, 0x8C, 0xF8, 0xF2, 0x4E, 0xFC, 0x47, 0x8F, 0xAE, 0x56, 0x45, 0xFC, 0x6D, 0x8F, 0xF0, 0x87, 0xC1, 0xC4,  // 矮
    0x12, 0x01, 0x24, 0xFF, 0xC1, 0x20, 0x33, 0x02, 0x30, 0x12, 0x01, 0x60, 0x0C, 0x01, 0xE0, 0x63, 0xC8, 0x0C,  // 艾
    0x04, 0x8F, 0xCC, 0x47, 0xC4, 0x4C, 0xF7, 0xCF, 0xCC, 0xF1, 0x8F, 0xFE, 0xF4, 0x8F, 0x68, 0xC3, 0x80, 0x18,  // 碍
    0x03, 0x87, 0xD8, 0x2D, 0x8A, 0xF4, 0xFF, 0xC9, 0x88, 0x7F, 0x83, 0xF0, 0x2B, 0x0C, 0xE0, 0x3B, 0xC6, 0x08,  // 爱
    0x08, 0x8E, 0x50, 0xA5, 0x4D, 0xFC, 0xCD, 0x8D, 0x8C, 0xB0, 0xCB, 0xF8, 0xFF, 0x89, 0xF8, 0xBF, 0xE8, 0x00,  // 隘
    0x13, 0x0D, 0x90, 0xFF, 0xE7, 0xF4, 0x73, 0x0F, 0xFE, 0xB2, 0x8F, 0x68, 0x2D, 0x8F, 0xB8, 0x22, 0xC3, 0xC4,  // 鞍
    0x20, 0x07, 0xFC, 0x7F, 0x8C, 0x18, 0xD9, 0x87, 0xF8, 0xD7, 0x8F, 0xF8, 0x6C, 0x87, 0x8A, 0x3C, 0xEC, 0x26,  // 氨
    0x08, 0x00, 0xC0, 0x7F, 0xCC, 0xCC, 0x88, 0x01, 0x86, 0x13, 0x03, 0x60, 0x3C, 0x00, 0xF0, 0x3B, 0x8C, 0x08,  // 安
    0x24, 0x06, 0x44, 0x7F, 0xC4, 0xD0, 0xDF, 0x8D, 0xFE, 0x76, 0x85, 0xF8, 0x57, 0x85, 0xFC, 0x46, 0x44, 0x3C,  // 俺
    0x42, 0x04, 0x30, 0x6F, 0xEF, 0xA4, 0x46, 0x07, 0x64, 0xDD, 0x8C, 0xD0, 0x4D, 0x04, 0x38, 0xC4, 0xC5, 0x84,  // 按
    0x02, 0x0E, 0x3C, 0xAD, 0x8A, 0x58, 0xA5, 0x4F, 0xFE, 0xAC, 0x8A, 0xC8, 0xEF, 0x8A, 0x88, 0x8F, 0x80, 0x88,  // 暗
    0x4C, 0x84, 0xC8, 0x4C, 0x84, 0x0C, 0xFF, 0xCC, 0x08, 0xFF, 0x8C, 0x44, 0xFF, 0xE8, 0x40, 0x84, 0x00, 0x40,  // 岸
    0x02, 0x0F, 0x30, 0xBF, 0xEF, 0xA4, 0xF6, 0x0B, 0x66, 0xFD, 0x8B, 0x58, 0xBD, 0x0B, 0x38, 0xF4, 0xC3, 0x84,  // 胺
    0x0C, 0x07, 0xFC, 0xD8, 0xCF, 0xFC, 0x36, 0x03, 0xF0, 0x79, 0x88, 0xC4, 0xFF, 0xC3, 0xF0, 0x4D, 0xC0, 0x80,  // 案
    0x02, 0x0F, 0x30, 0xFF, 0xCF, 0x00, 0xF5, 0x8F, 0x78, 0xF5, 0x8B, 0x58, 0xB5, 0x8B, 0xDA, 0x79, 0xE3, 0x0C,  // 肮
    0x40, 0x86, 0x18, 0x7F, 0x84, 0x08, 0x7F, 0x81, 0xC4, 0xF7, 0xCC, 0x4C, 0xC4, 0xCF, 0x5C, 0xC4, 0x80, 0x40,  // 昂
    0x04, 0x00, 0xC0, 0x7F, 0x86, 0x98, 0xFF, 0xE1, 0xA0, 0x31, 0xCF, 0xFC, 0x2F, 0x82, 0xF8, 0x3F, 0xCF, 0xFC,  // 盎
    0x00, 0x0F, 0x7C, 0xD6, 0xCD, 0x68, 0xD6, 0x8D, 0x68, 0xDE, 0x8C, 0x08, 0xC0, 0xCF, 0xFC, 0x80, 0x80, 0x00,  // 凹
    0x23, 0x02, 0xB0, 0xFA, 0x6F, 0xBC, 0x22, 0x8F, 0xE8, 0x6E, 0x87, 0xB8, 0x49, 0x05, 0xB8, 0xF6, 0xC1, 0x84,  // 敖
    0x20, 0x03, 0xB0, 0x3A, 0x4F, 0xBC, 0xFE, 0x82, 0xD8, 0x79, 0x05, 0xBC, 0xB4, 0xC5, 0x48, 0xDA, 0xC9, 0xA4,  // 熬
    0x20, 0x0F, 0xFE, 0x9B, 0x4F, 0xFC, 0xFF, 0xCE, 0xB4, 0xFB, 0x4F, 0xFC, 0xBF, 0xCF, 0x34, 0x27, 0xC2, 0x2C,  // 翱
    0x40, 0x06, 0x7C, 0x7A, 0x0B, 0x20, 0x62, 0x47, 0xFE, 0xE3, 0x07, 0x70, 0x55, 0x84, 0xCC, 0x48, 0xE6, 0x04,  // 袄
    0x68, 0x86, 0x98, 0x7D, 0x0D, 0xDE, 0xDB, 0xCF, 0xFC, 0xD9, 0x8D, 0xD8, 0xD5, 0x8D, 0x58, 0xEF, 0xEC, 0xC4,  // 傲
    0x18, 0x07, 0xF8, 0x6F, 0x85, 0xE8, 0x7F, 0x85, 0xE8, 0x6F, 0x84, 0xCC, 0xFF, 0xE1, 0xA0, 0x33, 0xCC, 0x0C,  // 奥
    0x46, 0x05, 0xFC, 0x5B, 0xCF, 0xFC, 0xFF, 0xCD, 0xFC, 0x5B, 0xC5, 0x24, 0x7F, 0xE4, 0x50, 0x4C, 0xE5, 0x04,  // 懊
    0x06, 0x05, 0xFC, 0x53, 0xCB, 0xFC, 0xFF, 0xC5, 0x7C, 0x5B, 0xCD, 0x64, 0xFF, 0xEC, 0x50, 0xCD, 0xE3, 0x04,  // 澳
    0x32, 0x03, 0x34, 0xFF, 0xC7, 0x28, 0x7F, 0x84, 0xC8, 0x4C, 0x87, 0xF8, 0x40, 0x44, 0x04, 0x7F, 0xC3, 0xF8,  // 芭
    0x40, 0x45, 0xE4, 0x7B, 0x4F, 0xBC, 0x5F, 0xC6, 0x9C, 0xDF, 0xCC, 0xBC, 0x4B, 0x45, 0x64, 0xFF, 0xC4, 0x0C,  // 捌
    0x61, 0x06, 0x50, 0xF5, 0x06, 0x50, 0x75, 0x06, 0x58, 0xE4, 0x86, 0xC8, 0x68, 0x86, 0x8C, 0xF0, 0x66, 0x04,  // 扒
    0x01, 0x0A, 0xD0, 0xED, 0x0A, 0xD0, 0xAD, 0x0A, 0xD0, 0xA9, 0x0E, 0x98, 0xA9, 0x81, 0x0C, 0x30, 0xC0, 0x00,  // 叭
    0x00, 0x0F, 0xFC, 0xAA, 0xCA, 0xAC, 0xAA, 0xCA, 0xFC, 0xA8, 0xCE, 0x80, 0xA8, 0x08, 0x84, 0x0C, 0xE0, 0x7C,  // 吧
    0x22, 0x06, 0xA4, 0x7F, 0xC9, 0x50, 0x59, 0x86, 0xD8, 0x4D, 0x87, 0xF8, 0x40, 0x84, 0x04, 0x60, 0xE3, 0xFC,  // 笆
    0x00, 0x00, 0x60, 0x16, 0x03, 0x20, 0x32, 0x02, 0x20, 0x22, 0x02, 0x30, 0x41, 0x84, 0x18, 0x80, 0xC0, 0x00,  // 八
    0x04, 0x02, 0x6C, 0x60, 0x0F, 0xFC, 0xFA, 0xC7, 0xAC, 0xFF, 0xCF, 0x8C, 0x78, 0x05, 0x84, 0x9F, 0xE0, 0xF8,  // 疤
    0x00, 0x07, 0xF8, 0x4C, 0x84, 0xC8, 0x4C, 0x87, 0xF8, 0x40, 0x84, 0x00, 0x40, 0x44, 0x04, 0x7F, 0xE0, 0x00,  // 巴
    0x66, 0x06, 0x78, 0x74, 0xCF, 0xFC, 0x64, 0x07, 0xF8, 0xEE, 0x8E, 0xB8, 0x7B, 0x07, 0x30, 0xEC, 0xC5, 0x04,  // 拔
    0x07, 0x0F, 0x78, 0x96, 0xC9, 0xFC, 0xF4, 0x0E, 0x7C, 0xFE, 0x8E, 0xF8, 0xEB, 0x0F, 0xB8, 0xD6, 0xC2, 0x84,  // 跋
    0x50, 0x0F, 0xFC, 0xF5, 0x47, 0x54, 0xF5, 0x4F, 0xFC, 0xFC, 0xCF, 0x40, 0xFC, 0x02, 0x44, 0x27, 0xE2, 0x38,  // 靶
    0x40, 0x06, 0xFC, 0x7B, 0xCF, 0xAC, 0x6A, 0xC7, 0xFC, 0xE8, 0xCE, 0x80, 0x68, 0x06, 0x84, 0xCF, 0xE4, 0x78,  // 把
    0x60, 0x07, 0xFC, 0xEF, 0xCF, 0xFC, 0x6F, 0xCF, 0xFC, 0x6C, 0x47, 0xC0, 0xFC, 0x46, 0xC4, 0x6F, 0xE4, 0x00,  // 耙
    0x40, 0x04, 0xFC, 0x4C, 0xCF, 0xFC, 0x6F, 0xC4, 0xEC, 0x4E, 0xC7, 0xEC, 0xEA, 0x08, 0x7C, 0x0C, 0x43, 0x04,  // 坝
    0x00, 0x87, 0xFC, 0xFF, 0xCB, 0xF0, 0x5A, 0x8F, 0xEC, 0x73, 0xCF, 0xAC, 0xFB, 0xCF, 0xEC, 0x25, 0xC2, 0x88,  // 霸
    0x00, 0x07, 0xFC, 0x56, 0x87, 0xFC, 0x4C, 0x87, 0xF8, 0x0C, 0x0F, 0xFE, 0x1A, 0x03, 0x10, 0x7F, 0x86, 0x00,  // 罢
    0x12, 0x03, 0x38, 0x56, 0x88, 0xC0, 0x1F, 0x86, 0x1C, 0xED, 0x06, 0x90, 0x7F, 0x06, 0x04, 0x71, 0xC3, 0xF8,  // 爸
    0x08, 0x00, 0x80, 0x58, 0x87, 0xF8, 0x40, 0x84, 0x08, 0x7F, 0x84, 0x08, 0x40, 0x84, 0x08, 0x60, 0x84, 0x08,  // 白
    0x61, 0x06, 0x30, 0x7F, 0xCF, 0xC4, 0x6C, 0x47, 0xC4, 0xFF, 0xCE, 0xC4, 0x6C, 0x46, 0xC4, 0x6F, 0xC6, 0xC4,  // 柏
    0x00, 0x4F, 0xFC, 0x08, 0x05, 0x98, 0x61, 0x84, 0x18, 0x61, 0x86, 0x18, 0x41, 0x86, 0x18, 0x61, 0x84, 0x00,  // 百
    0x40, 0x05, 0xFC, 0x7D, 0x4F, 0xFC, 0x7A, 0x46, 0x24, 0xCF, 0xC4, 0x66, 0x47, 0x04, 0xD8, 0xDF, 0xC4, 0x04,  // 摆
    0x20, 0x07, 0xFE, 0x42, 0x04, 0xE8, 0xCF, 0xCC, 0x8C, 0x48, 0xC4, 0xFC, 0x48, 0xC4, 0x8C, 0x4F, 0xC4, 0x88,  // 佰
    0x03, 0x0F, 0xA0, 0xBA, 0x6B, 0xEC, 0xBE, 0x8B, 0xA8, 0xBA, 0x8F, 0xB8, 0xF1, 0x05, 0xB8, 0xCC, 0xE1, 0x04,  // 败
    0x10, 0x0F, 0x7C, 0x21, 0x02, 0x7C, 0xF9, 0x02, 0x7C, 0x29, 0x0F, 0xB6, 0x61, 0x04, 0x10, 0xC1, 0x00, 0x10,  // 拜
    0x02, 0x0F, 0xA4, 0x6F, 0xC7, 0xB4, 0xFF, 0xC6, 0xA4, 0xFF, 0xCE, 0x70, 0xFF, 0x66, 0x30, 0x61, 0x04, 0x10,  // 稗
    0x08, 0x0F, 0xFE, 0x4B, 0x85, 0xF8, 0x55, 0x8F, 0xDC, 0x4F, 0xC4, 0xD8, 0x4D, 0x8F, 0x78, 0xB1, 0xE2, 0x40,  // 斑
    0x04, 0x0F, 0xFC, 0x4D, 0x04, 0x50, 0x5D, 0x0F, 0xDC, 0x5D, 0x84, 0x90, 0x79, 0x0D, 0x90, 0x37, 0xE4, 0x00,  // 班
    0x48, 0x05, 0xFC, 0x7F, 0x8F, 0xDC, 0x5E, 0xE7, 0x6C, 0xD7, 0xC5, 0xD8, 0x5D, 0x85, 0x58, 0xED, 0xCC, 0x44,  // 搬
    0x40, 0x06, 0xBC, 0x6C, 0x0F, 0x80, 0x4F, 0xC7, 0xE8, 0xEA, 0x8C, 0xB8, 0x4B, 0x05, 0xB8, 0xF4, 0xE7, 0x84,  // 扳
    0x20, 0x07, 0xF8, 0x7E, 0x87, 0xEC, 0x7C, 0xEF, 0xFC, 0xDA, 0xCF, 0xB8, 0xBB, 0x09, 0xB8, 0xBE, 0xE1, 0x84,  // 般
    0x00, 0x47, 0x7C, 0x5A, 0x09, 0xFC, 0x9D, 0x4F, 0x54, 0x55, 0x45, 0x54, 0x57, 0x4F, 0x38, 0x26, 0xC1, 0x84,  // 颁
    0x60, 0x04, 0xFC, 0x4C, 0x0F, 0x80, 0x4F, 0xC6, 0xE8, 0xFA, 0x8C, 0xB8, 0x4B, 0x05, 0xB8, 0x76, 0xE7, 0x84,  // 板
    0x20, 0x0E, 0x7C, 0xE4, 0x0F, 0xC0, 0xFF, 0xC8, 0x6C, 0xF6, 0x8B, 0xF8, 0xBD, 0x8B, 0xB8, 0xBE, 0xE1, 0x84,  // 版
    0x41, 0x04, 0x50, 0x55, 0x0F, 0xD8, 0x58, 0xC7, 0x8E, 0xDF, 0x84, 0x48, 0x44, 0x84, 0xD8, 0xDB, 0x86, 0x10,  // 扮
    0x62, 0x06, 0x2C, 0x7A, 0x8F, 0xF8, 0x6F, 0xC7, 0x20, 0xE2, 0x4F, 0xFE, 0x62, 0x06, 0x20, 0xE2, 0x04, 0x20,  // 拌
    0x22, 0x06, 0x2C, 0x5A, 0xC4, 0xB8, 0xCF, 0xCC, 0x60, 0x42, 0x47, 0xFE, 0x42, 0x04, 0x20, 0x42, 0x04, 0x20,  // 伴
    0x41, 0x87, 0xEC, 0xFF, 0xCB, 0xDC, 0xDD, 0x8F, 0xFE, 0x5E, 0x8F, 0xBC, 0xDF, 0x8A, 0xF8, 0xAF, 0x84, 0x08,  // 瓣
    0x0C, 0x04, 0xC8, 0x6D, 0x83, 0xD0, 0x2E, 0xCF, 0xF8, 0x0C, 0x4F, 0xFE, 0x0C, 0x00, 0xC0, 0x0C, 0x00, 0xC0,  // 半
    0x08, 0x00, 0x80, 0x09, 0x07, 0xF0, 0x1B, 0x05, 0xB8, 0x5B, 0x4D, 0x36, 0x93, 0x62, 0x30, 0x6F, 0x08, 0x60,  // 办
    0x22, 0x06, 0x24, 0x4A, 0xC9, 0xF8, 0xEB, 0xC6, 0xFC, 0x42, 0x0F, 0xFE, 0x02, 0x0F, 0x20, 0x82, 0x00, 0x20,  // 绊
    0x30, 0x03, 0x3C, 0xFE, 0xC3, 0x28, 0x3B, 0x87, 0xB8, 0x32, 0x4F, 0xE4, 0x23, 0x62, 0x3C, 0x43, 0x08, 0x20,  // 邦
    0x30, 0x4F, 0xFC, 0x3A, 0x87, 0xAC, 0xFE, 0x42, 0x3C, 0x46, 0x8F, 0xF8, 0x24, 0x82, 0x58, 0x25, 0x80, 0x40,  // 帮
    0x64, 0x06, 0xDE, 0x7F, 0x4F, 0xD4, 0x6F, 0x8F, 0xD4, 0xFD, 0x4F, 0xF6, 0x69, 0xE6, 0x94, 0x71, 0x06, 0x10,  // 梆
    0x62, 0x04, 0x34, 0x75, 0x8F, 0x50, 0x4F, 0xCF, 0xA4, 0xFF, 0xCC, 0x60, 0x47, 0xC4, 0x48, 0x4B, 0x87, 0x10,  // 榜
    0x02, 0x0F, 0xFC, 0xA5, 0x8E, 0x78, 0xEF, 0xEB, 0xA4, 0xFF, 0xEB, 0x60, 0xA7, 0xCA, 0x48, 0xEF, 0x83, 0x10,  // 膀
    0x0C, 0x06, 0xDE, 0x5F, 0x4B, 0xD4, 0xED, 0x85, 0xF4, 0x49, 0x4F, 0xF6, 0x09, 0xEF, 0x9C, 0x91, 0x06, 0x10,  // 绑
    0x42, 0x04, 0x68, 0x7E, 0x8E, 0xF8, 0xC4, 0x4F, 0xF8, 0xEB, 0x85, 0xFE, 0x62, 0x05, 0xFC, 0x42, 0x04, 0x20,  // 棒
    0x02, 0x0F, 0xFC, 0x65, 0x84, 0x78, 0x7F, 0xEF, 0xA4, 0xFF, 0xCF, 0x68, 0xF7, 0xCF, 0x48, 0xCB, 0x81, 0x10,  // 磅
    0x63, 0x06, 0x30, 0xFF, 0xCF, 0x30, 0xF3, 0x0F, 0x7C, 0xF3, 0x0F, 0x34, 0x7F, 0xE7, 0xB0, 0xCB, 0x00, 0x30,  // 蚌
    0x42, 0x04, 0xBC, 0xFD, 0x88, 0x78, 0xFF, 0xE4, 0xA4, 0xFF, 0xC4, 0x60, 0x57, 0xC7, 0x48, 0x6B, 0x87, 0x10,  // 镑
    0x26, 0x06, 0x2C, 0x5F, 0xC4, 0x50, 0xDF, 0xEF, 0x24, 0x7F, 0xC4, 0x40, 0x47, 0x84, 0x88, 0x5B, 0x86, 0x30,  // 傍
    0x06, 0x04, 0x2C, 0x5F, 0xC0, 0xD0, 0xDF, 0xE7, 0x6C, 0x7F, 0xE4, 0x48, 0x77, 0x86, 0x88, 0xDB, 0x82, 0x10,  // 谤
    0x12, 0x0F, 0xFE, 0x12, 0x03, 0x20, 0x7F, 0x86, 0x48, 0xE4, 0x86, 0x58, 0x67, 0xC6, 0x14, 0x71, 0xE3, 0xF8,  // 苞
    0x04, 0x0F, 0x40, 0xAF, 0xCA, 0x8C, 0xFF, 0xCB, 0xBC, 0xEB, 0xCA, 0xEC, 0xA9, 0x8A, 0x80, 0x6F, 0xE2, 0x7C,  // 胞
    0x10, 0x03, 0x08, 0x3F, 0xC6, 0x08, 0xFC, 0x8E, 0x48, 0x64, 0x87, 0xD8, 0x63, 0xC6, 0x14, 0x7F, 0xC3, 0xF8,  // 包
    0x0C, 0x0F, 0xFE, 0x3F, 0x86, 0x98, 0xEF, 0xCF, 0xFC, 0x5B, 0xC7, 0xFC, 0x5D, 0x87, 0x20, 0xBD, 0xC3, 0x04,  // 褒
    0x00, 0x4F, 0xC4, 0x09, 0x44, 0x94, 0xFF, 0x41, 0x54, 0x5D, 0x47, 0x14, 0x7D, 0x49, 0x44, 0x71, 0xC3, 0x0C,  // 剥
    0x12, 0x0F, 0xFC, 0x13, 0x05, 0xFC, 0x7F, 0x8B, 0x68, 0xD6, 0x85, 0xF8, 0xD7, 0xCC, 0x90, 0xCD, 0x00, 0x30,  // 薄
    0x00, 0x84, 0xC4, 0xFF, 0xEF, 0xFC, 0x3F, 0x03, 0xF8, 0x64, 0x8F, 0xC8, 0x7D, 0x86, 0x14, 0x3F, 0xE1, 0xF8,  // 雹
    0x20, 0x07, 0xF8, 0x48, 0x84, 0x88, 0xDF, 0x8C, 0x24, 0x7F, 0xE4, 0xF0, 0x4B, 0x85, 0x2C, 0x62, 0x64, 0x20,  // 保
    0x20, 0x06, 0xF8, 0x48, 0x8E, 0xF8, 0xFE, 0x46, 0xF0, 0x5A, 0xC6, 0x66, 0x4C, 0x87, 0xF8, 0x0C, 0x4F, 0xFC,  // 堡
    0x44, 0x04, 0x40, 0x5F, 0xCF, 0x84, 0xFF, 0x45, 0xB4, 0x4B, 0x44, 0xFC, 0x49, 0xC5, 0x8A, 0x6C, 0xE4, 0x7C,  // 饱
    0x08, 0x00, 0x40, 0x7F, 0xEC, 0x0C, 0xC0, 0x80, 0xC0, 0x0C, 0x03, 0xF8, 0x0F, 0x00, 0xD0, 0x8D, 0xC0, 0x00,  // 宝
    0x44, 0x06, 0x40, 0x4F, 0xCF, 0x8C, 0x5F, 0xC7, 0xBC, 0xEB, 0xCC, 0xFC, 0x4B, 0xC4, 0x98, 0xCC, 0x6C, 0xFC,  // 抱
    0x60, 0x06, 0xFC, 0x7C, 0x8F, 0xF8, 0x6D, 0x87, 0xFC, 0xEE, 0x8E, 0xE8, 0x6D, 0x86, 0xD8, 0xEE, 0xE4, 0x84,  // 报
    0x21, 0x86, 0x18, 0x7F, 0x87, 0xF8, 0x73, 0xC1, 0x34, 0xFF, 0xE2, 0xD0, 0x7F, 0xC9, 0xE4, 0x7F, 0x00, 0x80,  // 暴
    0x12, 0x03, 0x20, 0xFE, 0xC7, 0xE4, 0x64, 0x4F, 0xE4, 0x7B, 0x4F, 0x34, 0x78, 0x4D, 0x8C, 0xB1, 0xC3, 0x18,  // 豹
    0x42, 0x05, 0x64, 0xF7, 0xCB, 0xC4, 0xFF, 0xCB, 0xD4, 0xF5, 0x4B, 0x74, 0xF5, 0xC9, 0x42, 0xE6, 0x60, 0x3C,  // 鲍
    0x40, 0x84, 0x88, 0x5F, 0x87, 0xF8, 0xCD, 0xCC, 0xD4, 0x5F, 0xE6, 0xA8, 0xFB, 0xEA, 0xF0, 0x1E, 0x80, 0x60,  // 爆
    0x60, 0x06, 0xFC, 0x73, 0x0F, 0xA0, 0x62, 0x07, 0x78, 0xFE, 0xCE, 0xA4, 0x72, 0x46, 0x20, 0x62, 0x06, 0x20,  // 杯
    0x03, 0x0F, 0xB4, 0x4F, 0xC4, 0xF4, 0x7F, 0xCF, 0xB4, 0xFF, 0xCF, 0x70, 0x7F, 0xEF, 0x10, 0xC1, 0x00, 0x10,  // 碑
    0x12, 0x01, 0x6C, 0x12, 0x01, 0x28, 0x12, 0x01, 0x6C, 0x16, 0x01, 0x60, 0x74, 0xCF, 0x54, 0xBF, 0x41, 0xE0,  // 悲
    0x08, 0x07, 0xF8, 0x4C, 0x84, 0xC8, 0x7F, 0x84, 0x88, 0x7F, 0x83, 0x40, 0xFF, 0xE0, 0x40, 0x04, 0x00, 0x40,  // 卑
    0x12, 0x01, 0x20, 0x12, 0x41, 0x2C, 0xF3, 0x81, 0x20, 0x12, 0x01, 0x20, 0xF2, 0x0D, 0x24, 0x13, 0xE1, 0x00,  // 北
    0x12, 0x0F, 0x3C, 0x12, 0x85, 0x24, 0xF3, 0xC1, 0xA0, 0xFF, 0x82, 0xC0, 0x7F, 0x8F, 0xFC, 0x0C, 0x00, 0xC0,  // 辈
    0x12, 0x01, 0x7C, 0x96, 0x47, 0x64, 0xD3, 0xC3, 0xF8, 0x61, 0x87, 0xF8, 0x61, 0x87, 0xF8, 0x61, 0x86, 0x30,  // 背
    0x00, 0x87, 0xF8, 0x60, 0x86, 0xC8, 0x6C, 0x86, 0xC8, 0x6C, 0x86, 0x88, 0x5E, 0x01, 0x18, 0x60, 0xC8, 0x04,  // 贝
    0x60, 0x04, 0x7C, 0x7C, 0x48, 0x54, 0xFD, 0x44, 0x54, 0xFF, 0x44, 0xF4, 0x4E, 0x47, 0x3C, 0x6C, 0xE5, 0x80,  // 钡
    0x22, 0x02, 0x24, 0x7F, 0xC4, 0xD8, 0xC5, 0x0D, 0xFE, 0x40, 0x04, 0xFC, 0x48, 0x84, 0x88, 0x4F, 0x84, 0x88,  // 倍
    0x10, 0x0F, 0xFC, 0x6C, 0x4A, 0xF4, 0x2F, 0x46, 0xF4, 0x6F, 0x4B, 0xF4, 0x2B, 0x42, 0x6C, 0xEC, 0x65, 0x00,  // 狈
    0x10, 0x03, 0xF0, 0x33, 0x04, 0xE0, 0x8C, 0x03, 0x3C, 0xE1, 0xE6, 0xD8, 0x7F, 0x86, 0xD8, 0x7F, 0x86, 0x18,  // 备
    0x10, 0x03, 0xF0, 0x6E, 0x0D, 0xF8, 0xF3, 0xC6, 0xD8, 0x7F, 0x87, 0xF8, 0x69, 0x0F, 0xDC, 0xFF, 0x41, 0xE0,  // 惫
    0x42, 0x04, 0x24, 0x4F, 0xC7, 0x88, 0xE5, 0x8C, 0x56, 0x50, 0x84, 0xF8, 0x68, 0x8F, 0x88, 0x8F, 0x80, 0x88,  // 焙
    0x43, 0x06, 0x30, 0xFF, 0xE3, 0xF4, 0x6F, 0x07, 0xFC, 0xEE, 0xC7, 0xA8, 0x5B, 0x84, 0xB8, 0x76, 0xE7, 0x84,  // 被
    0x08, 0x01, 0x8C, 0x9E, 0x03, 0xB0, 0x6D, 0xCF, 0xFC, 0x2F, 0x02, 0xB4, 0xFF, 0xC2, 0x30, 0x63, 0x08, 0x30,  // 奔
    0x12, 0x03, 0x34, 0xBF, 0x03, 0xE0, 0xFF, 0xC1, 0xE0, 0x1E, 0x02, 0xD8, 0x6F, 0xE8, 0xC4, 0x0C, 0x00, 0x80,  // 苯
    0x0C, 0x00, 0xC0, 0x0C, 0x4F, 0xFC, 0x1E, 0x03, 0xE0, 0x2D, 0x04, 0xDC, 0xFF, 0xE0, 0xC0, 0x0C, 0x00, 0xC0,  // 本
    0x62, 0x06, 0xE4, 0x7F, 0xCB, 0x90, 0x0C, 0x0F, 0xFC, 0x1E, 0x02, 0xF0, 0x6F, 0xEB, 0xC4, 0x0C, 0x00, 0x80,  // 笨
    0x04, 0x04, 0x4C, 0x7F, 0x84, 0x08, 0x7B, 0xC5, 0xAC, 0x7B, 0xC5, 0xAC, 0x7F, 0xCD, 0xCC, 0xBD, 0xC1, 0x88,  // 崩
    0x20, 0x05, 0xFE, 0x5F, 0x4B, 0xF4, 0xFF, 0xC5, 0xF4, 0xDF, 0xCD, 0x74, 0x17, 0x4F, 0x74, 0x2E, 0xC4, 0x4C,  // 绷
    0x00, 0x4F, 0xFC, 0x1C, 0x03, 0xDC, 0xCC, 0xC7, 0xFC, 0x6C, 0x86, 0xC8, 0x7F, 0x84, 0xC8, 0xCD, 0x88, 0x48,  // 甭
    0x00, 0x4F, 0xFC, 0x19, 0x83, 0x18, 0xF1, 0x83, 0xD8, 0x0C, 0xCF, 0xF8, 0x3E, 0x06, 0xD8, 0xDC, 0xC0, 0x80,  // 泵
    0x03, 0x4F, 0xB4, 0xBF, 0xCF, 0x04, 0xFF, 0xCE, 0xB4, 0xFF, 0xCA, 0xB4, 0xAF, 0xCF, 0x34, 0x97, 0xC2, 0x64,  // 蹦
    0x09, 0x84, 0xD0, 0x7F, 0xC0, 0xD0, 0x0D, 0x0F, 0xFE, 0x49, 0x04, 0x90, 0x59, 0x07, 0x10, 0xBF, 0xE0, 0xFC,  // 迸
    0x00, 0x4D, 0xFC, 0x4F, 0x80, 0x88, 0x0F, 0x8F, 0xFC, 0x52, 0xC5, 0xFC, 0x5E, 0xC5, 0xF8, 0xBF, 0xE0, 0xFC,  // 逼
    0x08, 0x03, 0xF0, 0x3F, 0x03, 0xF0, 0x3F, 0x07, 0xF8, 0x7F, 0x87, 0xF8, 0x7F, 0xCB, 0x30, 0x22, 0x0C, 0x20,  // 鼻
    0x04, 0x0C, 0x40, 0xC4, 0x0C, 0x4C, 0xD5, 0x8C, 0x70, 0xC4, 0x0C, 0x40, 0xC4, 0x4F, 0xC4, 0xE7, 0xE0, 0x00,  // 比
    0x00, 0x04, 0xDE, 0x7D, 0x47, 0xDC, 0xFF, 0x8F, 0xD8, 0xC5, 0x4B, 0xD6, 0xFD, 0xEE, 0x54, 0xFD, 0x08, 0x10,  // 鄙
    0x22, 0x06, 0xFC, 0x77, 0x09, 0xD8, 0x8F, 0x8F, 0x90, 0x1F, 0x84, 0x8C, 0x7F, 0xC8, 0x84, 0x0F, 0xE0, 0x7C,  // 笔
    0x22, 0x06, 0x20, 0xDF, 0xCB, 0xA8, 0x6A, 0x04, 0xF8, 0xDD, 0x85, 0xB0, 0x5B, 0x05, 0x38, 0x54, 0xE7, 0x84,  // 彼
    0x01, 0x0F, 0xFC, 0x24, 0xCF, 0xFC, 0x24, 0xCF, 0xFC, 0x84, 0x4F, 0xFC, 0x31, 0x87, 0x18, 0xB1, 0x82, 0x18,  // 碧
    0x12, 0x0F, 0xFE, 0x1A, 0x07, 0xF8, 0x56, 0x85, 0xE8, 0x7F, 0x84, 0x48, 0x7D, 0xC4, 0x64, 0x74, 0x64, 0x7C,  // 蓖
    0x32, 0x0F, 0xFC, 0x32, 0x0A, 0xB0, 0xFB, 0x4F, 0xE8, 0xAE, 0x8F, 0xB8, 0xF9, 0x0A, 0xB8, 0xBE, 0xCA, 0x84,  // 蔽
    0x44, 0x04, 0x68, 0x5F, 0x84, 0x60, 0x46, 0x47, 0x7C, 0x4F, 0x80, 0xC4, 0xFF, 0xC0, 0xC0, 0x0C, 0x00, 0x80,  // 毕
    0x44, 0x04, 0xCC, 0x7F, 0x04, 0xE6, 0x77, 0xEF, 0xFE, 0x22, 0x07, 0xEC, 0x7B, 0x8B, 0x22, 0x23, 0xEC, 0x3C,  // 毙
    0x44, 0x04, 0x48, 0x7F, 0x84, 0x44, 0x7E, 0x6E, 0x7C, 0x09, 0x03, 0xF0, 0x76, 0xCF, 0x96, 0xB1, 0x0D, 0xF0,  // 毖
    0x01, 0x8F, 0xF8, 0x0C, 0x04, 0xC8, 0x7F, 0xC4, 0xC8, 0x4C, 0x84, 0xC8, 0x4D, 0x84, 0xD8, 0x0C, 0x00, 0x80,  // 币
    0x0C, 0x04, 0x44, 0x42, 0x05, 0x30, 0x52, 0x05, 0x2C, 0x5F, 0x85, 0x30, 0xD2, 0x09, 0xE0, 0xBB, 0x61, 0x1C,  // 庇
    0x04, 0x07, 0xFC, 0x70, 0x8F, 0xFC, 0xFF, 0x87, 0x28, 0xFF, 0x8F, 0xFC, 0x4D, 0x04, 0x90, 0x99, 0x03, 0x10,  // 痹
    0x60, 0x02, 0xFC, 0xC4, 0xC8, 0x4C, 0xFF, 0xC8, 0xCC, 0x9C, 0xC9, 0x4C, 0xE4, 0xCC, 0xCC, 0x85, 0xC8, 0x08,  // 闭
    0x21, 0x0A, 0xF0, 0xEA, 0x4F, 0xBE, 0xFE, 0x8A, 0xE8, 0xFE, 0x8F, 0xD8, 0xFD, 0x0A, 0xF8, 0xBE, 0xC8, 0xC4,  // 敝
    0x29, 0x0F, 0xB4, 0xFB, 0xCF, 0xE8, 0xFD, 0x8F, 0x98, 0xBE, 0xE1, 0x30, 0xFF, 0xC3, 0x20, 0x22, 0x0C, 0x20,  // 弊
    0x00, 0x00, 0xD0, 0x0D, 0x83, 0x30, 0x33, 0x03, 0x28, 0xB6, 0x4B, 0xC6, 0xB8, 0x43, 0x10, 0x7F, 0x88, 0x00,  // 必
    0x02, 0x0F, 0x94, 0xDF, 0xCD, 0xE8, 0xF2, 0x8C, 0x7E, 0xFB, 0x0D, 0x94, 0xDF, 0xC7, 0x90, 0x51, 0x04, 0x10,  // 辟
    0x03, 0x0F, 0xFC, 0xDE, 0xCF, 0xA8, 0xDF, 0xEF, 0x94, 0xFF, 0xC4, 0x90, 0x0C, 0x87, 0xF8, 0x0C, 0x4F, 0xFC,  // 壁
    0x01, 0x0F, 0xFC, 0xFA, 0x8C, 0xFE, 0xF9, 0x4F, 0xFC, 0x41, 0x03, 0xF8, 0x3F, 0x83, 0xF8, 0x21, 0x82, 0x10,  // 臂
    0x01, 0x05, 0xDC, 0x77, 0xC1, 0xDC, 0x11, 0xAF, 0xFE, 0x75, 0x87, 0x7E, 0x7D, 0x85, 0x58, 0xFF, 0xE0, 0xFC,  // 避
    0x09, 0x0F, 0x90, 0xAB, 0xCE, 0xF8, 0xC9, 0x4E, 0xFE, 0xBB, 0xCF, 0x20, 0xFF, 0xC8, 0x20, 0x86, 0x48, 0x00,  // 陛
    0x24, 0x0F, 0xFC, 0xFD, 0x4E, 0xFC, 0xFF, 0xCF, 0xFC, 0xFF, 0xCF, 0xF4, 0xFB, 0x06, 0x90, 0x4F, 0xC4, 0xC4,  // 鞭
    0x02, 0x04, 0x60, 0x66, 0x81, 0xFC, 0x04, 0x8E, 0x48, 0x44, 0x84, 0xC8, 0x49, 0x87, 0x38, 0xFF, 0xC0, 0xFC,  // 边
    0x02, 0x06, 0xB4, 0x4F, 0xCB, 0x84, 0xEF, 0xC4, 0x84, 0x4F, 0xCF, 0xBC, 0x1F, 0xCF, 0xBC, 0xAB, 0xC0, 0x8C,  // 编
    0x00, 0x0F, 0xFC, 0x92, 0x0F, 0x30, 0xF3, 0xCF, 0x0C, 0xF1, 0x0D, 0x30, 0xF4, 0x07, 0xC0, 0x9F, 0xE0, 0x0C,  // 贬
    0x0C, 0x06, 0xC8, 0x60, 0x84, 0x08, 0x7F, 0x86, 0x0C, 0x7F, 0xC6, 0xB4, 0x7F, 0xCA, 0xB4, 0xAB, 0xC2, 0x08,  // 扁
    0x20, 0x07, 0xFC, 0x42, 0x05, 0xFC, 0xD2, 0xCD, 0xFC, 0x5E, 0xC5, 0xEC, 0x4E, 0x04, 0x60, 0x4F, 0xE7, 0x0C,  // 便
    0x08, 0x00, 0xC4, 0xFF, 0xC7, 0x30, 0x72, 0xC5, 0x2C, 0x97, 0x01, 0x30, 0x0E, 0x00, 0xC0, 0x3F, 0xCC, 0x1C,  // 变
    0x08, 0x00, 0xC0, 0x00, 0x4F, 0xFC, 0x08, 0x00, 0xE0, 0x0B, 0x00, 0x98, 0x08, 0x00, 0x80, 0x08, 0x00, 0x80,  // 卞
    0x45, 0x07, 0x5C, 0xF7, 0xC7, 0x5C, 0x6D, 0x8F, 0xFE, 0x6D, 0x8F, 0x5C, 0x6F, 0xC4, 0x98, 0xD9, 0x8A, 0x18,  // 辨
    0x41, 0x07, 0x9C, 0xFF, 0xCA, 0x3C, 0xFD, 0x8F, 0xFE, 0x49, 0x8F, 0xDC, 0x4F, 0x84, 0xD8, 0xC9, 0x80, 0x10,  // 辩
    0x45, 0x07, 0xDC, 0xFB, 0xCB, 0xFC, 0xFD, 0x8F, 0xFE, 0x49, 0x8F, 0xFC, 0x43, 0xC5, 0xD8, 0x91, 0x80, 0x18,  // 辫
    0x06, 0x0D, 0x68, 0x58, 0xC1, 0x88, 0x10, 0x8F, 0xFC, 0x7D, 0x47, 0xFC, 0x7D, 0x45, 0xDC, 0xFB, 0xE0, 0xFC,  // 遍
    0x40, 0x04, 0xFC, 0x50, 0x0F, 0x00, 0x5F, 0xEE, 0x30, 0xFF, 0x84, 0xBC, 0x5B, 0x45, 0x36, 0x67, 0x04, 0x60,  // 标
    0x10, 0x01, 0xCC, 0x35, 0x8F, 0xF4, 0xFE, 0xCF, 0x58, 0xDF, 0x4F, 0x8C, 0xA9, 0x8A, 0xA4, 0xEC, 0x64, 0x7C,  // 彪
    0x00, 0x4F, 0x78, 0xAF, 0xCE, 0xB4, 0xAF, 0xCA, 0x84, 0xEF, 0xCB, 0xFE, 0xA7, 0x8A, 0xFC, 0x7F, 0x60, 0x20,  // 膘
    0x04, 0x00, 0xCC, 0x7F, 0xC0, 0xD8, 0x3F, 0x8F, 0xFE, 0x1C, 0x83, 0x58, 0x76, 0x0F, 0x30, 0x3D, 0xC3, 0x0C,  // 表
    0x20, 0x07, 0xA0, 0xFF, 0xCF, 0xF8, 0xFD, 0x8F, 0xFE, 0xBE, 0x03, 0xF8, 0xED, 0x83, 0xF8, 0x3F, 0xCF, 0xFE,  // 鳖
    0x22, 0x0F, 0xA0, 0xFB, 0xCF, 0xE8, 0xFF, 0x8F, 0x90, 0xBB, 0xCA, 0xCC, 0x2C, 0x8A, 0x54, 0xB3, 0x41, 0xF0,  // 憋
    0x00, 0x47, 0xC4, 0x4B, 0x47, 0xB4, 0x7B, 0x42, 0x34, 0xFF, 0x42, 0xF4, 0x6E, 0x44, 0x84, 0xD9, 0xC0, 0x88,  // 别
    0x04, 0x07, 0xFC, 0x66, 0x0F, 0xF8, 0xFF, 0x87, 0xF8, 0xFF, 0x84, 0xD8, 0x59, 0xE6, 0xF4, 0x8C, 0xC0, 0x78,  // 瘪
    0x64, 0x06, 0x4C, 0x64, 0x8F, 0xF0, 0x6C, 0x46, 0xEC, 0xFF, 0x8F, 0x64, 0x64, 0xC6, 0x48, 0x67, 0x04, 0x60,  // 彬
    0x01, 0x04, 0x38, 0x5F, 0x4F, 0x14, 0xBF, 0xCA, 0xF0, 0x6F, 0x86, 0xF8, 0x6C, 0x8A, 0xFA, 0xBE, 0xC0, 0x06,  // 斌
    0x08, 0x05, 0xBE, 0x7D, 0x8B, 0xBC, 0xFE, 0x47, 0xFC, 0x7F, 0xC7, 0xFC, 0xEB, 0xCC, 0x98, 0xD3, 0x4E, 0xC4,  // 濒
    0x06, 0x0D, 0x24, 0x5F, 0xCB, 0x38, 0xEF, 0x04, 0x8C, 0x4B, 0x0C, 0x94, 0xFF, 0xEC, 0xD8, 0xD8, 0xC6, 0x04,  // 滨
    0x08, 0x07, 0xFC, 0xC0, 0xCA, 0xF0, 0x20, 0x03, 0xF8, 0x26, 0x02, 0x64, 0xFF, 0xC3, 0xB0, 0x61, 0x88, 0x00,  // 宾
    0x42, 0x04, 0xB4, 0x68, 0xEF, 0x98, 0x4F, 0x07, 0xCC, 0xCD, 0x0C, 0xD0, 0x7F, 0xE4, 0x58, 0xC8, 0xCD, 0x04,  // 摈
    0x01, 0x03, 0xF8, 0x20, 0x02, 0x08, 0x3F, 0xC2, 0x20, 0x22, 0x0F, 0xFC, 0x12, 0x03, 0x10, 0x61, 0x88, 0x08,  // 兵
    0x02, 0x08, 0x60, 0x66, 0x46, 0xEC, 0x3F, 0x04, 0xF0, 0x5F, 0x0D, 0x78, 0x96, 0x8E, 0x6C, 0xCE, 0x40, 0x40,  // 冰
    0x40, 0x05, 0xFE, 0x42, 0x0F, 0xBC, 0x4A, 0xCE, 0xA4, 0xFB, 0x44, 0xFC, 0x4C, 0xC4, 0x84, 0x49, 0xC4, 0x88,  // 柄
    0x00, 0x4F, 0xFE, 0x0C, 0x0F, 0xFC, 0x48, 0xC4, 0xCC, 0x4E, 0xC5, 0x3C, 0x61, 0xC4, 0x0C, 0xC3, 0x84, 0x08,  // 丙
    0x03, 0x07, 0xE0, 0xFF, 0xC0, 0xD0, 0x7F, 0x8F, 0xFC, 0x0D, 0x87, 0xF8, 0x3E, 0x06, 0xF8, 0xCC, 0xC0, 0x80,  // 秉
    0x48, 0x84, 0x58, 0xF5, 0x4B, 0xFC, 0xE5, 0x84, 0x58, 0x5F, 0xE4, 0x58, 0x55, 0x86, 0xD8, 0x49, 0x81, 0x18,  // 饼
    0x40, 0x05, 0xFE, 0x53, 0x0F, 0xB4, 0xEB, 0xCC, 0xA4, 0x4B, 0x44, 0xFC, 0x6C, 0xCF, 0x84, 0x89, 0xC0, 0x8C,  // 炳
    0x04, 0x04, 0x64, 0x60, 0x4F, 0xFE, 0xE2, 0x07, 0xFC, 0xF6, 0xCD, 0x74, 0x55, 0xC5, 0x8C, 0x91, 0xC1, 0x08,  // 病
    0x21, 0x01, 0x30, 0x12, 0x4F, 0xFC, 0x12, 0x01, 0x20, 0xFF, 0xE1, 0x20, 0x32, 0x02, 0x20, 0x62, 0x08, 0x20,  // 并
    0x03, 0x01, 0x30, 0xFF, 0xE4, 0xB4, 0x4B, 0x0F, 0xFC, 0x4C, 0xC4, 0xA8, 0x7B, 0x0D, 0x30, 0x37, 0xC7, 0x84,  // 玻
    0x12, 0x0F, 0xFC, 0x32, 0x07, 0x20, 0x7F, 0xCB, 0xA8, 0xFF, 0x85, 0xD8, 0xD7, 0x0D, 0x30, 0xFD, 0xC7, 0x0C,  // 菠
    0x40, 0x84, 0xF8, 0x4A, 0x8F, 0xB4, 0x5F, 0xC6, 0xE8, 0xDA, 0xEF, 0xFC, 0x5E, 0x85, 0xE8, 0xDF, 0x8D, 0x88,  // 播
    0x43, 0x04, 0xB8, 0x7A, 0xC7, 0xA4, 0x5E, 0x07, 0x78, 0xC6, 0x84, 0xB8, 0x4B, 0x07, 0x38, 0xE4, 0xE5, 0x04,  // 拨
    0x42, 0x04, 0x20, 0xF2, 0x49, 0xFC, 0xF7, 0x04, 0x78, 0xFA, 0x85, 0xAC, 0x5F, 0xE7, 0x20, 0x62, 0x04, 0x20,  // 钵
    0x02, 0x06, 0x20, 0x7F, 0xCB, 0xAC, 0xFA, 0x85, 0xF8, 0x5C, 0x8D, 0x78, 0xD3, 0x0D, 0x30, 0xED, 0xC7, 0x04,  // 波
    0x42, 0x04, 0x2C, 0x52, 0x87, 0xFC, 0x5A, 0xC5, 0xAC, 0x5F, 0xC5, 0x28, 0x7F, 0xE4, 0x98, 0x4D, 0x84, 0x10,  // 博
    0x31, 0x03, 0x90, 0xF9, 0x0B, 0x7E, 0x8D, 0x4F, 0x94, 0x13, 0x43, 0xF4, 0xF2, 0x43, 0x44, 0x7D, 0xC3, 0x08,  // 勃
    0x43, 0x84, 0x2C, 0x7F, 0xC5, 0xFC, 0x5A, 0xC7, 0xAC, 0xDF, 0xC5, 0xA8, 0x7F, 0xE4, 0xC8, 0xC7, 0x8C, 0x18,  // 搏
    0x61, 0x06, 0x30, 0x7F, 0xCC, 0x44, 0xFC, 0x46, 0x44, 0x7F, 0xCF, 0xC4, 0x6C, 0x47, 0x44, 0x67, 0xC4, 0x44,  // 铂
    0x22, 0x06, 0xA4, 0xF7, 0x89, 0x78, 0x6A, 0x0B, 0xFC, 0xE8, 0xC6, 0xFC, 0xC8, 0xC4, 0x8C, 0x4F, 0xC4, 0x88,  // 箔
    0x23, 0x02, 0x20, 0x6F, 0xC6, 0x84, 0xE8, 0x4E, 0x84, 0x6F, 0xC6, 0x84, 0x68, 0x46, 0x84, 0x6F, 0xC4, 0x84,  // 伯
    0x08, 0x07, 0xF8, 0x41, 0x87, 0xF8, 0x41, 0x87, 0xF8, 0x0C, 0x8F, 0xFC, 0xCC, 0xCC, 0xCC, 0xCD, 0x80, 0x80,  // 帛
    0x21, 0x02, 0x90, 0x7F, 0xC7, 0xE4, 0x7E, 0x4F, 0xE4, 0xFF, 0xCF, 0xE4, 0xFE, 0x49, 0xE4, 0xBE, 0x41, 0x44,  // 舶
    0x02, 0x0F, 0x34, 0xBF, 0xCF, 0xFE, 0xF8, 0x6B, 0xF8, 0xF1, 0x0B, 0x36, 0xBF, 0xCB, 0x30, 0xF7, 0x02, 0x20,  // 脖
    0x03, 0x8F, 0x2C, 0xBF, 0xCA, 0xFC, 0xEA, 0xCA, 0xAC, 0xEF, 0xCA, 0xAC, 0xBF, 0xEA, 0x48, 0xE5, 0x86, 0x18,  // 膊
    0x09, 0x84, 0x98, 0x3F, 0x8B, 0xFE, 0xE7, 0x47, 0xD4, 0x4D, 0x4C, 0xF4, 0xFB, 0x48, 0xA4, 0x9F, 0xC8, 0x88,  // 渤
    0x02, 0x06, 0x20, 0x3F, 0xCA, 0x8C, 0xE8, 0xC6, 0x8C, 0x4F, 0xC4, 0x8C, 0xC8, 0xC4, 0x8C, 0x5F, 0xC4, 0x84,  // 泊
    0x10, 0xCF, 0x78, 0xD3, 0x8F, 0x6C, 0xFC, 0xCF, 0x48, 0xFA, 0x83, 0x30, 0xD3, 0x01, 0x38, 0x7C, 0xE3, 0x00,  // 驳
    0x42, 0x04, 0x28, 0x5F, 0xEF, 0x20, 0x5F, 0xC7, 0xA4, 0xDF, 0xCD, 0xA4, 0x5F, 0xC5, 0xA4, 0xDB, 0xCD, 0x28,  // 捕
    0x08, 0x01, 0x80, 0x08, 0x00, 0x80, 0x0C, 0x00, 0xB0, 0x09, 0x80, 0x8C, 0x18, 0x01, 0x80, 0x18, 0x01, 0x80,  // 卜
    0x03, 0x82, 0x2C, 0xFF, 0xEA, 0x20, 0xBF, 0xCB, 0xAC, 0xBF, 0xCF, 0xAC, 0xFF, 0xC1, 0xAC, 0x1A, 0xC1, 0xA8,  // 哺
    0x22, 0x03, 0x20, 0xFA, 0x01, 0xA0, 0x3B, 0x02, 0xAC, 0x72, 0x6B, 0xA0, 0x2A, 0x02, 0x20, 0x22, 0x02, 0x20,  // 补
    0x42, 0x04, 0xF8, 0x48, 0x87, 0xF8, 0x48, 0x84, 0xFC, 0x48, 0x87, 0xB8, 0xEB, 0x68, 0x30, 0x02, 0x00, 0x20,  // 埠
    0x00, 0x0F, 0xFC, 0x04, 0x00, 0xC0, 0x0E, 0x01, 0xD8, 0x2C, 0xC4, 0xC4, 0x8C, 0x40, 0xC0, 0x0C, 0x00, 0x40,  // 不
    0x18, 0x01, 0x84, 0xFF, 0xC3, 0x40, 0x24, 0x87, 0xF8, 0x64, 0x8A, 0x48, 0x24, 0x82, 0x78, 0x24, 0x00, 0x40,  // 布
    0x04, 0x02, 0x40, 0x27, 0x82, 0x40, 0x24, 0x4F, 0xFE, 0x34, 0x82, 0x58, 0x67, 0x04, 0x60, 0x1C, 0x0F, 0x00,  // 步
    0x62, 0x07, 0xFC, 0xBF, 0x8D, 0xFC, 0x5F, 0x8B, 0xE8, 0xBF, 0x85, 0xF8, 0xD7, 0xCC, 0xD8, 0xCD, 0x04, 0x30,  // 簿
    0x20, 0x03, 0x7E, 0xFF, 0x46, 0xB8, 0x73, 0x8F, 0xF8, 0x0B, 0x47, 0xB6, 0x4B, 0x64, 0xBC, 0x4B, 0x04, 0x30,  // 部
    0x46, 0x04, 0x60, 0x5F, 0xEF, 0xF0, 0xDB, 0x05, 0xFC, 0x5B, 0x46, 0xB4, 0x4B, 0x44, 0xBC, 0x4B, 0x04, 0x20,  // 怖
    0x42, 0x05, 0xFC, 0x5C, 0xCF, 0xFC, 0x5F, 0x87, 0xD8, 0xCF, 0xED, 0x8C, 0x6F, 0x04, 0xA8, 0x5A, 0x4E, 0x60,  // 擦
    0x02, 0x0B, 0xBC, 0x62, 0x8E, 0xFC, 0x23, 0x66, 0x88, 0x6F, 0xCA, 0xF8, 0x28, 0x82, 0xF8, 0xE9, 0x84, 0x98,  // 猜
    0x32, 0x03, 0xA8, 0xFA, 0x83, 0x24, 0xFF, 0xC2, 0x68, 0xFF, 0x87, 0xB8, 0xFB, 0x05, 0xFC, 0x64, 0xC4, 0x84,  // 裁
    0x20, 0x82, 0x18, 0x29, 0xCF, 0xFE, 0x63, 0x87, 0x38, 0x7F, 0x8E, 0x58, 0xAD, 0x83, 0x18, 0x23, 0x82, 0x10,  // 材
    0x02, 0x00, 0x20, 0x02, 0x4F, 0xFE, 0x06, 0x00, 0xE0, 0x1A, 0x01, 0x20, 0x22, 0x04, 0x20, 0x0E, 0x00, 0x60,  // 才
    0x00, 0x8F, 0x88, 0x98, 0x8B, 0xFE, 0xB9, 0x8B, 0xB8, 0xBA, 0x8F, 0xE8, 0xE4, 0x87, 0x88, 0x9B, 0x80, 0x18,  // 财
    0x01, 0x8F, 0xFC, 0xAA, 0xCA, 0xF8, 0xAF, 0x8A, 0x34, 0xFF, 0xCA, 0x70, 0xAF, 0x8F, 0xAC, 0x92, 0x40, 0x20,  // 睬
    0x01, 0xCF, 0xE4, 0x9A, 0xCF, 0xF8, 0xF7, 0x0E, 0x34, 0xBF, 0xCA, 0x78, 0xAF, 0x8F, 0xBC, 0xD3, 0x60, 0x20,  // 踩
    0x01, 0x07, 0xF8, 0x49, 0x82, 0xD0, 0x26, 0x00, 0xC4, 0xFF, 0xC1, 0xE0, 0x3F, 0x06, 0xDC, 0xCC, 0xC0, 0xC0,  // 采
    0x0C, 0x0F, 0xCC, 0xB7, 0x05, 0xE0, 0x58, 0xC3, 0x48, 0x33, 0x07, 0xE4, 0x5C, 0xC9, 0x18, 0x93, 0x01, 0xC0,  // 彩
    0x12, 0x0F, 0xFC, 0x12, 0x01, 0xF8, 0xFC, 0x86, 0xD8, 0x2D, 0x4F, 0xFC, 0x1E, 0x02, 0xD8, 0x4C, 0xC0, 0xC0,  // 菜
    0x12, 0x0F, 0xFC, 0x32, 0x07, 0xFC, 0x7A, 0x8F, 0xB0, 0xFF, 0x86, 0x1E, 0xFF, 0x03, 0x70, 0x7C, 0xC8, 0xC0,  // 蔡
    0x20, 0x03, 0xF8, 0x7B, 0x0F, 0xFC, 0x7C, 0x4D, 0xF8, 0x7F, 0xEB, 0xF0, 0x3F, 0x03, 0x98, 0x2F, 0x83, 0x08,  // 餐
    0x0C, 0x01, 0xB0, 0x7F, 0x86, 0x88, 0xFF, 0xC1, 0x20, 0x2D, 0x85, 0xAE, 0xE6, 0x41, 0xB8, 0x0E, 0x07, 0x80,  // 参
    0x00, 0x87, 0xF8, 0x18, 0x4F, 0xFC, 0x3B, 0x06, 0xDC, 0xFF, 0xC2, 0xD0, 0x3F, 0x02, 0xF0, 0xFF, 0x84, 0x00,  // 蚕
    0x02, 0x0F, 0xB8, 0x62, 0x84, 0x7C, 0x7E, 0x0D, 0x3C, 0xFE, 0x07, 0x3C, 0x23, 0x86, 0x72, 0x9C, 0xC0, 0x04,  // 残
    0x48, 0x04, 0x9C, 0x7F, 0x0F, 0x30, 0xF9, 0xEF, 0xFC, 0x5B, 0xC4, 0xFC, 0x7A, 0xC6, 0xAC, 0x4A, 0xC4, 0xC8,  // 惭
    0x46, 0x04, 0x50, 0x4F, 0x8F, 0xE0, 0xDF, 0xC4, 0xD0, 0x5A, 0xC7, 0x5E, 0x5B, 0x04, 0xDC, 0x53, 0x05, 0xC0,  // 惨
    0x41, 0x06, 0x30, 0x73, 0x07, 0xB4, 0xEB, 0x4C, 0xB4, 0x4B, 0x44, 0xB4, 0x6B, 0x47, 0xB4, 0x9F, 0xC0, 0x04,  // 灿
    0x22, 0x03, 0x3C, 0xBF, 0x03, 0xE0, 0x16, 0x02, 0x3C, 0xFF, 0xC2, 0x20, 0x26, 0x02, 0x68, 0x33, 0x81, 0xF0,  // 苍
    0x22, 0x07, 0x30, 0xF5, 0x0D, 0x4C, 0xF8, 0xEF, 0x78, 0xD4, 0x8F, 0x58, 0xB7, 0x09, 0x44, 0xB4, 0x43, 0x7C,  // 舱
    0x0C, 0x01, 0xC0, 0x12, 0x02, 0x30, 0x61, 0xCB, 0xFC, 0x23, 0x02, 0x20, 0x26, 0x02, 0x08, 0x31, 0xC1, 0xF8,  // 仓
    0x42, 0x06, 0x60, 0x15, 0x09, 0xD8, 0xF8, 0xE3, 0xFC, 0x69, 0x84, 0x98, 0xCB, 0x0C, 0x84, 0xCC, 0xC0, 0x78,  // 沧
    0x12, 0x0F, 0xFC, 0x13, 0x8F, 0xFC, 0xB7, 0x0F, 0xDC, 0x3F, 0x8F, 0x58, 0xBD, 0x0B, 0xFC, 0xD6, 0xC8, 0x04,  // 藏
    0x40, 0x04, 0xF8, 0x6D, 0x8F, 0xD0, 0x5F, 0xC7, 0x54, 0xDF, 0xC4, 0x64, 0x4F, 0x04, 0xB8, 0xD2, 0xCC, 0x20,  // 操
    0x41, 0x05, 0xB8, 0xFB, 0xCE, 0x78, 0xF5, 0xC5, 0xE4, 0xEB, 0xCD, 0xA4, 0xCA, 0xC4, 0xAC, 0x5F, 0xC4, 0x3C,  // 糙
    0x45, 0x05, 0xFC, 0x77, 0x4F, 0xFC, 0x4F, 0xCF, 0xD4, 0xDF, 0xCC, 0xF8, 0x48, 0x84, 0xF8, 0x4F, 0x84, 0x88,  // 槽
    0x12, 0x0F, 0xFC, 0x5E, 0x87, 0xF8, 0x7F, 0x85, 0xE8, 0x7F, 0x87, 0xF8, 0x21, 0x03, 0xF0, 0x3F, 0x02, 0x10,  // 曹
    0x12, 0x0F, 0xFC, 0x12, 0x07, 0xF8, 0x61, 0x87, 0xF0, 0x61, 0x07, 0xF0, 0x6C, 0x40, 0xC0, 0x0C, 0x00, 0x80,  // 草
    0x00, 0x47, 0xFC, 0x64, 0x47, 0x74, 0x7D, 0x47, 0xD4, 0x7D, 0x4F, 0xD4, 0xB9, 0x49, 0xC4, 0x37, 0xC4, 0x08,  // 厕
    0x22, 0x07, 0xFC, 0xF5, 0x09, 0xD0, 0xFF, 0xC6, 0xC8, 0x6C, 0x85, 0xF8, 0x5F, 0x02, 0xD8, 0xCC, 0xE0, 0xC0,  // 策
    0x60, 0x47, 0xE4, 0x77, 0xCF, 0xF4, 0xFF, 0x4F, 0xF4, 0xFF, 0x4F, 0xF4, 0xF9, 0x4D, 0x44, 0xE7, 0xCC, 0x08,  // 侧
    0x00, 0x87, 0xF8, 0x5E, 0x85, 0xE8, 0x5E, 0xCF, 0xFE, 0x5E, 0x85, 0xE8, 0x5C, 0x8D, 0xC8, 0xBB, 0x81, 0x10,  // 册
    0x00, 0x45, 0xE4, 0x13, 0xCB, 0xFC, 0xFF, 0xC5, 0xFC, 0x5B, 0xC5, 0xBC, 0xD8, 0x4D, 0xE4, 0xF2, 0xC4, 0x04,  // 测
    0x40, 0x87, 0xFC, 0x40, 0x87, 0xF8, 0x40, 0x85, 0xF8, 0x40, 0x47, 0xFC, 0x4C, 0x0C, 0x98, 0xBF, 0x81, 0x04,  // 层
    0x04, 0x8F, 0x68, 0x9F, 0xE9, 0xFC, 0xFF, 0xCE, 0xFC, 0xF8, 0x4E, 0x7C, 0xE4, 0xCF, 0x7C, 0xC7, 0xC0, 0x4C,  // 蹭
    0x40, 0x84, 0xF8, 0x72, 0x0F, 0xFE, 0x56, 0x47, 0xBC, 0xD2, 0x4D, 0xFC, 0x5A, 0x45, 0x24, 0xDF, 0xC5, 0x04,  // 插
    0x00, 0x0F, 0xF8, 0x29, 0x02, 0xD0, 0x3F, 0x01, 0x20, 0x1E, 0x00, 0xC0, 0x0E, 0x03, 0x30, 0x41, 0xC0, 0x00,  // 叉
    0x12, 0x0F, 0xFC, 0x1A, 0x01, 0xE4, 0xFF, 0xC3, 0x60, 0x66, 0x0F, 0xFC, 0x66, 0x06, 0x60, 0x7F, 0xC0, 0x00,  // 茬
    0x12, 0x0F, 0xFC, 0x12, 0x01, 0xE0, 0x1E, 0x02, 0xFC, 0xCD, 0xC7, 0xF0, 0x3F, 0x06, 0xD8, 0xDC, 0xC0, 0x80,  // 茶
    0x0C, 0x00, 0xC4, 0xFF, 0xC1, 0xE0, 0x2D, 0x86, 0xDC, 0xA3, 0x03, 0xF0, 0x21, 0x03, 0xF0, 0x21, 0x48, 0x00,  // 查
    0x03, 0x0F, 0x34, 0x47, 0x84, 0x78, 0x7A, 0xEF, 0xFC, 0xFC, 0x8F, 0xF8, 0xFC, 0x8F, 0xF8, 0xDC, 0xE0, 0x00,  // 碴
    0x45, 0x04, 0xDC, 0x7F, 0xCF, 0x70, 0x47, 0x07, 0xEC, 0xFA, 0xCF, 0xFC, 0x4F, 0x05, 0xAC, 0xF6, 0x44, 0x60,  // 搽
    0x08, 0x07, 0xFC, 0xE4, 0xCF, 0xF8, 0x7B, 0x8F, 0x30, 0x7F, 0x86, 0x1C, 0xBE, 0x03, 0xF0, 0x5D, 0x88, 0x88,  // 察
    0x12, 0x03, 0x20, 0x21, 0x87, 0xFE, 0x93, 0x01, 0x30, 0x26, 0x0C, 0xC0, 0xC8, 0x8C, 0x88, 0xCD, 0x84, 0x18,  // 岔
    0x13, 0x01, 0xA0, 0xFF, 0xC0, 0x88, 0x7F, 0x80, 0x84, 0xFF, 0xC1, 0x08, 0x3F, 0x84, 0x40, 0xC4, 0xC0, 0x00,  // 差
    0x02, 0x04, 0x24, 0x7F, 0xE1, 0x18, 0xC7, 0x85, 0xE0, 0x42, 0x65, 0xF0, 0x52, 0x06, 0x24, 0x62, 0x64, 0x3C,  // 诧
    0x40, 0x86, 0xF8, 0x68, 0x0F, 0x84, 0x4F, 0xE7, 0x90, 0xEF, 0x0C, 0x9C, 0x49, 0x45, 0x90, 0xF1, 0x06, 0x10,  // 拆
    0x12, 0x05, 0x2C, 0x5F, 0x85, 0x24, 0x56, 0x4F, 0xBC, 0x0C, 0x4F, 0xFC, 0x1E, 0x02, 0xF8, 0xCC, 0xC0, 0x80,  // 柴
    0x10, 0x86, 0x08, 0xFC, 0x87, 0xFE, 0x61, 0x8F, 0x38, 0x72, 0x8F, 0x68, 0x7C, 0x8D, 0x88, 0x73, 0x83, 0x10,  // 豺
    0x44, 0x04, 0x78, 0x79, 0x0F, 0xFC, 0x5A, 0xC6, 0xFC, 0xC5, 0x0C, 0xDE, 0x5B, 0x04, 0x10, 0xC7, 0x04, 0x18,  // 搀
    0x42, 0x04, 0x50, 0x7F, 0xCF, 0xEC, 0x5F, 0xC6, 0xD0, 0xDA, 0xCF, 0x5C, 0x4B, 0x04, 0xDC, 0xC3, 0x0D, 0xC0,  // 掺
    0x64, 0x84, 0x68, 0xFF, 0xCF, 0xF4, 0xDF, 0xCD, 0xF4, 0xFF, 0xCE, 0xB4, 0x7F, 0xEF, 0x30, 0x83, 0x00, 0x30,  // 蝉
    0x44, 0x04, 0xF8, 0xE9, 0x0F, 0xF8, 0xBA, 0x84, 0xF8, 0x4F, 0x25, 0x9E, 0x76, 0x06, 0x30, 0xC7, 0x04, 0x30,  // 馋
    0x04, 0x06, 0xF8, 0x69, 0x01, 0xFC, 0xFA, 0xC5, 0xFC, 0x47, 0x04, 0x9E, 0x77, 0x05, 0x18, 0x67, 0x04, 0x18,  // 谗
    0x42, 0x05, 0xFC, 0xD8, 0x0B, 0xFC, 0xFD, 0x45, 0xFC, 0xDD, 0x4F, 0xFC, 0x11, 0x4F, 0x7C, 0xA1, 0x40, 0xFC,  // 缠
    0x42, 0x04, 0x34, 0x7F, 0xC8, 0x68, 0xF2, 0xC4, 0xFE, 0x7C, 0x04, 0xC0, 0x48, 0x06, 0x80, 0x78, 0x07, 0x00,  // 铲
    0x0C, 0x00, 0x4C, 0x7F, 0xC1, 0x30, 0x12, 0x47, 0xFC, 0x40, 0x04, 0x00, 0x40, 0x0C, 0x00, 0x80, 0x00, 0x00,  // 产
    0x40, 0x02, 0xFC, 0x92, 0x49, 0xC4, 0xBF, 0x4B, 0xF4, 0xAF, 0x4B, 0xF4, 0xFF, 0xC8, 0x84, 0x89, 0xC8, 0x08,  // 阐
    0x20, 0x0F, 0xFC, 0xF9, 0x0F, 0xBC, 0xFB, 0x4F, 0xB4, 0x8B, 0x4C, 0xB4, 0xFB, 0x4F, 0x98, 0xFE, 0x48, 0xC4,  // 颤
    0x21, 0x82, 0x18, 0x3F, 0x82, 0x18, 0x3F, 0x82, 0x00, 0x7F, 0xC4, 0x0C, 0x7F, 0xC4, 0x0C, 0x7F, 0xC4, 0x08,  // 昌
    0x10, 0x0F, 0xFC, 0x6F, 0xCE, 0xCC, 0x2F, 0xC6, 0x84, 0xEF, 0xCA, 0x84, 0x2F, 0xC2, 0x84, 0xEF, 0xC4, 0x84,  // 猖
    0x40, 0x06, 0xFC, 0x41, 0x07, 0x20, 0x6C, 0x44, 0xFE, 0x45, 0x47, 0xD4, 0xFB, 0x4B, 0x64, 0x0D, 0xC1, 0x18,  // 场
    0x0C, 0x02, 0xD0, 0x3E, 0x4F, 0xFC, 0x80, 0x8B, 0xF0, 0x00, 0x0F, 0xFC, 0x18, 0x03, 0x30, 0x7F, 0x87, 0x08,  // 尝
    0x09, 0x03, 0xD0, 0xBE, 0x4F, 0x3C, 0xBF, 0x82, 0x30, 0x3F, 0x04, 0xD8, 0x6D, 0x84, 0x88, 0x49, 0x80, 0x80,  // 常
    0x20, 0x02, 0x30, 0x26, 0x02, 0xC0, 0x30, 0x0F, 0xFC, 0x24, 0x02, 0x40, 0x22, 0x02, 0xDC, 0x30, 0xC2, 0x00,  // 长
    0x22, 0x06, 0xAC, 0x4F, 0x85, 0xF4, 0xF0, 0xCF, 0x98, 0x40, 0x07, 0xFE, 0x46, 0x04, 0xD8, 0x5F, 0xC5, 0x84,  // 偿
    0x00, 0x8F, 0xF8, 0xF3, 0x0F, 0x20, 0xFC, 0x4F, 0xFE, 0xF5, 0x4F, 0x54, 0xBA, 0x4B, 0x64, 0xFD, 0xC3, 0x08,  // 肠
    0x00, 0x47, 0xFC, 0x40, 0x04, 0x00, 0x40, 0x04, 0x00, 0x40, 0x04, 0x00, 0x40, 0x0C, 0x00, 0x80, 0x00, 0x00,  // 厂
    0x21, 0x0A, 0xD0, 0xEB, 0x0F, 0x3E, 0xFE, 0x8D, 0xE8, 0xFE, 0x8D, 0xD8, 0xFD, 0x8C, 0xD8, 0x9E, 0xE8, 0xC4,  // 敞
    0x60, 0x06, 0x78, 0xF1, 0x0F, 0x20, 0xF6, 0x4F, 0xFE, 0xF7, 0x4F, 0x54, 0x6B, 0x47, 0x64, 0x6D, 0xC6, 0x08,  // 畅
    0x00, 0x0A, 0xFC, 0xEF, 0xCA, 0xCC, 0xAF, 0xCA, 0x8C, 0xBF, 0xEF, 0x84, 0x8F, 0xC8, 0x84, 0x0F, 0xC0, 0x84,  // 唱
    0x30, 0x02, 0xFC, 0x68, 0xC4, 0xFC, 0xEC, 0xCC, 0x88, 0x5F, 0xC5, 0x84, 0x5F, 0xC5, 0x84, 0x5F, 0xC5, 0x04,  // 倡
    0x20, 0x02, 0xFC, 0xFA, 0x42, 0x24, 0x2F, 0xCF, 0xCC, 0xE7, 0xCF, 0xC4, 0xE7, 0xCE, 0x6C, 0xBF, 0xE0, 0xFC,  // 超
    0x21, 0x06, 0x30, 0x63, 0x0F, 0xFC, 0x6F, 0x67, 0xB0, 0xEB, 0xCF, 0x3C, 0x61, 0x86, 0x30, 0xE6, 0x05, 0x80,  // 抄
    0x61, 0x04, 0x30, 0x7F, 0x88, 0x7C, 0xF7, 0x64, 0xF0, 0xFB, 0xC6, 0xBC, 0x49, 0x87, 0x30, 0x66, 0x07, 0x80,  // 钞
    0x30, 0x03, 0xFC, 0xFE, 0x4F, 0xA4, 0xCB, 0xCF, 0xA4, 0xCA, 0x4F, 0xBC, 0x2E, 0x4F, 0xE4, 0x24, 0xC3, 0x8C,  // 朝
    0x08, 0x0A, 0xFE, 0xFD, 0x4B, 0xF4, 0xB7, 0x4B, 0xF4, 0xBF, 0xCF, 0xD4, 0xBF, 0x48, 0xB4, 0x0E, 0xC0, 0xCC,  // 嘲
    0x08, 0x04, 0xBC, 0x3D, 0x4B, 0xD4, 0xF5, 0x45, 0xD4, 0x55, 0xC5, 0xD4, 0xFF, 0x4C, 0xA4, 0xCA, 0xC8, 0xC4,  // 潮
    0x24, 0x84, 0x90, 0x6D, 0x86, 0x48, 0x6D, 0x87, 0xF8, 0x6D, 0x87, 0xF8, 0xFF, 0xC3, 0xF0, 0x6D, 0xE8, 0xC4,  // 巢
    0x03, 0x08, 0x30, 0xF7, 0x0A, 0xFC, 0xAB, 0x6A, 0xB2, 0xBB, 0xCF, 0x3C, 0xA1, 0x88, 0x30, 0x0C, 0x03, 0x00,  // 吵
    0x21, 0x06, 0x30, 0x63, 0x07, 0xFC, 0xEF, 0x6E, 0xB2, 0x7B, 0xC6, 0x3C, 0x71, 0x85, 0x30, 0x86, 0x01, 0x80,  // 炒
    0x08, 0x01, 0x84, 0xFF, 0xC3, 0x00, 0x2C, 0x06, 0xC8, 0x7F, 0x80, 0xC0, 0xFF, 0xE0, 0xC0, 0x0C, 0x00, 0xC0,  // 车
    0x43, 0x04, 0x30, 0x63, 0x0F, 0xB0, 0x4B, 0x47, 0xBC, 0xEB, 0x0C, 0xB0, 0x4B, 0x04, 0xB0, 0xFF, 0xEC, 0x00,  // 扯
    0x48, 0x84, 0xA8, 0x7F, 0x0F, 0xDE, 0x5F, 0x47, 0xF4, 0xD7, 0xCD, 0xF8, 0x5E, 0x85, 0x78, 0xD7, 0x65, 0x64,  // 撤
    0x10, 0x47, 0xDC, 0xF5, 0x4F, 0xD4, 0x7D, 0x45, 0xDC, 0x1F, 0x87, 0xC0, 0x7F, 0xCF, 0xFE, 0x0C, 0x00, 0xC0,  // 掣
    0x28, 0x06, 0xBC, 0xC9, 0x46, 0xF4, 0x7D, 0x4C, 0x94, 0xC9, 0x44, 0xF4, 0x5E, 0x45, 0xA4, 0x4D, 0xC5, 0x08,  // 彻
    0x08, 0x8C, 0xB8, 0x7D, 0x03, 0x5E, 0xFF, 0x45, 0xF4, 0x55, 0xC5, 0xD8, 0xDD, 0x8D, 0x58, 0xDF, 0xCC, 0x44,  // 澈
    0x48, 0x04, 0xDE, 0x6F, 0x4F, 0xF4, 0x4D, 0x8F, 0xF8, 0xFF, 0x4F, 0x96, 0x69, 0x64, 0x9C, 0x49, 0x04, 0x90,  // 郴
    0x00, 0x8F, 0xFC, 0xCC, 0x0C, 0xC0, 0xFF, 0x8C, 0x18, 0xC1, 0x8F, 0xF8, 0xC8, 0x0C, 0x80, 0xFF, 0xC8, 0x00,  // 臣
    0x00, 0x87, 0xF8, 0x41, 0x07, 0xF0, 0x40, 0x47, 0xFC, 0x55, 0x85, 0x70, 0x52, 0x09, 0x38, 0x1C, 0xC1, 0x00,  // 辰
    0x04, 0x00, 0xC0, 0x3D, 0x06, 0xC8, 0x4C, 0xC8, 0xC4, 0x0C, 0x00, 0xC8, 0x7F, 0x80, 0xC0, 0x0C, 0x4F, 0xFC,  // 尘
    0x01, 0x02, 0x18, 0x3F, 0x83, 0xF8, 0x61, 0xC7, 0xF8, 0x7F, 0x87, 0xFE, 0xD5, 0x89, 0x30, 0xBF, 0xC3, 0x0C,  // 晨
    0x42, 0x04, 0x20, 0x6F, 0xCF, 0xAC, 0xDA, 0x8C, 0x70, 0x47, 0x04, 0x70, 0x45, 0x04, 0x92, 0x59, 0xE6, 0x1C,  // 忱
    0x00, 0x05, 0xFC, 0x70, 0x8B, 0x10, 0xEF, 0x04, 0xD0, 0x4D, 0x0C, 0xD0, 0xC9, 0x2C, 0x92, 0xF1, 0xE0, 0x00,  // 沉
    0x03, 0x0F, 0x24, 0xBF, 0xEA, 0x40, 0xCF, 0x0A, 0xB4, 0xBB, 0x0F, 0xF8, 0xEB, 0xC9, 0xB4, 0xB7, 0x48, 0x20,  // 陈
    0x23, 0x02, 0x70, 0xFC, 0xC2, 0x96, 0x7B, 0x0E, 0xD8, 0xE3, 0x0B, 0xEC, 0xA1, 0x8E, 0x60, 0x3F, 0xC0, 0x38,  // 趁
    0x40, 0x86, 0x08, 0x70, 0x8B, 0xFE, 0x20, 0x87, 0x48, 0xF6, 0x87, 0x28, 0x70, 0x86, 0x08, 0x63, 0x84, 0x10,  // 衬
    0x42, 0x04, 0xE8, 0x6F, 0xEF, 0xDC, 0x5D, 0x86, 0x78, 0xCF, 0xCC, 0xA8, 0x4B, 0x45, 0xFE, 0xC2, 0x0C, 0x60,  // 撑
    0x12, 0x0F, 0xE0, 0x27, 0xC7, 0x64, 0xFB, 0x86, 0x70, 0x77, 0x8A, 0xF4, 0x2B, 0x63, 0xB6, 0x27, 0x02, 0x20,  // 称
    0x43, 0x04, 0x38, 0x43, 0xE7, 0xB0, 0x59, 0x05, 0xF4, 0x5D, 0xC7, 0x58, 0xD5, 0x89, 0xDA, 0x26, 0xE4, 0x06,  // 城
    0x40, 0x05, 0xF8, 0x5D, 0x4F, 0xD8, 0x6F, 0xCF, 0x0E, 0xEF, 0x84, 0x88, 0x4F, 0x84, 0xD0, 0x47, 0x45, 0x00,  // 橙
    0x05, 0x00, 0x58, 0x45, 0xC4, 0x60, 0x44, 0x87, 0xE8, 0x4B, 0x84, 0xB0, 0x5B, 0x0F, 0x32, 0x9C, 0xE0, 0x06,  // 成
    0x01, 0x03, 0xF8, 0x21, 0x02, 0x10, 0x3F, 0x02, 0x08, 0xFF, 0x80, 0xC0, 0x7F, 0x80, 0xC0, 0x0C, 0xC8, 0x80,  // 呈
    0x03, 0x07, 0xC0, 0x0C, 0xC3, 0xF4, 0xFF, 0xC3, 0xF4, 0x7F, 0xC9, 0xFC, 0x3F, 0x06, 0xDC, 0x8C, 0x40, 0x80,  // 乘
    0x30, 0x8E, 0xCC, 0x6C, 0xCF, 0xFC, 0x6C, 0x86, 0xFC, 0xF3, 0x0E, 0x3C, 0x6F, 0xC6, 0x20, 0x6F, 0xC2, 0x00,  // 程
    0x20, 0x07, 0xFC, 0xA2, 0x06, 0xBC, 0xCB, 0x0C, 0xA0, 0x7F, 0xC6, 0xC0, 0x74, 0xCF, 0x56, 0xBF, 0x81, 0xF0,  // 惩
    0x00, 0x07, 0xFC, 0x55, 0x4B, 0xD8, 0xEF, 0xC7, 0x8E, 0x7F, 0x8C, 0x88, 0xCF, 0x8C, 0xD0, 0xC7, 0x4D, 0xFC,  // 澄
    0x03, 0x06, 0x3C, 0x63, 0x41, 0xFC, 0xD9, 0x05, 0xFC, 0x55, 0x85, 0x58, 0x75, 0x87, 0xFA, 0xD6, 0x62, 0x02,  // 诚
    0x01, 0x00, 0x38, 0x0C, 0x02, 0x8C, 0x3F, 0x86, 0xD0, 0x7F, 0x04, 0xB8, 0xFE, 0xC8, 0x86, 0x18, 0x00, 0x80,  // 承
    0x00, 0x04, 0xF8, 0x68, 0x80, 0xF8, 0x08, 0x8F, 0xFC, 0x42, 0x84, 0xF8, 0x42, 0x47, 0xFC, 0xFF, 0xE8, 0xFC,  // 逞
    0x03, 0x0F, 0xFC, 0xBF, 0x4E, 0xFC, 0xAF, 0x4A, 0xFC, 0xF8, 0x61, 0xFC, 0xF7, 0xC3, 0x0C, 0xF0, 0x86, 0x18,  // 骋
    0x10, 0x4F, 0xFC, 0x63, 0x07, 0x7C, 0x67, 0x87, 0x78, 0xFF, 0xEE, 0x30, 0x63, 0x06, 0x30, 0x63, 0x06, 0x30,  // 秤
    0x06, 0x0A, 0x40, 0xFF, 0xCA, 0x80, 0xB0, 0x0B, 0xF8, 0xA3, 0x0E, 0x60, 0xA4, 0x08, 0x84, 0x0F, 0xE0, 0x7C,  // 吃
    0x04, 0x06, 0x64, 0x78, 0x0F, 0x80, 0xFF, 0xE6, 0xD4, 0xEF, 0x46, 0xD4, 0x49, 0x44, 0xDC, 0x93, 0x46, 0x10,  // 痴
    0x42, 0x06, 0x20, 0x7F, 0xCF, 0x20, 0x63, 0x67, 0x18, 0xE1, 0xCF, 0xD8, 0x6D, 0x86, 0x58, 0xC3, 0x04, 0x10,  // 持
    0x02, 0x07, 0xA0, 0x5A, 0xC7, 0xAC, 0x7B, 0x04, 0xA0, 0xFE, 0x0E, 0xA4, 0xFB, 0xCE, 0x18, 0xBF, 0xE0, 0xFC,  // 匙
    0x02, 0x04, 0x20, 0x7A, 0x83, 0xBC, 0xFE, 0x8F, 0xA8, 0x5A, 0x85, 0xB8, 0xDA, 0xC5, 0xA4, 0x58, 0xE4, 0xF8,  // 池
    0x00, 0x04, 0xF8, 0x68, 0x80, 0x88, 0x0F, 0x8E, 0x88, 0x4B, 0x04, 0x98, 0x50, 0xC6, 0x04, 0xBF, 0xE0, 0x7C,  // 迟
    0x02, 0x0F, 0x20, 0x2A, 0x02, 0xBC, 0xFE, 0xC9, 0xAC, 0xAA, 0xCA, 0xB8, 0x2A, 0xA2, 0xA2, 0xEF, 0xEC, 0x7C,  // 弛
    0x01, 0x0F, 0x30, 0xB7, 0x4F, 0x7C, 0xAF, 0x4B, 0xF4, 0xFF, 0x41, 0xFC, 0xF7, 0x21, 0x42, 0x77, 0xE6, 0x38,  // 驰
    0x09, 0x0F, 0x90, 0x51, 0x07, 0x50, 0x55, 0x47, 0x5C, 0x55, 0x05, 0xD0, 0xF5, 0x09, 0x50, 0x1F, 0xE1, 0x00,  // 耻
    0x04, 0x06, 0xC8, 0x6F, 0x86, 0xC4, 0xFF, 0xE4, 0xC8, 0x4C, 0x84, 0xC8, 0x53, 0x86, 0x38, 0x60, 0x84, 0x08,  // 齿
    0x22, 0x02, 0x6C, 0x6D, 0xC5, 0xD8, 0xE7, 0x0C, 0xE0, 0x76, 0x44, 0xFC, 0x5E, 0x85, 0x38, 0x46, 0x07, 0x80,  // 侈
    0x00, 0x07, 0xF8, 0x21, 0x82, 0x18, 0x3F, 0x86, 0x98, 0x64, 0x06, 0x40, 0x46, 0x04, 0x30, 0x81, 0xC8, 0x00,  // 尺
    0x0C, 0x00, 0xC8, 0x7F, 0x80, 0xC0, 0xFF, 0xE1, 0xA0, 0x7B, 0x05, 0xAC, 0xD2, 0x49, 0x24, 0x6E, 0x0C, 0x60,  // 赤
    0x40, 0x04, 0xFC, 0xFA, 0x46, 0xF4, 0x46, 0x4F, 0x6C, 0xBF, 0x46, 0xA4, 0x66, 0x47, 0x6C, 0x9F, 0xE0, 0x7C,  // 翅
    0x01, 0x07, 0xF0, 0x60, 0x06, 0x04, 0x7F, 0xE6, 0x20, 0x6E, 0x04, 0x78, 0x42, 0xC4, 0x20, 0x82, 0x00, 0x20,  // 斥
    0x20, 0x06, 0xFC, 0x7C, 0xCF, 0xCC, 0xEC, 0xCE, 0xCC, 0x6F, 0xC6, 0x40, 0x76, 0x85, 0xCC, 0x98, 0x41, 0x04,  // 炽
    0x08, 0x00, 0xC4, 0xFF, 0xC1, 0x80, 0x33, 0x07, 0xF8, 0x7E, 0x81, 0x60, 0x16, 0x43, 0x64, 0x66, 0xC8, 0x3C,  // 充
    0x02, 0x08, 0x20, 0xD2, 0x07, 0xFC, 0x3A, 0x45, 0xA4, 0x5F, 0xCD, 0xA4, 0xC2, 0x0C, 0x20, 0xC2, 0x00, 0x20,  // 冲
    0x04, 0x00, 0xC0, 0x4C, 0x87, 0xF8, 0x6C, 0x86, 0xC8, 0x6C, 0x86, 0xC8, 0x0D, 0x00, 0xD8, 0xFF, 0xCC, 0x04,  // 虫
    0x04, 0x06, 0xC8, 0x7F, 0x80, 0xC8, 0xFF, 0xC8, 0x1C, 0xBF, 0x0F, 0xFC, 0x2E, 0x06, 0xD8, 0xDC, 0xC0, 0x80,  // 崇
    0x0C, 0x04, 0xC4, 0xDC, 0xC9, 0xA8, 0x12, 0x4F, 0xFC, 0x15, 0x01, 0x78, 0x36, 0x02, 0xC4, 0x74, 0x48, 0x7C,  // 宠
    0x63, 0x06, 0x30, 0x73, 0x4F, 0xFE, 0x6B, 0x47, 0xB4, 0xEF, 0xCE, 0xB4, 0x6B, 0x46, 0xB4, 0xEF, 0xC4, 0x84,  // 抽
    0x00, 0x0F, 0xF4, 0x67, 0x4F, 0xF4, 0xFF, 0xCF, 0xFC, 0xDF, 0xC9, 0xD4, 0xFD, 0x49, 0xD4, 0xFD, 0x48, 0x84,  // 酬
    0x03, 0x09, 0x34, 0xFF, 0xCF, 0x2C, 0xF7, 0xCF, 0xFE, 0xF4, 0x8F, 0x7C, 0xFE, 0x89, 0x28, 0x22, 0x80, 0x18,  // 畴
    0x03, 0x0F, 0x24, 0x9F, 0xC9, 0x2C, 0xFF, 0xCF, 0xFE, 0xF4, 0x8E, 0xFE, 0xE4, 0x8F, 0x28, 0xC3, 0x80, 0x18,  // 踌
    0x30, 0x0E, 0xFE, 0x6B, 0x4F, 0xFC, 0x6B, 0x47, 0xFC, 0xFF, 0xCE, 0xFC, 0x6F, 0xC6, 0xE4, 0x71, 0xC2, 0x0C,  // 稠
    0x13, 0x07, 0x30, 0x27, 0xCF, 0xF8, 0x7F, 0x0F, 0xE8, 0xAC, 0xC3, 0x84, 0x7D, 0x8F, 0x5C, 0xB3, 0x41, 0xF0,  // 愁
    0x23, 0x07, 0xFC, 0x75, 0x09, 0x98, 0xFF, 0xC7, 0xF8, 0x18, 0x4B, 0x1C, 0x3F, 0xC4, 0x90, 0x89, 0x00, 0x30,  // 筹
    0x24, 0x06, 0x40, 0x44, 0x04, 0xF8, 0xD5, 0x0C, 0x50, 0x45, 0x04, 0xD0, 0x49, 0x04, 0x94, 0x51, 0xE6, 0x0C,  // 仇
    0x40, 0x04, 0xFC, 0xFB, 0x4B, 0xFC, 0xEA, 0x44, 0xFC, 0xDF, 0x4D, 0xD4, 0x37, 0x4D, 0x54, 0x21, 0xC4, 0x0C,  // 绸
    0x01, 0x8F, 0xD8, 0xA9, 0x8A, 0xFE, 0xFF, 0x8A, 0xB8, 0xBD, 0x8B, 0xF8, 0xB9, 0x8E, 0xBC, 0xAE, 0x60, 0xC4,  // 瞅
    0x00, 0x07, 0xF8, 0x09, 0x80, 0x98, 0x19, 0x81, 0x90, 0x7F, 0x01, 0x10, 0x11, 0x01, 0x10, 0xFF, 0xE0, 0x00,  // 丑
    0x08, 0x07, 0xF8, 0x61, 0x86, 0x18, 0x7F, 0x86, 0x18, 0x7F, 0x80, 0xB4, 0xFF, 0xC1, 0xA0, 0x31, 0xCC, 0x0C,  // 臭
    0x60, 0x02, 0x04, 0xFF, 0xC3, 0x24, 0x3A, 0x47, 0xA4, 0xF6, 0x47, 0xE4, 0x64, 0x46, 0xCC, 0x7B, 0xC6, 0x08,  // 初
    0x0C, 0x04, 0xC8, 0x4C, 0x84, 0xC8, 0x4C, 0x87, 0xF8, 0x0C, 0x0C, 0xCC, 0xCC, 0xCC, 0xCC, 0xFF, 0xCC, 0x0C,  // 出
    0x40, 0x05, 0xFC, 0x71, 0xCF, 0xFC, 0xDF, 0xEF, 0xEC, 0xDF, 0xC5, 0xBC, 0x5B, 0xC5, 0xEC, 0x7F, 0xC4, 0x08,  // 橱
    0x00, 0x47, 0xFC, 0x44, 0x87, 0xC8, 0x7C, 0xE6, 0x48, 0xFE, 0x8E, 0xB8, 0xBC, 0x89, 0xC8, 0x7B, 0x80, 0x18,  // 厨
    0x04, 0x8F, 0xFE, 0x97, 0x8F, 0x30, 0xEF, 0xC2, 0x3E, 0xF3, 0x0A, 0x7C, 0xBC, 0x8F, 0x78, 0xC4, 0x80, 0x48,  // 躇
    0x40, 0x85, 0xE8, 0xFA, 0xC8, 0xBE, 0xFE, 0xC4, 0xAC, 0xFF, 0xC5, 0xBC, 0x5B, 0x47, 0xF4, 0x57, 0xC0, 0x00,  // 锄
    0x67, 0x04, 0x58, 0xFF, 0xEA, 0xD8, 0xBD, 0x4F, 0x7C, 0x15, 0x0F, 0x7C, 0x15, 0x81, 0x50, 0xB7, 0xE1, 0x40,  // 雏
    0x01, 0x07, 0xD8, 0x7A, 0x83, 0xAE, 0xFF, 0xCF, 0x94, 0x7F, 0xCF, 0xF0, 0xBF, 0xCB, 0x54, 0xFD, 0x4B, 0x30,  // 滁
    0x02, 0x0F, 0x70, 0xA5, 0x0A, 0x8E, 0xDF, 0xCA, 0x20, 0xBF, 0xCE, 0xA0, 0xAB, 0x89, 0xAC, 0xAE, 0x48, 0x60,  // 除
    0x23, 0x03, 0xBC, 0xF7, 0x07, 0xF8, 0xEF, 0x4B, 0xB0, 0xFF, 0xC2, 0xD0, 0x6F, 0x87, 0xC0, 0x9F, 0xC0, 0x3C,  // 楚
    0x01, 0x0F, 0x94, 0x6D, 0x64, 0xD6, 0x4D, 0x6F, 0xFC, 0xF1, 0x0F, 0xD6, 0xFD, 0x6F, 0xD6, 0xCF, 0xE0, 0x84,  // 础
    0x22, 0x06, 0x24, 0x57, 0xC5, 0x28, 0xDF, 0xEF, 0x30, 0x57, 0xC5, 0xCC, 0x57, 0xC5, 0xCC, 0x77, 0xC4, 0x48,  // 储
    0x08, 0x0F, 0xFC, 0x3F, 0x03, 0xF0, 0x3F, 0x0F, 0xFC, 0xFF, 0xCF, 0x78, 0xF6, 0x8F, 0x78, 0xFE, 0x8C, 0xFC,  // 矗
    0x42, 0x04, 0x24, 0x76, 0x8E, 0xD8, 0x5F, 0x07, 0xFC, 0xDE, 0xCD, 0xFC, 0x5A, 0xC5, 0xFC, 0xDF, 0xC5, 0x8C,  // 搐
    0x21, 0x07, 0x10, 0x51, 0x0F, 0xFC, 0xED, 0x4F, 0xD4, 0xED, 0x4F, 0xFC, 0xA9, 0x0A, 0x94, 0xBF, 0xE1, 0xC2,  // 触
    0x23, 0x02, 0x30, 0x6B, 0x07, 0xB0, 0x4B, 0xC5, 0xB4, 0xB3, 0x43, 0x30, 0x33, 0x03, 0xA0, 0xCF, 0xE0, 0x0C,  // 处
    0x42, 0x04, 0xAC, 0x6A, 0xCF, 0xFC, 0x40, 0x47, 0x60, 0xDF, 0xCD, 0xD4, 0x5D, 0x45, 0xD4, 0xDD, 0xCD, 0x8C,  // 揣
    0x00, 0x86, 0x48, 0x64, 0x86, 0x48, 0x64, 0x86, 0x48, 0x64, 0x86, 0x48, 0x44, 0x84, 0x48, 0x80, 0x80, 0x08,  // 川
    0x08, 0x04, 0xC4, 0xDE, 0xCF, 0x30, 0x61, 0x83, 0x20, 0x62, 0x47, 0xFE, 0x0A, 0x01, 0x20, 0x66, 0x08, 0x60,  // 穿
    0x44, 0x04, 0x78, 0x5C, 0x8F, 0xF8, 0x7F, 0xEF, 0x6C, 0xDF, 0x8C, 0xF0, 0x5F, 0x86, 0xFC, 0x7B, 0x44, 0x60,  // 椽
    0x22, 0x02, 0x20, 0x7F, 0xC4, 0x60, 0xE4, 0x4F, 0xFC, 0x4C, 0x84, 0xFC, 0x41, 0x84, 0xF0, 0x43, 0x04, 0x18,  // 传
    0x20, 0x07, 0x78, 0xDE, 0x8F, 0x68, 0xF4, 0xCD, 0xCE, 0xFC, 0xCF, 0x6C, 0xF4, 0xC9, 0x4C, 0xB7, 0xC1, 0x48,  // 船
    0x02, 0x0A, 0xAC, 0xEA, 0xCA, 0xFC, 0xA0, 0x4B, 0x60, 0xBF, 0xCF, 0xF4, 0xBD, 0x49, 0xD4, 0x1D, 0x41, 0x8C,  // 喘
    0x0C, 0x00, 0xC8, 0x7F, 0x84, 0xC8, 0x7F, 0x84, 0xC8, 0xFF, 0xC8, 0xC8, 0xFF, 0x88, 0xC8, 0x0C, 0x00, 0x80,  // 串
    0x04, 0x06, 0x6C, 0x66, 0x0E, 0x60, 0xE9, 0x07, 0x9C, 0xFF, 0x84, 0x90, 0x4B, 0x04, 0xB4, 0x8D, 0xC0, 0xF8,  // 疮
    0x0C, 0x07, 0xFC, 0xB3, 0xCF, 0x98, 0xC8, 0xC7, 0xF8, 0x5F, 0x85, 0xA8, 0x6E, 0x85, 0xE8, 0x7F, 0x84, 0x08,  // 窗
    0x42, 0x05, 0xFE, 0xF5, 0x8F, 0x76, 0xFF, 0xCF, 0xFC, 0xFF, 0xCF, 0xBC, 0xEB, 0xC4, 0xFC, 0x43, 0x64, 0x00,  // 幢
    0x0C, 0x04, 0x44, 0x7F, 0xC4, 0x40, 0x44, 0xC6, 0xE0, 0x4E, 0x05, 0xD0, 0xD5, 0x8A, 0x4E, 0xC4, 0x00, 0x40,  // 床
    0x40, 0x02, 0xFC, 0xE2, 0x4B, 0xE4, 0x96, 0x49, 0x44, 0xBF, 0xC8, 0x14, 0xFF, 0x48, 0x74, 0x83, 0xC8, 0x08,  // 闯
    0x20, 0x43, 0x0C, 0x6C, 0xC4, 0x7C, 0xFB, 0xCC, 0xBC, 0x5B, 0xC7, 0xBC, 0x50, 0xC4, 0x4C, 0x7D, 0xC0, 0x08,  // 创
    0x06, 0x0A, 0x40, 0xF4, 0x4A, 0xEC, 0xBA, 0x8B, 0x20, 0xA7, 0x0E, 0x70, 0xA5, 0x00, 0x88, 0x18, 0xC2, 0x04,  // 吹
    0x22, 0x02, 0x60, 0x34, 0x47, 0xCC, 0xEA, 0x8E, 0xB0, 0xE3, 0x06, 0x30, 0x67, 0x05, 0x48, 0x98, 0xC3, 0x04,  // 炊
    0x40, 0x84, 0xF8, 0x62, 0x0F, 0xFE, 0x4A, 0x86, 0xAE, 0xDF, 0xCC, 0xA8, 0x7F, 0xC4, 0x20, 0xC2, 0x4C, 0x00,  // 捶
    0x40, 0x8C, 0xF8, 0xF2, 0x09, 0xFE, 0xFE, 0x84, 0xEC, 0x5F, 0xEF, 0xE8, 0x4F, 0xC5, 0x30, 0x62, 0x44, 0xFC,  // 锤
    0x01, 0x07, 0xF8, 0x0C, 0x0F, 0xFC, 0x2D, 0x03, 0xF4, 0x3F, 0x02, 0xD0, 0xFF, 0xC0, 0xC0, 0x0C, 0xC0, 0x00,  // 垂
    0x0C, 0x07, 0xFC, 0x09, 0x07, 0xF8, 0x10, 0x4F, 0xFC, 0x23, 0x07, 0xFC, 0xA3, 0xE3, 0x30, 0x3F, 0x02, 0x30,  // 春
    0x42, 0x04, 0x64, 0x7E, 0xCF, 0xFC, 0x44, 0x4F, 0xFC, 0xFC, 0x85, 0xFE, 0x7D, 0x84, 0xD8, 0x4F, 0x84, 0xC8,  // 椿
    0x03, 0x0F, 0xB6, 0x64, 0xCF, 0x7C, 0xF6, 0xCF, 0x4C, 0xF7, 0xC9, 0x18, 0xFF, 0xE9, 0x10, 0xF3, 0x08, 0x30,  // 醇
    0x00, 0x87, 0xF8, 0x7F, 0x84, 0x04, 0x7F, 0xCF, 0x70, 0xFB, 0x8E, 0x0C, 0xBF, 0x8A, 0x18, 0x3F, 0x82, 0x00,  // 唇
    0x06, 0x07, 0x24, 0x78, 0x8A, 0xF8, 0xE8, 0x86, 0x88, 0x5F, 0xCC, 0x30, 0xFF, 0xEC, 0x20, 0xCE, 0x04, 0x60,  // 淳
    0x02, 0x06, 0x20, 0x4F, 0xCB, 0x20, 0xEA, 0xCE, 0xAC, 0x4A, 0xCF, 0xFC, 0x8A, 0x87, 0x24, 0xC2, 0x60, 0x3C,  // 纯
    0x08, 0x0F, 0xF8, 0x7F, 0x8F, 0xFC, 0x7F, 0xCB, 0xFC, 0x3F, 0x03, 0x7C, 0xFD, 0xCF, 0xFC, 0x7B, 0xCC, 0xE4,  // 蠢
    0x03, 0x0F, 0xF8, 0xFF, 0xCF, 0xF4, 0xB7, 0x05, 0x1C, 0xFD, 0x8F, 0xD8, 0x51, 0x87, 0xDC, 0x7E, 0xC4, 0x46,  // 戳
    0x42, 0x04, 0x3C, 0x52, 0x0B, 0xFC, 0xE8, 0xC4, 0xFC, 0xC8, 0xCE, 0xFC, 0x03, 0x6F, 0x30, 0x82, 0x00, 0x20,  // 绰
    0x04, 0x06, 0x66, 0x6D, 0x0E, 0xD0, 0xFD, 0x07, 0xD6, 0xFF, 0x8D, 0xD0, 0x5D, 0x05, 0xF2, 0xB9, 0x62, 0x1C,  // 疵
    0x12, 0x0F, 0xFC, 0x13, 0x01, 0x60, 0x6C, 0x43, 0xFC, 0x36, 0x87, 0x60, 0xC5, 0x0C, 0xD8, 0x58, 0xE6, 0x04,  // 茨
    0x00, 0x83, 0x58, 0x77, 0x44, 0xD8, 0x4D, 0x8F, 0xF4, 0xFF, 0xCF, 0xD8, 0xEC, 0x8E, 0xD4, 0xFF, 0xC0, 0x04,  // 磁
    0x53, 0x05, 0x78, 0x57, 0xCD, 0x50, 0xFD, 0xCD, 0xFC, 0xD5, 0x0D, 0x7C, 0xFD, 0x0D, 0x50, 0x07, 0xE0, 0x40,  // 雌
    0x02, 0x07, 0x34, 0xEF, 0xC2, 0x48, 0xFF, 0x82, 0xFE, 0xF3, 0x0D, 0x34, 0x9F, 0xCF, 0x30, 0xD3, 0x08, 0x30,  // 辞
    0x13, 0x01, 0x24, 0xFF, 0xC6, 0xA8, 0x5F, 0x8F, 0x70, 0x7A, 0x8F, 0xFC, 0x0C, 0x87, 0x5C, 0xB7, 0x41, 0xE0,  // 慈
    0x0C, 0x05, 0xFC, 0x3E, 0x8F, 0x70, 0x49, 0xCF, 0x0C, 0xFF, 0xE3, 0xF0, 0x3B, 0x02, 0xE4, 0x7E, 0x44, 0x3C,  // 瓷
    0x40, 0x47, 0xFC, 0x20, 0x41, 0xF4, 0xE0, 0x44, 0xF4, 0x4B, 0x44, 0xB4, 0x4F, 0x46, 0x84, 0x61, 0xC0, 0x08,  // 词
    0x02, 0x03, 0x20, 0x12, 0x0D, 0x20, 0xD2, 0xCD, 0xF0, 0xD2, 0x0D, 0x20, 0xD2, 0x4F, 0xE4, 0xE3, 0xE0, 0x18,  // 此
    0x10, 0x41, 0x74, 0xFF, 0x43, 0x54, 0x7D, 0x45, 0x54, 0x7D, 0x47, 0x94, 0x7D, 0x4D, 0x44, 0x11, 0xC1, 0x0C,  // 刺
    0x00, 0x0F, 0x4C, 0xF7, 0xCF, 0x4C, 0xF7, 0xCF, 0x60, 0xF7, 0xED, 0xBC, 0xE7, 0x47, 0xA4, 0x9D, 0xC1, 0x08,  // 赐
    0x04, 0x08, 0x40, 0x5C, 0x46, 0xFC, 0x36, 0x87, 0x60, 0x66, 0x0C, 0x50, 0xC5, 0x0C, 0xD8, 0xD8, 0xE6, 0x04,  // 次
    0x04, 0x8F, 0xE8, 0xF7, 0xCF, 0x7C, 0xF4, 0xCF, 0xFC, 0xF6, 0x0F, 0x74, 0xFF, 0x6B, 0xCE, 0x37, 0x83, 0x30,  // 聪
    0x12, 0x0F, 0xFE, 0x32, 0x07, 0xF8, 0x5E, 0x8B, 0xC8, 0x6E, 0x81, 0xB8, 0xE9, 0x07, 0x5C, 0xB7, 0x49, 0xF0,  // 葱
    0x08, 0x04, 0x8C, 0xFF, 0xCC, 0x8C, 0xDF, 0xCD, 0x2C, 0xFE, 0xCC, 0xEC, 0xCE, 0xCF, 0x0C, 0xFF, 0xCC, 0x0C,  // 囱
    0x30, 0x03, 0x00, 0x3F, 0xC6, 0xA4, 0x5A, 0x4B, 0xA4, 0x1E, 0x42, 0x6C, 0x4F, 0xC9, 0x8C, 0x33, 0x88, 0x18,  // 匆
    0x22, 0x02, 0x20, 0x22, 0x02, 0x20, 0x23, 0x02, 0x30, 0x77, 0x05, 0xD0, 0x4D, 0x88, 0x8C, 0xB0, 0xC4, 0x00,  // 从
    0x22, 0x03, 0x30, 0x23, 0x02, 0x30, 0x33, 0x03, 0xB0, 0x6F, 0x84, 0xC8, 0xCC, 0xC9, 0x84, 0x20, 0x48, 0x00,  // 丛
    0x04, 0x08, 0x48, 0xDF, 0x87, 0xF8, 0x6C, 0xC7, 0xB0, 0x51, 0x8F, 0xFE, 0xFF, 0xC8, 0xE0, 0x8B, 0x83, 0x08,  // 凑
    0x20, 0x0F, 0xFC, 0xF4, 0x8E, 0x48, 0xFF, 0x86, 0x48, 0xF4, 0x8F, 0x78, 0xE4, 0x86, 0x48, 0x7F, 0xE6, 0x00,  // 粗
    0x02, 0x8F, 0xA8, 0x6F, 0xEF, 0xA8, 0xFA, 0xEF, 0xFC, 0xFF, 0xC9, 0xCC, 0xFF, 0xC9, 0xCC, 0xFF, 0xC8, 0x4C,  // 醋
    0x42, 0x07, 0xFC, 0xB5, 0x87, 0xE8, 0x7F, 0xCF, 0xE0, 0x7F, 0xC5, 0x70, 0x5F, 0xED, 0x38, 0xB4, 0xC3, 0x84,  // 簇
    0x20, 0x06, 0xF8, 0x48, 0x84, 0x88, 0xDF, 0x8C, 0xA0, 0x5A, 0x05, 0xBC, 0x5A, 0x05, 0xE0, 0x77, 0xC6, 0x1C,  // 促
    0x02, 0x0F, 0xFE, 0x9C, 0x49, 0xFC, 0xFF, 0xC6, 0xFC, 0xFF, 0xCE, 0xB4, 0xEF, 0xCF, 0xFC, 0xCB, 0x00, 0x30,  // 蹿
    0x22, 0x07, 0xFC, 0xF5, 0x0B, 0xF0, 0x3F, 0x03, 0xF0, 0x3F, 0x0F, 0xFE, 0x3B, 0x07, 0x9C, 0xBF, 0x43, 0x10,  // 篡
    0x0C, 0x0F, 0xFC, 0x92, 0xCF, 0xD8, 0xFF, 0x86, 0xD8, 0x7F, 0x84, 0xC8, 0x4C, 0xC7, 0xF8, 0x4C, 0x80, 0xC0,  // 窜
    0x42, 0x04, 0xA4, 0x6A, 0xCF, 0xFC, 0x45, 0x06, 0xFE, 0xDB, 0x4F, 0xFC, 0x6F, 0xC4, 0xB0, 0xCF, 0xE4, 0x80,  // 摧
    0x0C, 0x04, 0xC8, 0x7F, 0x86, 0x48, 0x24, 0xC7, 0xFC, 0xE7, 0x8E, 0x48, 0x7F, 0xC6, 0x40, 0x7F, 0xC6, 0x00,  // 崔
    0x22, 0x07, 0xAC, 0x5A, 0xC5, 0xF8, 0xCB, 0x4D, 0xFC, 0x5B, 0xC7, 0xFC, 0x5F, 0xC5, 0xB4, 0x5F, 0xE5, 0x80,  // 催
    0x04, 0x0F, 0x78, 0xAD, 0x8B, 0xFE, 0xFC, 0x0A, 0xF8, 0xEE, 0x8E, 0xA8, 0xAB, 0x8B, 0xA4, 0xB2, 0x67, 0x3C,  // 脆
    0x04, 0x06, 0x6C, 0x66, 0x0F, 0x6C, 0xED, 0x86, 0x98, 0xF6, 0xCF, 0x24, 0x7F, 0xE4, 0x20, 0x82, 0x00, 0x20,  // 瘁
    0x02, 0x06, 0x34, 0xFF, 0xCE, 0x48, 0x7D, 0x8E, 0xB4, 0x72, 0x4F, 0x36, 0xEF, 0xE6, 0x30, 0x63, 0x06, 0x20,  // 粹
    0x02, 0x04, 0x24, 0x5F, 0xC2, 0xD8, 0xAD, 0x8F, 0x7C, 0x52, 0x44, 0x24, 0xFF, 0xCC, 0x20, 0xC2, 0x04, 0x20,  // 淬
    0x08, 0x85, 0xA8, 0x6A, 0x8F, 0xF8, 0xCC, 0xCF, 0xFC, 0x33, 0x07, 0xD8, 0xCC, 0xE8, 0xC0, 0x0C, 0x00, 0xC0,  // 翠
    0x20, 0x86, 0x18, 0x21, 0x8F, 0xFE, 0x61, 0x87, 0x58, 0xF7, 0x8E, 0x78, 0x21, 0x86, 0x18, 0x63, 0x82, 0x10,  // 村
    0x08, 0x00, 0x84, 0xFF, 0xC1, 0x00, 0x3F, 0xC6, 0x10, 0xE3, 0x0B, 0xFE, 0x23, 0x02, 0x30, 0x27, 0x02, 0x20,  // 存
    0x02, 0x00, 0x20, 0x02, 0x0F, 0xFE, 0x22, 0x03, 0x20, 0x12, 0x01, 0x20, 0x02, 0x00, 0x20, 0x0E, 0x00, 0x60,  // 寸
    0x04, 0x8F, 0x78, 0x6F, 0xC4, 0x20, 0x6F, 0xCF, 0x64, 0xFF, 0xEF, 0x40, 0xFF, 0xCF, 0xB0, 0xD3, 0x42, 0x80,  // 磋
    0x48, 0x84, 0x88, 0x6F, 0x8F, 0xF8, 0x58, 0xC7, 0x64, 0xDF, 0xC5, 0xD8, 0x55, 0x85, 0xF8, 0xF6, 0xE8, 0x40,  // 撮
    0x68, 0x84, 0x5C, 0x7F, 0xC6, 0x28, 0x7F, 0x86, 0x44, 0xDF, 0xCC, 0xC8, 0x4F, 0x85, 0x20, 0xF3, 0x44, 0x00,  // 搓
    0x64, 0x06, 0x58, 0x7F, 0xCF, 0x58, 0x75, 0xE6, 0xFC, 0xCF, 0xCC, 0x8C, 0x4F, 0xC4, 0x8C, 0xCF, 0xCC, 0x8C,  // 措
    0x42, 0x06, 0xA8, 0x6E, 0xCF, 0xA8, 0x6B, 0xC7, 0xF4, 0xF7, 0x0E, 0x24, 0x6F, 0xC6, 0x20, 0xE2, 0x45, 0x00,  // 挫
    0x44, 0x84, 0x78, 0x7F, 0xC8, 0x58, 0xF7, 0xE4, 0xFC, 0xFF, 0xC6, 0xCC, 0x47, 0xC7, 0x4C, 0x67, 0xC4, 0x4C,  // 错
    0x6D, 0x04, 0xD4, 0x5D, 0x8F, 0xF0, 0x47, 0x07, 0x9C, 0xFF, 0xCE, 0x08, 0x4F, 0x84, 0x88, 0xCF, 0x84, 0x88,  // 搭
    0x02, 0x0C, 0x60, 0x66, 0x03, 0xFC, 0x06, 0x0E, 0x60, 0x67, 0x04, 0x48, 0x48, 0xC7, 0x00, 0xFF, 0xE8, 0xFC,  // 达
    0x62, 0x06, 0xA4, 0x77, 0x8B, 0xD8, 0x1E, 0x03, 0x30, 0x7F, 0xE8, 0x04, 0x3F, 0x02, 0x10, 0x3F, 0x02, 0x10,  // 答
    0x04, 0x07, 0xFC, 0x69, 0x0F, 0xFE, 0xE9, 0x06, 0xF0, 0xC9, 0x8D, 0xFE, 0x69, 0x84, 0x98, 0x89, 0x81, 0x98,  // 瘩
    0x20, 0x06, 0x04, 0x7F, 0xCF, 0x10, 0x61, 0x07, 0x10, 0xE1, 0x0E, 0x10, 0x61, 0x06, 0x10, 0xE7, 0x04, 0x30,  // 打
    0x0C, 0x00, 0xC0, 0x08, 0x00, 0x84, 0xFF, 0xC0, 0xC0, 0x0C, 0x01, 0xA0, 0x13, 0x02, 0x18, 0x40, 0xC8, 0x00,  // 大
    0x01, 0x03, 0xF8, 0x21, 0x02, 0x10, 0x7F, 0x00, 0xC4, 0xFF, 0xC1, 0xE0, 0x3F, 0x06, 0xDC, 0xCC, 0xC0, 0xC0,  // 呆
    0x00, 0x0F, 0xFC, 0x18, 0x01, 0x08, 0x3F, 0x83, 0x10, 0x53, 0x09, 0xA0, 0x0E, 0x00, 0xC0, 0x30, 0x0C, 0x00,  // 歹
    0x26, 0x06, 0x6C, 0x56, 0x85, 0xF8, 0xCC, 0x4F, 0xFC, 0x5F, 0x85, 0xFE, 0x6E, 0x05, 0xF8, 0x76, 0xC4, 0x40,  // 傣
    0x13, 0x07, 0xE8, 0x73, 0x4F, 0xF0, 0x7F, 0x87, 0xF8, 0x7D, 0x8F, 0xD8, 0x7D, 0x0F, 0xF8, 0x6E, 0xE8, 0x06,  // 戴
    0x29, 0x02, 0x94, 0xFF, 0xC2, 0x90, 0xFF, 0xC8, 0xCC, 0xFF, 0x86, 0xD8, 0x69, 0x06, 0xF0, 0x4D, 0x00, 0x80,  // 带
    0x01, 0x0F, 0xB0, 0x62, 0x84, 0x4C, 0x7F, 0xCD, 0xC4, 0xF4, 0x86, 0x7C, 0x24, 0xC4, 0x4C, 0x87, 0xC0, 0x4C,  // 殆
    0x04, 0x03, 0x78, 0x26, 0x86, 0x64, 0x67, 0xCF, 0x60, 0xE2, 0x06, 0x20, 0x63, 0x06, 0x10, 0x61, 0xE6, 0x06,  // 代
    0x25, 0x02, 0x5C, 0x7F, 0xCE, 0x20, 0x63, 0xE6, 0x1E, 0x29, 0x82, 0xD0, 0x29, 0x02, 0xF0, 0x33, 0x8C, 0x0C,  // 贷
    0x34, 0x02, 0x58, 0x67, 0xCF, 0xE0, 0x23, 0x42, 0xDC, 0x2C, 0x41, 0xD8, 0x37, 0x87, 0x30, 0x3D, 0xC3, 0x0C,  // 袋
    0x22, 0x06, 0x20, 0xCF, 0xC2, 0x20, 0x62, 0x4D, 0x18, 0xC1, 0x45, 0xFC, 0x4D, 0x04, 0x50, 0x47, 0x04, 0x30,  // 待
    0x02, 0x04, 0x68, 0x4E, 0x85, 0xFE, 0x02, 0x8F, 0xF8, 0x4B, 0x84, 0xF0, 0x7F, 0x84, 0xEC, 0xF4, 0xE9, 0xFC,  // 逮
    0x0C, 0x01, 0x90, 0x31, 0x87, 0xFC, 0x3F, 0x82, 0x10, 0x21, 0x02, 0xD0, 0x3C, 0x8B, 0x5C, 0xB3, 0x41, 0xE0,  // 怠
    0x03, 0x0F, 0xB0, 0xDB, 0x4D, 0xF4, 0xFA, 0x0D, 0x30, 0xF3, 0x0D, 0x30, 0xFF, 0x0F, 0x50, 0x1D, 0xE1, 0x8C,  // 耽
    0x40, 0x06, 0xFC, 0x6C, 0xCF, 0xCC, 0x6C, 0xC7, 0xFC, 0xEC, 0xCE, 0xCC, 0x6F, 0xC6, 0x88, 0x60, 0x6D, 0x00,  // 担
    0x00, 0x03, 0xF8, 0x29, 0x02, 0xD0, 0x2D, 0x0F, 0xFE, 0x21, 0x02, 0x10, 0x61, 0x04, 0x10, 0x87, 0x00, 0x10,  // 丹
    0x33, 0x01, 0x20, 0x7F, 0x84, 0xC8, 0x7F, 0x84, 0xC8, 0x7F, 0x84, 0xC8, 0xFF, 0xE0, 0xC0, 0x0C, 0x00, 0xC0,  // 单
    0x48, 0x06, 0xBE, 0xFF, 0x4F, 0x78, 0xFF, 0x8F, 0x78, 0xFF, 0x4F, 0x76, 0xFF, 0xE3, 0x3C, 0x33, 0x03, 0x30,  // 郸
    0x40, 0x86, 0x58, 0x7F, 0xCF, 0xBC, 0x6B, 0xC7, 0xAC, 0xEF, 0xCE, 0xA4, 0x7F, 0xE6, 0x20, 0xC2, 0x04, 0x20,  // 掸
    0x90, 0x0F, 0x7C, 0x94, 0xCF, 0x4C, 0xD7, 0xC9, 0x4C, 0xF4, 0xC9, 0x4C, 0x94, 0xC9, 0x00, 0xFF, 0xE2, 0x00,  // 胆
    0x00, 0x03, 0xF8, 0x21, 0x82, 0x18, 0x3F, 0x82, 0x18, 0x21, 0x82, 0x18, 0x21, 0x00, 0x00, 0xFF, 0xE0, 0x00,  // 旦
    0x20, 0x03, 0xFC, 0x7F, 0x8C, 0x00, 0xBF, 0x83, 0xF8, 0x7D, 0x83, 0xF8, 0xDE, 0xA5, 0xCA, 0x76, 0xEE, 0x26,  // 氮
    0x20, 0x06, 0xFC, 0x48, 0x84, 0x88, 0xCF, 0x8C, 0x88, 0x48, 0x84, 0x88, 0x48, 0x84, 0x00, 0x7F, 0xE4, 0x00,  // 但
    0x40, 0x84, 0x58, 0x6F, 0xCF, 0xAC, 0xFF, 0xCC, 0xAC, 0x4F, 0xC4, 0xA4, 0x7F, 0xE4, 0x20, 0x42, 0x04, 0x20,  // 惮
    0x02, 0x06, 0x2C, 0x2B, 0x0B, 0xE0, 0xE5, 0xC6, 0xE4, 0x76, 0xC5, 0xF8, 0xD5, 0x04, 0xD8, 0xC8, 0xE7, 0x04,  // 淡
    0x00, 0x47, 0xBC, 0x49, 0x81, 0x98, 0xD3, 0xC5, 0xF8, 0x4B, 0x85, 0xB8, 0x7B, 0xE7, 0xC0, 0x67, 0xE4, 0x0C,  // 诞
    0x04, 0x8E, 0x58, 0x2F, 0xCA, 0xAC, 0xEF, 0xC8, 0xAC, 0xEF, 0xC2, 0xA4, 0x3F, 0xE2, 0x20, 0xE2, 0x04, 0x20,  // 弹
    0x00, 0x0F, 0xFC, 0x6C, 0x86, 0xF8, 0x5C, 0x08, 0xFC, 0x4D, 0x06, 0xD8, 0x7F, 0x84, 0xD8, 0xFF, 0xCC, 0x04,  // 蛋
    0x0C, 0x04, 0xC8, 0x6D, 0x82, 0xD0, 0x2E, 0x0F, 0xFC, 0x00, 0x87, 0xF8, 0x00, 0x80, 0x08, 0xFF, 0xC0, 0x08,  // 当
    0x63, 0x06, 0x24, 0x7E, 0xCF, 0xE8, 0x67, 0x47, 0xFC, 0xE0, 0x4E, 0xFC, 0x60, 0x46, 0x04, 0xFF, 0xC4, 0x04,  // 挡
    0x0C, 0x02, 0xD0, 0x3E, 0x4F, 0xFC, 0xA1, 0x83, 0xF0, 0x21, 0x03, 0xF0, 0x3C, 0x41, 0x44, 0x37, 0xCC, 0x38,  // 党
    0x12, 0x01, 0x34, 0xB3, 0x05, 0x28, 0x7B, 0x88, 0x60, 0xEF, 0xC6, 0xF4, 0x4B, 0xCD, 0x6C, 0x4F, 0x87, 0x18,  // 荡
    0x42, 0x06, 0x24, 0x6A, 0xCF, 0xE8, 0x63, 0x47, 0xFC, 0xF0, 0x4E, 0xFC, 0x60, 0xC6, 0x04, 0x7F, 0xC4, 0x04,  // 档
    0x00, 0x07, 0xFC, 0x08, 0xC0, 0x8C, 0x08, 0xC0, 0x8C, 0x18, 0xC1, 0x08, 0x10, 0x82, 0x08, 0x43, 0x80, 0x00,  // 刀
    0x62, 0x06, 0xFC, 0x7E, 0x8F, 0xA8, 0x6B, 0x87, 0x98, 0xEF, 0xEF, 0x54, 0x75, 0x47, 0xF4, 0xC1, 0xC4, 0x08,  // 捣
    0x01, 0xCF, 0xF0, 0x91, 0x49, 0x5C, 0xF4, 0x8A, 0xFC, 0xFC, 0x4A, 0xFC, 0xAC, 0x4F, 0xC4, 0xCF, 0xC0, 0x84,  // 蹈
    0x00, 0x47, 0xE4, 0x49, 0x45, 0x54, 0xFF, 0x4D, 0x94, 0x49, 0x47, 0xF4, 0x49, 0x44, 0xE4, 0x70, 0xC4, 0x0C,  // 倒
    0x18, 0x07, 0xF0, 0x61, 0x07, 0x90, 0x6F, 0x06, 0x20, 0x7F, 0xCD, 0x2C, 0x92, 0x8D, 0x28, 0xC6, 0x80, 0x18,  // 岛
    0x42, 0x06, 0x24, 0x7F, 0xCF, 0x6C, 0x66, 0x47, 0xFE, 0xFC, 0x84, 0xFE, 0x54, 0x86, 0x68, 0x63, 0x84, 0x18,  // 祷
    0x01, 0x06, 0x18, 0x61, 0x86, 0x1C, 0x60, 0x43, 0xFC, 0x03, 0x0F, 0xFE, 0x13, 0x01, 0x30, 0x07, 0x00, 0x20,  // 导
    0x00, 0x4F, 0xCC, 0x33, 0xC6, 0xBC, 0xFF, 0xCF, 0x7C, 0x33, 0xCF, 0xFC, 0x33, 0xC3, 0xCC, 0xE1, 0xC0, 0x08,  // 到
    0x10, 0xCF, 0x7C, 0x2B, 0x63, 0xDC, 0xF6, 0x86, 0xFC, 0x7C, 0x4F, 0xFC, 0xAC, 0x42, 0xC4, 0x2F, 0xC2, 0x84,  // 稻
    0x42, 0x04, 0x24, 0x42, 0x07, 0xFC, 0xF8, 0xCC, 0xFC, 0x48, 0xC4, 0xF8, 0x62, 0x64, 0x20, 0x42, 0x04, 0x20,  // 悼
    0x09, 0x84, 0xD4, 0x7F, 0xE0, 0x68, 0x0F, 0x8E, 0xF8, 0x48, 0x84, 0xF8, 0x48, 0x84, 0x98, 0xFF, 0xE8, 0xFC,  // 道
    0x04, 0x0D, 0xC4, 0x7F, 0xC3, 0x68, 0xD7, 0x04, 0x98, 0x58, 0xE7, 0xFC, 0x7F, 0x87, 0xF8, 0x7F, 0xE8, 0x00,  // 盗
    0x22, 0x07, 0xFE, 0x96, 0x03, 0xFC, 0x7D, 0xCD, 0xFC, 0xD0, 0x47, 0xFC, 0x5E, 0xC5, 0xEE, 0x7D, 0x84, 0x70,  // 德
    0x20, 0x86, 0xF8, 0xCF, 0x8A, 0x88, 0x6F, 0x86, 0x8C, 0xD1, 0xC7, 0xFE, 0x69, 0x84, 0xD0, 0x47, 0x04, 0x10,  // 得
    0x22, 0x06, 0x20, 0xD7, 0xCF, 0xC4, 0x94, 0x49, 0xE4, 0xFA, 0x49, 0x2C, 0x90, 0xC9, 0x0C, 0xD3, 0x80, 0x18,  // 的
    0x00, 0x0F, 0xFC, 0xBD, 0x4B, 0xD8, 0xEF, 0xCD, 0x86, 0xFF, 0x8E, 0xC8, 0xCF, 0x8F, 0x50, 0xC5, 0x41, 0xFC,  // 蹬
    0x60, 0x06, 0xFE, 0x71, 0x0F, 0x10, 0xE1, 0x0C, 0x10, 0x41, 0x06, 0x10, 0x71, 0x09, 0x10, 0x87, 0x00, 0x30,  // 灯
    0x00, 0x0F, 0xD0, 0x16, 0x85, 0x30, 0x7F, 0x06, 0x1C, 0xBF, 0x42, 0x30, 0x3F, 0x03, 0x20, 0x14, 0xCF, 0xF8,  // 登
    0x22, 0x07, 0xFC, 0x75, 0x09, 0xD0, 0x7F, 0x80, 0xC4, 0xFF, 0xC0, 0x3C, 0xFF, 0xC1, 0xB0, 0x07, 0x00, 0x20,  // 等
    0x00, 0x0F, 0xFC, 0xBD, 0x4A, 0xD8, 0xEF, 0xCB, 0x8E, 0xEF, 0x8A, 0x88, 0xAF, 0x8E, 0x58, 0xA5, 0x41, 0x00,  // 瞪
    0x09, 0x87, 0xBC, 0x73, 0x83, 0xF8, 0x7F, 0xEB, 0xF0, 0x33, 0x0F, 0xFC, 0x1E, 0x01, 0x64, 0x33, 0xCC, 0x18,  // 凳
    0x02, 0x4F, 0xEC, 0x0A, 0xC5, 0xA8, 0x72, 0x83, 0x2C, 0x32, 0x47, 0xA6, 0x4A, 0xC8, 0x2C, 0x02, 0x00, 0x20,  // 邓
    0x40, 0x84, 0xD8, 0x4F, 0x87, 0x88, 0xEF, 0x84, 0x8C, 0x5F, 0xC7, 0xA0, 0xEB, 0xC9, 0xE0, 0x37, 0xE6, 0x1C,  // 堤
    0x20, 0x03, 0xFC, 0x7B, 0x05, 0xB0, 0xDB, 0x4D, 0xFC, 0x5B, 0x05, 0x90, 0x59, 0x05, 0xD8, 0x5E, 0xC4, 0x24,  // 低
    0x06, 0x05, 0x6C, 0x4D, 0x8A, 0xD0, 0xFF, 0xC5, 0x6C, 0x5F, 0xC5, 0xF4, 0xDD, 0x4D, 0xF4, 0xD1, 0xC1, 0x08,  // 滴
    0x02, 0x04, 0x20, 0x7E, 0xC1, 0xAC, 0x12, 0xCF, 0xFC, 0x5A, 0xC5, 0x2C, 0x5F, 0xC7, 0x8C, 0xFF, 0xE0, 0xFC,  // 迪
    0x03, 0x0F, 0xB0, 0x22, 0x42, 0xFE, 0xFE, 0x82, 0x68, 0xFA, 0x8D, 0x98, 0xD9, 0x0D, 0xB8, 0xDC, 0xE0, 0x84,  // 敌
    0x22, 0x06, 0xA4, 0x7F, 0xCB, 0x90, 0x2D, 0x07, 0xF8, 0x4C, 0x84, 0xC8, 0x7F, 0x84, 0xC8, 0x7F, 0x84, 0x08,  // 笛
    0x02, 0x0F, 0x20, 0x62, 0x06, 0xAC, 0xAB, 0x83, 0xB0, 0x7B, 0x0B, 0x70, 0x25, 0x02, 0x58, 0xE8, 0xC7, 0x04,  // 狄
    0x04, 0x06, 0xF8, 0x3D, 0x89, 0x70, 0xF3, 0x02, 0xDE, 0x72, 0xCD, 0xFC, 0xCA, 0x0D, 0xAC, 0xFE, 0x40, 0x60,  // 涤
    0x18, 0xC6, 0xAC, 0x3B, 0xC7, 0xFC, 0xFC, 0xC3, 0x64, 0x66, 0x8F, 0xF8, 0x26, 0x82, 0x64, 0x3F, 0xC2, 0x00,  // 翟
    0x42, 0x04, 0x34, 0x45, 0x8F, 0x70, 0xFF, 0xCF, 0xA4, 0xAF, 0xCA, 0xFC, 0x6D, 0x47, 0xF4, 0x9D, 0xC0, 0x8C,  // 嫡
    0x40, 0x06, 0xF8, 0x7B, 0x0F, 0xB0, 0x6B, 0x47, 0xFC, 0xE9, 0x0E, 0x90, 0x6B, 0x06, 0xCC, 0xCE, 0xC4, 0xB4,  // 抵
    0x0C, 0x04, 0x44, 0x61, 0x85, 0x78, 0x56, 0x05, 0x24, 0x5F, 0xC5, 0x20, 0x57, 0x0D, 0xD4, 0x9E, 0xC1, 0x24,  // 底
    0x02, 0x06, 0x20, 0x4A, 0x04, 0xBC, 0xFB, 0xC5, 0xEC, 0x7A, 0xC4, 0xAC, 0x5B, 0x8E, 0xA0, 0x8C, 0x60, 0xFC,  // 地
    0x12, 0x0F, 0xFC, 0x1E, 0x07, 0xF8, 0x33, 0x0D, 0xF4, 0x8C, 0xCB, 0xF8, 0x2D, 0x82, 0xD8, 0x2F, 0x00, 0xC0,  // 蒂
    0x22, 0x07, 0xFC, 0x55, 0x09, 0x98, 0x7F, 0x86, 0xC8, 0x6C, 0x87, 0xFC, 0x1C, 0x43, 0x4C, 0xC4, 0x80, 0xC0,  // 第
    0x08, 0x0F, 0xFC, 0x23, 0x03, 0x20, 0xFF, 0xC8, 0xCC, 0xFF, 0x84, 0x90, 0x49, 0x04, 0xD0, 0x4B, 0x00, 0x80,  // 帝
    0x11, 0x01, 0xB0, 0x7F, 0xC0, 0x48, 0x7F, 0x86, 0x48, 0x6C, 0x45, 0xC4, 0x1C, 0x43, 0x5C, 0x44, 0x80, 0x40,  // 弟
    0x09, 0x0C, 0xD0, 0x5F, 0xC0, 0x28, 0x1F, 0x8F, 0x20, 0x5F, 0xC4, 0xE4, 0x5B, 0xCE, 0x28, 0xBF, 0xE0, 0xFC,  // 递
    0x02, 0x06, 0x3C, 0x5D, 0x8B, 0x50, 0xFF, 0xE5, 0x24, 0xDF, 0x8E, 0xA8, 0x0A, 0x8E, 0xB8, 0x8A, 0x80, 0x20,  // 缔
    0x20, 0x0B, 0xFE, 0xA1, 0x0F, 0xFC, 0xFA, 0x4D, 0xBC, 0xFB, 0x4F, 0xF4, 0xFF, 0x45, 0x38, 0xCA, 0xC8, 0xC4,  // 颠
    0x42, 0x04, 0x34, 0x6F, 0xCF, 0xB0, 0x4B, 0x47, 0xBC, 0xEB, 0x0C, 0xFC, 0x4C, 0xC5, 0x4C, 0xF7, 0xC6, 0x48,  // 掂
    0x02, 0x07, 0xFC, 0x66, 0x0B, 0xF8, 0xFF, 0x85, 0x88, 0x5F, 0x85, 0xF8, 0xD8, 0xEC, 0xF8, 0xDD, 0xC6, 0x0C,  // 滇
    0x05, 0x0F, 0x50, 0x4F, 0xCC, 0xDC, 0xFD, 0xCA, 0xFC, 0xAD, 0xCA, 0xDC, 0xBF, 0xEE, 0xD8, 0x98, 0xC3, 0x04,  // 碘
    0x08, 0x00, 0x88, 0x0F, 0xC0, 0x80, 0x3F, 0x82, 0x18, 0x21, 0x83, 0xF8, 0x20, 0x05, 0x68, 0xDA, 0x48, 0x04,  // 点
    0x16, 0x01, 0xE0, 0x7F, 0x85, 0xE8, 0x5E, 0x87, 0xF8, 0x5E, 0x85, 0xEC, 0xFF, 0xE3, 0x30, 0x61, 0x8C, 0x0C,  // 典
    0x23, 0x07, 0x14, 0xF7, 0xEF, 0xCC, 0xFF, 0xCF, 0x10, 0xF7, 0x0F, 0x5C, 0xF5, 0x0D, 0xF0, 0xFB, 0x89, 0x1C,  // 靛
    0x22, 0x02, 0x20, 0xFF, 0x82, 0x68, 0xEE, 0x8E, 0x68, 0x68, 0xC7, 0xC4, 0x0D, 0x87, 0xF8, 0x0C, 0x4F, 0xFC,  // 垫
    0x08, 0x00, 0x80, 0xFF, 0x8C, 0x88, 0xC9, 0x8F, 0xF8, 0xC8, 0x8F, 0xF8, 0xC8, 0x00, 0x84, 0x0F, 0xE0, 0x78,  // 电
    0x20, 0x07, 0x04, 0x5F, 0xC5, 0xA4, 0xDA, 0x4D, 0xBC, 0x5A, 0xC5, 0xA4, 0x5A, 0x45, 0xA4, 0x5F, 0xC5, 0x00,  // 佃
    0x20, 0x02, 0x00, 0x7F, 0xC4, 0x0C, 0xFE, 0x85, 0xA8, 0x7E, 0x85, 0xA8, 0x5A, 0x87, 0xE8, 0x41, 0x80, 0x30,  // 甸
    0x0C, 0x04, 0x44, 0x46, 0x04, 0x40, 0x47, 0xC4, 0x40, 0x44, 0x05, 0xFC, 0x50, 0x89, 0x08, 0x9F, 0x81, 0x08,  // 店
    0x42, 0x04, 0x34, 0x4F, 0xCF, 0xB0, 0xDB, 0x6C, 0xB0, 0x4B, 0x04, 0xFC, 0x54, 0xC5, 0x4C, 0x77, 0xC6, 0x48,  // 惦
    0x33, 0x01, 0x24, 0xFF, 0xC7, 0xF8, 0x57, 0x87, 0x78, 0x61, 0x87, 0xF8, 0x4D, 0xC1, 0xE0, 0x33, 0xCE, 0x1C,  // 奠
    0x02, 0x06, 0x24, 0x5F, 0xEB, 0x04, 0xFF, 0xC6, 0x20, 0x4A, 0x04, 0xBC, 0xDA, 0x0D, 0xE0, 0xD7, 0xE6, 0x1C,  // 淀
    0x02, 0x0F, 0xB8, 0xCA, 0x8F, 0xAE, 0xFA, 0x4F, 0xFC, 0xFA, 0x8F, 0xD8, 0xB9, 0x8E, 0xB8, 0xCE, 0xE8, 0x04,  // 殿
    0x08, 0x4F, 0xF6, 0x4B, 0x44, 0xFC, 0xFB, 0xCF, 0xC4, 0xFF, 0xCF, 0xFC, 0xFF, 0xCD, 0x74, 0x31, 0xC0, 0x0C,  // 碉
    0x00, 0x4F, 0xFC, 0xB0, 0x49, 0x1C, 0x91, 0x49, 0x24, 0x94, 0x4F, 0xC4, 0x88, 0xC0, 0x0C, 0x03, 0xC0, 0x18,  // 叼
    0x03, 0x0F, 0xA8, 0xAA, 0xEF, 0xF8, 0xAF, 0x8F, 0xFC, 0xFB, 0x8F, 0xBC, 0xFB, 0x8F, 0xB8, 0x3F, 0xE1, 0x60,  // 雕
    0x10, 0x0D, 0xFC, 0xF2, 0x47, 0xFC, 0x52, 0xC5, 0xFC, 0xDF, 0xCD, 0xD4, 0xDF, 0x4E, 0xD4, 0x61, 0xC0, 0x0C,  // 凋
    0x00, 0x07, 0xFC, 0x00, 0xC0, 0x1C, 0x06, 0xC0, 0xC8, 0x30, 0x86, 0x08, 0x40, 0x80, 0x08, 0x07, 0x80, 0x10,  // 刁
    0x42, 0x04, 0x3C, 0x62, 0x0F, 0xFC, 0x48, 0xC6, 0xFC, 0xE8, 0xC4, 0xFC, 0x7F, 0xE4, 0x20, 0xC2, 0x04, 0x20,  // 掉
    0x01, 0x02, 0x18, 0x21, 0x06, 0x10, 0x6D, 0x00, 0xC8, 0x7F, 0xC4, 0xC8, 0x4C, 0x84, 0xC8, 0x4D, 0x80, 0xC0,  // 吊
    0x63, 0x06, 0x20, 0x7B, 0xCC, 0x64, 0xFC, 0x46, 0xA4, 0x7B, 0x46, 0x14, 0x60, 0x47, 0x04, 0x63, 0xC4, 0x18,  // 钓
    0x00, 0x05, 0xFC, 0x5A, 0x41, 0xFC, 0xDA, 0x45, 0xFC, 0x5F, 0x45, 0xD4, 0x77, 0x4D, 0x54, 0x31, 0xC4, 0x0C,  // 调
    0x03, 0x0F, 0x70, 0x97, 0x4B, 0xFC, 0xFB, 0x0E, 0xB4, 0xFF, 0xCE, 0x30, 0xE3, 0x8F, 0x48, 0xC8, 0xE3, 0x04,  // 跌
    0x12, 0x03, 0x38, 0x6E, 0x09, 0xF8, 0xF9, 0xC3, 0xF0, 0x7E, 0x01, 0xC0, 0xFF, 0x83, 0xB0, 0x4C, 0x0F, 0x00,  // 爹
    0x02, 0x8F, 0xE8, 0x5F, 0xE4, 0xA8, 0xEB, 0x8F, 0xEC, 0xEF, 0x4F, 0xFE, 0xE7, 0x0E, 0xF8, 0xDA, 0xE2, 0x20,  // 碟
    0x42, 0x84, 0xE8, 0x5F, 0xEF, 0xA8, 0xFB, 0x8F, 0xEC, 0xFF, 0x47, 0xFC, 0x77, 0x0D, 0xA8, 0x12, 0xE0, 0x20,  // 蝶
    0x02, 0x04, 0xA0, 0x6A, 0x80, 0xF8, 0x12, 0x0F, 0xFC, 0x62, 0x04, 0x70, 0x44, 0xC7, 0x84, 0xF1, 0xE8, 0xFC,  // 迭
    0x02, 0x86, 0xA8, 0x7F, 0xE0, 0xA8, 0xEB, 0x84, 0xAC, 0x4A, 0x45, 0xFE, 0x6F, 0x06, 0xA8, 0x72, 0xE0, 0x20,  // 谍
    0x01, 0x03, 0xF0, 0x1F, 0x0F, 0xFC, 0x77, 0x8D, 0xEC, 0xFF, 0xEB, 0xF8, 0x3F, 0x03, 0xF0, 0x21, 0x40, 0x00,  // 叠
    0x00, 0x0F, 0xFC, 0x0C, 0x00, 0xC0, 0x0C, 0x00, 0xC0, 0x0C, 0x00, 0xC0, 0x0C, 0x00, 0xC0, 0x1C, 0x00, 0x80,  // 丁
    0x00, 0x4F, 0xFE, 0x91, 0x0B, 0x10, 0xB1, 0x09, 0x10, 0xF1, 0x0B, 0x10, 0x91, 0x0F, 0x10, 0x87, 0x00, 0x30,  // 盯
    0x00, 0x4F, 0xFE, 0xB1, 0x0B, 0x10, 0xB1, 0x0B, 0x10, 0xB1, 0x0F, 0x10, 0x81, 0x00, 0x10, 0x07, 0x00, 0x30,  // 叮
    0x40, 0x05, 0xFE, 0xF1, 0x08, 0x10, 0xF1, 0x04, 0x10, 0x71, 0x04, 0x10, 0x41, 0x07, 0x10, 0x63, 0x04, 0x30,  // 钉
    0x00, 0x4F, 0xB0, 0x62, 0x06, 0xFC, 0x6F, 0xC6, 0xFC, 0x6F, 0xC6, 0xEC, 0x6E, 0xC6, 0x78, 0xCC, 0xC3, 0x04,  // 顶
    0x13, 0x03, 0x30, 0x3F, 0x07, 0xFC, 0x73, 0xC7, 0x3C, 0xFB, 0xC1, 0xA4, 0xFB, 0xC5, 0xA4, 0xDA, 0x49, 0x20,  // 鼎
    0x42, 0x04, 0x34, 0x7F, 0xC8, 0x88, 0xFF, 0xC4, 0x30, 0xF7, 0x04, 0xFC, 0x4B, 0x07, 0xF0, 0x77, 0xC2, 0x1C,  // 锭
    0x0C, 0x04, 0xC4, 0x7F, 0xCC, 0x08, 0xC0, 0xC0, 0xC0, 0x2C, 0x02, 0xF8, 0x6C, 0x07, 0xC0, 0xDF, 0xE8, 0x7C,  // 定
    0x00, 0x06, 0x0C, 0x41, 0x00, 0x10, 0xC1, 0x04, 0x10, 0x41, 0x04, 0x10, 0x51, 0x06, 0x10, 0xE7, 0x04, 0x30,  // 订
    0x01, 0x81, 0xF8, 0x4C, 0x00, 0xD8, 0x7F, 0x80, 0xC0, 0xFF, 0xE0, 0x80, 0x1A, 0x02, 0x18, 0x7F, 0x84, 0x08,  // 丢
    0x08, 0x01, 0x84, 0xFF, 0xC3, 0x00, 0x24, 0x06, 0x48, 0x7F, 0x83, 0x50, 0x65, 0x84, 0x4C, 0x9C, 0x40, 0xC0,  // 东
    0x18, 0x01, 0x10, 0x3F, 0x87, 0x30, 0x4E, 0x08, 0xE0, 0x33, 0xCC, 0xDC, 0x04, 0x03, 0x00, 0x0E, 0x00, 0x60,  // 冬
    0x00, 0x03, 0x34, 0x12, 0x03, 0xF0, 0xFC, 0xC7, 0xF8, 0x6D, 0x87, 0xF0, 0x7F, 0x06, 0xD8, 0x0C, 0x4F, 0xFC,  // 董
    0x41, 0x05, 0xFC, 0x4D, 0x8E, 0xF8, 0xFF, 0xCD, 0xF8, 0x56, 0x85, 0xF8, 0x5F, 0x85, 0xF8, 0x42, 0x45, 0xFC,  // 懂
    0x03, 0x09, 0xB0, 0x03, 0x00, 0xFE, 0xFA, 0x42, 0x24, 0x72, 0x45, 0xA4, 0xFE, 0x4C, 0xC4, 0x09, 0xC3, 0x08,  // 动
    0x62, 0x06, 0x20, 0x7F, 0xEF, 0x40, 0x67, 0x07, 0xB4, 0xFF, 0xCE, 0x78, 0x6F, 0xC7, 0xB4, 0x77, 0x64, 0x20,  // 栋
    0x20, 0x07, 0xFC, 0x50, 0x45, 0xFC, 0xD0, 0x4D, 0x74, 0x55, 0x45, 0x54, 0x57, 0x45, 0x44, 0x51, 0xC5, 0x0C,  // 侗
    0x40, 0x05, 0xFC, 0x58, 0x4F, 0xFC, 0xF8, 0x4D, 0xF4, 0x5D, 0x45, 0xD4, 0x5F, 0x45, 0xC4, 0x59, 0xC5, 0x0C,  // 恫
    0x02, 0x0C, 0x64, 0x7F, 0xC6, 0xC0, 0x2B, 0x05, 0xA4, 0xDF, 0xCC, 0xF8, 0xDA, 0xCD, 0x24, 0xA6, 0x40, 0x60,  // 冻
    0x50, 0x45, 0xFC, 0x10, 0x4B, 0xFC, 0xF0, 0x45, 0x74, 0x55, 0x4D, 0x54, 0xD5, 0x4D, 0x04, 0xD1, 0xC1, 0x00,  // 洞
    0x04, 0x07, 0xCC, 0xDF, 0xCD, 0x6C, 0xDE, 0xCF, 0x2C, 0xDF, 0xC1, 0x60, 0x14, 0x03, 0x44, 0x66, 0xCC, 0x3C,  // 兜
    0x61, 0x06, 0x58, 0x77, 0x8F, 0xF8, 0x69, 0x87, 0x58, 0xE5, 0xCE, 0x1C, 0x7D, 0x86, 0x18, 0xE1, 0x84, 0x10,  // 抖
    0x02, 0x03, 0x20, 0x12, 0x01, 0x20, 0x62, 0x03, 0x20, 0x12, 0x60, 0xF8, 0xE2, 0x00, 0x20, 0x02, 0x00, 0x20,  // 斗
    0x02, 0x0F, 0x20, 0xBF, 0xCA, 0x20, 0xDF, 0xCA, 0x20, 0xAA, 0x0A, 0xBC, 0xEA, 0x09, 0xE0, 0xB7, 0xCC, 0x0C,  // 陡
    0x00, 0x0F, 0xFC, 0x00, 0x03, 0xF8, 0x21, 0x82, 0x18, 0x3F, 0x82, 0x10, 0x33, 0x01, 0x20, 0xFF, 0xE0, 0x00,  // 豆
    0x00, 0x45, 0xFC, 0x60, 0x80, 0xF8, 0x08, 0x8E, 0xF8, 0x49, 0x84, 0x50, 0x45, 0x47, 0xFC, 0xBF, 0xE0, 0xFC,  // 逗
    0x04, 0x00, 0x64, 0x7F, 0xCF, 0xFC, 0xF0, 0x87, 0xFC, 0xF8, 0x8F, 0xF8, 0x49, 0x84, 0xD0, 0x8D, 0x47, 0xFC,  // 痘
    0x20, 0x02, 0x7C, 0xFF, 0x42, 0xB8, 0xFF, 0x83, 0x38, 0x7F, 0x44, 0xB6, 0xFB, 0x64, 0xBC, 0x7B, 0x04, 0x30,  // 都
    0x20, 0x03, 0xFC, 0x2E, 0x87, 0x38, 0xFB, 0x8A, 0xEC, 0x3D, 0x82, 0x18, 0x3F, 0x83, 0xF8, 0x7F, 0x86, 0x10,  // 督
    0x0C, 0x0F, 0xFC, 0x0D, 0x87, 0xF0, 0xFF, 0xC2, 0x18, 0x2D, 0x86, 0x5E, 0x6D, 0x86, 0xDC, 0x67, 0x00, 0x30,  // 毒
    0x22, 0x0E, 0x2C, 0xEF, 0x8F, 0x24, 0xAF, 0xC3, 0x78, 0x69, 0x0E, 0x54, 0x3F, 0xC2, 0x30, 0x26, 0xC3, 0x84,  // 犊
    0x00, 0x0B, 0x30, 0x63, 0x46, 0xFC, 0xAB, 0x46, 0xB4, 0x6F, 0x4E, 0xFC, 0xA3, 0x02, 0x34, 0xFF, 0xE6, 0x86,  // 独
    0x02, 0x04, 0x68, 0x6F, 0x80, 0x64, 0xDF, 0xE4, 0x50, 0x4D, 0x04, 0xF4, 0x5F, 0xE7, 0x70, 0x6D, 0xC5, 0x84,  // 读
    0x42, 0x04, 0x64, 0x4F, 0xC7, 0x38, 0xFF, 0xE4, 0x20, 0x4F, 0xC7, 0xC8, 0xFF, 0x8A, 0xC8, 0x0F, 0x80, 0xC8,  // 堵
    0x02, 0x0F, 0x24, 0xBF, 0xCA, 0x38, 0xFF, 0xEA, 0x20, 0xEF, 0xCF, 0xC8, 0xBF, 0x8E, 0xC8, 0x8F, 0x80, 0xC8,  // 睹
    0x02, 0x0F, 0x24, 0x9F, 0xCF, 0x28, 0xFF, 0xEF, 0x30, 0xF7, 0xCD, 0xCC, 0xFF, 0xC5, 0x4C, 0xD7, 0xC8, 0x4C,  // 赌
    0x63, 0x06, 0x30, 0x73, 0x0F, 0xB0, 0x6F, 0xC7, 0x30, 0xFB, 0x0E, 0x30, 0x63, 0x06, 0x30, 0x7F, 0xE6, 0x00,  // 杜
    0x42, 0x0C, 0xFC, 0xFE, 0x88, 0xEC, 0xFF, 0xC4, 0xF8, 0xF8, 0x85, 0xFC, 0x5B, 0x87, 0x30, 0xF7, 0xE2, 0x84,  // 镀
    0x01, 0x0F, 0x30, 0x93, 0x09, 0x30, 0xFB, 0xC9, 0x30, 0xF3, 0x0F, 0x30, 0x93, 0x09, 0x30, 0xBF, 0xE2, 0x00,  // 肚
    0x04, 0x04, 0x6C, 0x5F, 0x04, 0x94, 0x7F, 0xC4, 0xF0, 0x49, 0x07, 0xF8, 0x4B, 0x0C, 0x60, 0x8F, 0xC7, 0x1C,  // 度
    0x02, 0x05, 0x34, 0x7F, 0x8B, 0x4C, 0xFF, 0xC7, 0x78, 0x54, 0x85, 0xF8, 0xD3, 0x8F, 0x30, 0xE7, 0xE5, 0x84,  // 渡
    0x61, 0x06, 0x18, 0x77, 0xEF, 0xC4, 0x54, 0x45, 0x44, 0xD7, 0xCF, 0x40, 0x34, 0x07, 0xC0, 0xD8, 0x01, 0x00,  // 妒
    0x03, 0x04, 0xF4, 0x5B, 0x4F, 0xFC, 0xB0, 0x6A, 0xB0, 0xEF, 0xCE, 0xF4, 0x7B, 0x4C, 0xB4, 0x0F, 0xC0, 0x8C,  // 端
    0x40, 0x04, 0xFC, 0x50, 0x0F, 0x7C, 0xA4, 0xC3, 0xCC, 0xFF, 0xC6, 0x48, 0x74, 0x85, 0xF8, 0x81, 0x40, 0xFC,  // 短
    0x46, 0x0F, 0xDC, 0xF9, 0x88, 0xFE, 0xFA, 0x64, 0xFC, 0xFF, 0xC4, 0x98, 0x7D, 0x87, 0x98, 0xCB, 0xE0, 0xC4,  // 锻
    0x18, 0x07, 0xF8, 0x44, 0x87, 0xCE, 0x44, 0xC5, 0xC8, 0x74, 0x84, 0x38, 0xF3, 0x0C, 0x38, 0x4C, 0xE7, 0x00,  // 段
    0x10, 0xCD, 0x38, 0xFE, 0x0B, 0xA0, 0xFF, 0xEB, 0x28, 0xBA, 0x8D, 0x68, 0xD2, 0x89, 0xE8, 0xFC, 0x80, 0x88,  // 断
    0x04, 0x07, 0xFC, 0x5B, 0x8B, 0xE8, 0xFA, 0xE5, 0xC0, 0x5F, 0xCF, 0x98, 0x1D, 0x8F, 0x98, 0x9B, 0xE1, 0xC4,  // 缎
    0x45, 0x04, 0xD0, 0x4D, 0x6F, 0xB0, 0x59, 0x45, 0xFC, 0x69, 0x07, 0xFC, 0xC9, 0x08, 0x94, 0x0F, 0xE0, 0x80,  // 堆
    0x23, 0x01, 0x30, 0x17, 0x07, 0xF8, 0x61, 0x86, 0x18, 0x7F, 0x85, 0x60, 0x16, 0x03, 0x64, 0x67, 0xE8, 0x00,  // 兑
    0x02, 0x0F, 0x60, 0xA6, 0x0A, 0x60, 0xE6, 0x0A, 0x70, 0x95, 0x0F, 0x50, 0xAD, 0x88, 0x8C, 0xB0, 0xE8, 0x00,  // 队
    0x00, 0x80, 0x08, 0xF8, 0x89, 0xFE, 0x50, 0x83, 0x48, 0x36, 0x83, 0x68, 0x58, 0x89, 0x88, 0x03, 0x80, 0x10,  // 对
    0x48, 0x84, 0xB8, 0x5F, 0x05, 0xFE, 0xF7, 0xC5, 0xFC, 0x5F, 0x84, 0xD8, 0xFC, 0x8B, 0x98, 0x1A, 0x60, 0xC4,  // 墩
    0x02, 0x00, 0x20, 0xFF, 0xEA, 0x20, 0xAA, 0xCA, 0xAC, 0xAA, 0xCA, 0xFC, 0xEA, 0x8A, 0x22, 0x02, 0x60, 0x3E,  // 吨
    0x04, 0x8F, 0x7C, 0xBF, 0xCA, 0xFC, 0xED, 0xCC, 0xDC, 0xF8, 0xCE, 0xFC, 0xDF, 0xEF, 0x48, 0xC6, 0x80, 0x18,  // 蹲
    0x23, 0x02, 0xE0, 0xDA, 0x4F, 0xBC, 0xFE, 0x8D, 0xE8, 0xFB, 0x83, 0x30, 0xF1, 0x02, 0x38, 0x64, 0xE3, 0x80,  // 敦
    0x20, 0x06, 0xFE, 0xF9, 0x46, 0x7C, 0xFD, 0x4F, 0xD4, 0xFD, 0x4F, 0x74, 0x67, 0x47, 0xB8, 0x76, 0x40, 0x84,  // 顿
    0x00, 0x4C, 0xCC, 0xC9, 0xCF, 0xFC, 0xEB, 0xCE, 0xBC, 0xFF, 0xCC, 0x9C, 0xCF, 0xCC, 0x7C, 0xFF, 0xC8, 0x04,  // 囤
    0x61, 0x06, 0x30, 0x7F, 0xEC, 0x30, 0xFF, 0x44, 0xF4, 0x7F, 0x46, 0xFC, 0x43, 0x07, 0x32, 0x63, 0x64, 0x1C,  // 钝
    0x01, 0x87, 0xF0, 0x46, 0x47, 0xFE, 0x46, 0x05, 0xF8, 0x50, 0x85, 0xF8, 0x5F, 0x85, 0x08, 0x9F, 0x81, 0x08,  // 盾
    0x00, 0x85, 0xF8, 0x53, 0x41, 0xFC, 0x17, 0x8D, 0x48, 0x57, 0x85, 0x78, 0x54, 0x86, 0x78, 0xF5, 0xC1, 0xFC,  // 遁
    0x40, 0x05, 0xFC, 0x4D, 0x8F, 0xD8, 0x4D, 0xC7, 0x64, 0xDF, 0xCD, 0xD8, 0x4D, 0x85, 0xD8, 0xF7, 0xE4, 0x44,  // 掇
    0x02, 0x0A, 0x64, 0xFC, 0xCB, 0xF8, 0xB3, 0x0A, 0x70, 0xBB, 0x4E, 0x7C, 0xAC, 0xC9, 0x78, 0x07, 0x03, 0xC0,  // 哆
    0x08, 0x01, 0x88, 0x31, 0x87, 0xB0, 0x8E, 0x01, 0xC0, 0xEF, 0xC1, 0x8C, 0x39, 0x80, 0xF0, 0x1C, 0x0F, 0x00,  // 多
    0x08, 0x00, 0x8C, 0xFF, 0xC1, 0x20, 0x33, 0xC6, 0x3E, 0x82, 0x4B, 0x30, 0x32, 0x01, 0x20, 0x0E, 0x00, 0x60,  // 夺
    0x41, 0x04, 0x58, 0x45, 0x07, 0xD0, 0xF9, 0xC5, 0x20, 0x5F, 0xC7, 0x70, 0xCB, 0x89, 0xAC, 0x22, 0x60, 0x20,  // 垛
    0x20, 0x0F, 0x78, 0xD6, 0x8F, 0x48, 0xD4, 0xCF, 0xB4, 0xDF, 0xEF, 0x30, 0x77, 0x8D, 0x7C, 0xBB, 0x63, 0x30,  // 躲
    0x16, 0x01, 0x20, 0x12, 0x03, 0x34, 0x23, 0xCC, 0xC0, 0xFF, 0xC1, 0xE0, 0x3F, 0x06, 0xDC, 0xCC, 0xC0, 0x80,  // 朵
    0x00, 0x8F, 0x78, 0xD4, 0x8D, 0x48, 0xFC, 0xEF, 0xB0, 0xFF, 0xEE, 0x70, 0xE7, 0x8F, 0xAE, 0xD3, 0x60, 0x20,  // 跺
    0x23, 0x07, 0x14, 0x7F, 0xE7, 0xC4, 0x7E, 0x0F, 0x2C, 0xF3, 0x8F, 0x30, 0xF2, 0x09, 0x20, 0xB3, 0xE1, 0x3C,  // 舵
    0x00, 0x47, 0x84, 0x69, 0x46, 0xD4, 0x5F, 0x49, 0x54, 0xFD, 0x43, 0x14, 0x7D, 0x4D, 0x44, 0x91, 0xC1, 0x0C,  // 剁
    0x46, 0x04, 0x6C, 0x4C, 0x86, 0xF8, 0xDF, 0xCD, 0x88, 0x4F, 0xC4, 0xFC, 0x48, 0xC4, 0xFC, 0x49, 0xC4, 0x88,  // 惰
    0x02, 0x0F, 0xFC, 0xE4, 0x8E, 0xFC, 0xFF, 0x8D, 0x48, 0xF7, 0x8C, 0x58, 0x8C, 0x87, 0xF8, 0x0C, 0x4F, 0xFE,  // 堕
    0x41, 0x04, 0x7C, 0xFD, 0x4F, 0x54, 0xFF, 0xCF, 0x54, 0xF7, 0xCF, 0xD8, 0x55, 0x8F, 0x6A, 0x9C, 0xE0, 0x82,  // 蛾
    0x41, 0x04, 0x78, 0x4D, 0x4F, 0x54, 0xFF, 0xEF, 0x54, 0xF7, 0xCF, 0xD8, 0xFD, 0x8D, 0x7A, 0x0C, 0xE0, 0xC6,  // 峨
    0x11, 0x07, 0xBC, 0xDA, 0xC5, 0xFC, 0xFF, 0xC7, 0xF8, 0xDE, 0xCD, 0x3E, 0x77, 0xC5, 0xC4, 0xCD, 0xC0, 0x48,  // 鹅
    0x23, 0x06, 0xF8, 0x7B, 0xC4, 0xB4, 0xFF, 0xCC, 0xBC, 0x4F, 0x87, 0x98, 0x49, 0x04, 0xFA, 0x5C, 0xC4, 0x86,  // 俄
    0x20, 0x4F, 0xFC, 0xED, 0x07, 0x7C, 0xD5, 0x4F, 0x5C, 0x7D, 0x4F, 0xF4, 0xD7, 0x45, 0x38, 0x76, 0xC5, 0xC4,  // 额
    0x05, 0x04, 0xD0, 0x69, 0x40, 0x9C, 0xF9, 0x85, 0x90, 0x6B, 0x04, 0xD0, 0x59, 0x06, 0x94, 0x69, 0xE4, 0x88,  // 讹
    0x41, 0x04, 0xF8, 0x45, 0x4F, 0x54, 0x7F, 0xEE, 0x54, 0xE7, 0xCB, 0xD8, 0xE5, 0x87, 0x6A, 0xD4, 0xC0, 0xC6,  // 娥
    0x00, 0x07, 0xFC, 0x5E, 0x87, 0xF8, 0x3F, 0x01, 0xE4, 0xFF, 0xC2, 0xC8, 0xB4, 0xCB, 0x54, 0xBF, 0x00, 0xE0,  // 恶
    0x00, 0x07, 0xFC, 0x40, 0x05, 0xF8, 0x59, 0x85, 0x90, 0x59, 0x05, 0xF0, 0x5A, 0x4D, 0x84, 0x9F, 0xC0, 0x78,  // 厄
    0x60, 0x04, 0xFE, 0x78, 0x0E, 0xFC, 0x4E, 0xC7, 0xA8, 0xEA, 0x8C, 0xB8, 0x4A, 0x85, 0x20, 0xF3, 0xE6, 0x3C,  // 扼
    0x00, 0x8D, 0xF8, 0x5F, 0x81, 0x88, 0x1C, 0x8E, 0xFC, 0x7E, 0x45, 0xDC, 0x59, 0xC5, 0xFC, 0xF0, 0xE9, 0xFC,  // 遏
    0x00, 0x0F, 0xFE, 0xB5, 0x4F, 0xD8, 0x91, 0x8F, 0xD8, 0xFF, 0x46, 0x16, 0x7D, 0x60, 0x9C, 0x3B, 0x03, 0x30,  // 鄂
    0x41, 0x0C, 0xF8, 0xFD, 0xCB, 0xD4, 0xBF, 0xE4, 0xD4, 0x4F, 0xC7, 0xD8, 0x5D, 0x86, 0xEA, 0xDC, 0xE0, 0x86,  // 饿
    0x00, 0x07, 0xF8, 0x4D, 0x87, 0xF8, 0x4E, 0x85, 0x38, 0x7F, 0x84, 0x88, 0x34, 0x8A, 0x54, 0xB3, 0x41, 0xF0,  // 恩
    0x00, 0x4F, 0xFE, 0x08, 0x07, 0xF8, 0x5E, 0xC5, 0x68, 0x56, 0x85, 0x68, 0x56, 0x85, 0x68, 0x51, 0x80, 0x00,  // 而
    0x00, 0x03, 0x60, 0x32, 0x03, 0x20, 0x32, 0x03, 0x20, 0x32, 0x03, 0x20, 0x22, 0x46, 0x24, 0xC3, 0xC0, 0x00,  // 儿
    0x00, 0x4F, 0xFC, 0x23, 0x03, 0xF0, 0x23, 0x03, 0x30, 0x33, 0x02, 0x34, 0xFF, 0xC0, 0x30, 0x03, 0x00, 0x00,  // 耳
    0x10, 0x03, 0x00, 0x3F, 0xC6, 0x4C, 0x44, 0x09, 0x40, 0x35, 0x02, 0x58, 0x64, 0xCC, 0x44, 0x9C, 0x00, 0x80,  // 尔
    0x40, 0x05, 0xFC, 0xFC, 0x8A, 0xC8, 0xCF, 0x84, 0xC8, 0x4F, 0x85, 0xC8, 0x6D, 0xE7, 0xC8, 0xC0, 0x84, 0x08,  // 饵
    0x40, 0x47, 0xFC, 0x29, 0x8A, 0xF8, 0xE9, 0x84, 0xF8, 0x49, 0x8C, 0x9E, 0xFF, 0xCC, 0x18, 0xC1, 0x80, 0x18,  // 洱
    0x00, 0x00, 0x00, 0x01, 0x80, 0x00, 0x00, 0x00, 0x00, 0x00, 0x00, 0x00, 0x00, 0x0F, 0xFC, 0x00, 0x00, 0x00,  // 二
    0x03, 0x80, 0x2C, 0xFF, 0xC7, 0xA0, 0x8E, 0x0C, 0xA0, 0x7E, 0x07, 0xB0, 0x69, 0x0E, 0x94, 0x68, 0xC8, 0x44,  // 贰
    0x0C, 0x06, 0xD8, 0x48, 0x8D, 0x8C, 0x7F, 0xC1, 0x10, 0x3F, 0x82, 0xB0, 0x66, 0x0C, 0x60, 0x99, 0xC6, 0x04,  // 发
    0x40, 0xC5, 0xEC, 0x5A, 0xC7, 0xFC, 0x60, 0x82, 0x4C, 0x24, 0xCE, 0x4C, 0x64, 0xC7, 0x4C, 0x61, 0x82, 0x18,  // 罚
    0x22, 0x06, 0xE4, 0x77, 0x89, 0x98, 0x37, 0x02, 0x54, 0x67, 0xCF, 0xD8, 0xE7, 0x06, 0x32, 0x6F, 0xC7, 0x8E,  // 筏
    0x24, 0x02, 0x58, 0x64, 0x84, 0x44, 0xFF, 0x8C, 0x4C, 0x46, 0x84, 0x30, 0x43, 0x04, 0x74, 0x58, 0xC4, 0x04,  // 伐
    0x00, 0x01, 0xF8, 0xF8, 0x00, 0x80, 0x09, 0x07, 0xF8, 0x06, 0x00, 0xC0, 0x30, 0x0E, 0x00, 0x9F, 0xC0, 0x78,  // 乏
    0x60, 0x42, 0xFC, 0xDE, 0x4D, 0xF4, 0xB5, 0xCF, 0xE4, 0xF7, 0x4F, 0x6C, 0xB6, 0xCF, 0x9C, 0xC0, 0xC8, 0x0C,  // 阀
    0x02, 0x04, 0x60, 0x56, 0x83, 0xFC, 0xA6, 0x0E, 0x64, 0x7F, 0xE4, 0x60, 0xCD, 0x0C, 0x88, 0xDF, 0xC4, 0x04,  // 法
    0x02, 0x0F, 0x20, 0x62, 0xC4, 0x20, 0x42, 0x0F, 0x24, 0x5F, 0xE4, 0x60, 0x54, 0x0E, 0xC8, 0x9F, 0xC0, 0x84,  // 珐
    0x12, 0x0F, 0xFC, 0x53, 0x87, 0xF8, 0x2B, 0x8F, 0xFC, 0x4F, 0x85, 0xEE, 0xDE, 0x8D, 0xF8, 0xDE, 0x8D, 0x88,  // 藩
    0x40, 0x04, 0x78, 0xF4, 0x8D, 0x48, 0xD4, 0x8D, 0x78, 0xD7, 0x8F, 0x48, 0xF4, 0xA4, 0x8A, 0x58, 0xE6, 0x00,  // 帆
    0x03, 0x0F, 0xF0, 0x2F, 0x0F, 0xFC, 0x1E, 0x02, 0xDC, 0xED, 0xC2, 0xD8, 0x3F, 0x02, 0xD0, 0x3F, 0x02, 0x10,  // 番
    0x18, 0x0F, 0xFC, 0x79, 0x47, 0xD4, 0x77, 0xC7, 0xFC, 0xAB, 0xCE, 0xFC, 0xFD, 0x4E, 0x94, 0xFF, 0xC8, 0x24,  // 翻
    0x40, 0x85, 0xC8, 0xFF, 0xC7, 0x78, 0x7F, 0xCF, 0xFC, 0x7D, 0x84, 0xDC, 0xFF, 0xC1, 0x20, 0x31, 0xCC, 0x0C,  // 樊
    0x00, 0x0F, 0xF8, 0x45, 0x84, 0x58, 0xF5, 0x8F, 0x78, 0xF5, 0x87, 0xD8, 0x79, 0xA7, 0x9A, 0x50, 0xE2, 0x00,  // 矾
    0x40, 0x05, 0xF8, 0xF5, 0x88, 0x58, 0xF5, 0x84, 0x78, 0xFF, 0x84, 0x58, 0x59, 0x87, 0x9C, 0x78, 0xE6, 0x00,  // 钒
    0x41, 0x07, 0xF4, 0xFB, 0xC7, 0xF8, 0xFD, 0x8F, 0xEE, 0x1E, 0x03, 0xF0, 0x3F, 0x82, 0xE0, 0x7D, 0x88, 0x88,  // 繁
    0x00, 0x03, 0xF0, 0x22, 0x02, 0x20, 0x32, 0x02, 0xA0, 0x2E, 0x02, 0x20, 0x62, 0x44, 0x24, 0xC3, 0xC0, 0x00,  // 凡
    0x60, 0x47, 0xFE, 0x72, 0x0F, 0xFC, 0xEC, 0xCE, 0xFC, 0xEF, 0xC4, 0xEC, 0x7E, 0xC5, 0x78, 0x8C, 0xC1, 0x04,  // 烦
    0x01, 0x87, 0xF8, 0x60, 0x06, 0x00, 0x7F, 0x84, 0x90, 0x4B, 0x04, 0xF0, 0x46, 0x0C, 0xF0, 0x99, 0xE4, 0x00,  // 反
    0x00, 0x04, 0xFC, 0x68, 0x00, 0x88, 0x0F, 0x8E, 0x98, 0x4F, 0x05, 0xB8, 0x56, 0xC6, 0x84, 0xFF, 0xE8, 0xFC,  // 返
    0x12, 0x01, 0x34, 0x93, 0x05, 0x20, 0x7F, 0x89, 0x88, 0xE8, 0x86, 0x88, 0x4B, 0x8C, 0x84, 0x4C, 0xE4, 0x7C,  // 范
    0x00, 0xCF, 0x78, 0x94, 0x0F, 0x44, 0xF7, 0xCF, 0x68, 0xF5, 0x8F, 0x58, 0xE5, 0x85, 0xBC, 0x9E, 0x60, 0x00,  // 贩
    0x10, 0x0D, 0x7C, 0x64, 0xC6, 0x4C, 0xB4, 0xC3, 0x4C, 0x75, 0x87, 0x48, 0xB4, 0x23, 0x46, 0x67, 0xE2, 0x08,  // 犯
    0x40, 0x0C, 0xFC, 0xF8, 0x0B, 0x80, 0x4F, 0xC4, 0xE8, 0x4A, 0x84, 0xB8, 0x5B, 0x07, 0xB8, 0xF4, 0xE2, 0x80,  // 饭
    0x00, 0x06, 0xFC, 0x26, 0x08, 0x20, 0xFF, 0xC6, 0x18, 0x43, 0x04, 0x20, 0xC4, 0x05, 0x80, 0x67, 0xE4, 0x08,  // 泛
    0x46, 0x04, 0x20, 0x4F, 0xC7, 0x60, 0x64, 0x04, 0x7C, 0x44, 0x85, 0xC8, 0xEC, 0x88, 0x88, 0x33, 0x84, 0x10,  // 坊
    0x12, 0x0F, 0xFC, 0x33, 0x01, 0xE0, 0x0C, 0x4F, 0xFC, 0x18, 0x01, 0xF8, 0x11, 0x02, 0x10, 0x67, 0x08, 0x20,  // 芳
    0x08, 0x00, 0xC0, 0xFF, 0xC1, 0x80, 0x18, 0x01, 0xF8, 0x11, 0x01, 0x10, 0x31, 0x02, 0x10, 0x47, 0x00, 0x20,  // 方
    0x02, 0x0F, 0x30, 0x9F, 0xEF, 0x60, 0xF6, 0x09, 0x7C, 0xF4, 0xC9, 0x4C, 0x94, 0x89, 0xC8, 0x7B, 0x83, 0x10,  // 肪
    0x0C, 0x04, 0xC8, 0x60, 0x84, 0x08, 0x7F, 0x84, 0x64, 0x7F, 0xC4, 0xC8, 0x4C, 0x8C, 0x88, 0x93, 0x86, 0x30,  // 房
    0x04, 0x0F, 0x60, 0xBF, 0xCC, 0x40, 0xC4, 0x0A, 0x78, 0xA4, 0x8B, 0xC8, 0xE8, 0x89, 0x98, 0x93, 0x8E, 0x30,  // 防
    0x22, 0x06, 0x10, 0x41, 0x4F, 0xFC, 0x52, 0x05, 0x3C, 0xD2, 0xCF, 0x6C, 0x64, 0xC7, 0x48, 0xDB, 0x81, 0x18,  // 妨
    0x24, 0x02, 0x60, 0x66, 0xC4, 0x40, 0xC4, 0x0C, 0x7C, 0x44, 0x84, 0xC8, 0x48, 0x84, 0x88, 0x53, 0x86, 0x10,  // 仿
    0x46, 0x06, 0x20, 0x5F, 0xC0, 0x40, 0xC4, 0x04, 0x7C, 0x44, 0x84, 0xC8, 0x58, 0x87, 0x88, 0x73, 0x86, 0x10,  // 访
    0x22, 0x06, 0x30, 0x59, 0x49, 0xE0, 0xE2, 0x06, 0x7C, 0xC6, 0xCF, 0x48, 0x1C, 0x8E, 0x88, 0x13, 0x82, 0x10,  // 纺
    0x62, 0x02, 0x20, 0x2E, 0x6E, 0x68, 0x44, 0x87, 0xE8, 0x5B, 0x85, 0x30, 0x53, 0x0F, 0x38, 0xBC, 0xE1, 0x04,  // 放
    0x12, 0x0B, 0x3C, 0x13, 0x01, 0x20, 0x12, 0xC9, 0x20, 0x12, 0x81, 0x20, 0x12, 0x4F, 0x3C, 0x12, 0x01, 0x20,  // 菲
    0x12, 0x01, 0x60, 0x16, 0xCF, 0x7C, 0x16, 0x0F, 0x7C, 0x16, 0x01, 0x60, 0xF7, 0xE1, 0x60, 0x16, 0x01, 0x60,  // 非
    0x05, 0x0A, 0x50, 0xFD, 0xEA, 0x50, 0xA5, 0x0B, 0xDC, 0xA5, 0x0E, 0x54, 0xBD, 0xE8, 0x50, 0x05, 0x00, 0x50,  // 啡
    0x00, 0x0F, 0xE8, 0x04, 0xC0, 0x58, 0x07, 0x00, 0x70, 0x05, 0x80, 0x48, 0x04, 0x00, 0x64, 0x03, 0xC0, 0x0C,  // 飞
    0x00, 0x0F, 0xFC, 0xDD, 0x4F, 0xD4, 0xFD, 0x4D, 0xFC, 0xFC, 0x09, 0xC0, 0x9C, 0x49, 0xC4, 0x37, 0xE2, 0x00,  // 肥
    0x00, 0x0F, 0xFC, 0xCA, 0x0C, 0xA8, 0xFB, 0x8F, 0xB8, 0xCA, 0x0F, 0xBC, 0xCA, 0x0C, 0xA0, 0xFF, 0xC8, 0x00,  // 匪
    0x85, 0x06, 0x50, 0x7D, 0xC0, 0x50, 0xC5, 0x05, 0xDC, 0x45, 0x06, 0x54, 0x7D, 0xC4, 0x50, 0xC5, 0x00, 0x50,  // 诽
    0x06, 0x08, 0x78, 0xF6, 0x8B, 0x64, 0xBF, 0xCB, 0x60, 0xB5, 0x0F, 0x50, 0xAD, 0x80, 0x88, 0x10, 0xE2, 0x04,  // 吠
    0x03, 0x0F, 0x30, 0xFF, 0xEF, 0x30, 0xFF, 0xCF, 0xB4, 0xFB, 0x4F, 0xB4, 0xBB, 0xCB, 0xBC, 0xE3, 0x02, 0x20,  // 肺
    0x04, 0x04, 0x6C, 0x57, 0x05, 0x58, 0x74, 0x47, 0xFC, 0x4F, 0x84, 0xD8, 0xD7, 0x0B, 0x30, 0xCF, 0xE3, 0x0C,  // 废
    0x0F, 0x04, 0xF0, 0x7F, 0xCA, 0xFC, 0xFF, 0xC7, 0xF0, 0x7F, 0x4F, 0xF4, 0xCB, 0x4C, 0xBC, 0xD3, 0x02, 0x30,  // 沸
    0x1A, 0x07, 0xF8, 0x5A, 0x85, 0xE8, 0x7F, 0xE3, 0x2C, 0x7F, 0xC2, 0xD0, 0x2D, 0x02, 0xD0, 0x33, 0x8E, 0x08,  // 费
    0x12, 0x0F, 0xFC, 0x12, 0x01, 0x20, 0x32, 0x02, 0x30, 0x41, 0xEB, 0xF4, 0x13, 0x03, 0x30, 0x6E, 0x08, 0x40,  // 芬
    0x09, 0x0F, 0xB0, 0xF6, 0x8F, 0xC8, 0xFC, 0xEF, 0xCC, 0xBA, 0x89, 0xA8, 0xFA, 0x89, 0xC8, 0xFD, 0x81, 0x10,  // 酚
    0x01, 0x0A, 0x70, 0xAD, 0x0A, 0x98, 0xA8, 0xCB, 0xFE, 0xB5, 0x8E, 0x58, 0xAD, 0x88, 0x98, 0x33, 0x04, 0x30,  // 吩
    0x20, 0x07, 0xFC, 0x61, 0x88, 0x18, 0xFF, 0x82, 0x98, 0x65, 0x87, 0xF8, 0xB5, 0x82, 0x4A, 0x7C, 0xC8, 0x86,  // 氛
    0x02, 0x01, 0x20, 0x32, 0x02, 0x10, 0x41, 0xCF, 0xFE, 0x19, 0x01, 0x10, 0x13, 0x02, 0x30, 0x6F, 0x08, 0x60,  // 分
    0x01, 0x06, 0x70, 0x55, 0x0B, 0xC8, 0xE8, 0xCF, 0x8E, 0x56, 0x8F, 0x48, 0x84, 0x8F, 0xC8, 0x9B, 0x82, 0x10,  // 纷
    0x42, 0x06, 0x20, 0x42, 0x45, 0xFC, 0xF5, 0x84, 0x50, 0x45, 0x04, 0x70, 0x76, 0x0C, 0x78, 0x19, 0xC6, 0x04,  // 坟
    0x20, 0x03, 0x34, 0xFF, 0xC7, 0x78, 0x7F, 0xCB, 0xB4, 0x2C, 0x02, 0xD8, 0x6F, 0x05, 0xB0, 0x31, 0xCE, 0x0C,  // 焚
    0x02, 0x04, 0xF0, 0x49, 0x02, 0x98, 0xB0, 0xCF, 0x1E, 0x65, 0x84, 0x58, 0xCD, 0x8C, 0x98, 0xDB, 0x06, 0x10,  // 汾
    0x61, 0x07, 0x70, 0xF5, 0x8F, 0x48, 0xF8, 0xC6, 0x8C, 0x76, 0xCF, 0x68, 0xE4, 0x86, 0x48, 0x6B, 0x87, 0x10,  // 粉
    0x08, 0x00, 0x84, 0xFF, 0xC1, 0x20, 0x21, 0x86, 0x1E, 0xFF, 0x84, 0xD8, 0x7F, 0x84, 0xD8, 0x7F, 0x84, 0x08,  // 奋
    0x21, 0x02, 0x50, 0x6D, 0x04, 0x98, 0xD8, 0xCD, 0x0E, 0x6D, 0x84, 0x58, 0x4D, 0x84, 0x98, 0x5B, 0x06, 0x30,  // 份
    0x00, 0x03, 0x20, 0x23, 0x06, 0x3E, 0x9B, 0x41, 0x30, 0x3E, 0x04, 0x60, 0x28, 0x8A, 0x5C, 0xB1, 0x43, 0xF0,  // 忿
    0x42, 0x04, 0xFC, 0x4F, 0x8E, 0xEE, 0xFF, 0xEC, 0x88, 0x4F, 0xC4, 0xA8, 0x4A, 0x84, 0x78, 0x4C, 0xC7, 0x04,  // 愤
    0x0D, 0x02, 0xD0, 0xFF, 0xC1, 0xF0, 0x2D, 0xCD, 0xAC, 0x12, 0x81, 0x20, 0xFF, 0xC1, 0xB0, 0x71, 0x88, 0x0C,  // 粪
    0x0C, 0x00, 0xC8, 0x7F, 0xC0, 0xC0, 0x0C, 0x07, 0xF8, 0x0C, 0x00, 0xC4, 0xFF, 0xC0, 0xC0, 0x0C, 0x00, 0xC0,  // 丰
    0x20, 0x82, 0x08, 0x78, 0x82, 0x7C, 0x24, 0x8F, 0xE8, 0x22, 0x8F, 0xA8, 0x20, 0x83, 0x88, 0xE3, 0x80, 0x18,  // 封
    0x40, 0x04, 0xFC, 0x78, 0x8F, 0x98, 0x4F, 0x8F, 0xA8, 0xDA, 0x8C, 0xF8, 0x4D, 0x85, 0x8E, 0x70, 0x66, 0x02,  // 枫
    0x46, 0x04, 0x78, 0xFD, 0x8F, 0xB0, 0xD7, 0xCD, 0xBC, 0xFF, 0xCC, 0x78, 0x73, 0x4F, 0xFC, 0x13, 0x00, 0x20,  // 蜂
    0x44, 0x04, 0x78, 0x4D, 0x8F, 0xB0, 0xF7, 0xCF, 0xEC, 0xFF, 0xCF, 0x28, 0xFF, 0x80, 0xBC, 0x03, 0x00, 0x20,  // 峰
    0x46, 0x04, 0x78, 0x7D, 0x88, 0xB0, 0xF7, 0xC4, 0xBC, 0xFF, 0xC4, 0x20, 0x4F, 0xC7, 0xFC, 0x63, 0x04, 0x20,  // 锋
    0x40, 0x86, 0x18, 0x43, 0x87, 0x78, 0x5D, 0x84, 0xD8, 0x4D, 0x85, 0x78, 0x72, 0xAC, 0x0C, 0x80, 0xC0, 0x00,  // 风
    0x04, 0x07, 0xFC, 0x60, 0x0F, 0xF8, 0xF0, 0x87, 0xB8, 0xFE, 0x8D, 0x68, 0x56, 0x85, 0xBE, 0xB0, 0x64, 0x06,  // 疯
    0x46, 0x06, 0x7C, 0x7D, 0x87, 0xB0, 0xE7, 0xCF, 0xFC, 0x4F, 0xC6, 0x38, 0x7F, 0xC5, 0xFC, 0x83, 0x00, 0x30,  // 烽
    0x04, 0x0C, 0xF8, 0x7F, 0x01, 0x70, 0x0F, 0xEF, 0xEC, 0x46, 0x84, 0xF8, 0x5F, 0xC4, 0x60, 0xFF, 0xE8, 0xFC,  // 逢
    0x00, 0x8D, 0x98, 0x6D, 0x86, 0x98, 0x29, 0x04, 0x94, 0x4F, 0xCC, 0x04, 0xFF, 0xCC, 0x04, 0xC3, 0xC0, 0x18,  // 冯
    0x42, 0x05, 0x38, 0xDF, 0x8B, 0xB8, 0xE7, 0xE7, 0xFC, 0xD7, 0x8F, 0x78, 0x9F, 0xCF, 0x10, 0xBF, 0x02, 0x7C,  // 缝
    0x00, 0x05, 0xFC, 0x49, 0x80, 0x98, 0xCF, 0x84, 0xA8, 0x5A, 0x85, 0xF8, 0x7D, 0xA7, 0x8E, 0x70, 0x66, 0x02,  // 讽
    0x0C, 0x0F, 0xFC, 0x09, 0x07, 0xF8, 0x18, 0x43, 0xB0, 0x2D, 0x07, 0xFE, 0xCC, 0xC7, 0xF8, 0x0C, 0x00, 0xC0,  // 奉
    0x00, 0x07, 0xF8, 0x41, 0x87, 0xF8, 0x47, 0x85, 0xD8, 0x4D, 0x84, 0xC8, 0x52, 0xAE, 0x2C, 0x80, 0xC0, 0x06,  // 凤
    0x25, 0x02, 0x50, 0x7F, 0xC4, 0x54, 0xDF, 0xCD, 0x50, 0x55, 0x45, 0xFE, 0x4D, 0x44, 0x9C, 0x59, 0x46, 0x10,  // 佛
    0x00, 0x4F, 0xFC, 0x0C, 0x01, 0xF0, 0x34, 0xC4, 0x46, 0xAD, 0x82, 0x18, 0x21, 0x82, 0x18, 0x3F, 0x82, 0x00,  // 否
    0x0C, 0x00, 0xC0, 0x0C, 0x87, 0xF8, 0x0C, 0x00, 0xCC, 0x0E, 0x00, 0xA0, 0x1B, 0x03, 0x18, 0x60, 0xE8, 0x04,  // 夫
    0x39, 0x0F, 0xF0, 0xBB, 0x4F, 0xFC, 0xFE, 0x8F, 0xE8, 0xBE, 0x8F, 0xD8, 0x79, 0x04, 0xB8, 0xFA, 0xC9, 0x84,  // 敷
    0x02, 0x0F, 0x30, 0xD3, 0xCD, 0x30, 0xF2, 0x0D, 0x36, 0xFB, 0x0F, 0x30, 0x97, 0x09, 0x48, 0xF8, 0xE3, 0x04,  // 肤
    0x20, 0xCD, 0xF4, 0xBF, 0x4F, 0xFC, 0xFE, 0xCF, 0xEC, 0xF5, 0x8F, 0xFE, 0x59, 0x85, 0x18, 0x93, 0x81, 0x10,  // 孵
    0x22, 0x06, 0x20, 0x72, 0xCF, 0xFC, 0x62, 0x07, 0x24, 0xEF, 0xCE, 0x70, 0x65, 0x06, 0xC8, 0xE8, 0xE7, 0x04,  // 扶
    0x45, 0x04, 0x50, 0x7F, 0xCF, 0x5C, 0x5F, 0xC7, 0x50, 0xDF, 0xE5, 0x54, 0x45, 0x44, 0x9C, 0xD9, 0x06, 0x10,  // 拂
    0x60, 0x05, 0xFC, 0xF7, 0x8E, 0x4C, 0xE7, 0x8F, 0xC8, 0xAF, 0xC3, 0xB4, 0xEF, 0xC2, 0xB4, 0x2F, 0xC2, 0x84,  // 辐
    0x40, 0x04, 0xFE, 0xF4, 0x8F, 0x48, 0xF4, 0x8F, 0x48, 0xFF, 0xCF, 0x94, 0xFF, 0xCE, 0x94, 0x4F, 0xC4, 0x84,  // 幅
    0x20, 0x07, 0xFC, 0xFF, 0x0F, 0xF8, 0x39, 0x8F, 0xF0, 0x2B, 0x8F, 0xF8, 0xFF, 0x82, 0xA8, 0x4E, 0xC8, 0x86,  // 氟
    0x62, 0x06, 0xEC, 0xFF, 0xC9, 0x90, 0x31, 0x06, 0x14, 0xFF, 0xCE, 0x90, 0x6D, 0x06, 0x10, 0x67, 0x04, 0x30,  // 符
    0x26, 0x02, 0x78, 0x66, 0x84, 0x6C, 0x7F, 0xEC, 0x70, 0x45, 0x04, 0x50, 0x4D, 0x84, 0x88, 0x58, 0xE6, 0x04,  // 伏
    0x20, 0x87, 0xF8, 0x54, 0xC4, 0xA8, 0xCB, 0x8D, 0xFC, 0x43, 0x07, 0xFE, 0x42, 0x04, 0x20, 0x42, 0x04, 0x60,  // 俘
    0x10, 0x0D, 0x4C, 0xD4, 0x8F, 0x58, 0xD4, 0x0D, 0x7C, 0xF6, 0x89, 0x78, 0x95, 0x09, 0x78, 0xF4, 0xE2, 0x40,  // 服
    0x81, 0xC5, 0xF8, 0x5A, 0xCA, 0xB8, 0xEB, 0x84, 0x18, 0x43, 0x0F, 0xFE, 0xC2, 0x0C, 0x20, 0xCE, 0x00, 0x40,  // 浮
    0x06, 0x06, 0x24, 0x1F, 0xCA, 0xD8, 0xE5, 0x07, 0xFE, 0x40, 0x84, 0xF8, 0xC8, 0x84, 0x88, 0xCF, 0x84, 0x88,  // 涪
    0x40, 0x06, 0xFE, 0xF7, 0x83, 0x4C, 0x67, 0x86, 0x48, 0xFF, 0xCE, 0xB4, 0x6F, 0xC6, 0xB4, 0x6F, 0xC6, 0x84,  // 福
    0x45, 0x04, 0xDC, 0x69, 0x46, 0x94, 0x7F, 0xE7, 0x98, 0xEB, 0x8F, 0xB8, 0x4A, 0x84, 0xAC, 0x4C, 0x64, 0xC0,  // 袱
    0x12, 0x01, 0x28, 0xFF, 0x81, 0x28, 0x7F, 0x85, 0x20, 0x5E, 0x4D, 0x64, 0x32, 0x42, 0x3C, 0x42, 0x08, 0x20,  // 弗
    0x0D, 0x00, 0xDC, 0xFF, 0xE4, 0xC8, 0x7F, 0x84, 0xC8, 0x7F, 0x84, 0xC8, 0x7F, 0x84, 0xC8, 0x4F, 0x84, 0xD8,  // 甫
    0x60, 0x06, 0xFC, 0x72, 0x0F, 0x20, 0x66, 0x47, 0xFC, 0xE7, 0x0E, 0x70, 0x65, 0x06, 0x94, 0xF9, 0xE6, 0x18,  // 抚
    0x43, 0x04, 0x3C, 0xFF, 0xEC, 0x30, 0xEF, 0xCF, 0xB4, 0xAF, 0xC3, 0xB4, 0xEF, 0xC2, 0xB4, 0x2B, 0x42, 0xAC,  // 辅
    0x02, 0x07, 0x24, 0x5F, 0xE5, 0x6C, 0xD4, 0xCD, 0xFE, 0x5E, 0xC5, 0x7C, 0x55, 0xC5, 0x4C, 0x65, 0xC4, 0x48,  // 俯
    0x00, 0x03, 0x38, 0x73, 0xCC, 0xE0, 0x1E, 0x06, 0x1E, 0xBF, 0x00, 0xC8, 0x7F, 0xC3, 0xF0, 0x1E, 0x4F, 0xFE,  // 釜
    0x12, 0x03, 0x38, 0x56, 0x88, 0xC0, 0x37, 0xCE, 0x7C, 0x3C, 0x02, 0x0C, 0x22, 0x02, 0x20, 0x42, 0x08, 0x20,  // 斧
    0x03, 0x0F, 0x3C, 0xBF, 0xEE, 0x30, 0xEF, 0xCA, 0xB4, 0xEF, 0xCA, 0xB4, 0xAF, 0xCA, 0xB4, 0xEB, 0xC2, 0xAC,  // 脯
    0x02, 0x0F, 0xFE, 0xAA, 0xCA, 0xEC, 0xEF, 0xEA, 0xEC, 0xFF, 0xCB, 0xDC, 0xBC, 0xCB, 0x4C, 0xF5, 0xC2, 0x48,  // 腑
    0x04, 0x04, 0x6C, 0x49, 0x85, 0x88, 0x50, 0xC5, 0xFE, 0x74, 0x8D, 0x68, 0xD2, 0x89, 0x08, 0x93, 0x81, 0x10,  // 府
    0x0C, 0x07, 0xFC, 0x59, 0x87, 0xFC, 0x74, 0x85, 0x78, 0x77, 0x8F, 0xEC, 0xFF, 0x8A, 0xE8, 0xB3, 0x82, 0x18,  // 腐
    0x21, 0x02, 0x10, 0xFD, 0x02, 0x10, 0x35, 0xCF, 0xD4, 0x71, 0x07, 0xD0, 0xF1, 0x0F, 0x10, 0xBF, 0xC0, 0xFC,  // 赴
    0x00, 0x4F, 0xC4, 0x79, 0x44, 0x94, 0x79, 0x44, 0x94, 0xFD, 0x4B, 0x54, 0xFD, 0x4B, 0x44, 0xFC, 0xC8, 0x0C,  // 副
    0x00, 0x4D, 0xE8, 0x7F, 0x87, 0xF8, 0x6F, 0xCF, 0xF8, 0x7F, 0x8E, 0xF8, 0xCF, 0x85, 0xF8, 0x47, 0xC5, 0x8C,  // 覆
    0x01, 0x0F, 0xFC, 0x91, 0x4F, 0x1E, 0xFF, 0x8F, 0x78, 0xFF, 0x8D, 0xE8, 0xEE, 0xA5, 0xEE, 0x9C, 0x60, 0x02,  // 赋
    0x20, 0x07, 0xFC, 0x40, 0x0F, 0xF8, 0x3F, 0x82, 0x18, 0x3F, 0x83, 0xF0, 0x33, 0x0C, 0xE0, 0x1F, 0xCF, 0x1C,  // 复
    0x23, 0x86, 0x2C, 0x7F, 0xC5, 0xFC, 0xDA, 0xCD, 0xEC, 0x5F, 0xC5, 0x28, 0x7F, 0xE4, 0xC8, 0x45, 0x84, 0x18,  // 傅
    0x21, 0x03, 0x18, 0x61, 0x84, 0x1E, 0xE1, 0x8E, 0x98, 0x6D, 0x86, 0x58, 0x61, 0x86, 0x18, 0x63, 0x84, 0x10,  // 付
    0x0C, 0x07, 0xF8, 0x61, 0x87, 0xF8, 0x60, 0x87, 0xF8, 0x61, 0x87, 0xF8, 0x0C, 0x68, 0xC0, 0x0C, 0x00, 0xC0,  // 阜
    0x00, 0x03, 0x30, 0x21, 0x84, 0x0C, 0x83, 0x01, 0x20, 0x16, 0x00, 0xC0, 0x0C, 0x01, 0xF0, 0x63, 0xC8, 0x0C,  // 父
    0x04, 0x0F, 0x7E, 0xB8, 0xCF, 0xFC, 0xEF, 0xCA, 0xCC, 0xEF, 0xCA, 0x7C, 0xAE, 0x8B, 0x30, 0xE7, 0xE3, 0x84,  // 腹
    0x18, 0x01, 0xF0, 0x23, 0x06, 0x48, 0xBF, 0x82, 0x48, 0x24, 0x82, 0x48, 0x2C, 0x81, 0xB8, 0x30, 0xCC, 0x04,  // 负
    0x0C, 0x0F, 0xFC, 0x81, 0xCB, 0xF0, 0x3F, 0x02, 0x10, 0x3F, 0x07, 0xF8, 0x4C, 0x87, 0xF8, 0x7F, 0x84, 0x08,  // 富
    0x42, 0x06, 0x20, 0x22, 0x00, 0x20, 0xE3, 0x82, 0x2C, 0x22, 0x42, 0x24, 0x2A, 0x07, 0x20, 0x62, 0x04, 0x20,  // 讣
    0x24, 0x8B, 0xC8, 0xA8, 0x8D, 0xFC, 0xD8, 0x8A, 0xC8, 0xAA, 0x8A, 0xA8, 0xE8, 0x8A, 0x88, 0x8B, 0x88, 0x98,  // 附
    0x60, 0x06, 0x04, 0x6F, 0xCF, 0x84, 0x50, 0x45, 0x7C, 0xD0, 0x4D, 0x04, 0x70, 0x43, 0x04, 0x5C, 0x48, 0x04,  // 妇
    0x43, 0x84, 0x2C, 0x5A, 0xCB, 0xFC, 0xEA, 0xCC, 0xAC, 0xCF, 0xCF, 0xA8, 0x1F, 0xEE, 0xC8, 0x87, 0x80, 0x18,  // 缚
    0x04, 0x8E, 0xC8, 0xA8, 0x8B, 0x8E, 0xB8, 0x8B, 0x88, 0xAA, 0x8E, 0xA8, 0xA8, 0x88, 0x88, 0x0B, 0x80, 0x98,  // 咐
    0x05, 0x0F, 0xFC, 0xAD, 0x8A, 0xF8, 0xAF, 0x8A, 0xF8, 0xAF, 0xCE, 0xA4, 0xBF, 0x40, 0x94, 0x0F, 0xC0, 0x18,  // 噶
    0x00, 0x4B, 0xE8, 0xAF, 0x8A, 0xF8, 0xA8, 0x8A, 0x88, 0xAF, 0x8E, 0x54, 0xBF, 0x80, 0x38, 0x0F, 0xC1, 0x0E,  // 嘎
    0x02, 0x06, 0x24, 0x5F, 0xC0, 0x60, 0xED, 0x85, 0xF0, 0x42, 0xC5, 0x68, 0x79, 0x87, 0x38, 0x4C, 0x41, 0x84,  // 该
    0x04, 0x0B, 0x40, 0x34, 0x41, 0xFC, 0x9D, 0x8F, 0xD8, 0x95, 0x08, 0x70, 0x93, 0x0E, 0x70, 0xCD, 0xC3, 0x04,  // 改
    0x40, 0x05, 0xFC, 0x77, 0x8F, 0xF8, 0x57, 0x8F, 0x7E, 0xFD, 0x85, 0x58, 0x5F, 0x85, 0xAA, 0x54, 0xE4, 0x84,  // 概
    0x40, 0x04, 0xFC, 0xF1, 0x08, 0x54, 0xF5, 0xC4, 0x50, 0x7F, 0x46, 0x44, 0x48, 0x47, 0x04, 0x61, 0xC4, 0x18,  // 钙
    0x01, 0x01, 0x30, 0xFF, 0xC0, 0xC8, 0x7F, 0x80, 0xC4, 0xFF, 0xC7, 0xF8, 0x7E, 0x87, 0xA8, 0x7A, 0xCF, 0xFE,  // 盖
    0x40, 0x47, 0xFC, 0x37, 0x8B, 0xF8, 0xF7, 0x45, 0xFC, 0x5D, 0x8D, 0x98, 0xDE, 0x8F, 0x6C, 0xCC, 0xE0, 0x00,  // 溉
    0x00, 0x87, 0xFC, 0x0C, 0x00, 0xC0, 0x0C, 0x4F, 0xFE, 0x0C, 0x00, 0xC0, 0x0C, 0x00, 0xC0, 0x0C, 0x00, 0x80,  // 干
    0x21, 0x02, 0x10, 0x21, 0x4F, 0xFE, 0x21, 0x02, 0x10, 0x3F, 0x02, 0x10, 0x21, 0x02, 0x10, 0x3F, 0x02, 0x10,  // 甘
    0x60, 0x06, 0xFC, 0x73, 0x0F, 0x30, 0x63, 0x07, 0xFE, 0xF3, 0x0E, 0x30, 0x63, 0x06, 0x30, 0x63, 0x06, 0x30,  // 杆
    0x4C, 0x84, 0xC8, 0x7C, 0x8F, 0xFE, 0x4C, 0x8F, 0xC8, 0xFC, 0x8C, 0xC8, 0x4C, 0x84, 0xC8, 0x4F, 0x84, 0xC8,  // 柑
    0x22, 0x06, 0xA4, 0x7F, 0xCB, 0x50, 0x29, 0x87, 0xF8, 0x0C, 0x0F, 0xFE, 0x0C, 0x00, 0xC0, 0x0C, 0x00, 0xC0,  // 竿
    0x10, 0x4D, 0x7C, 0xD1, 0x0F, 0x10, 0xD1, 0x0D, 0xFE, 0xF1, 0x0D, 0x10, 0x91, 0x09, 0x10, 0xB1, 0x00, 0x10,  // 肝
    0x20, 0x02, 0x7C, 0xF9, 0x02, 0x10, 0x29, 0x0F, 0xFE, 0x71, 0x0F, 0x90, 0xF1, 0x0F, 0x10, 0xBF, 0xE0, 0xFC,  // 赶
    0x03, 0x04, 0x2C, 0x7F, 0xC7, 0xE8, 0x67, 0x87, 0xD0, 0xFF, 0xCA, 0x6E, 0x1C, 0x65, 0x5C, 0xD7, 0x41, 0xE0,  // 感
    0x30, 0x0E, 0xFC, 0x63, 0x07, 0x30, 0x63, 0x46, 0xFE, 0xF3, 0x0F, 0x30, 0x63, 0x06, 0x30, 0x63, 0x04, 0x30,  // 秆
    0x03, 0x0F, 0x30, 0x12, 0x4F, 0xFE, 0x56, 0x87, 0x68, 0x5B, 0x87, 0x38, 0x59, 0x0F, 0x38, 0x96, 0xC1, 0x84,  // 敢
    0x42, 0x0F, 0xFC, 0xF7, 0x87, 0xBC, 0xFE, 0xCF, 0xB4, 0xFF, 0xCD, 0x7C, 0xF7, 0xCF, 0x7C, 0x62, 0xC6, 0xC4,  // 赣
    0x00, 0x8F, 0xFC, 0xC2, 0x8F, 0x68, 0xDC, 0x8C, 0xC8, 0xCC, 0x8D, 0x68, 0xE2, 0x8C, 0x08, 0xC1, 0x80, 0x08,  // 冈
    0x00, 0x4F, 0xC4, 0x95, 0x4D, 0xD4, 0xF5, 0x4B, 0x54, 0xB5, 0x4D, 0xD4, 0xCD, 0x48, 0x44, 0x9D, 0xC8, 0x88,  // 刚
    0x60, 0x05, 0xFE, 0x7C, 0x49, 0xCC, 0xFF, 0xC4, 0xD4, 0xFF, 0xC4, 0xEC, 0x4C, 0xC7, 0xC4, 0x6C, 0xC4, 0x8C,  // 钢
    0x40, 0x04, 0x04, 0xFF, 0xCA, 0x10, 0xA1, 0x0F, 0xD0, 0xA9, 0x0E, 0x90, 0xA9, 0x0A, 0x90, 0xFD, 0x68, 0x80,  // 缸
    0x00, 0x0F, 0x8C, 0xD3, 0x0F, 0x30, 0xD3, 0x0D, 0x30, 0xF3, 0x0D, 0x30, 0x93, 0x09, 0x30, 0xBF, 0xE1, 0x00,  // 肛
    0x20, 0x06, 0xFC, 0x58, 0x4B, 0xDC, 0xEB, 0x46, 0xB4, 0x4B, 0x4E, 0xFC, 0x0C, 0xCF, 0x84, 0x88, 0xC0, 0x8C,  // 纲
    0x0C, 0x04, 0xCC, 0x4C, 0x84, 0x08, 0xFF, 0xC4, 0x2C, 0x56, 0xC4, 0xCC, 0x5E, 0xC7, 0x3C, 0xC1, 0xCC, 0x08,  // 岗
    0x09, 0x04, 0xD4, 0x5F, 0xCA, 0xD0, 0xFF, 0xE4, 0x90, 0x5F, 0xCF, 0x96, 0xC9, 0x04, 0x94, 0xC8, 0xC4, 0xFC,  // 港
    0x60, 0x06, 0x04, 0x7F, 0x0F, 0x30, 0x63, 0x07, 0x30, 0xFB, 0x0E, 0x30, 0x63, 0x06, 0x30, 0x7F, 0xE6, 0x00,  // 杠
    0x02, 0x07, 0xFC, 0xFD, 0x0A, 0xD4, 0xFF, 0xC3, 0xF0, 0x3F, 0x0F, 0xFC, 0xDE, 0x8D, 0x28, 0xD2, 0x8C, 0x18,  // 篙
    0x08, 0x07, 0xF8, 0x61, 0x87, 0xF8, 0x7F, 0x85, 0x84, 0xFF, 0xC3, 0xF0, 0x6D, 0xCF, 0xFC, 0x0C, 0x00, 0xC0,  // 皋
    0x0C, 0x0F, 0xFC, 0x21, 0x03, 0xF0, 0x23, 0x03, 0x30, 0x7F, 0xC5, 0xE8, 0x52, 0x85, 0xE8, 0xD3, 0x84, 0x18,  // 高
    0x08, 0x0F, 0xFC, 0x3F, 0x03, 0xF0, 0xFF, 0xCB, 0xFC, 0x3F, 0x07, 0xF0, 0x7F, 0x07, 0xF0, 0x61, 0x04, 0x30,  // 膏
    0x21, 0x01, 0x30, 0xFF, 0xC0, 0xC0, 0x0C, 0x87, 0xF8, 0x0C, 0x0F, 0xFE, 0x00, 0x05, 0x2C, 0x5A, 0x4C, 0xA4,  // 羔
    0x60, 0x87, 0x58, 0xFF, 0x4E, 0xB0, 0xF2, 0x06, 0xFC, 0x72, 0x0F, 0xFE, 0xE0, 0x86, 0xDC, 0x7F, 0x45, 0x00,  // 糕
    0x42, 0x04, 0x3C, 0x59, 0x8F, 0xF8, 0x4F, 0x87, 0x04, 0xDF, 0xCD, 0x74, 0x55, 0x45, 0x74, 0xD1, 0xC5, 0x0C,  // 搞
    0x42, 0x04, 0xFE, 0xF0, 0x88, 0x78, 0xF7, 0x84, 0xC4, 0xFF, 0xC4, 0xFC, 0x4D, 0x47, 0xF4, 0x69, 0xC4, 0x8C,  // 镐
    0x02, 0x0F, 0xB4, 0x4C, 0x85, 0x78, 0xF7, 0x86, 0x48, 0xFF, 0xEF, 0xFC, 0x4F, 0xC4, 0xFC, 0x4D, 0x44, 0x8C,  // 稿
    0x04, 0x02, 0x40, 0x6D, 0x84, 0xC0, 0x44, 0x0F, 0xFE, 0x00, 0x03, 0xF8, 0x21, 0x82, 0x18, 0x3F, 0x82, 0x10,  // 告
    0x00, 0x8F, 0xFC, 0x3D, 0x02, 0x50, 0x3D, 0x0F, 0xFE, 0x05, 0x87, 0xD0, 0x65, 0x07, 0xD0, 0x07, 0x00, 0x30,  // 哥
    0x01, 0x0F, 0xF0, 0xFA, 0x46, 0xAE, 0xED, 0x89, 0xD0, 0xBB, 0x0F, 0xB8, 0xEA, 0x8E, 0xAC, 0x3C, 0x61, 0x84,  // 歌
    0x50, 0x04, 0xBC, 0x76, 0x4F, 0x74, 0x5F, 0x47, 0xB4, 0xD5, 0xCD, 0xF4, 0x55, 0x45, 0x74, 0xD4, 0xCD, 0x0C,  // 搁
    0x10, 0x01, 0xA0, 0x1B, 0x01, 0xFC, 0xF8, 0x00, 0x98, 0x0B, 0x00, 0xE0, 0x0C, 0x43, 0x24, 0xE1, 0xC0, 0x0C,  // 戈
    0x21, 0x07, 0x74, 0x5F, 0xCC, 0xFC, 0xF5, 0xC0, 0x78, 0xF6, 0xED, 0x46, 0x57, 0xCF, 0x04, 0xD1, 0xC0, 0x0C,  // 鸽
    0x06, 0x0F, 0x68, 0xF7, 0xCF, 0xF8, 0xFB, 0x0F, 0x3C, 0xF4, 0xEF, 0xFC, 0xB4, 0x8B, 0x48, 0xF7, 0xC2, 0x48,  // 胳
    0x04, 0x00, 0x64, 0x3F, 0xCE, 0xC4, 0xEF, 0xC3, 0x00, 0xFF, 0x8E, 0x20, 0x64, 0x04, 0x84, 0xC8, 0xC0, 0xFC,  // 疙
    0x10, 0x4D, 0x64, 0xF7, 0x4B, 0x54, 0x3D, 0x47, 0xD4, 0xFF, 0x41, 0x14, 0x7D, 0x44, 0xC4, 0x7D, 0xC4, 0x0C,  // 割
    0x12, 0x0F, 0xFC, 0x12, 0x01, 0xE0, 0x5E, 0x86, 0xD8, 0x4C, 0x87, 0xF8, 0x4C, 0x6F, 0xFC, 0x0C, 0x00, 0xC0,  // 革
    0x12, 0x0F, 0xFC, 0x13, 0x03, 0xF8, 0x3F, 0x83, 0xF8, 0x39, 0x47, 0xFC, 0xEC, 0x47, 0x2C, 0x7F, 0xC0, 0x18,  // 葛
    0x44, 0x04, 0x48, 0x5F, 0xCF, 0xD8, 0x53, 0x0F, 0x78, 0xFC, 0xE7, 0xFC, 0x48, 0x84, 0x88, 0x4F, 0x84, 0x88,  // 格
    0x42, 0x04, 0x30, 0x77, 0x8F, 0x4C, 0xD8, 0xED, 0xF8, 0xF0, 0x0D, 0xFC, 0x74, 0x87, 0xC8, 0xDF, 0x80, 0xC8,  // 蛤
    0x40, 0x02, 0xFC, 0x98, 0x49, 0xE4, 0x9E, 0x4A, 0xC4, 0x9B, 0xCF, 0xF4, 0x92, 0x49, 0xE4, 0x93, 0xC8, 0x08,  // 阁
    0x20, 0x4F, 0xFC, 0xAF, 0x8C, 0xC8, 0xCF, 0x8B, 0xFC, 0xBD, 0x4F, 0xD4, 0xFF, 0xC9, 0xA4, 0x9A, 0xC9, 0x0C,  // 隔
    0x46, 0x04, 0x68, 0xFF, 0xC8, 0xF8, 0xFB, 0x04, 0x38, 0xFC, 0xE5, 0xFC, 0x4C, 0x87, 0xC8, 0x6F, 0x84, 0xC8,  // 铬
    0x0C, 0x01, 0xC0, 0x16, 0x03, 0x30, 0x6D, 0xCC, 0xCC, 0x0C, 0x00, 0xC0, 0x0C, 0x00, 0xC0, 0x0C, 0x00, 0x80,  // 个
    0x10, 0x03, 0x30, 0x33, 0x05, 0x60, 0x4C, 0x09, 0xE0, 0x33, 0xEF, 0xFC, 0x21, 0x02, 0x10, 0x3F, 0x02, 0x10,  // 各
    0x42, 0x06, 0x60, 0x45, 0x0B, 0xD8, 0xA8, 0xEF, 0xFC, 0x40, 0x8E, 0xF8, 0x88, 0x87, 0x88, 0xCF, 0x80, 0x88,  // 给
    0x60, 0x06, 0xFC, 0x68, 0x8F, 0xF8, 0x68, 0x8E, 0xF8, 0xFA, 0xCE, 0xAC, 0x69, 0x06, 0x98, 0x6E, 0xC4, 0x84,  // 根
    0x10, 0x8F, 0xF8, 0x9C, 0x89, 0xF8, 0xFC, 0x8A, 0xF8, 0xFE, 0xCF, 0xDC, 0xED, 0x0F, 0xD8, 0xEE, 0xE0, 0xC0,  // 跟
    0x22, 0x82, 0x68, 0xFF, 0xC3, 0xFC, 0xF2, 0x8F, 0xA8, 0x6F, 0xE7, 0x68, 0xE4, 0x8A, 0x48, 0x28, 0x83, 0x08,  // 耕
    0x00, 0x4F, 0xFC, 0x6D, 0x86, 0xD8, 0x7F, 0x86, 0xD8, 0x7F, 0x86, 0xC8, 0x18, 0x01, 0xC0, 0x37, 0xC8, 0x0C,  // 更
    0x04, 0x07, 0xFC, 0x44, 0x04, 0x48, 0x5F, 0x87, 0xFE, 0x44, 0x87, 0xF8, 0xCE, 0x88, 0xB0, 0x91, 0xC6, 0x0C,  // 庚
    0x13, 0x07, 0xF8, 0x7F, 0x8F, 0xFC, 0xDF, 0xCB, 0x3C, 0x7F, 0x87, 0xF8, 0xFF, 0xCF, 0xFE, 0x13, 0x8C, 0x0C,  // 羹
    0x40, 0x45, 0xFC, 0x42, 0x07, 0xFC, 0xFB, 0x44, 0xFC, 0x4B, 0xC5, 0xAC, 0xE6, 0x08, 0x60, 0x0F, 0xC3, 0x8C,  // 埂
    0x01, 0x0F, 0xB0, 0xD3, 0x0F, 0x34, 0xD7, 0xCD, 0x78, 0xFB, 0x0D, 0x38, 0xF2, 0x89, 0x4C, 0x1C, 0x61, 0x80,  // 耿
    0x40, 0x45, 0xFC, 0x62, 0x0F, 0xFC, 0x4B, 0x4F, 0xFC, 0xDF, 0xCC, 0xA4, 0x46, 0x04, 0x60, 0x47, 0xE7, 0x8C,  // 梗
    0x00, 0x04, 0x0C, 0x0C, 0x00, 0xC0, 0x0C, 0x00, 0xC0, 0x0C, 0x00, 0xC0, 0x0C, 0x00, 0xC4, 0xFF, 0xC0, 0x00,  // 工
    0x06, 0x01, 0x60, 0xFF, 0xC6, 0xC8, 0x6C, 0x86, 0xD8, 0x67, 0x07, 0xB0, 0xE3, 0x08, 0x78, 0x1C, 0xE3, 0x04,  // 攻
    0x03, 0x00, 0xB0, 0xFB, 0x02, 0xFC, 0x22, 0x42, 0x24, 0x22, 0x43, 0xE4, 0xE4, 0x48, 0xCC, 0x1B, 0xC2, 0x08,  // 功
    0x12, 0x01, 0x28, 0xFF, 0xC1, 0x20, 0xFF, 0xE3, 0x20, 0x2D, 0x04, 0x9E, 0xAF, 0xC6, 0xA8, 0x4A, 0x81, 0x80,  // 恭
    0x0A, 0x01, 0xBC, 0x9F, 0xC1, 0x7C, 0x3E, 0xED, 0x3C, 0x12, 0x8F, 0xFC, 0x12, 0x4F, 0xFC, 0x3B, 0x8C, 0x0C,  // 龚
    0x21, 0x06, 0xD0, 0x4D, 0x05, 0xFC, 0xCD, 0x0C, 0xD0, 0x4D, 0x07, 0xFE, 0x4D, 0x04, 0xC8, 0x50, 0xC6, 0x04,  // 供
    0x30, 0x07, 0xFC, 0x58, 0x47, 0x84, 0x4B, 0xC7, 0xA0, 0x4E, 0x4F, 0xFC, 0x28, 0xC4, 0x8C, 0xBB, 0xC1, 0x18,  // 躬
    0x02, 0x01, 0x20, 0x32, 0x02, 0x30, 0x61, 0x8C, 0x8C, 0x98, 0x41, 0x00, 0x33, 0x02, 0x10, 0x7F, 0x80, 0x00,  // 公
    0x0C, 0x04, 0xC4, 0xC0, 0xEB, 0xF8, 0x31, 0x02, 0x10, 0x3F, 0x06, 0x18, 0x61, 0x86, 0x18, 0x7F, 0x86, 0x08,  // 宫
    0x00, 0x07, 0xF8, 0x01, 0x02, 0x10, 0x61, 0x04, 0x00, 0x7F, 0x80, 0x08, 0x01, 0x80, 0x10, 0x0F, 0x00, 0x60,  // 弓
    0x00, 0x03, 0xF8, 0x49, 0x84, 0x98, 0x4D, 0x84, 0xF8, 0x4B, 0x87, 0x98, 0xC9, 0x81, 0x9C, 0x31, 0xE0, 0x00,  // 巩
    0x00, 0x87, 0xF8, 0x0C, 0x0F, 0xFC, 0x0C, 0x00, 0xC8, 0xFD, 0x83, 0xE0, 0x2F, 0x04, 0xDC, 0x9C, 0x40, 0x80,  // 汞
    0x45, 0x06, 0x58, 0x75, 0x8F, 0xFE, 0x65, 0x87, 0x58, 0xE5, 0x8F, 0xFE, 0x65, 0x06, 0xCC, 0xD8, 0x47, 0x00,  // 拱
    0x00, 0x84, 0xC0, 0x0C, 0x4F, 0xFC, 0x01, 0x06, 0xD8, 0x6D, 0x06, 0x90, 0x69, 0x01, 0xF0, 0x71, 0x88, 0x08,  // 贡
    0x12, 0x01, 0x20, 0x12, 0x4F, 0xFC, 0x12, 0x01, 0x20, 0x12, 0x4F, 0xFE, 0x12, 0x03, 0x18, 0x60, 0xC8, 0x04,  // 共
    0x42, 0x04, 0x60, 0x77, 0xC8, 0x44, 0xFA, 0x46, 0xA4, 0xF7, 0x46, 0x5C, 0x6F, 0xC7, 0x04, 0x63, 0xC4, 0x18,  // 钩
    0x30, 0x02, 0x00, 0x7F, 0xC4, 0x0C, 0x98, 0xC9, 0x0C, 0x34, 0xC2, 0x6C, 0x7E, 0xC0, 0x0C, 0x03, 0x80, 0x18,  // 勾
    0x04, 0x06, 0xC0, 0x3F, 0xC9, 0x84, 0xF4, 0x47, 0x44, 0x6A, 0x44, 0xB4, 0xDF, 0xC4, 0x0C, 0xC3, 0xC4, 0x18,  // 沟
    0x12, 0x0F, 0xFC, 0x13, 0x03, 0x20, 0x7F, 0xCC, 0x0C, 0xBE, 0xC2, 0x6C, 0x26, 0xC3, 0xEC, 0x23, 0x80, 0x18,  // 苟
    0x04, 0x0B, 0x40, 0x67, 0xC6, 0x84, 0xBD, 0x43, 0x54, 0x65, 0x4F, 0x54, 0xB7, 0x43, 0x44, 0x61, 0xC6, 0x08,  // 狗
    0x40, 0x84, 0xF8, 0x48, 0x07, 0x84, 0xFF, 0xC4, 0x80, 0x4F, 0xC7, 0xCC, 0xDC, 0xC1, 0x4C, 0x37, 0xC4, 0x48,  // 垢
    0x62, 0x06, 0x60, 0x64, 0x4F, 0xC4, 0x6A, 0x47, 0x64, 0xF6, 0x4E, 0x94, 0x6F, 0xC6, 0x0C, 0x63, 0xC4, 0x18,  // 构
    0x02, 0x0F, 0x60, 0x96, 0xCF, 0x44, 0xFA, 0x4F, 0x24, 0xF6, 0x4F, 0x54, 0xDF, 0xC7, 0x04, 0xD1, 0xC8, 0x08,  // 购
    0x63, 0x04, 0x3C, 0xFE, 0xC8, 0xE8, 0xFB, 0x0B, 0xF0, 0xBB, 0xCF, 0xA4, 0xBE, 0xC1, 0xB8, 0x73, 0x00, 0xC0,  // 够
    0x0C, 0x0F, 0xFC, 0x2D, 0x02, 0x18, 0x3F, 0x86, 0xC8, 0x33, 0x01, 0x64, 0xFF, 0xC7, 0xF8, 0x0C, 0x00, 0x80,  // 辜
    0x12, 0x0F, 0xFC, 0x12, 0x07, 0x30, 0x61, 0x4F, 0xFE, 0x51, 0x05, 0x7C, 0xF4, 0xC7, 0x4C, 0x5F, 0xC8, 0x44,  // 菇
    0x02, 0x00, 0x20, 0xF2, 0x4B, 0xFE, 0xA2, 0x0A, 0x20, 0xAF, 0xCF, 0x8C, 0xA8, 0xC8, 0x8C, 0x0F, 0xC0, 0x88,  // 咕
    0x42, 0x07, 0xBC, 0xB5, 0x0F, 0x94, 0x7F, 0xCF, 0xD8, 0x7F, 0xCE, 0xDC, 0xED, 0xC6, 0xD8, 0xC9, 0x44, 0xFC,  // 箍
    0x22, 0x06, 0x20, 0x62, 0x47, 0xFE, 0xC2, 0x0C, 0x20, 0x5F, 0xC5, 0x88, 0x58, 0x85, 0x88, 0x5F, 0x85, 0x88,  // 估
    0x02, 0x0C, 0x20, 0x72, 0x43, 0xFC, 0xA2, 0x0E, 0x20, 0x4F, 0x84, 0x88, 0xC8, 0x8C, 0x88, 0xCF, 0x84, 0x88,  // 沽
    0x00, 0x8F, 0xF8, 0x2F, 0x04, 0xF0, 0x5F, 0x07, 0xF8, 0xDE, 0x85, 0xE8, 0x56, 0xC5, 0x7C, 0xE7, 0x6C, 0x40,  // 孤
    0x61, 0x06, 0x30, 0x43, 0x4F, 0xFE, 0x53, 0x05, 0x30, 0xF7, 0xCE, 0x44, 0x74, 0x47, 0xC4, 0xCF, 0xC0, 0x44,  // 姑
    0x21, 0x02, 0x90, 0xFF, 0x62, 0x90, 0xF9, 0x0F, 0xFC, 0x8A, 0x8F, 0xB8, 0x53, 0x05, 0x38, 0xF6, 0xE1, 0x84,  // 鼓
    0x0C, 0x00, 0xC0, 0x0C, 0x4F, 0xFC, 0x0C, 0x00, 0xC0, 0x3F, 0x82, 0x18, 0x21, 0x82, 0x18, 0x3F, 0x82, 0x10,  // 古
    0x08, 0x04, 0xC8, 0x7F, 0x84, 0xC8, 0x7F, 0x80, 0xD8, 0xFF, 0xCC, 0x0C, 0x5F, 0x85, 0x68, 0x56, 0xEF, 0xFC,  // 蛊
    0x21, 0x02, 0x50, 0x3D, 0x02, 0xD0, 0xFF, 0xCB, 0xF8, 0x23, 0x03, 0xF0, 0x21, 0x03, 0xF0, 0x27, 0x02, 0x30,  // 骨
    0x10, 0x03, 0x38, 0x6C, 0x8D, 0xC0, 0x16, 0x03, 0x30, 0x61, 0xCB, 0xF4, 0x23, 0x02, 0x30, 0x3F, 0x02, 0x10,  // 谷
    0x10, 0x0F, 0x78, 0xD5, 0x8D, 0x5C, 0xDC, 0xCD, 0xF8, 0xF4, 0x8D, 0x38, 0x93, 0x09, 0x30, 0x35, 0xC1, 0x04,  // 股
    0x23, 0x02, 0x20, 0x2A, 0x4F, 0xFE, 0x26, 0x83, 0x68, 0xFA, 0x89, 0xB0, 0x91, 0x0F, 0x3C, 0x9C, 0xE8, 0x80,  // 故
    0x00, 0x0F, 0xFE, 0xC1, 0x0F, 0xFC, 0xEF, 0x4E, 0xF4, 0xFF, 0x4F, 0x74, 0xAF, 0x4F, 0x38, 0xE6, 0x41, 0x84,  // 顾
    0x00, 0x0F, 0xFC, 0xCC, 0xCF, 0xFC, 0xCC, 0xCD, 0xEC, 0xD2, 0xCD, 0x2C, 0xDE, 0xCD, 0x2C, 0xFF, 0xCC, 0x00,  // 固
    0x04, 0x07, 0xFC, 0x40, 0xC7, 0xFC, 0x5E, 0x05, 0xFC, 0x72, 0x07, 0xFC, 0x56, 0xCD, 0x20, 0x9F, 0xE1, 0x00,  // 雇
    0x00, 0x47, 0xC4, 0x31, 0x43, 0x54, 0xFF, 0x43, 0x14, 0x31, 0x4F, 0xD4, 0xC9, 0x4C, 0x84, 0xF9, 0xCC, 0x08,  // 刮
    0x00, 0x04, 0xF8, 0x7A, 0x06, 0x80, 0x69, 0x06, 0x90, 0x49, 0x04, 0x98, 0x4A, 0x8C, 0xFC, 0x89, 0x60, 0x00,  // 瓜
    0x48, 0x44, 0xC4, 0x49, 0x47, 0x94, 0x79, 0x4F, 0xD4, 0xA5, 0x4B, 0x54, 0xFD, 0x4C, 0x44, 0x9D, 0xC8, 0x8C,  // 剐
    0x08, 0x0F, 0xFC, 0xBF, 0xC2, 0xD0, 0x3F, 0x03, 0xF0, 0x3F, 0x4F, 0xFC, 0x3F, 0x8D, 0xBC, 0x36, 0x0E, 0x60,  // 寡
    0x62, 0x06, 0x20, 0x7F, 0xCF, 0x20, 0x62, 0x47, 0xFC, 0xE2, 0x0E, 0x24, 0x6F, 0xC6, 0x20, 0xE3, 0x44, 0x00,  // 挂
    0x04, 0x84, 0xC8, 0x7F, 0x8E, 0xC8, 0x5F, 0x8F, 0xDE, 0xEC, 0xE7, 0xF8, 0x4C, 0x84, 0xD8, 0x5D, 0x84, 0x18,  // 褂
    0x03, 0x07, 0xE0, 0x0C, 0x4F, 0xFC, 0x2F, 0x03, 0xFC, 0x3F, 0x83, 0xF4, 0xFF, 0x4A, 0xDC, 0x0C, 0x00, 0xC0,  // 乖
    0x20, 0x02, 0x7C, 0x3C, 0xCF, 0xCC, 0x2F, 0xC3, 0x20, 0xEF, 0xCE, 0x24, 0x26, 0x42, 0x4C, 0xE9, 0xC7, 0x08,  // 拐
    0x40, 0x04, 0xF8, 0x45, 0x87, 0x70, 0xF7, 0x0C, 0xDE, 0x72, 0x46, 0x20, 0x4F, 0xC4, 0x20, 0x62, 0x64, 0x00,  // 怪
    0x42, 0x04, 0x24, 0x6F, 0xEF, 0x8C, 0x4F, 0x8E, 0xC8, 0xFF, 0x8C, 0xC8, 0x4F, 0xC4, 0xCC, 0x4F, 0xC4, 0x88,  // 棺
    0x01, 0x03, 0x30, 0x12, 0x87, 0xFC, 0x08, 0x00, 0x84, 0xFF, 0xC0, 0xC0, 0x1A, 0x03, 0x18, 0x60, 0xC0, 0x00,  // 关
    0x08, 0x08, 0xC4, 0x80, 0xEA, 0x18, 0x23, 0x02, 0x10, 0x3F, 0x02, 0x10, 0x3F, 0x82, 0x10, 0x3F, 0x02, 0x10,  // 官
    0x00, 0x07, 0xFC, 0xC1, 0x87, 0x98, 0x07, 0xEF, 0xD8, 0x73, 0x87, 0x18, 0x71, 0x85, 0x14, 0xDF, 0xE0, 0x38,  // 冠
    0x00, 0x03, 0xFC, 0x3E, 0xCA, 0xFC, 0x6E, 0xC6, 0xEC, 0x6F, 0xC7, 0xF0, 0x55, 0x08, 0xD0, 0x19, 0xE2, 0x0C,  // 观
    0x22, 0x07, 0xFC, 0xFD, 0x09, 0xD4, 0xFF, 0xEB, 0xFC, 0x21, 0x03, 0xF0, 0x21, 0x82, 0x18, 0x3F, 0x82, 0x10,  // 管
    0x42, 0x04, 0x14, 0xFF, 0xEB, 0x84, 0xE7, 0xC4, 0x48, 0x47, 0x84, 0x48, 0x4F, 0xC7, 0x4C, 0x67, 0xC4, 0x4C,  // 馆
    0x45, 0x0D, 0xFC, 0xF5, 0x0C, 0xFC, 0x4F, 0xCF, 0xF0, 0xFF, 0xCF, 0xFC, 0xFF, 0x4F, 0xFC, 0xFF, 0xE0, 0xC0,  // 罐
    0x40, 0x84, 0xF8, 0x4A, 0xCF, 0xE8, 0xFE, 0x8C, 0x88, 0x4F, 0xC4, 0xA8, 0x4A, 0x85, 0xE8, 0x4D, 0xC5, 0x84,  // 惯
    0x05, 0x07, 0xFE, 0x15, 0x8B, 0xFC, 0xFF, 0xC2, 0xE4, 0x5F, 0xCF, 0xFC, 0xEA, 0x44, 0xFC, 0x5F, 0xE5, 0x80,  // 灌
    0x21, 0x02, 0xD8, 0xFF, 0xE6, 0xD0, 0x7F, 0x02, 0x10, 0x2D, 0x82, 0xD8, 0x29, 0x83, 0xF0, 0x31, 0x8C, 0x08,  // 贯
    0x04, 0x04, 0xC8, 0x2D, 0x83, 0xD0, 0x3E, 0x4F, 0xFC, 0x16, 0x01, 0x60, 0x16, 0x42, 0x64, 0x47, 0xC8, 0x18,  // 光
    0x04, 0x00, 0x44, 0x7F, 0xC4, 0x00, 0x40, 0x04, 0x00, 0x40, 0x04, 0x00, 0x40, 0x0C, 0x00, 0x80, 0x00, 0x00,  // 广
    0x04, 0x07, 0xC4, 0x5B, 0xC1, 0x90, 0x29, 0x4D, 0xFC, 0x5D, 0x06, 0xD0, 0x4D, 0x45, 0xFC, 0xBF, 0xE0, 0xFC,  // 逛
    0x02, 0x0F, 0xE8, 0x4F, 0xC4, 0xAC, 0x6F, 0xCF, 0xAC, 0x4F, 0xC4, 0x78, 0x77, 0xCC, 0xBE, 0x1B, 0x62, 0x1C,  // 瑰
    0x60, 0x06, 0x7C, 0x74, 0xCF, 0xFC, 0x67, 0xCF, 0xFC, 0x46, 0xC7, 0x70, 0x53, 0x2D, 0x52, 0x89, 0xE2, 0x08,  // 规
    0x0C, 0x00, 0xC0, 0x7F, 0x80, 0xC0, 0x0C, 0x4F, 0xFC, 0x0C, 0x00, 0xC8, 0x7F, 0x80, 0xC0, 0x0C, 0x40, 0x00,  // 圭
    0x01, 0x01, 0xB0, 0xFF, 0xC4, 0x30, 0x43, 0x0F, 0xFE, 0xD3, 0x0D, 0x34, 0x5F, 0xCF, 0x30, 0xD3, 0x60, 0xFE,  // 硅
    0x10, 0x01, 0x04, 0x5F, 0xC5, 0x04, 0x50, 0x45, 0x7C, 0x50, 0x45, 0x04, 0x70, 0x42, 0xFC, 0x40, 0x48, 0x00,  // 归
    0x10, 0x03, 0x20, 0x3F, 0x04, 0x48, 0xFF, 0x84, 0x88, 0x7F, 0x84, 0x88, 0x7F, 0x84, 0x82, 0x0C, 0x60, 0x7C,  // 龟
    0x00, 0x02, 0xFC, 0xEC, 0x48, 0xF4, 0x9F, 0x4F, 0xFC, 0x8C, 0x4B, 0xF4, 0x8C, 0x4F, 0xFC, 0xC1, 0xC8, 0x08,  // 闺
    0x22, 0x06, 0x20, 0xFA, 0x04, 0x78, 0xEF, 0x8B, 0xE8, 0xA6, 0x83, 0xC8, 0xE4, 0x82, 0xC8, 0x28, 0xE3, 0x0C,  // 轨
    0x08, 0x05, 0x98, 0x4D, 0x84, 0xD8, 0x6D, 0x84, 0x98, 0x7F, 0x81, 0xF0, 0x16, 0x82, 0x7C, 0x47, 0xC8, 0x00,  // 鬼
    0x04, 0x04, 0x78, 0x69, 0x01, 0xB4, 0xD8, 0x06, 0xF8, 0x4E, 0x84, 0xE8, 0x5F, 0x87, 0xE0, 0x56, 0x62, 0x3C,  // 诡
    0x00, 0x07, 0xD8, 0xD6, 0xC7, 0x30, 0x63, 0x07, 0xFC, 0x88, 0xC7, 0xF8, 0x18, 0x01, 0x60, 0x31, 0x0C, 0x08,  // 癸
    0x42, 0x04, 0x20, 0x7F, 0xCF, 0x20, 0x42, 0x4F, 0xFC, 0xF2, 0x0C, 0x24, 0x4F, 0xC4, 0x20, 0x63, 0x64, 0x00,  // 桂
    0x60, 0x06, 0xFC, 0x7C, 0x0F, 0xC0, 0x6F, 0xC7, 0xCC, 0xFC, 0xCE, 0xFC, 0x6C, 0x06, 0xC0, 0x6F, 0xE6, 0x00,  // 柜
    0x06, 0x0F, 0x78, 0x9D, 0x89, 0xFE, 0xF8, 0x0E, 0xFC, 0xFE, 0x8E, 0xA8, 0xEB, 0x8F, 0xA4, 0xD3, 0xE2, 0x3C,  // 跪
    0x0C, 0x07, 0xF8, 0x6D, 0x87, 0xF8, 0x4C, 0xCF, 0xFC, 0x7F, 0x86, 0xD8, 0x69, 0x84, 0xF0, 0x13, 0x8E, 0x0C,  // 贵
    0x10, 0x43, 0x84, 0x6D, 0x44, 0x54, 0xF9, 0x40, 0x14, 0xFD, 0x43, 0x14, 0x69, 0x44, 0xC4, 0xFD, 0xC0, 0x0C,  // 刽
    0x40, 0x04, 0xFC, 0xFC, 0xCE, 0xFC, 0xEC, 0xCF, 0xD8, 0x2D, 0x42, 0xFC, 0xED, 0x8A, 0xD2, 0x2F, 0x62, 0x8C,  // 辊
    0x06, 0x04, 0x24, 0x5D, 0x0A, 0xC8, 0xFE, 0xC3, 0xD8, 0x4F, 0x84, 0x6C, 0xC9, 0x87, 0x98, 0xCE, 0xE4, 0xC4,  // 滚
    0x20, 0x06, 0xFC, 0x68, 0xCF, 0xFC, 0x6C, 0xC7, 0x98, 0xF9, 0x4E, 0xFC, 0x69, 0x06, 0x90, 0x6F, 0x66, 0x9C,  // 棍
    0x40, 0x04, 0x7C, 0xFC, 0xC8, 0x4C, 0xF7, 0xC4, 0xB4, 0xFF, 0xE4, 0xB4, 0x4D, 0xC7, 0xC4, 0x68, 0xC0, 0x84,  // 锅
    0x30, 0x03, 0x7E, 0xCF, 0x47, 0xF8, 0x4F, 0x84, 0xF8, 0xFF, 0xC1, 0xB4, 0xFF, 0x49, 0x3C, 0x33, 0x02, 0x20,  // 郭
    0x00, 0x0F, 0xFC, 0xC1, 0xCE, 0xCC, 0xC8, 0xCF, 0xFC, 0xCE, 0xCC, 0xBC, 0xFF, 0xCC, 0x0C, 0xFF, 0xCC, 0x08,  // 国
    0x00, 0x07, 0xF8, 0x6D, 0x87, 0xF8, 0x6D, 0x87, 0xF8, 0xFF, 0xC1, 0xE0, 0x3F, 0x06, 0xDC, 0x8C, 0xC0, 0x80,  // 果
    0x0C, 0x0F, 0xFC, 0x3F, 0x82, 0xD8, 0x2D, 0x83, 0xFC, 0xFF, 0xE3, 0xD8, 0xDD, 0xC3, 0x70, 0xFF, 0xC3, 0x0C,  // 裹
    0x01, 0x06, 0x10, 0x61, 0x41, 0xFC, 0x09, 0x0E, 0xD0, 0x4D, 0x04, 0x10, 0x41, 0x06, 0x30, 0x9F, 0xC0, 0x7C,  // 过
    0x02, 0x0A, 0x70, 0xE5, 0x0A, 0xD8, 0xA8, 0xEB, 0xFC, 0xA8, 0x8E, 0xF8, 0xA8, 0x88, 0x88, 0x0F, 0x80, 0x88,  // 哈
    0x01, 0x0D, 0x94, 0xFF, 0xCF, 0xB0, 0xFE, 0x8F, 0xF8, 0x51, 0x47, 0x2C, 0x75, 0x85, 0x3C, 0x76, 0x45, 0x80,  // 骸
    0x02, 0x0F, 0x34, 0x3F, 0xE6, 0x68, 0x65, 0x87, 0xF0, 0xE3, 0xCE, 0x6C, 0x69, 0x86, 0x3C, 0xEC, 0x45, 0x00,  // 孩
    0x0C, 0x04, 0x84, 0x5F, 0xCB, 0xF8, 0xFE, 0x85, 0xA8, 0x7F, 0xE5, 0x48, 0xD6, 0x8D, 0xFC, 0xC1, 0x8C, 0x30,  // 海
    0x60, 0x07, 0xFC, 0x7F, 0x0F, 0xF8, 0x11, 0x8F, 0xF0, 0x35, 0x07, 0xD8, 0x36, 0x86, 0xCA, 0xB3, 0xEC, 0x02,  // 氦
    0x08, 0x00, 0xC4, 0xFF, 0xC1, 0xA0, 0x33, 0x07, 0xE0, 0x6D, 0x81, 0xB0, 0x66, 0x08, 0xF0, 0x39, 0x84, 0x08,  // 亥
    0x08, 0x0F, 0xFC, 0xCC, 0xCF, 0xF8, 0x0D, 0x07, 0xF0, 0x0C, 0xCC, 0xD0, 0x3F, 0x02, 0x10, 0x3F, 0x06, 0x10,  // 害
    0x02, 0x0F, 0x34, 0x7F, 0xEF, 0x20, 0xE4, 0x8A, 0xF8, 0xFB, 0x01, 0x6C, 0xFD, 0x81, 0x38, 0x7C, 0xC7, 0x84,  // 骇
    0x00, 0x8F, 0xEC, 0x66, 0xCF, 0xFE, 0xFE, 0xCF, 0xEC, 0xFF, 0xC9, 0xEC, 0xFE, 0xC9, 0xEC, 0xFF, 0xC8, 0x48,  // 酣
    0x02, 0x05, 0xA4, 0xFF, 0xC7, 0x68, 0x5B, 0x87, 0x90, 0xFB, 0xC9, 0xC4, 0x7D, 0x8E, 0x5C, 0xBF, 0x41, 0xE0,  // 憨
    0x48, 0x04, 0xBE, 0x4F, 0x4F, 0xF8, 0x4B, 0x84, 0xBC, 0x7B, 0x44, 0xB6, 0x4B, 0xE7, 0xBC, 0x4B, 0x04, 0x30,  // 邯
    0x21, 0x02, 0x94, 0xFF, 0xEF, 0x90, 0xDF, 0xCF, 0x90, 0x8F, 0xEF, 0x94, 0x29, 0x4F, 0x9C, 0x21, 0x42, 0x10,  // 韩
    0x0C, 0x01, 0xC0, 0x12, 0x02, 0xDC, 0xC4, 0xE7, 0xF0, 0x02, 0x00, 0x60, 0x3F, 0x82, 0x10, 0x21, 0x02, 0x10,  // 含
    0x40, 0x86, 0x9C, 0x23, 0x0E, 0xA8, 0x7F, 0xE3, 0x74, 0x57, 0xCD, 0xAC, 0xD2, 0x45, 0x64, 0xDF, 0xC0, 0x04,  // 涵
    0x0C, 0x07, 0xFC, 0x9A, 0xCF, 0xF8, 0x12, 0x87, 0xF8, 0x1A, 0xC3, 0x30, 0x2D, 0x84, 0x4E, 0x8C, 0x00, 0x60,  // 寒
    0x00, 0x87, 0xF8, 0x06, 0x08, 0xD0, 0xFF, 0xCD, 0xC4, 0xDE, 0x4F, 0xF4, 0xED, 0xCC, 0xC4, 0xFF, 0xC0, 0x00,  // 函
    0x01, 0x00, 0x1C, 0xFB, 0x6B, 0x30, 0xBF, 0x4B, 0x1C, 0xBF, 0xCF, 0xB8, 0x9F, 0x83, 0xFA, 0x22, 0x64, 0xC2,  // 喊
    0x00, 0x07, 0xFC, 0xD3, 0x8B, 0x18, 0x40, 0x87, 0xF8, 0x0C, 0x00, 0xCC, 0x8C, 0x00, 0xC0, 0x0C, 0x00, 0xC0,  // 罕
    0x22, 0x07, 0xB0, 0xF5, 0x8F, 0xCE, 0x9F, 0xCF, 0x34, 0x9F, 0xCF, 0xFC, 0xFF, 0xC7, 0xF4, 0x6E, 0xC6, 0x48,  // 翰
    0x41, 0x04, 0x1C, 0x7F, 0xCF, 0xB4, 0x59, 0xC7, 0xF8, 0xDF, 0xAD, 0xFE, 0x66, 0x65, 0xEC, 0xFD, 0xE4, 0x78,  // 撼
    0x60, 0x06, 0xFC, 0x7C, 0xCF, 0xFC, 0x6C, 0xC6, 0xCC, 0xEF, 0xCE, 0x20, 0x7F, 0xE6, 0x20, 0xE2, 0x04, 0x20,  // 捍
    0x00, 0x87, 0xF8, 0x7F, 0x86, 0x18, 0x7F, 0x80, 0x08, 0x7F, 0x80, 0xC4, 0xFF, 0xE0, 0xC0, 0x0C, 0x00, 0xC0,  // 旱
    0x43, 0x84, 0x3C, 0x5F, 0xCF, 0x30, 0xFB, 0xC5, 0xF8, 0x5F, 0x86, 0xBC, 0x6E, 0x65, 0xA4, 0x7D, 0xC4, 0x70,  // 憾
    0x40, 0x04, 0xFC, 0x48, 0x8E, 0x88, 0xFF, 0x8C, 0x88, 0x5F, 0xC4, 0x24, 0x7F, 0xE4, 0x20, 0x42, 0x04, 0x20,  // 悍
    0x68, 0x86, 0xCC, 0x7C, 0x8F, 0xCC, 0xEF, 0xCC, 0x8C, 0x4F, 0xC4, 0x20, 0x7F, 0xEF, 0x20, 0x82, 0x00, 0x20,  // 焊
    0x00, 0x07, 0xFC, 0x22, 0x0A, 0x20, 0xE2, 0x07, 0xFE, 0x42, 0x04, 0x20, 0xC2, 0x04, 0x20, 0xC2, 0x00, 0x20,  // 汗
    0x00, 0x07, 0xF8, 0x68, 0x89, 0x98, 0xE9, 0x82, 0x50, 0x67, 0x04, 0x60, 0xC6, 0x0C, 0xD8, 0xD8, 0xC6, 0x00,  // 汉
    0x08, 0x00, 0x84, 0xFF, 0xC1, 0x20, 0x39, 0x86, 0x8E, 0x89, 0x07, 0xF8, 0x19, 0x01, 0x10, 0x67, 0x0C, 0x30,  // 夯
    0x42, 0x04, 0x20, 0x7F, 0xCF, 0x00, 0x47, 0x0E, 0x50, 0xF5, 0x0C, 0x50, 0x4D, 0x04, 0xD4, 0x49, 0xE7, 0x08,  // 杭
    0x22, 0x0F, 0x10, 0xFF, 0xEF, 0x80, 0xF7, 0x8F, 0x68, 0xF6, 0x8F, 0x68, 0xB6, 0x89, 0x4A, 0xBC, 0xE1, 0x84,  // 航
    0x42, 0x05, 0xFC, 0x4F, 0x86, 0xC8, 0x5F, 0xC5, 0x9C, 0x5F, 0x87, 0xFC, 0xFF, 0x8B, 0xFC, 0x3F, 0x40, 0x60,  // 壕
    0x06, 0x0F, 0xFC, 0xEF, 0x8E, 0xF8, 0xFF, 0xCF, 0xFE, 0xFE, 0x8F, 0xFC, 0x8E, 0x81, 0xEC, 0x1A, 0x60, 0x60,  // 嚎
    0x08, 0x0F, 0xFC, 0x3F, 0x03, 0xF0, 0x7F, 0x4C, 0x3C, 0xBF, 0x03, 0xB0, 0xFE, 0x0F, 0xD8, 0x74, 0xC8, 0xC0,  // 豪
    0x0C, 0x0F, 0xFC, 0x3F, 0x03, 0x10, 0x3F, 0x0F, 0xFE, 0x8F, 0xC7, 0x90, 0x7F, 0x80, 0xFC, 0xE8, 0x40, 0xFC,  // 毫
    0x10, 0x01, 0x3E, 0x7F, 0x41, 0x1C, 0xFF, 0x82, 0x98, 0xED, 0x4E, 0xF6, 0xEF, 0x64, 0xBC, 0xFB, 0x09, 0x30,  // 郝
    0x60, 0x06, 0xFC, 0x50, 0x8F, 0x10, 0x51, 0x05, 0x34, 0xFF, 0xCE, 0x10, 0x71, 0x07, 0x10, 0xC7, 0x00, 0x20,  // 好
    0x20, 0x82, 0x18, 0xFE, 0x07, 0x28, 0xF3, 0xCF, 0xE0, 0x62, 0x67, 0xF0, 0xFA, 0x0A, 0x24, 0x23, 0xE6, 0x1C,  // 耗
    0x01, 0x02, 0x18, 0x21, 0x03, 0xF0, 0x21, 0x4F, 0xFE, 0x10, 0x03, 0xF8, 0x01, 0x00, 0x10, 0x0F, 0x00, 0x60,  // 号
    0x02, 0x04, 0xA0, 0x5E, 0xCB, 0xA0, 0xF2, 0x07, 0xFE, 0x40, 0x04, 0xF8, 0xC8, 0x8C, 0x88, 0xDF, 0x8D, 0x88,  // 浩
    0x00, 0x0F, 0xFC, 0xE0, 0x8E, 0xE8, 0xEA, 0x8E, 0xA8, 0xEA, 0x8E, 0xE8, 0xAA, 0x88, 0x08, 0x03, 0x80, 0x18,  // 呵
    0x08, 0x8E, 0xCC, 0xAF, 0xCA, 0x8C, 0xAF, 0x8A, 0x44, 0xAF, 0xEF, 0xB4, 0xBD, 0xC0, 0xDC, 0x1F, 0xC0, 0x0C,  // 喝
    0x12, 0x0F, 0xFC, 0x12, 0x03, 0x24, 0x7F, 0xE7, 0x28, 0xDE, 0x8D, 0xA8, 0x5E, 0x85, 0xE8, 0x43, 0x84, 0x18,  // 荷
    0x12, 0x0F, 0xFC, 0x12, 0x05, 0x24, 0x7F, 0xCB, 0xE8, 0xFA, 0x85, 0xA8, 0x5E, 0x8D, 0xA8, 0xC3, 0x8C, 0x18,  // 菏
    0x62, 0x06, 0x34, 0x7F, 0xEF, 0x60, 0x65, 0x87, 0xF0, 0xFB, 0x4E, 0x6C, 0x6D, 0x87, 0x38, 0x6C, 0xC5, 0x84,  // 核
    0x01, 0x03, 0xF8, 0x0C, 0x00, 0xCC, 0xFF, 0xC1, 0xE0, 0x3E, 0x02, 0xD0, 0x4D, 0xC8, 0xCC, 0x0C, 0x00, 0x80,  // 禾
    0x00, 0x07, 0x80, 0xA3, 0xC2, 0xE4, 0xFE, 0x43, 0x24, 0x7A, 0x46, 0xE4, 0xA2, 0xC2, 0x3C, 0x26, 0x42, 0x00,  // 和
    0x20, 0x07, 0xFC, 0x40, 0x85, 0x28, 0xDE, 0x8D, 0x28, 0x52, 0x85, 0xE8, 0x52, 0x84, 0x08, 0x43, 0x84, 0x18,  // 何
    0x0C, 0x01, 0xC0, 0x12, 0x03, 0x30, 0x61, 0xCB, 0xFC, 0x00, 0x03, 0xF0, 0x21, 0x02, 0x10, 0x3F, 0x06, 0x10,  // 合
    0x0C, 0x00, 0xC0, 0x13, 0x07, 0xFE, 0xE1, 0x43, 0xF0, 0x3F, 0x02, 0x10, 0x7F, 0x85, 0xF8, 0x5F, 0xCF, 0xFC,  // 盒
    0x22, 0x06, 0x68, 0xFF, 0x8F, 0xF8, 0xEB, 0x0E, 0x38, 0x74, 0xEB, 0xFC, 0x54, 0x89, 0x48, 0x77, 0x82, 0x48,  // 貉
    0x40, 0x06, 0xFC, 0xA8, 0xCF, 0xFC, 0x9A, 0xC9, 0x6C, 0xBC, 0xC9, 0xBC, 0xB6, 0xC9, 0xBC, 0xA1, 0xC8, 0x08,  // 阂
    0x00, 0x07, 0xFE, 0x40, 0x8B, 0x28, 0xBE, 0x83, 0xA8, 0x5A, 0x85, 0xE8, 0xDA, 0x84, 0x08, 0xC3, 0x84, 0x18,  // 河
    0x40, 0x07, 0xFC, 0x32, 0x4F, 0xFC, 0xF2, 0x45, 0x74, 0x55, 0x4D, 0x54, 0xD7, 0x4D, 0x44, 0xDF, 0xC1, 0x04,  // 涸
    0x21, 0x02, 0x14, 0xFF, 0xC2, 0x10, 0xFF, 0xE7, 0x38, 0xFE, 0xCD, 0xEC, 0xDE, 0xE5, 0xE8, 0xB5, 0x81, 0x98,  // 赫
    0x40, 0x06, 0xFC, 0x2F, 0xCF, 0xCC, 0x7F, 0xC7, 0x64, 0xEF, 0xE7, 0xB4, 0x7F, 0xC4, 0xDC, 0x49, 0xC4, 0x0C,  // 褐
    0x21, 0x02, 0x34, 0xFF, 0xCF, 0xB4, 0x5A, 0xCF, 0xBC, 0xFE, 0xE5, 0x3E, 0x7D, 0xE5, 0xC6, 0x79, 0xC4, 0x0C,  // 鹤
    0x20, 0x02, 0xBC, 0xEA, 0x46, 0xA4, 0x5B, 0xCE, 0x28, 0x3F, 0x82, 0xC8, 0x2C, 0x82, 0xC8, 0x13, 0x8E, 0x08,  // 贺
    0x00, 0x0B, 0xFC, 0xBF, 0xCB, 0xF4, 0xBB, 0x4B, 0xFC, 0xBF, 0xCE, 0x24, 0x9F, 0xE0, 0x44, 0x15, 0x43, 0x54,  // 嘿
    0x00, 0x87, 0xF8, 0x7F, 0x85, 0xE8, 0x7F, 0x84, 0xC8, 0x7F, 0x80, 0xC4, 0xFF, 0xC5, 0x58, 0xDA, 0xC8, 0x24,  // 黑
    0x04, 0x04, 0x64, 0x70, 0x8F, 0xF8, 0xF8, 0x87, 0xF8, 0xF9, 0x8D, 0xCC, 0x5B, 0x85, 0xB0, 0x9D, 0xC1, 0x8C,  // 痕
    0x20, 0x02, 0xF8, 0x48, 0x8B, 0xF8, 0x68, 0x86, 0xF8, 0xEA, 0xC6, 0xAC, 0x6B, 0x06, 0x98, 0x6E, 0xE4, 0x84,  // 很
    0x00, 0x0B, 0xF8, 0x68, 0x8E, 0xF8, 0x28, 0x86, 0xF8, 0x6A, 0xCA, 0xAC, 0x29, 0x02, 0x98, 0xEE, 0xE4, 0x84,  // 狠
    0x40, 0x84, 0xF8, 0x48, 0x87, 0xF8, 0xF8, 0x8C, 0xF8, 0x4A, 0xC4, 0xAC, 0x4B, 0x04, 0x98, 0x4C, 0xE5, 0x84,  // 恨
    0x02, 0x0A, 0x36, 0xF8, 0xCA, 0xFC, 0xAC, 0xCA, 0xFC, 0xBF, 0xCE, 0x0C, 0xA3, 0x08, 0x30, 0x03, 0x00, 0x60,  // 哼
    0x08, 0x00, 0xC4, 0xFF, 0xC3, 0xF0, 0x21, 0x03, 0xF0, 0x7F, 0x80, 0x38, 0x0E, 0x00, 0xC0, 0x1C, 0x01, 0x80,  // 亨
    0x45, 0x04, 0x54, 0x7F, 0xCF, 0x5C, 0x5A, 0x8F, 0xFC, 0xFA, 0x8C, 0xF8, 0x4F, 0xC4, 0xD8, 0x5C, 0xC7, 0x04,  // 横
    0x28, 0x07, 0xFC, 0x94, 0x07, 0xE4, 0x7B, 0xE5, 0xE8, 0xDE, 0x8D, 0xE8, 0x7F, 0x84, 0xC8, 0x53, 0x86, 0x08,  // 衡
    0x40, 0x05, 0xFC, 0x40, 0x0E, 0xF8, 0xE8, 0x8C, 0x88, 0x4F, 0x84, 0x88, 0x4F, 0x84, 0x80, 0x40, 0x44, 0x00,  // 恒
    0x08, 0x0F, 0xFC, 0x3C, 0x06, 0xD8, 0x0C, 0x4F, 0xFC, 0x08, 0x8F, 0xF8, 0x73, 0x03, 0x30, 0x5F, 0xC1, 0x84,  // 轰
    0x05, 0x0A, 0x50, 0xE5, 0x0B, 0xFC, 0xA5, 0x0A, 0x50, 0xA5, 0x0F, 0xFE, 0xA5, 0x08, 0xC8, 0x18, 0xC2, 0x04,  // 哄
    0x65, 0x86, 0x58, 0x75, 0x87, 0xFC, 0xE5, 0x8C, 0x58, 0x45, 0x85, 0xFE, 0x74, 0x0D, 0xCC, 0x98, 0x42, 0x04,  // 烘
    0x20, 0x06, 0x04, 0xF7, 0xCF, 0x90, 0xF1, 0x0F, 0x10, 0xF9, 0x0F, 0x10, 0xF1, 0x07, 0x90, 0xCB, 0x60, 0x00,  // 虹
    0x01, 0x04, 0xF4, 0x3F, 0xCB, 0x7C, 0xD5, 0xC5, 0x78, 0x56, 0xC5, 0xFE, 0xE1, 0xE4, 0x04, 0xC1, 0xC4, 0x0C,  // 鸿
    0x4D, 0x06, 0xD0, 0x2D, 0x0B, 0xFC, 0xED, 0x06, 0xD0, 0x4D, 0x07, 0xFE, 0xCD, 0x04, 0xC8, 0xD0, 0xCE, 0x04,  // 洪
    0x0C, 0x00, 0x40, 0x7F, 0xEC, 0xCC, 0x88, 0x4F, 0xFE, 0x14, 0x03, 0x60, 0x2C, 0x04, 0x90, 0x9F, 0x81, 0x8C,  // 宏
    0x00, 0x0F, 0x90, 0x1B, 0x01, 0xB0, 0xFA, 0x08, 0x20, 0xF2, 0x01, 0x68, 0x14, 0x83, 0x4C, 0xEF, 0x46, 0x00,  // 弘
    0x00, 0x06, 0x04, 0x4F, 0xCD, 0x30, 0xB3, 0x0E, 0x30, 0x43, 0x0F, 0x30, 0xC3, 0x01, 0x30, 0xFF, 0xE0, 0x00,  // 红
    0x08, 0x0A, 0xF8, 0xE9, 0xCB, 0xFE, 0xBA, 0x0B, 0xFC, 0xAD, 0x0A, 0xFE, 0xEB, 0x88, 0xA8, 0x1E, 0xC1, 0xC6,  // 喉
    0x20, 0x06, 0xF8, 0x41, 0x47, 0xFE, 0xC8, 0x8D, 0xFC, 0x56, 0x47, 0xFE, 0x47, 0x04, 0xD0, 0x58, 0xE7, 0x04,  // 侯
    0x28, 0x0F, 0xB8, 0xD8, 0xCD, 0xFC, 0x76, 0x07, 0x7C, 0xFB, 0x0B, 0xFC, 0x33, 0x07, 0x28, 0xD4, 0xC5, 0x84,  // 猴
    0x00, 0x0B, 0xF8, 0xE5, 0x8A, 0x58, 0xAD, 0x8A, 0xF8, 0xBD, 0x8F, 0xD8, 0xAD, 0x88, 0xD8, 0x1D, 0xE0, 0x8C,  // 吼
    0x00, 0x47, 0xFC, 0x5F, 0x85, 0xF8, 0x51, 0x85, 0xF8, 0x5F, 0xC4, 0x30, 0xFF, 0xE8, 0x60, 0x0E, 0x00, 0x40,  // 厚
    0x20, 0x06, 0xF8, 0x61, 0xC7, 0xFE, 0xF4, 0x8D, 0xFC, 0x5A, 0x07, 0xFE, 0x73, 0x07, 0x58, 0x4C, 0xC7, 0x04,  // 候
    0x00, 0x07, 0xF8, 0x60, 0x06, 0x04, 0x7F, 0xC4, 0x00, 0x5F, 0x85, 0x08, 0x50, 0x8D, 0x08, 0x9F, 0x81, 0x00,  // 后
    0x00, 0xCF, 0xF8, 0xA3, 0x4A, 0xBC, 0xAF, 0x8A, 0x74, 0xBF, 0xEE, 0x30, 0xA3, 0x08, 0x30, 0x07, 0x00, 0x20,  // 呼
    0x01, 0x87, 0xF8, 0x0D, 0x82, 0xD8, 0x2F, 0x02, 0xE4, 0xFF, 0xE0, 0xC0, 0x0C, 0x00, 0xC0, 0x3C, 0x00, 0x80,  // 乎
    0x10, 0x03, 0x08, 0x3F, 0xC5, 0xA8, 0x96, 0x86, 0xC8, 0x1B, 0x86, 0x90, 0x3C, 0x8A, 0x54, 0xB1, 0x41, 0xF0,  // 忽
    0x00, 0x0F, 0xDC, 0x49, 0x45, 0xF4, 0x49, 0xCF, 0xD4, 0x5F, 0xC5, 0x54, 0x5F, 0x4F, 0xE4, 0x12, 0xC0, 0xCC,  // 瑚
    0x00, 0x00, 0xCC, 0x7F, 0xC0, 0xD8, 0x20, 0x0F, 0xFE, 0x9E, 0x8D, 0xE8, 0x3F, 0x03, 0xF0, 0x1E, 0x48, 0x00,  // 壶
    0x12, 0x0B, 0x6C, 0x32, 0x02, 0x7C, 0x6E, 0xC6, 0x6C, 0x36, 0xCF, 0xEC, 0x97, 0xCF, 0xCC, 0x99, 0xC3, 0x08,  // 葫
    0x20, 0x02, 0x7C, 0x2E, 0x4F, 0xE4, 0x27, 0xC3, 0x64, 0xFE, 0xC9, 0x6C, 0x94, 0x4F, 0xC4, 0x99, 0xC3, 0x08,  // 胡
    0x44, 0x04, 0x5E, 0xF5, 0x4F, 0xF4, 0xF5, 0x4F, 0xD4, 0xFF, 0xCE, 0xB4, 0x7F, 0x4F, 0xF4, 0x8E, 0xC0, 0x04,  // 蝴
    0x00, 0x0B, 0xBC, 0x4F, 0x0C, 0xB8, 0x6A, 0x86, 0xA8, 0xEA, 0x8A, 0xA8, 0x2B, 0x87, 0xBC, 0xF7, 0xC6, 0x04,  // 狐
    0x64, 0x07, 0x5C, 0xF5, 0x4F, 0xF4, 0xFD, 0xC6, 0xD4, 0xFF, 0xCF, 0xF4, 0xCF, 0x44, 0xF4, 0x42, 0xC4, 0x8C,  // 糊
    0x08, 0x04, 0x9C, 0x69, 0x4B, 0xFC, 0xE9, 0x44, 0xF4, 0x5F, 0xCD, 0x74, 0xD6, 0x4D, 0xE4, 0xD5, 0xC8, 0x80,  // 湖
    0x00, 0x8E, 0xFC, 0x2F, 0x0A, 0xB0, 0xEA, 0x88, 0xA8, 0xEA, 0x82, 0xA8, 0x3B, 0xC7, 0x7C, 0xF7, 0x6E, 0x00,  // 弧
    0x0C, 0x00, 0xF8, 0x4C, 0x47, 0xFC, 0x4F, 0x87, 0x8C, 0x4F, 0x85, 0xA0, 0x5A, 0x4D, 0xA4, 0x93, 0xE6, 0x1C,  // 虎
    0x02, 0x0A, 0x3C, 0xFE, 0x4A, 0xEC, 0xAB, 0xCA, 0xE4, 0xBB, 0xCF, 0xF8, 0xB5, 0x01, 0x50, 0x2D, 0xE5, 0x8C,  // 唬
    0x22, 0x06, 0x10, 0x7F, 0xCF, 0xC4, 0x6C, 0x47, 0xFC, 0xEC, 0x4E, 0xC0, 0x68, 0x06, 0x80, 0xF0, 0x06, 0x00,  // 护
    0x00, 0x0F, 0xFC, 0x10, 0x01, 0x10, 0x1F, 0x01, 0x10, 0x33, 0x03, 0xF0, 0x03, 0x00, 0x24, 0xFF, 0xE0, 0x00,  // 互
    0x02, 0x06, 0x30, 0x3F, 0xC8, 0x84, 0xE8, 0x42, 0x8C, 0x68, 0xC4, 0x80, 0x48, 0x05, 0x00, 0x70, 0x02, 0x00,  // 沪
    0x0C, 0x00, 0x40, 0x7F, 0xC6, 0x08, 0x60, 0x86, 0x08, 0x60, 0x84, 0x00, 0x40, 0x04, 0x00, 0x80, 0x00, 0x00,  // 户
    0x12, 0x01, 0x24, 0xFF, 0xC1, 0x20, 0x36, 0x02, 0x68, 0x67, 0x06, 0x60, 0xAE, 0x43, 0x64, 0x27, 0xE2, 0x00,  // 花
    0x05, 0x0E, 0xD4, 0xA9, 0xCB, 0x98, 0xBF, 0x4A, 0x9E, 0xAB, 0xCE, 0x20, 0xBF, 0xE0, 0x20, 0x02, 0x00, 0x20,  // 哗
    0x14, 0x03, 0x6C, 0x27, 0xC6, 0x70, 0xAE, 0x42, 0x7E, 0x27, 0xC0, 0xC4, 0xFF, 0xE0, 0xC0, 0x0C, 0x00, 0xC0,  // 华
    0x00, 0x8E, 0xC8, 0x6F, 0x8E, 0xA8, 0x3F, 0xE7, 0xFC, 0x68, 0x8A, 0xF8, 0x2F, 0x82, 0x88, 0xE9, 0x84, 0x88,  // 猾
    0x00, 0x04, 0xF8, 0x4E, 0x8B, 0xA8, 0xFF, 0xE7, 0x9C, 0x59, 0x8D, 0xF8, 0xD9, 0x8D, 0x98, 0xDB, 0x81, 0x90,  // 滑
    0x00, 0x4F, 0xFC, 0x02, 0x03, 0xF0, 0xFF, 0xCF, 0xFC, 0xFF, 0xCF, 0xFC, 0xFF, 0xCE, 0x2C, 0xFF, 0xC0, 0x08,  // 画
    0x20, 0x42, 0x84, 0x29, 0x43, 0xD4, 0xE1, 0x42, 0xD4, 0x29, 0x43, 0x14, 0x35, 0x47, 0xC4, 0xCD, 0xC0, 0x4C,  // 划
    0x34, 0x03, 0x40, 0x24, 0x06, 0x4C, 0xE5, 0x8E, 0x70, 0x66, 0x06, 0xC0, 0x74, 0x46, 0x44, 0x67, 0xE4, 0x10,  // 化
    0x00, 0x84, 0xF8, 0x42, 0x00, 0x20, 0xFF, 0xE4, 0x20, 0x4A, 0x84, 0xCC, 0x58, 0xC6, 0x8C, 0x6F, 0xC4, 0x88,  // 话
    0x42, 0x04, 0xEC, 0x7B, 0xCF, 0xAC, 0x5F, 0xCF, 0xAC, 0xFF, 0xC4, 0x78, 0x47, 0xC4, 0xFC, 0x5B, 0x66, 0x1C,  // 槐
    0x20, 0x07, 0xFC, 0xD8, 0x4B, 0xD4, 0x7F, 0x45, 0xD4, 0xDD, 0x45, 0xF4, 0x5D, 0x45, 0x84, 0x5F, 0xC5, 0x84,  // 徊
    0x40, 0x05, 0xFC, 0x43, 0x06, 0x20, 0xF6, 0x0C, 0x68, 0x4A, 0xC5, 0x24, 0x72, 0x04, 0x20, 0x42, 0x04, 0x20,  // 怀
    0x06, 0x06, 0xD0, 0x39, 0x4B, 0xFC, 0xF9, 0x43, 0xFC, 0x69, 0x04, 0xFC, 0xC9, 0x04, 0x90, 0xCF, 0xE4, 0x80,  // 淮
    0x40, 0x05, 0xFE, 0x42, 0x07, 0x20, 0x66, 0x04, 0x68, 0x4E, 0xC4, 0xA4, 0xF2, 0x4B, 0x20, 0x22, 0x00, 0x20,  // 坏
    0x06, 0x00, 0x40, 0xF4, 0x43, 0xFC, 0xAB, 0x87, 0x30, 0x63, 0x06, 0x70, 0x75, 0x89, 0x48, 0x18, 0xC2, 0x04,  // 欢
    0x00, 0x4F, 0xFE, 0x63, 0x06, 0x20, 0x77, 0x0E, 0x78, 0x6A, 0x47, 0x26, 0x72, 0x0C, 0x20, 0x02, 0x00, 0x20,  // 环
    0x40, 0x05, 0xFC, 0x60, 0x0F, 0xFC, 0x48, 0x8E, 0xC8, 0xFC, 0x84, 0x88, 0x4F, 0x84, 0x88, 0x40, 0x64, 0x00,  // 桓
    0x00, 0x05, 0xFC, 0x43, 0x00, 0x60, 0x46, 0x0C, 0xE8, 0x5A, 0xC5, 0x24, 0x42, 0x04, 0x20, 0xBF, 0xE0, 0x7C,  // 还
    0x00, 0x86, 0xFC, 0x4A, 0xCB, 0xA8, 0xEF, 0xC6, 0x64, 0x5F, 0xCE, 0xF8, 0x1F, 0x8F, 0x30, 0xA7, 0xC1, 0x84,  // 缓
    0x44, 0x04, 0x78, 0x6D, 0x0F, 0xB0, 0x7F, 0xC7, 0xA8, 0xCA, 0x8F, 0xFE, 0x47, 0x04, 0x50, 0xC8, 0xCF, 0x04,  // 换
    0x0C, 0x07, 0xF8, 0x4C, 0x87, 0xF8, 0xCC, 0x8C, 0xCC, 0xFF, 0xC0, 0xC0, 0xBC, 0x8A, 0x54, 0xBF, 0x61, 0xE0,  // 患
    0x04, 0x02, 0x78, 0xE9, 0x0B, 0xA8, 0xBF, 0xCA, 0xA8, 0xAA, 0x8F, 0xFE, 0xA7, 0x00, 0x50, 0x08, 0xC3, 0x04,  // 唤
    0x04, 0x07, 0xFC, 0x6C, 0x0E, 0xF0, 0xFB, 0x87, 0xF8, 0xFA, 0x8F, 0xEC, 0x7F, 0xC4, 0x50, 0x89, 0xE3, 0x04,  // 痪
    0x08, 0x02, 0xB0, 0x3B, 0x81, 0x84, 0xFF, 0xC3, 0xFC, 0xD9, 0xC7, 0xF0, 0xFE, 0x07, 0xD8, 0x64, 0xC9, 0xC0,  // 豢
    0x46, 0x04, 0x70, 0x6D, 0x07, 0xA0, 0xFF, 0xCC, 0xA8, 0x4A, 0x85, 0xFE, 0x67, 0x0B, 0x50, 0x88, 0xC3, 0x04,  // 焕
    0x04, 0x04, 0xF0, 0x7B, 0x0B, 0x20, 0xFF, 0xC7, 0x28, 0x52, 0x87, 0xFE, 0xC7, 0x0C, 0xD0, 0xC8, 0xC7, 0x04,  // 涣
    0x08, 0x08, 0xC4, 0xC0, 0xEC, 0x18, 0x7F, 0x84, 0xC0, 0x7F, 0x84, 0x18, 0x7F, 0x84, 0xC0, 0x4C, 0x47, 0xFC,  // 宦
    0x20, 0x02, 0x04, 0x67, 0xC4, 0x84, 0xD8, 0x4F, 0x04, 0x30, 0x43, 0x04, 0x48, 0x4F, 0xCC, 0xCF, 0xC0, 0x08,  // 幻
    0x13, 0x0F, 0xFC, 0x1B, 0x00, 0x44, 0xFF, 0xC2, 0x08, 0x3F, 0x82, 0xD0, 0x2D, 0x02, 0xD0, 0x6D, 0xE8, 0xCC,  // 荒
    0x45, 0x04, 0xDC, 0x7F, 0x8E, 0xF0, 0xFF, 0xEC, 0x80, 0x4F, 0xC4, 0xA8, 0x4A, 0x84, 0xA8, 0x52, 0xE6, 0x2C,  // 慌
    0x12, 0x01, 0x2C, 0xFF, 0xCF, 0xFE, 0x0C, 0x07, 0xF8, 0x6D, 0x87, 0xF8, 0x6D, 0x87, 0x70, 0x71, 0x8C, 0x0C,  // 黄
    0x05, 0x0F, 0x5C, 0x4F, 0xC4, 0x5C, 0xFB, 0xCE, 0xFC, 0xEA, 0xCE, 0xFC, 0xEB, 0xCE, 0xF8, 0xCC, 0xC1, 0x04,  // 磺
    0x43, 0x06, 0x74, 0xF4, 0xCF, 0x7C, 0xF4, 0x4F, 0x7C, 0xF4, 0x4F, 0xFC, 0x71, 0x47, 0xFC, 0x91, 0x00, 0xFE,  // 蝗
    0x22, 0x07, 0xFC, 0xFD, 0x09, 0xB8, 0x7F, 0xCF, 0xFE, 0x7F, 0x86, 0xD8, 0x7F, 0x87, 0xF8, 0x33, 0x8C, 0x0C,  // 簧
    0x08, 0x02, 0x98, 0x61, 0x87, 0xF8, 0x61, 0x87, 0xF8, 0x60, 0xC7, 0xF8, 0x0D, 0x80, 0xC0, 0x0C, 0x4F, 0xFC,  // 皇
    0x00, 0x07, 0xF8, 0x5E, 0x85, 0x38, 0x5E, 0x85, 0x28, 0x52, 0x87, 0xF8, 0x4E, 0xAD, 0xCE, 0xFF, 0xE0, 0x02,  // 凰
    0x42, 0x04, 0xEC, 0x48, 0xC6, 0xFC, 0xF8, 0xCC, 0xFC, 0x48, 0x45, 0xFC, 0x42, 0xC4, 0xF8, 0x42, 0x64, 0x00,  // 惶
    0x62, 0x06, 0xA8, 0x6C, 0xC7, 0xFC, 0xE8, 0xCE, 0xFC, 0xC8, 0x44, 0xFC, 0x73, 0xC7, 0xF8, 0x82, 0x61, 0xFC,  // 煌
    0x00, 0x07, 0xF8, 0x7F, 0x84, 0x18, 0x7F, 0x86, 0xD8, 0x2F, 0x0F, 0xFE, 0x16, 0x03, 0x64, 0x66, 0x4C, 0x3C,  // 晃
    0x40, 0x04, 0xFC, 0xFF, 0xCF, 0x8C, 0xFF, 0x8F, 0xAC, 0xF7, 0xCF, 0xFC, 0xF5, 0x04, 0x54, 0x49, 0xE7, 0x0C,  // 幌
    0x42, 0x04, 0x2C, 0x4A, 0xCE, 0xF8, 0xF3, 0x4F, 0xFE, 0x45, 0x04, 0xD0, 0x4D, 0x04, 0x94, 0x51, 0xE6, 0x18,  // 恍
    0x05, 0x04, 0xDE, 0x5F, 0x80, 0x70, 0xFF, 0xE4, 0x88, 0x4F, 0xC4, 0xF8, 0x7B, 0x86, 0xBA, 0x53, 0xE2, 0x2C,  // 谎
    0x10, 0x01, 0x04, 0xFF, 0xC3, 0x40, 0x24, 0x03, 0x58, 0x77, 0x07, 0xE0, 0x8B, 0x01, 0x98, 0x30, 0xC4, 0x00,  // 灰
    0x40, 0x04, 0xFE, 0x7A, 0x4F, 0x64, 0x4F, 0xC7, 0xF0, 0xEF, 0xCC, 0xB0, 0x43, 0x65, 0x30, 0xC3, 0x04, 0x30,  // 挥
    0x60, 0x07, 0xFE, 0xFB, 0x4F, 0x7C, 0xE7, 0x0F, 0x50, 0x67, 0xC6, 0x10, 0x7F, 0xEB, 0x10, 0xA1, 0x00, 0x10,  // 辉
    0x48, 0x85, 0xF8, 0xBF, 0x07, 0xFE, 0x7F, 0xCD, 0xFC, 0xDD, 0x85, 0xF8, 0x7F, 0x87, 0xF8, 0xFB, 0xEC, 0xC0,  // 徽
    0x44, 0x04, 0x44, 0x5F, 0xEE, 0xE0, 0xEB, 0x0C, 0xEC, 0x5F, 0x85, 0xF0, 0x67, 0x84, 0x48, 0x48, 0xE7, 0x00,  // 恢
    0x20, 0x06, 0xFC, 0xFC, 0x4F, 0xFC, 0xFF, 0xCF, 0xFC, 0xFF, 0xCF, 0xFC, 0x7F, 0x47, 0xC4, 0xCF, 0xC0, 0xC4,  // 蛔
    0x00, 0x07, 0xFC, 0x40, 0x85, 0xE8, 0x52, 0x85, 0x28, 0x52, 0x85, 0xA8, 0x40, 0x87, 0xF8, 0x40, 0xC0, 0x00,  // 回
    0x00, 0x0F, 0xB8, 0x8A, 0x8F, 0xEC, 0x8C, 0xEF, 0xFC, 0x8A, 0xCF, 0xA8, 0x23, 0x83, 0xB8, 0xE6, 0xC1, 0x84,  // 毁
    0x44, 0x04, 0xCC, 0x68, 0x0F, 0xF8, 0xCE, 0x84, 0xA8, 0x7F, 0xE4, 0xA8, 0x4A, 0x85, 0xFE, 0x43, 0x84, 0x30,  // 悔
    0x21, 0x0F, 0xFC, 0x21, 0x4F, 0xFC, 0xFF, 0xC6, 0x38, 0x40, 0x87, 0xF8, 0x7F, 0x83, 0xD8, 0xB3, 0x49, 0xE0,  // 慧
    0x00, 0x00, 0xC0, 0xFF, 0xC0, 0xC0, 0x3D, 0x02, 0x90, 0xFF, 0xE2, 0x10, 0x21, 0x02, 0x10, 0x41, 0x08, 0x10,  // 卉
    0x00, 0x0F, 0xFC, 0x4D, 0x87, 0xF8, 0x7F, 0x86, 0xC8, 0x7F, 0x8F, 0xF8, 0x68, 0xC3, 0xDC, 0xB1, 0x49, 0xF0,  // 惠
    0x04, 0x0E, 0x44, 0xAF, 0xCB, 0xF8, 0xBA, 0xCE, 0xA8, 0xBF, 0xEA, 0xA8, 0xAA, 0x8B, 0xFC, 0x81, 0x80, 0x18,  // 晦
    0x01, 0x0F, 0x34, 0x9F, 0xEF, 0x60, 0xF7, 0xCF, 0xE4, 0xFF, 0xCD, 0x64, 0xF7, 0xC7, 0x64, 0x96, 0xC0, 0x48,  // 贿
    0x01, 0x07, 0xD6, 0x6D, 0x67, 0xD4, 0xFF, 0xC6, 0x20, 0xF7, 0xCE, 0x6C, 0xEA, 0x87, 0x10, 0x62, 0x07, 0xC0,  // 秽
    0x0C, 0x01, 0xC0, 0x12, 0x03, 0x30, 0x63, 0xCF, 0xEC, 0x00, 0x8F, 0xFC, 0x18, 0x03, 0x30, 0x7F, 0x86, 0x08,  // 会
    0x42, 0x06, 0x70, 0x75, 0x07, 0xCC, 0xE8, 0xED, 0xF8, 0x40, 0x45, 0xFC, 0x66, 0x07, 0x48, 0x9F, 0xC0, 0xCC,  // 烩
    0x00, 0x04, 0xFC, 0x58, 0x0A, 0x80, 0xE8, 0x06, 0x80, 0x48, 0x04, 0x80, 0xC8, 0x0C, 0x80, 0xDF, 0xC0, 0x00,  // 汇
    0x02, 0x04, 0x20, 0x7F, 0xE0, 0x20, 0x4F, 0xC4, 0x20, 0x5F, 0xC4, 0x24, 0x52, 0x46, 0x3C, 0x62, 0x84, 0x20,  // 讳
    0x04, 0x06, 0xC4, 0x48, 0x01, 0xFC, 0xFA, 0x84, 0xAC, 0x7F, 0xE4, 0xA8, 0x6A, 0x87, 0xFE, 0xC3, 0x84, 0x10,  // 诲
    0x02, 0x06, 0x60, 0x55, 0x0B, 0xD8, 0xE9, 0xEF, 0xFC, 0x40, 0x0F, 0xFC, 0x84, 0x07, 0xD8, 0xDF, 0xC1, 0x8C,  // 绘
    0x12, 0x0F, 0xFC, 0x12, 0x0F, 0xFE, 0x98, 0xC7, 0xF8, 0x3C, 0x07, 0xD8, 0x2C, 0x4F, 0xFE, 0x0C, 0x00, 0xC0,  // 荤
    0x01, 0x87, 0xE0, 0x44, 0x87, 0xFC, 0x46, 0x0F, 0x34, 0xFF, 0xE2, 0x10, 0x3F, 0x02, 0x10, 0x3F, 0x02, 0x10,  // 昏
    0x40, 0x04, 0xF8, 0x4B, 0x0F, 0xFE, 0x69, 0x0E, 0xCE, 0xA8, 0xEA, 0xFC, 0x6F, 0x87, 0xC8, 0x9F, 0x80, 0x88,  // 婚
    0x02, 0x02, 0xEC, 0xFA, 0xC0, 0xAC, 0xFF, 0xC4, 0xAC, 0xCF, 0xCA, 0x78, 0xF7, 0xC8, 0xFE, 0x1B, 0xE2, 0x1C,  // 魂
    0x40, 0x45, 0x6E, 0x36, 0x4B, 0xFC, 0xCA, 0x04, 0xA0, 0x5F, 0xC4, 0x20, 0xFF, 0xEC, 0x20, 0xC2, 0x04, 0x20,  // 浑
    0x00, 0x05, 0xFC, 0x78, 0x8B, 0xF8, 0xFF, 0x87, 0x98, 0x59, 0x45, 0xFC, 0xD9, 0x05, 0xB0, 0xDD, 0xE5, 0x1C,  // 混
    0x20, 0x0B, 0xAC, 0xBF, 0x4F, 0xD0, 0x33, 0x8F, 0xAC, 0xFC, 0x62, 0xFC, 0xFA, 0x89, 0x28, 0xF7, 0x89, 0x68,  // 豁
    0x00, 0x85, 0xF8, 0x62, 0x0A, 0x24, 0xFF, 0xE2, 0x20, 0x42, 0x84, 0xFC, 0xC8, 0x84, 0x88, 0xDF, 0x84, 0x88,  // 活
    0x22, 0x03, 0x20, 0x22, 0x06, 0x2C, 0x6A, 0xCD, 0xF0, 0x57, 0x04, 0x50, 0x45, 0x04, 0xC8, 0x78, 0xE6, 0x00,  // 伙
    0x08, 0x00, 0xC0, 0x0C, 0x00, 0xC8, 0x2D, 0x86, 0xF0, 0x4E, 0x00, 0xA0, 0x1B, 0x03, 0x18, 0x60, 0xC8, 0x00,  // 火
    0x12, 0x0F, 0xFE, 0x12, 0x01, 0x30, 0x73, 0x86, 0x2C, 0xBF, 0xC7, 0x70, 0x75, 0x0B, 0x58, 0x78, 0xC3, 0x00,  // 获
    0x04, 0x00, 0x58, 0xFF, 0xC0, 0x60, 0x5E, 0x85, 0xF8, 0x53, 0x87, 0xB0, 0x43, 0x07, 0xF4, 0xCC, 0xC1, 0x04,  // 或
    0x07, 0x00, 0x4C, 0xFF, 0xC4, 0xE8, 0x4B, 0x87, 0xB0, 0x4F, 0x4F, 0x6C, 0x3C, 0xC7, 0x5C, 0xF7, 0x41, 0xE0,  // 惑
    0x01, 0x87, 0xFC, 0xFF, 0xEB, 0xF8, 0x3B, 0x02, 0x48, 0x7F, 0xCF, 0xF8, 0xC4, 0x87, 0xF8, 0x7F, 0xC4, 0x00,  // 霍
    0x04, 0x03, 0x5C, 0x67, 0x0F, 0xC4, 0x27, 0xE2, 0x10, 0x3F, 0x82, 0xD0, 0x29, 0x02, 0xF0, 0x11, 0x8E, 0x0C,  // 货
    0x40, 0x06, 0x7C, 0x24, 0xCF, 0x4C, 0x2F, 0xC6, 0x34, 0xFF, 0xEF, 0xB4, 0x4B, 0xC4, 0xCC, 0x48, 0xC4, 0x8C,  // 祸
    0x0C, 0x00, 0xC0, 0x7F, 0x80, 0xC0, 0x0C, 0x0F, 0xFE, 0x0C, 0x04, 0xC8, 0x4C, 0x84, 0xC8, 0x7F, 0x84, 0x08,  // 击
    0x40, 0x05, 0xF8, 0x4D, 0x04, 0xD0, 0xFF, 0xC4, 0xEC, 0x4C, 0x85, 0xB8, 0xFB, 0x09, 0x38, 0x26, 0xC5, 0x84,  // 圾
    0x00, 0x03, 0x3C, 0xFF, 0x83, 0xF0, 0x3F, 0x03, 0x34, 0xFF, 0xC2, 0xD0, 0x6D, 0xCB, 0xE4, 0x0C, 0x8F, 0xF8,  // 基
    0x40, 0x06, 0xF8, 0x7C, 0x8F, 0xC8, 0x64, 0x8F, 0x48, 0xF4, 0x8E, 0xC8, 0x6C, 0x86, 0x8A, 0x78, 0xE6, 0x00,  // 机
    0x02, 0x01, 0x2C, 0xF7, 0xCD, 0x78, 0xDC, 0xCF, 0xFC, 0xDE, 0x8D, 0xE8, 0xFE, 0x89, 0xE8, 0x01, 0x80, 0x18,  // 畸
    0x12, 0x0F, 0x2C, 0x3F, 0xE7, 0x56, 0x7D, 0xC6, 0xFC, 0x7F, 0xCF, 0xF8, 0xAC, 0xC2, 0xFC, 0x2C, 0xC6, 0xC8,  // 稽
    0x10, 0x0F, 0x7C, 0x24, 0x47, 0xC4, 0xFC, 0x46, 0x4C, 0x7F, 0xCE, 0x40, 0x26, 0x82, 0xCC, 0x38, 0x63, 0x00,  // 积
    0x22, 0x07, 0xFC, 0x75, 0x0B, 0x10, 0xFF, 0xC3, 0x30, 0x33, 0x03, 0xF0, 0xFF, 0xE3, 0x20, 0x73, 0x8C, 0x08,  // 箕
    0x00, 0x0F, 0x78, 0xF5, 0x8F, 0x58, 0xF5, 0x8F, 0x58, 0xF5, 0x8B, 0xD8, 0xBD, 0xAB, 0x9A, 0x78, 0xE1, 0x00,  // 肌
    0x40, 0x04, 0x78, 0xFD, 0x89, 0xD8, 0xE5, 0x84, 0x58, 0x4D, 0x84, 0xD8, 0x79, 0x86, 0x9A, 0x50, 0xE2, 0x00,  // 饥
    0x00, 0x0C, 0x24, 0x7F, 0xE0, 0x50, 0x1D, 0x05, 0xDC, 0x55, 0x45, 0x54, 0x69, 0x05, 0xB0, 0xF1, 0x09, 0xFC,  // 迹
    0x09, 0x85, 0xD0, 0x75, 0x43, 0xFE, 0xF7, 0xCD, 0xF8, 0x7F, 0x8D, 0xD8, 0x95, 0x89, 0x58, 0xAE, 0xEC, 0x40,  // 激
    0x00, 0x04, 0xF8, 0x49, 0x80, 0x90, 0xC9, 0x04, 0x90, 0x49, 0x04, 0x90, 0x79, 0x27, 0x9A, 0xD1, 0xE6, 0x00,  // 讥
    0x02, 0x01, 0x6C, 0xFE, 0xC3, 0xEC, 0xAE, 0x86, 0xF8, 0x6D, 0xE6, 0xFE, 0x71, 0xE9, 0x04, 0x81, 0xC0, 0x0C,  // 鸡
    0x40, 0x04, 0xFE, 0x59, 0x0F, 0x90, 0x7F, 0xCE, 0xEC, 0xAE, 0xCA, 0xFC, 0x6D, 0x07, 0x90, 0xD9, 0x48, 0xFC,  // 姬
    0x23, 0x06, 0xFC, 0x53, 0x4B, 0xFC, 0xFF, 0xE4, 0x8C, 0x4F, 0xCE, 0xBC, 0x0A, 0xCE, 0xE8, 0x84, 0xC1, 0x84,  // 绩
    0x40, 0x84, 0xC8, 0xFC, 0x8B, 0xF8, 0xFF, 0xC4, 0x88, 0xCF, 0x8E, 0xF8, 0x18, 0xCF, 0xFC, 0x00, 0x80, 0x08,  // 缉
    0x0C, 0x00, 0xC0, 0x0C, 0xC0, 0xC0, 0x0C, 0x87, 0xF8, 0x00, 0x03, 0xF8, 0x21, 0x02, 0x10, 0x3F, 0x02, 0x10,  // 吉
    0x60, 0x05, 0xF8, 0x74, 0x8F, 0x50, 0x45, 0x4E, 0x5C, 0xFE, 0x84, 0xA8, 0x4B, 0x85, 0xB8, 0x76, 0xE6, 0x84,  // 极
    0x21, 0x02, 0x94, 0xFF, 0xCA, 0xFC, 0xFF, 0xCA, 0xD4, 0xBF, 0xCF, 0x78, 0x77, 0x8A, 0xDC, 0x29, 0x62, 0x10,  // 棘
    0x60, 0x04, 0x78, 0xFC, 0x8C, 0x78, 0xFF, 0xCF, 0xC8, 0x27, 0x83, 0xF8, 0xE4, 0x83, 0xFE, 0x20, 0x86, 0x08,  // 辑
    0x42, 0x07, 0xFC, 0xBD, 0x03, 0xBC, 0xFF, 0xC7, 0x3C, 0x7F, 0xCF, 0xFC, 0x64, 0x8F, 0x78, 0xA7, 0x82, 0x48,  // 籍
    0x3C, 0x02, 0x48, 0x7F, 0x8F, 0xF8, 0xA4, 0x83, 0xF8, 0x7F, 0xC0, 0xC4, 0xFF, 0xC3, 0xF0, 0x6D, 0xE0, 0xC0,  // 集
    0x00, 0x0F, 0xF0, 0x13, 0x01, 0x20, 0x17, 0x83, 0x98, 0x29, 0x02, 0xF0, 0x66, 0x04, 0xF0, 0xB9, 0xC4, 0x00,  // 及
    0x10, 0x01, 0xF0, 0x27, 0x07, 0xF8, 0x80, 0x83, 0xF8, 0x00, 0x87, 0xF8, 0x3C, 0x8A, 0x54, 0xB3, 0x61, 0xF0,  // 急
    0x04, 0x04, 0x6C, 0x7F, 0xCE, 0xC0, 0xEF, 0x87, 0x60, 0xF6, 0x4F, 0xFC, 0x47, 0x04, 0x90, 0x98, 0xE6, 0x04,  // 疾
    0x00, 0x05, 0xF8, 0x4D, 0x0A, 0xD0, 0xAF, 0xC4, 0xC8, 0x4D, 0x8D, 0xB8, 0xD3, 0x0D, 0x30, 0xEC, 0xC5, 0x04,  // 汲
    0x08, 0x05, 0xBC, 0x4A, 0x47, 0xA4, 0x4A, 0x47, 0xA4, 0x4A, 0x45, 0x24, 0x5B, 0xCE, 0xA8, 0x82, 0x00, 0x20,  // 即
    0x41, 0x04, 0x14, 0x4F, 0xCF, 0xF0, 0xFF, 0xCA, 0xF0, 0xBD, 0x4B, 0xFC, 0xEB, 0x86, 0xA8, 0xB6, 0xE3, 0x84,  // 嫉
    0x20, 0x06, 0xFC, 0x54, 0x8B, 0x58, 0xE7, 0x46, 0x7C, 0xCE, 0x8E, 0xB8, 0x1B, 0x0F, 0xB8, 0xB6, 0xE5, 0x84,  // 级
    0x42, 0x04, 0x24, 0x7F, 0xCF, 0x58, 0x43, 0x06, 0x78, 0xDC, 0xC4, 0x48, 0x44, 0x84, 0xC8, 0xC8, 0x85, 0x00,  // 挤
    0x00, 0x03, 0xF0, 0x22, 0x02, 0x20, 0x22, 0x02, 0x20, 0x22, 0x02, 0x20, 0x22, 0x44, 0x34, 0x83, 0xC0, 0x00,  // 几
    0x0C, 0x86, 0x98, 0x3F, 0x0F, 0xFC, 0xB3, 0xC7, 0xFE, 0xA1, 0x03, 0xF0, 0x21, 0x03, 0xF0, 0x23, 0x02, 0x30,  // 脊
    0x00, 0x07, 0xF8, 0x01, 0x80, 0x18, 0x01, 0x87, 0xF8, 0x40, 0x04, 0x00, 0x40, 0x44, 0x04, 0x7F, 0xC0, 0x00,  // 己
    0x12, 0x0F, 0xFE, 0x12, 0x06, 0x8C, 0x79, 0x4F, 0xD4, 0xD5, 0x47, 0xD4, 0x7D, 0x44, 0x44, 0xF9, 0xC8, 0x08,  // 蓟
    0x62, 0x06, 0x20, 0x7F, 0xCF, 0x20, 0x62, 0x07, 0xFC, 0xE5, 0x8E, 0x58, 0x67, 0x06, 0x30, 0xCD, 0xCF, 0x04,  // 技
    0x12, 0x0F, 0x3C, 0x12, 0x4F, 0x3C, 0x7F, 0x87, 0xF8, 0x7F, 0x87, 0x38, 0x7F, 0xCF, 0xFE, 0x33, 0x8C, 0x0C,  // 冀
    0x03, 0x07, 0xC0, 0x0C, 0x4B, 0xF0, 0x3F, 0x06, 0xDC, 0xBF, 0x00, 0xE0, 0xFF, 0xC0, 0xC0, 0x1C, 0x00, 0x80,  // 季
    0x22, 0x02, 0x20, 0x7F, 0xC4, 0x20, 0xC2, 0x0D, 0xF8, 0x41, 0x84, 0x50, 0x47, 0x04, 0x70, 0x4D, 0xC7, 0x0C,  // 伎
    0x20, 0x07, 0xF8, 0x7C, 0x8F, 0xB0, 0xF3, 0x07, 0x7C, 0x60, 0xCF, 0xF8, 0x2C, 0x03, 0xD8, 0x5C, 0x80, 0x80,  // 祭
    0x10, 0x41, 0x44, 0xFF, 0x47, 0x94, 0x39, 0x46, 0xD4, 0xAD, 0x42, 0x94, 0x29, 0x46, 0x84, 0x48, 0xC8, 0x8C,  // 剂
    0x41, 0x84, 0xE0, 0x42, 0x4F, 0xFC, 0xEF, 0x8D, 0x2E, 0x7F, 0x84, 0x30, 0x7F, 0xE4, 0x20, 0x42, 0x04, 0x60,  // 悸
    0x06, 0x04, 0x24, 0x5F, 0xCA, 0xF0, 0xE6, 0x0C, 0xFC, 0x79, 0xCC, 0x98, 0xC9, 0x0C, 0x90, 0xD1, 0x0E, 0x10,  // 济
    0x08, 0x0F, 0xFC, 0x8C, 0xCF, 0xF8, 0x1E, 0x07, 0x34, 0xFF, 0xC7, 0xD0, 0x65, 0x07, 0xD0, 0x67, 0x00, 0x30,  // 寄
    0x08, 0x00, 0xC4, 0xFF, 0xEA, 0x08, 0x3F, 0xC2, 0x28, 0xFE, 0x8A, 0x38, 0xE9, 0x8A, 0xB8, 0x66, 0xC7, 0x84,  // 寂
    0x02, 0x04, 0x20, 0x62, 0x00, 0x20, 0xFF, 0xE6, 0x20, 0x42, 0x04, 0x20, 0x52, 0x06, 0x20, 0x62, 0x04, 0x20,  // 计
    0x40, 0x06, 0xFC, 0x20, 0xC0, 0x0C, 0xE8, 0xC4, 0xFC, 0x48, 0x04, 0x80, 0x58, 0x06, 0x84, 0x6F, 0xE0, 0x78,  // 记
    0x90, 0x4F, 0xFC, 0x95, 0x0F, 0x50, 0x95, 0x4F, 0xFC, 0x93, 0x0B, 0x30, 0xB5, 0x0D, 0xD4, 0x99, 0xE0, 0x00,  // 既
    0x00, 0x07, 0xF8, 0x01, 0x87, 0xF8, 0x60, 0x46, 0x0C, 0x3F, 0xC2, 0xC0, 0x34, 0xCB, 0x16, 0xBF, 0x81, 0xF0,  // 忌
    0x00, 0x0F, 0xFC, 0xA0, 0x0A, 0x00, 0xDF, 0xEA, 0x20, 0xAF, 0x8B, 0xA8, 0xFA, 0x49, 0x24, 0xA6, 0x48, 0x20,  // 际
    0x63, 0x06, 0x30, 0x4B, 0x4F, 0xB0, 0x53, 0x0F, 0xFC, 0xB4, 0x8A, 0x78, 0x63, 0x07, 0x30, 0x9F, 0xC1, 0x84,  // 妓
    0x01, 0x07, 0x90, 0x5D, 0xCB, 0xF8, 0xB9, 0x4F, 0xFC, 0x5B, 0x8F, 0xFC, 0x9D, 0x47, 0x90, 0xDB, 0x60, 0x80,  // 继
    0x20, 0x02, 0xFC, 0x40, 0x45, 0x84, 0xF0, 0x4A, 0x7C, 0x44, 0x4F, 0x40, 0xC4, 0x03, 0xC0, 0xE7, 0xE0, 0x3C,  // 纪
    0x04, 0x0F, 0xFC, 0x0C, 0x87, 0xF8, 0x3F, 0x83, 0xF8, 0x12, 0x4F, 0xFE, 0xFF, 0xC6, 0xEC, 0x5B, 0xC9, 0x20,  // 嘉
    0x4C, 0x04, 0xC0, 0x6D, 0xEF, 0xFC, 0x4B, 0xCE, 0xBC, 0xFB, 0xCC, 0xBC, 0x4B, 0xC5, 0x7C, 0x5D, 0xC6, 0x10,  // 枷
    0x0C, 0x00, 0xC0, 0xFF, 0xC0, 0x90, 0x49, 0x82, 0x90, 0x2F, 0x61, 0xC0, 0x1E, 0x01, 0x30, 0x61, 0xC8, 0x04,  // 夹
    0x22, 0x02, 0x20, 0x7F, 0xC4, 0x20, 0xE2, 0x4F, 0xFC, 0x42, 0x04, 0x6C, 0x46, 0x04, 0x20, 0x66, 0x64, 0x00,  // 佳
    0x08, 0x08, 0xCC, 0xFF, 0xC8, 0x38, 0x19, 0x83, 0xB8, 0xDE, 0x03, 0xF0, 0x5D, 0x03, 0x5C, 0xDC, 0xC0, 0x80,  // 家
    0x20, 0x02, 0x00, 0x6B, 0xCF, 0xA4, 0x6A, 0x46, 0xA4, 0x4A, 0x44, 0xA4, 0x4A, 0x4D, 0xBC, 0xB2, 0x40, 0x20,  // 加
    0x12, 0x0F, 0xFC, 0x13, 0x01, 0xE0, 0xFF, 0xC6, 0x98, 0x29, 0x0F, 0xFC, 0x0E, 0x01, 0x30, 0x31, 0xCC, 0x0C,  // 荚
    0x20, 0x02, 0xFC, 0xF9, 0x03, 0xFC, 0xFD, 0x4F, 0x54, 0xFD, 0x46, 0x54, 0x77, 0x45, 0xB8, 0x8E, 0x40, 0x84,  // 颊
    0x00, 0x4F, 0xFC, 0x7F, 0x85, 0xE8, 0x5E, 0x84, 0x18, 0x7F, 0x86, 0xD0, 0x69, 0x06, 0x90, 0x33, 0x8E, 0x08,  // 贾
    0x40, 0x87, 0xF8, 0x4C, 0x84, 0xC8, 0x4C, 0x84, 0xC8, 0x7F, 0x84, 0xC8, 0x0C, 0x00, 0xC0, 0x0C, 0x00, 0x80,  // 甲
    0x40, 0x04, 0xFE, 0x7D, 0x4C, 0xD4, 0xFF, 0xCE, 0xD4, 0xFD, 0x46, 0xFC, 0x49, 0x07, 0x10, 0x61, 0x04, 0x10,  // 钾
    0x20, 0x07, 0xFC, 0x54, 0x45, 0x6C, 0xD7, 0xCD, 0x7C, 0x5E, 0xC5, 0x18, 0x5D, 0x85, 0x18, 0x52, 0xE5, 0x84,  // 假
    0x02, 0x07, 0xB4, 0x6C, 0xC7, 0x8C, 0xFF, 0xC6, 0x6C, 0xFF, 0x8E, 0xF8, 0x77, 0x86, 0xDE, 0x7B, 0x44, 0x20,  // 稼
    0x22, 0x02, 0x60, 0x65, 0x04, 0x98, 0xD8, 0xEF, 0xD8, 0x4D, 0x84, 0xD8, 0x4D, 0x84, 0x98, 0x59, 0x86, 0x10,  // 价
    0x20, 0x06, 0xBC, 0xFE, 0xC6, 0xAC, 0x4A, 0xCF, 0xAC, 0x9C, 0x0F, 0xFC, 0x1E, 0x02, 0xF8, 0xCD, 0xC0, 0xC0,  // 架
    0x20, 0x0F, 0xFC, 0x2A, 0x47, 0xBC, 0x5A, 0x4F, 0xF0, 0x31, 0x03, 0x34, 0x21, 0xCF, 0xFC, 0x01, 0xC0, 0x08,  // 驾
    0x42, 0x04, 0xB4, 0x48, 0xCF, 0x8C, 0xE6, 0x8A, 0xCC, 0xB7, 0x0A, 0xB8, 0x77, 0x86, 0xDE, 0x93, 0x40, 0x60,  // 嫁
    0x00, 0xCF, 0xFC, 0x61, 0x05, 0x10, 0x79, 0x0D, 0xFE, 0xF1, 0x07, 0x10, 0x21, 0x04, 0x10, 0x81, 0x00, 0x10,  // 歼
    0x12, 0x05, 0x20, 0x57, 0xC5, 0x40, 0x59, 0x05, 0x98, 0x50, 0x87, 0xF8, 0x56, 0x85, 0x68, 0x56, 0xCF, 0xFC,  // 监
    0x10, 0x0D, 0xF8, 0xD5, 0x8D, 0x70, 0xD3, 0x0D, 0x5C, 0xD8, 0xC1, 0xC0, 0x7F, 0xC0, 0xC0, 0x0C, 0x4F, 0xFC,  // 坚
    0x04, 0x00, 0x40, 0x35, 0x02, 0x48, 0x4C, 0xC8, 0xC0, 0x0C, 0x4F, 0xFE, 0x0A, 0x01, 0xB0, 0x31, 0xEC, 0x04,  // 尖
    0x22, 0x06, 0xE4, 0x7F, 0xCB, 0xD0, 0x9A, 0x01, 0xF8, 0xF8, 0xC1, 0xF8, 0xFB, 0x00, 0xE0, 0x3F, 0x4E, 0x1E,  // 笺
    0x00, 0x02, 0xFC, 0xE0, 0xCD, 0x2C, 0xD2, 0xCD, 0x2C, 0xDE, 0xCD, 0x2C, 0xDE, 0xCD, 0x2C, 0xC1, 0xC8, 0x08,  // 间
    0x12, 0x01, 0x24, 0xFF, 0xC7, 0xA8, 0x4A, 0x87, 0xA8, 0x7A, 0x84, 0xA8, 0x59, 0x85, 0x58, 0x96, 0xC9, 0x24,  // 煎
    0x21, 0x01, 0x24, 0xFF, 0xC1, 0xF8, 0x7F, 0x8F, 0xFC, 0x16, 0x87, 0xF8, 0x37, 0x07, 0x78, 0xD6, 0xE1, 0x40,  // 兼
    0x0C, 0x04, 0xC8, 0x60, 0xC7, 0xF8, 0x60, 0x85, 0xF8, 0x50, 0x85, 0xF8, 0x5F, 0x89, 0x08, 0x91, 0x81, 0x18,  // 肩
    0x08, 0x82, 0xC8, 0xB8, 0x8A, 0xF8, 0xA8, 0x86, 0xF8, 0x6A, 0xC6, 0xBC, 0xFB, 0x0B, 0x98, 0x0E, 0xE0, 0x84,  // 艰
    0x40, 0x04, 0xFC, 0x53, 0x0F, 0x30, 0x53, 0x0D, 0xFE, 0xB3, 0x0A, 0x30, 0x63, 0x07, 0x30, 0xD3, 0x08, 0x30,  // 奸
    0x41, 0x06, 0x1C, 0x5F, 0xEB, 0x10, 0xFF, 0x4D, 0x1C, 0x5F, 0x8F, 0xB8, 0x9F, 0xAF, 0xBA, 0x26, 0x64, 0x82,  // 缄
    0x12, 0x03, 0x24, 0xFF, 0xC3, 0xE0, 0x0C, 0x07, 0xF8, 0x4C, 0x86, 0xD8, 0x4D, 0x80, 0xD8, 0xFF, 0xCC, 0x04,  // 茧
    0x42, 0x04, 0x60, 0x55, 0x0F, 0x8C, 0x59, 0xEF, 0xF8, 0xF0, 0xCC, 0xA8, 0x4B, 0x84, 0xB0, 0x41, 0x45, 0x00,  // 检
    0x0C, 0x00, 0xCC, 0x8C, 0x07, 0xF8, 0x7F, 0x85, 0xF8, 0x7F, 0x85, 0xE8, 0x3F, 0x02, 0xDC, 0xCC, 0xC0, 0xC0,  // 柬
    0x01, 0x03, 0x1C, 0xFF, 0xE4, 0x90, 0xCF, 0x4F, 0x94, 0xEF, 0xCF, 0xF8, 0xFF, 0x8F, 0x7A, 0xF2, 0x62, 0x02,  // 碱
    0x02, 0x01, 0x30, 0x47, 0x84, 0x4C, 0xC8, 0xEF, 0xF8, 0xFA, 0xCF, 0xA8, 0xF7, 0x8F, 0x78, 0xE1, 0x41, 0xFC,  // 硷
    0x42, 0x04, 0x24, 0x7F, 0xCE, 0x40, 0x4F, 0x07, 0xD0, 0xEF, 0xEC, 0x50, 0x4D, 0xC4, 0x96, 0xF7, 0x64, 0x30,  // 拣
    0x42, 0x04, 0x60, 0x45, 0x0F, 0x8C, 0x59, 0xE7, 0x78, 0xE6, 0xCC, 0xA8, 0x4B, 0x84, 0xB0, 0xC1, 0x4D, 0x00,  // 捡
    0x62, 0x07, 0xFC, 0xB5, 0x0A, 0x90, 0x2F, 0xC5, 0x28, 0x52, 0x85, 0xE8, 0x52, 0x85, 0xE8, 0x53, 0x84, 0x18,  // 简
    0x26, 0x06, 0x60, 0x6D, 0x04, 0x9C, 0xD9, 0xEE, 0xC0, 0x54, 0x85, 0xE8, 0x4B, 0x84, 0x90, 0x43, 0xC4, 0x00,  // 俭
    0x13, 0x01, 0x24, 0xFF, 0xC7, 0xAC, 0x7A, 0x85, 0xA8, 0x5A, 0x85, 0x98, 0xFF, 0x81, 0x08, 0x37, 0x8C, 0x30,  // 剪
    0x01, 0x08, 0x1C, 0xF3, 0xE7, 0x30, 0x3F, 0x45, 0x1C, 0x5F, 0x8F, 0xF8, 0xFF, 0x8E, 0xFA, 0xE2, 0x64, 0xC2,  // 减
    0x12, 0x0F, 0xFC, 0x3A, 0x01, 0xA4, 0xFF, 0xC3, 0xF8, 0x23, 0x06, 0x24, 0xBF, 0xC2, 0x20, 0x22, 0x02, 0x60,  // 荐
    0x40, 0x04, 0xD8, 0x4D, 0xCF, 0xF0, 0x4E, 0x8E, 0xC8, 0xF4, 0x0D, 0xFC, 0x4D, 0x84, 0xD8, 0x5F, 0xE7, 0xFC,  // 槛
    0x12, 0x05, 0x64, 0x5F, 0x05, 0x98, 0x5C, 0x81, 0xA0, 0x37, 0xCC, 0xCE, 0x7F, 0x83, 0xF0, 0x1F, 0x40, 0x00,  // 鉴
    0x06, 0x0F, 0x68, 0x96, 0xC9, 0xFC, 0xF2, 0x4A, 0x7C, 0xFA, 0x8B, 0x38, 0xA3, 0x0F, 0x7A, 0xCC, 0xE1, 0x06,  // 践
    0x02, 0x0F, 0x78, 0x96, 0x8F, 0x7C, 0xFE, 0x0F, 0x3C, 0xFE, 0x8F, 0x38, 0xE3, 0x07, 0x32, 0x9C, 0xE1, 0x06,  // 贱
    0x00, 0x07, 0xF8, 0x61, 0x06, 0xD0, 0x69, 0x06, 0x90, 0x6D, 0x86, 0xD0, 0x1C, 0x41, 0x44, 0x27, 0xEC, 0x10,  // 见
    0x41, 0x04, 0x98, 0x7F, 0xC8, 0xFE, 0xF9, 0xC5, 0xF8, 0x6F, 0xCD, 0x94, 0x5F, 0xC7, 0x90, 0x5F, 0xC2, 0x3C,  // 键
    0x22, 0x07, 0xFC, 0x57, 0x8B, 0x70, 0xFF, 0xE4, 0x88, 0x7A, 0x87, 0xA8, 0x5A, 0x84, 0xA8, 0x4A, 0x85, 0x98,  // 箭
    0x22, 0x02, 0xA0, 0x6A, 0x05, 0xFC, 0xD2, 0x0D, 0x20, 0x7F, 0xE4, 0x20, 0x42, 0x04, 0x20, 0x42, 0x04, 0x20,  // 件
    0x01, 0x06, 0x38, 0x7F, 0xC5, 0xFE, 0xD3, 0x8F, 0xF8, 0x4F, 0xC7, 0xB4, 0x7F, 0xC5, 0x30, 0xFF, 0xCC, 0x3C,  // 健
    0x20, 0x07, 0x7C, 0x54, 0x47, 0x54, 0x75, 0x4F, 0x74, 0xD7, 0x4F, 0x7C, 0xF3, 0x09, 0x70, 0xBD, 0xE1, 0x8C,  // 舰
    0x10, 0x43, 0x84, 0x2D, 0x44, 0x74, 0xFD, 0x48, 0x14, 0x5D, 0x45, 0xD4, 0x49, 0x41, 0xE4, 0xF0, 0xC0, 0x0C,  // 剑
    0x46, 0x04, 0x78, 0x56, 0x8D, 0xFC, 0xFE, 0x04, 0x6C, 0x5E, 0x84, 0x38, 0x53, 0x06, 0x72, 0x5D, 0xC7, 0x0C,  // 饯
    0x08, 0x04, 0xBC, 0x7F, 0x01, 0x30, 0xFB, 0xE7, 0xFC, 0x4B, 0xCC, 0xFC, 0xFA, 0xCC, 0xAC, 0xCE, 0xC0, 0x88,  // 渐
    0x01, 0x07, 0xD4, 0x75, 0x4B, 0xFC, 0xFD, 0x07, 0xFE, 0x7D, 0x4F, 0xDC, 0xFD, 0x8D, 0x7A, 0xD6, 0xEE, 0xC6,  // 溅
    0x08, 0x06, 0xFC, 0x70, 0x4B, 0x04, 0xF7, 0xC7, 0x54, 0x57, 0x45, 0x54, 0xD7, 0x45, 0xD4, 0xD0, 0xC5, 0x0C,  // 涧
    0x02, 0x06, 0xF8, 0x66, 0xC5, 0xFE, 0x46, 0x8F, 0xE8, 0x2F, 0x8E, 0x24, 0x7F, 0xC6, 0x20, 0x9F, 0xC0, 0x7C,  // 建
    0x20, 0x03, 0xFC, 0x5F, 0xC5, 0xFC, 0xDA, 0xCD, 0xFE, 0x50, 0xC5, 0xFC, 0x5F, 0xC5, 0xAC, 0x58, 0xC5, 0xFC,  // 僵
    0x13, 0x01, 0xA8, 0x7F, 0xC7, 0xF8, 0x0C, 0x0F, 0xFC, 0x08, 0x0F, 0xFE, 0x32, 0x03, 0xE0, 0x1F, 0x8F, 0x08,  // 姜
    0x26, 0x02, 0x68, 0x2F, 0xCA, 0xD8, 0xF7, 0x02, 0xD8, 0x79, 0xCF, 0xFC, 0xA5, 0x82, 0x58, 0x23, 0x82, 0x10,  // 将
    0x32, 0x0F, 0x7C, 0x7D, 0xC3, 0xF0, 0xF6, 0x0B, 0xC0, 0x2D, 0x8F, 0xF0, 0x2E, 0x06, 0xD8, 0xDC, 0xC0, 0x80,  // 浆
    0x00, 0x04, 0x0C, 0x5F, 0x80, 0x60, 0xA6, 0x0E, 0x60, 0x46, 0x04, 0x60, 0xC6, 0x0C, 0x64, 0xFF, 0xEC, 0x00,  // 江
    0x00, 0x4B, 0xCC, 0xA7, 0xCE, 0x7C, 0xFF, 0xCF, 0xCE, 0xFF, 0xCF, 0xFC, 0xFF, 0xCA, 0xFC, 0x68, 0x60, 0x00,  // 疆
    0x12, 0x01, 0xB4, 0x13, 0x03, 0x68, 0xAF, 0x8F, 0xF0, 0x67, 0x87, 0xDE, 0xED, 0x8A, 0x58, 0x25, 0x82, 0x10,  // 蒋
    0x02, 0x0F, 0x7C, 0x74, 0xC7, 0xD8, 0x77, 0x0F, 0xE0, 0x3C, 0x4F, 0xFC, 0x1E, 0x02, 0xF0, 0xCC, 0xC0, 0x80,  // 桨
    0x12, 0x0D, 0x64, 0x77, 0xC7, 0xE8, 0x33, 0x0F, 0x60, 0xBC, 0x0B, 0xCC, 0x0C, 0x01, 0xA0, 0x31, 0xCC, 0x0C,  // 奖
    0x45, 0x06, 0x58, 0x45, 0xC1, 0xFE, 0xE5, 0x84, 0x58, 0x7F, 0xE4, 0xD8, 0x7D, 0x86, 0x98, 0x59, 0x82, 0x10,  // 讲
    0x00, 0x8F, 0xFC, 0x83, 0x09, 0xE0, 0x90, 0x89, 0xFC, 0x92, 0x09, 0x20, 0xB2, 0x0E, 0x20, 0xC2, 0xCC, 0x00,  // 匠
    0x12, 0x05, 0x7C, 0x3F, 0x8F, 0x30, 0x9E, 0x4F, 0xFC, 0x7F, 0x85, 0x68, 0x73, 0x87, 0xF8, 0x7F, 0x84, 0x08,  // 酱
    0x04, 0x0F, 0x78, 0xAD, 0x8A, 0xB0, 0xC7, 0x8A, 0xFC, 0xB3, 0x8B, 0xF0, 0xEA, 0x48, 0xFC, 0x82, 0x08, 0x20,  // 降
    0x12, 0x0F, 0xFE, 0x12, 0x02, 0x40, 0x7F, 0xC7, 0xF8, 0xE4, 0x87, 0xF8, 0x7F, 0xC5, 0x48, 0xD2, 0x49, 0x24,  // 蕉
    0x48, 0x04, 0x84, 0x4F, 0xCE, 0x94, 0x49, 0xCF, 0xFC, 0xE9, 0x8D, 0xF8, 0x5B, 0x86, 0x98, 0x5A, 0xC4, 0xC4,  // 椒
    0x07, 0x0F, 0xD4, 0x4F, 0xE4, 0xD4, 0x7F, 0xCF, 0xD4, 0xFF, 0xCF, 0xD4, 0x7F, 0xC7, 0xD4, 0xDB, 0xE1, 0x20,  // 礁
    0x24, 0x02, 0x60, 0x7F, 0xC6, 0x48, 0xFF, 0x8E, 0x48, 0x7F, 0x86, 0x44, 0x7F, 0xC5, 0x2C, 0xD2, 0x49, 0x04,  // 焦
    0x02, 0x0F, 0x24, 0xBF, 0xEB, 0x50, 0xF4, 0xCB, 0xDC, 0xF5, 0x8F, 0x70, 0xB3, 0x0B, 0x70, 0xFD, 0xE3, 0x04,  // 胶
    0x08, 0x00, 0xC4, 0xFF, 0xC1, 0x20, 0x31, 0x85, 0x3C, 0x96, 0x01, 0xC0, 0x0C, 0x01, 0xE0, 0x73, 0xC8, 0x08,  // 交
    0x20, 0x03, 0x3C, 0xFF, 0x40, 0x38, 0x6F, 0x8C, 0xF8, 0xDB, 0x43, 0x34, 0x33, 0x66, 0xBC, 0xCF, 0x00, 0x30,  // 郊
    0x04, 0x04, 0x48, 0x7F, 0xC2, 0x78, 0xA7, 0x4C, 0xFC, 0x70, 0xC5, 0xF8, 0xCB, 0x0C, 0xB4, 0xDB, 0x6E, 0x1C,  // 浇
    0x00, 0x8F, 0x70, 0xF2, 0x4F, 0xFE, 0xA6, 0x8A, 0x4C, 0xFE, 0xE3, 0x48, 0xF4, 0x83, 0x48, 0x68, 0x81, 0x08,  // 骄
    0x40, 0x84, 0xF8, 0x42, 0x0F, 0x64, 0xF7, 0x0A, 0xC8, 0xAD, 0xEB, 0x58, 0x65, 0x87, 0xD8, 0x99, 0x83, 0x10,  // 娇
    0x01, 0x8F, 0xE8, 0xAA, 0x8B, 0xFC, 0xB5, 0x4B, 0xFC, 0xBE, 0xCF, 0xFE, 0xBF, 0x81, 0x58, 0x1C, 0x81, 0x18,  // 嚼
    0x40, 0x04, 0xA8, 0x4E, 0x8F, 0xFE, 0x50, 0xC6, 0xF8, 0xCA, 0x8C, 0xE8, 0x4F, 0x84, 0x74, 0xCB, 0x47, 0x1C,  // 搅
    0x42, 0x04, 0x34, 0x7F, 0xE8, 0x78, 0xF4, 0xC4, 0xDC, 0xF5, 0x84, 0x70, 0x43, 0x07, 0x70, 0x6C, 0xC7, 0x00,  // 铰
    0x40, 0x8C, 0xF8, 0xF2, 0x0D, 0xFC, 0x45, 0x07, 0xDC, 0x5D, 0xC5, 0x50, 0x65, 0x0B, 0xD0, 0x99, 0x02, 0x10,  // 矫
    0x24, 0x02, 0x44, 0x7F, 0xC4, 0x78, 0xC3, 0x2C, 0xDE, 0x40, 0xC5, 0xFC, 0x4F, 0x04, 0xB2, 0x4B, 0x67, 0x1C,  // 侥
    0x04, 0x0F, 0x5C, 0xBF, 0x4E, 0xD4, 0xE5, 0x4B, 0xF4, 0xED, 0x4A, 0xD4, 0xBB, 0xCB, 0xFC, 0x61, 0x02, 0x10,  // 脚
    0x02, 0x03, 0x30, 0xFF, 0xE6, 0x50, 0xAC, 0xC6, 0xDC, 0x75, 0x0A, 0x70, 0x23, 0x02, 0x70, 0xED, 0xC7, 0x04,  // 狡
    0x10, 0x03, 0xF0, 0x26, 0x07, 0xF8, 0xE4, 0x82, 0xC8, 0x24, 0x82, 0x48, 0x6C, 0x84, 0x48, 0xC5, 0x88, 0x48,  // 角
    0x42, 0x04, 0x34, 0xDF, 0xEF, 0x50, 0xA4, 0xC4, 0x9C, 0x55, 0x84, 0x70, 0x43, 0x07, 0x70, 0x6D, 0xC7, 0x04,  // 饺
    0x48, 0x85, 0xD8, 0xD7, 0x0B, 0xFE, 0xF7, 0x45, 0xFC, 0x9F, 0x8E, 0xC8, 0x1E, 0x8F, 0x5C, 0x2E, 0x64, 0x40,  // 缴
    0x02, 0x06, 0x30, 0x5F, 0xE9, 0x40, 0xE4, 0xCE, 0xDC, 0x55, 0x8F, 0x70, 0x83, 0x07, 0x70, 0xCD, 0xC3, 0x04,  // 绞
    0x54, 0x4D, 0x44, 0xD5, 0x45, 0x54, 0x55, 0x47, 0xD4, 0x7D, 0x45, 0x74, 0xFD, 0x45, 0xC4, 0x97, 0xC1, 0x0C,  // 剿
    0x21, 0x03, 0x50, 0xFF, 0x43, 0xFE, 0xBE, 0x8F, 0xE8, 0x57, 0x8B, 0x18, 0xF1, 0x0B, 0x38, 0x74, 0xE2, 0x80,  // 教
    0x03, 0x0F, 0xBC, 0x67, 0xCF, 0xBE, 0xFF, 0xCF, 0xFC, 0xFE, 0xC9, 0xD0, 0xFF, 0xE9, 0x90, 0xFB, 0x08, 0x30,  // 酵
    0x21, 0x86, 0x70, 0xFA, 0x04, 0xFE, 0xE7, 0x0F, 0xCC, 0x2E, 0xE3, 0xC8, 0xE4, 0x82, 0x48, 0x2C, 0x83, 0x08,  // 轿
    0x22, 0x06, 0x34, 0xFF, 0xE4, 0x68, 0xE4, 0xCF, 0xCC, 0xAD, 0x82, 0xF0, 0xF3, 0x0A, 0x30, 0x24, 0xE3, 0x84,  // 较
    0x00, 0x81, 0x4C, 0xF4, 0xCD, 0x4C, 0xD4, 0xCD, 0x4C, 0xD4, 0xCF, 0x7C, 0xD4, 0xC0, 0x0C, 0x00, 0xC0, 0x08,  // 叫
    0x0C, 0x07, 0xFC, 0xD2, 0xCB, 0xD8, 0x75, 0x83, 0xF8, 0x44, 0x4F, 0xFC, 0x3F, 0x82, 0x18, 0x3F, 0x82, 0x10,  // 窖
    0x40, 0x04, 0xFC, 0x6F, 0x8F, 0x88, 0x4F, 0x87, 0xC4, 0xFF, 0xCF, 0xA4, 0x7D, 0xC5, 0x9C, 0xDF, 0xC4, 0x08,  // 揭
    0x62, 0x06, 0x3C, 0x7D, 0xCF, 0x58, 0x65, 0x47, 0xFC, 0xE6, 0x4F, 0xFE, 0x6D, 0x06, 0xF0, 0xC7, 0xC5, 0x84,  // 接
    0x46, 0x04, 0x48, 0x7F, 0x84, 0x64, 0xFE, 0x4D, 0xBC, 0x7F, 0x06, 0x10, 0x7F, 0x06, 0x10, 0x7F, 0x04, 0x10,  // 皆
    0x03, 0x07, 0x30, 0x63, 0x67, 0x30, 0xF3, 0x06, 0xFC, 0xF0, 0x0F, 0xFC, 0x6C, 0xC6, 0xCC, 0x6F, 0xC6, 0xCC,  // 秸
    0x28, 0x06, 0x9C, 0xDE, 0x02, 0x80, 0x6F, 0xE5, 0xE8, 0xCA, 0x85, 0xE8, 0x48, 0x85, 0xE8, 0x51, 0x84, 0x18,  // 街
    0x02, 0x0F, 0x60, 0xA5, 0x0A, 0xD8, 0xC8, 0xCB, 0x58, 0xB5, 0x0B, 0x50, 0xED, 0x08, 0x90, 0x99, 0x0A, 0x10,  // 阶
    0x12, 0x03, 0x68, 0x32, 0xCF, 0xFC, 0x72, 0x07, 0xFC, 0xD7, 0x87, 0xD8, 0x7D, 0x05, 0x3C, 0x7E, 0xC4, 0x06,  // 截
    0x21, 0x02, 0x10, 0xFB, 0x02, 0x7C, 0x23, 0x4F, 0xF4, 0x23, 0x47, 0x24, 0x5A, 0x4F, 0xC4, 0x8D, 0xC3, 0x08,  // 劫
    0x13, 0x01, 0x36, 0xFF, 0xC1, 0x30, 0x7F, 0x81, 0x88, 0x18, 0x81, 0x88, 0x1B, 0x81, 0x98, 0x18, 0x01, 0x00,  // 节
    0x23, 0x06, 0x30, 0x73, 0x6F, 0xB0, 0x63, 0x07, 0xFC, 0xF0, 0x0E, 0xFC, 0x6C, 0xC6, 0xCC, 0x6F, 0xC6, 0x84,  // 桔
    0x04, 0x00, 0xC4, 0xFF, 0xC1, 0xE0, 0x3F, 0x02, 0xD8, 0x4C, 0xE8, 0xC4, 0x01, 0x05, 0x68, 0x52, 0xCD, 0x24,  // 杰
    0x42, 0x04, 0x64, 0x76, 0x8F, 0xF8, 0x52, 0xC7, 0xFC, 0xDF, 0x8C, 0xA8, 0x5B, 0xC5, 0xE0, 0xF7, 0xCE, 0x1C,  // 捷
    0x02, 0x0F, 0x24, 0xA2, 0x8A, 0xFC, 0xE2, 0xCB, 0xFC, 0xBF, 0x8A, 0xA8, 0xBB, 0xCF, 0xE0, 0xB7, 0xC2, 0x0C,  // 睫
    0x40, 0x86, 0xCC, 0x3F, 0x8F, 0xC8, 0xBF, 0x8B, 0x64, 0xEF, 0x6F, 0xF4, 0x7D, 0xCC, 0xDC, 0x0B, 0xC0, 0x08,  // 竭
    0x02, 0x06, 0x20, 0x62, 0x41, 0x20, 0xE2, 0x07, 0xFC, 0x40, 0x84, 0xFC, 0xC8, 0x84, 0x88, 0xCF, 0x84, 0x88,  // 洁
    0x23, 0x06, 0x30, 0x43, 0x45, 0xFC, 0xF3, 0x0E, 0xFC, 0x40, 0x0F, 0xFC, 0x8C, 0xCF, 0xCC, 0x8F, 0xC0, 0xCC,  // 结
    0x20, 0x07, 0x7C, 0x52, 0x4F, 0xBC, 0xEC, 0x8F, 0xF8, 0xEF, 0xCF, 0xD0, 0xAF, 0xEA, 0x90, 0xB9, 0x00, 0x10,  // 解
    0x00, 0x06, 0x7C, 0x44, 0x8F, 0xC8, 0x57, 0x85, 0x48, 0xF4, 0x8A, 0x78, 0x64, 0x87, 0x48, 0xD4, 0xC1, 0xFC,  // 姐
    0x02, 0x00, 0x28, 0x06, 0xC7, 0xE0, 0x7A, 0x87, 0xA8, 0xFF, 0x85, 0xB0, 0x5B, 0x05, 0xB8, 0x8C, 0xC8, 0x84,  // 戒
    0x12, 0x0F, 0xFC, 0x32, 0x03, 0x78, 0xFF, 0xCF, 0x74, 0x3F, 0xCF, 0xF8, 0x74, 0x8F, 0x48, 0x27, 0x82, 0x48,  // 藉
    0x12, 0x0F, 0xFC, 0x33, 0x03, 0xE0, 0x1E, 0x03, 0x38, 0x73, 0xE9, 0x20, 0x12, 0x03, 0x20, 0x22, 0x0C, 0x20,  // 芥
    0x00, 0x07, 0xF8, 0x6D, 0x87, 0xF8, 0x6D, 0x87, 0xF8, 0x13, 0x07, 0x3E, 0x93, 0x41, 0x30, 0x33, 0x0C, 0x20,  // 界
    0x25, 0x02, 0x50, 0x7F, 0xC4, 0x50, 0xC5, 0x4F, 0xFE, 0x4F, 0x84, 0x88, 0x4F, 0x84, 0x88, 0x4F, 0x84, 0x88,  // 借
    0x0C, 0x00, 0xC0, 0x1A, 0x03, 0x30, 0x21, 0xCF, 0x3C, 0x92, 0x01, 0x20, 0x32, 0x02, 0x20, 0x62, 0x0C, 0x20,  // 介
    0x0C, 0x00, 0x4C, 0x66, 0x0E, 0x60, 0xED, 0x86, 0x9C, 0xFD, 0x8E, 0x90, 0x49, 0x04, 0x90, 0x91, 0x06, 0x10,  // 疥
    0x01, 0x04, 0x1C, 0x61, 0x41, 0xFE, 0xDD, 0x45, 0xDC, 0x5F, 0x85, 0xD8, 0x75, 0x87, 0x5A, 0x76, 0xE2, 0x46,  // 诫
    0x00, 0x07, 0xFC, 0x40, 0xC7, 0xFC, 0x46, 0x05, 0x6C, 0x56, 0xC5, 0x6C, 0x5F, 0xC9, 0x6C, 0x9F, 0xC1, 0x0C,  // 届
    0x0C, 0x00, 0xC0, 0x7F, 0x86, 0xC8, 0x4C, 0x84, 0xC8, 0x4C, 0x84, 0xC8, 0x4D, 0x84, 0xD8, 0x0C, 0x00, 0xC0,  // 巾
    0x22, 0x06, 0xEC, 0x75, 0x89, 0xB8, 0x7A, 0x05, 0xFC, 0x7A, 0xC5, 0xAC, 0x7A, 0xCD, 0xEC, 0xBF, 0x81, 0x98,  // 筋
    0x01, 0x07, 0xF0, 0x60, 0x06, 0x00, 0x7F, 0xC6, 0x20, 0x62, 0x06, 0x20, 0x42, 0x04, 0x20, 0x82, 0x00, 0x20,  // 斤
    0x0C, 0x01, 0xC0, 0x12, 0x03, 0x30, 0x63, 0xEB, 0xE4, 0x0C, 0x8F, 0xF8, 0x2D, 0x03, 0xF0, 0x2E, 0x4F, 0xFC,  // 金
    0x08, 0x01, 0xC0, 0x16, 0x03, 0x30, 0x69, 0x8C, 0xCC, 0x80, 0x07, 0xF0, 0x03, 0x00, 0x60, 0x06, 0x00, 0xC0,  // 今
    0x06, 0x04, 0x68, 0x5F, 0x8B, 0xFE, 0xA6, 0x85, 0xF8, 0x46, 0x8D, 0xFC, 0xC6, 0x4F, 0xFC, 0xC6, 0x08, 0x60,  // 津
    0xC5, 0x04, 0xD4, 0xFF, 0xC6, 0xF8, 0x5F, 0xEF, 0xD0, 0xEF, 0x87, 0x04, 0x4F, 0xC4, 0xEC, 0x5A, 0x44, 0x20,  // 襟
    0x10, 0x8F, 0xD8, 0xF7, 0x0F, 0x7C, 0xFC, 0xC1, 0xB0, 0x3E, 0x01, 0x98, 0x7F, 0x83, 0xF0, 0x6D, 0x88, 0x80,  // 紧
    0x42, 0x04, 0xFC, 0x7C, 0xCC, 0xFC, 0xFC, 0xC4, 0xFC, 0xFB, 0x44, 0xB4, 0x4B, 0x47, 0xB4, 0x6B, 0xC4, 0x20,  // 锦
    0x20, 0x06, 0x08, 0x49, 0x84, 0x98, 0xC9, 0x8C, 0x50, 0x45, 0x04, 0x60, 0x46, 0x04, 0xF8, 0x58, 0xC6, 0x00,  // 仅
    0x04, 0x8C, 0xDC, 0x4D, 0x80, 0xF8, 0x4B, 0x8D, 0xAC, 0x5F, 0xC5, 0xAC, 0x5F, 0xC6, 0xFC, 0x42, 0x47, 0xFC,  // 谨
    0x01, 0x0C, 0xD0, 0x6F, 0xC5, 0xF0, 0x0D, 0x0E, 0xD4, 0x7F, 0xC4, 0x90, 0x49, 0x07, 0x10, 0xE1, 0x49, 0xFC,  // 进
    0x50, 0xCD, 0xFC, 0xD6, 0x07, 0x60, 0x27, 0xEF, 0xE8, 0xBE, 0x8F, 0xE8, 0xFC, 0x82, 0x48, 0x28, 0x82, 0x08,  // 靳
    0x00, 0xC5, 0xE8, 0x5E, 0x87, 0xF0, 0x1F, 0x4F, 0xFC, 0x3F, 0x82, 0x10, 0x3F, 0x02, 0x10, 0x3F, 0x02, 0x10,  // 晋
    0x22, 0x03, 0xB4, 0xFF, 0xC7, 0xF8, 0xFE, 0xCB, 0xB4, 0x3F, 0x00, 0x04, 0xFF, 0xC3, 0xF8, 0x5C, 0x88, 0x80,  // 禁
    0x00, 0x8C, 0xFC, 0x68, 0x00, 0x84, 0x4F, 0xEE, 0x90, 0x49, 0x04, 0x90, 0x51, 0x06, 0x10, 0xFF, 0xE0, 0xFC,  // 近
    0x40, 0x06, 0xFC, 0x58, 0xC7, 0xFC, 0xE9, 0x0C, 0x90, 0x4A, 0xC5, 0x2E, 0x72, 0x07, 0x40, 0x83, 0x80, 0x08,  // 烬
    0x00, 0x84, 0x08, 0x2F, 0x8A, 0xF8, 0xE0, 0x87, 0xFC, 0x71, 0x8C, 0x98, 0xC7, 0x0C, 0x60, 0xCD, 0xC7, 0x0C,  // 浸
    0x00, 0x07, 0xF8, 0x61, 0x86, 0x18, 0x67, 0x86, 0x20, 0x4B, 0x04, 0xD8, 0xC4, 0xE9, 0x80, 0x0C, 0x00, 0x60,  // 尽
    0x01, 0x0F, 0x90, 0x11, 0x03, 0x7E, 0x4D, 0x48, 0xD4, 0xFB, 0x42, 0x34, 0x22, 0x43, 0xE4, 0xED, 0xC1, 0x88,  // 劲
    0x28, 0x02, 0xA4, 0xFE, 0x42, 0x94, 0xFF, 0x42, 0x94, 0xFF, 0x46, 0x94, 0x29, 0x46, 0x94, 0x48, 0x48, 0x8C,  // 荆
    0x21, 0x02, 0x14, 0xFF, 0xC2, 0x10, 0xFF, 0xCD, 0xC4, 0xFF, 0xC7, 0x38, 0x77, 0x87, 0xFA, 0xB5, 0xE1, 0x8C,  // 兢
    0x12, 0x01, 0x3C, 0x93, 0x01, 0x30, 0x7F, 0x80, 0x60, 0x1F, 0x8E, 0x0C, 0x3F, 0x80, 0xC0, 0x0C, 0x4F, 0xFC,  // 茎
    0x02, 0x0F, 0xFC, 0xB2, 0x8B, 0xFC, 0xF3, 0x6B, 0x88, 0xBF, 0xCF, 0xF8, 0xBC, 0x8B, 0xF8, 0xAC, 0x80, 0x98,  // 睛
    0x21, 0x03, 0x10, 0x3F, 0x02, 0x10, 0x3F, 0x02, 0x10, 0xFF, 0xC9, 0xE4, 0xFF, 0xC9, 0xE4, 0xFF, 0xC8, 0x24,  // 晶
    0x43, 0x05, 0x14, 0xFF, 0xEB, 0x44, 0xFE, 0xCB, 0xCC, 0xFF, 0xCB, 0xD0, 0xF7, 0x81, 0xD4, 0xEF, 0x60, 0x30,  // 鲸
    0x08, 0x00, 0xC4, 0xFF, 0xC2, 0x10, 0x3F, 0x82, 0x10, 0x3F, 0x02, 0xD0, 0x3F, 0x06, 0xDC, 0xCC, 0xC0, 0xC0,  // 京
    0x42, 0x04, 0x24, 0x5F, 0xEE, 0x88, 0xC8, 0xCC, 0x8C, 0x4F, 0x84, 0xA0, 0x4A, 0xC5, 0x26, 0x66, 0x04, 0x20,  // 惊
    0x42, 0x04, 0x3C, 0xFB, 0x8E, 0xF8, 0xFB, 0x46, 0x88, 0xFF, 0xCD, 0xF8, 0xCC, 0x84, 0xF8, 0x4D, 0x84, 0x98,  // 精
    0x40, 0x07, 0xFE, 0xF3, 0x0E, 0xFC, 0xFB, 0x46, 0xFC, 0x7F, 0xCF, 0xFC, 0xE6, 0x06, 0x60, 0x67, 0xE7, 0x8C,  // 粳
    0x20, 0x06, 0xF8, 0x51, 0x0D, 0xB0, 0xF7, 0xCE, 0xC4, 0x50, 0x4F, 0xFC, 0xC2, 0x03, 0x20, 0xC3, 0x41, 0x00,  // 经
    0x13, 0x01, 0x30, 0x13, 0x4F, 0xFC, 0x13, 0x01, 0x30, 0xFF, 0xE1, 0x30, 0x33, 0x02, 0x30, 0x43, 0x08, 0x20,  // 井
    0x33, 0x0F, 0xFC, 0x7F, 0x8F, 0xD8, 0x7B, 0xC5, 0xC4, 0xFF, 0xC7, 0xF0, 0x3F, 0x83, 0xF0, 0x21, 0x02, 0x10,  // 警
    0x00, 0x07, 0xF8, 0x7F, 0x87, 0xF8, 0x6C, 0x4F, 0xFE, 0x3F, 0x82, 0x18, 0x3F, 0x03, 0x58, 0x6C, 0xC8, 0xC4,  // 景
    0x00, 0x4F, 0x30, 0x22, 0x47, 0x7C, 0xDD, 0x49, 0xF4, 0xFF, 0x46, 0x74, 0x67, 0x4F, 0x28, 0x8C, 0x41, 0x00,  // 颈
    0x22, 0x07, 0xF8, 0x75, 0x8F, 0xB0, 0x6F, 0xC9, 0xBC, 0xFF, 0xCF, 0x38, 0xF7, 0x8D, 0x20, 0xF6, 0x09, 0x20,  // 静
    0x46, 0x04, 0xFC, 0x4D, 0x86, 0x54, 0xFF, 0xC4, 0xFC, 0x4F, 0x85, 0x88, 0xEF, 0x88, 0x50, 0x0D, 0xE3, 0x1C,  // 境
    0x71, 0x07, 0xF0, 0xFE, 0x45, 0x3E, 0xFE, 0x88, 0xE8, 0xEB, 0x8E, 0x98, 0xE9, 0x0C, 0xB8, 0x3E, 0xE1, 0x80,  // 敬
    0x42, 0x04, 0xFC, 0xF5, 0x88, 0x54, 0xFF, 0xC4, 0xFC, 0x5F, 0x8C, 0x8C, 0x4F, 0x87, 0x52, 0x6D, 0x65, 0x9C,  // 镜
    0x00, 0x03, 0xF8, 0x43, 0x0B, 0x30, 0x27, 0xC6, 0x84, 0xF0, 0xCE, 0xFC, 0x62, 0x06, 0x20, 0x7F, 0xE6, 0x00,  // 径
    0x04, 0x00, 0x64, 0x7F, 0xCE, 0xF8, 0xE1, 0x06, 0x30, 0xEC, 0xCF, 0x0C, 0x7F, 0xC4, 0x60, 0xC6, 0x43, 0xFC,  // 痉
    0x42, 0x04, 0xFC, 0x73, 0x8F, 0xFC, 0xB3, 0x6B, 0x88, 0xEF, 0xCE, 0xF8, 0x7C, 0x8C, 0xC8, 0x0D, 0x80, 0x98,  // 靖
    0x0C, 0x07, 0xFC, 0x13, 0x01, 0x24, 0xFF, 0xE3, 0xF8, 0x3F, 0x02, 0x10, 0x3F, 0x01, 0x64, 0x37, 0xEC, 0x00,  // 竟
    0x0C, 0x07, 0xFC, 0x13, 0x01, 0x24, 0xFF, 0xE3, 0xF8, 0x21, 0x03, 0xF0, 0x37, 0x01, 0x64, 0x37, 0xCC, 0x3C,  // 竞
    0x0C, 0x08, 0xF0, 0xFB, 0x07, 0x28, 0x7F, 0x84, 0x4C, 0xFF, 0xCC, 0x48, 0x9F, 0x8C, 0x40, 0x84, 0x00, 0xC0,  // 净
    0x60, 0x06, 0xFE, 0x78, 0x47, 0xF4, 0xEF, 0xCE, 0xFC, 0x4F, 0xC4, 0xFC, 0x6F, 0x47, 0x84, 0x88, 0xC0, 0x84,  // 炯
    0x08, 0x07, 0xFC, 0xD7, 0xCE, 0x18, 0x7F, 0x0F, 0xFE, 0x11, 0x0F, 0xF0, 0x3F, 0x87, 0x18, 0xB1, 0x83, 0x18,  // 窘
    0x41, 0x05, 0xD0, 0x49, 0x0F, 0xD4, 0x7F, 0xC7, 0xB8, 0xDD, 0x8F, 0xD8, 0x6B, 0x84, 0xAC, 0x4E, 0x6C, 0xC4,  // 揪
    0x08, 0x00, 0xC4, 0xFF, 0xCB, 0x38, 0x79, 0x8D, 0x88, 0x7F, 0x01, 0x20, 0x12, 0x03, 0x24, 0x63, 0xEC, 0x18,  // 究
    0x20, 0x02, 0x0C, 0x66, 0xC5, 0xEC, 0xF6, 0xC2, 0x6C, 0x66, 0xCF, 0x7C, 0x04, 0xC7, 0x8C, 0xC0, 0xC0, 0x0C,  // 纠
    0x02, 0x01, 0x60, 0x67, 0x84, 0xD8, 0x49, 0x0F, 0x90, 0x53, 0x04, 0x28, 0x76, 0x8C, 0xCC, 0x18, 0x62, 0x04,  // 玖
    0x00, 0x01, 0xA0, 0x12, 0x0F, 0x3C, 0x12, 0x07, 0x38, 0x12, 0x01, 0x24, 0xF3, 0xC1, 0x20, 0xFF, 0xE0, 0x00,  // 韭
    0x10, 0x01, 0x80, 0x12, 0x03, 0xE0, 0x26, 0x04, 0x60, 0x0E, 0x00, 0xA0, 0x19, 0x03, 0x18, 0x60, 0xE8, 0x04,  // 久
    0x10, 0x03, 0xE0, 0x26, 0x04, 0xE0, 0x99, 0x86, 0xCC, 0x2D, 0x86, 0xF0, 0x5A, 0x01, 0x30, 0x61, 0xC8, 0x04,  // 灸
    0x18, 0x01, 0x80, 0x18, 0x07, 0xF0, 0x1B, 0x01, 0xA0, 0x12, 0x01, 0x20, 0x12, 0x02, 0x24, 0x63, 0xE8, 0x18,  // 九
    0x80, 0x47, 0xFC, 0x67, 0x0B, 0xFC, 0xF7, 0x45, 0x74, 0x59, 0xCD, 0x04, 0xDF, 0xCD, 0x04, 0xDF, 0xC1, 0x00,  // 酒
    0x00, 0x4F, 0xFC, 0xE8, 0xCE, 0xB8, 0xFB, 0x8E, 0xF4, 0xFF, 0xCE, 0x18, 0xAB, 0x8B, 0xF8, 0x25, 0xE1, 0x8C,  // 厩
    0x21, 0x03, 0xB0, 0x2A, 0x4F, 0xFE, 0xAE, 0x8F, 0xE8, 0x72, 0x87, 0xB8, 0xAD, 0x0A, 0x38, 0x64, 0xC3, 0x84,  // 救
    0x00, 0x05, 0xFC, 0x50, 0xC5, 0x0C, 0x50, 0xC5, 0xFC, 0x50, 0xC5, 0x0C, 0x50, 0xC5, 0xFC, 0xD0, 0xC5, 0x00,  // 旧
    0x00, 0x01, 0x88, 0x67, 0xC4, 0x0C, 0x40, 0xC5, 0x8C, 0x40, 0xC4, 0x0C, 0x40, 0xC7, 0xFC, 0x40, 0xC0, 0x00,  // 臼
    0x18, 0x87, 0xA8, 0x7F, 0x87, 0xF8, 0x7F, 0x86, 0xD8, 0x6D, 0x87, 0xF8, 0xFF, 0xC1, 0x88, 0x33, 0x8C, 0x10,  // 舅
    0x22, 0x06, 0xA0, 0x7F, 0x85, 0xAC, 0xB2, 0x03, 0xA0, 0x6F, 0xCC, 0x10, 0x3F, 0x02, 0x10, 0x21, 0x02, 0x10,  // 咎
    0x02, 0x02, 0x38, 0xFE, 0xC0, 0x24, 0xFF, 0xCD, 0xB0, 0xFB, 0x07, 0x30, 0xFF, 0x0A, 0xD0, 0x6D, 0xE3, 0x8C,  // 就
    0x0C, 0x00, 0x44, 0x7F, 0xCE, 0xC0, 0xED, 0x06, 0xB0, 0xF3, 0x0E, 0x30, 0x45, 0x84, 0xCC, 0x98, 0xE6, 0x04,  // 疚
    0x12, 0x0D, 0xE0, 0xD7, 0xE7, 0x74, 0xFF, 0xCF, 0xF4, 0xBF, 0xCF, 0x34, 0x27, 0xCF, 0xE4, 0x2B, 0xC2, 0x28,  // 鞠
    0x26, 0x02, 0x60, 0x7F, 0xEF, 0x84, 0x2F, 0x43, 0xD4, 0xE5, 0x4E, 0x54, 0x27, 0x42, 0x44, 0xE1, 0xC4, 0x08,  // 拘
    0x00, 0x0B, 0xF8, 0x6C, 0x8E, 0xC8, 0xAF, 0x86, 0xC8, 0x6C, 0x8A, 0xF8, 0x2C, 0x82, 0xC8, 0xEC, 0xE5, 0x00,  // 狙
    0x04, 0x06, 0x6C, 0x60, 0x0E, 0xF8, 0xE8, 0x86, 0x88, 0xEF, 0x84, 0x88, 0x4F, 0x84, 0x88, 0x89, 0xC0, 0x00,  // 疽
    0x00, 0x07, 0xFC, 0x60, 0x87, 0xF8, 0x66, 0x07, 0xFC, 0x46, 0x05, 0x68, 0x58, 0x8D, 0x08, 0x9F, 0x81, 0x08,  // 居
    0x02, 0x0F, 0x60, 0x57, 0xE5, 0xC4, 0x7D, 0x4F, 0x54, 0xFD, 0x41, 0xD4, 0xF7, 0x41, 0x44, 0x71, 0xC2, 0x08,  // 驹
    0x12, 0x0F, 0xFC, 0x12, 0x07, 0x20, 0x7F, 0xCE, 0xAC, 0xBF, 0xCF, 0xFC, 0x3E, 0xC6, 0xAC, 0xCB, 0xC0, 0x98,  // 菊
    0x00, 0x07, 0xFC, 0x60, 0x87, 0xF8, 0x60, 0xC7, 0xFE, 0x52, 0x45, 0xB4, 0x5B, 0x4D, 0xA4, 0x81, 0xC0, 0x08,  // 局
    0x00, 0x02, 0xF8, 0xE8, 0x8A, 0x88, 0xAF, 0x8A, 0x88, 0xA8, 0x8E, 0xF8, 0xA8, 0x88, 0x88, 0x08, 0xC3, 0xFC,  // 咀
    0x40, 0x04, 0x7C, 0xFC, 0x0E, 0xC0, 0x27, 0xC3, 0xCC, 0xFC, 0xC6, 0x7C, 0x74, 0x85, 0xC0, 0x8C, 0x40, 0xFC,  // 矩
    0x00, 0x02, 0xD8, 0x35, 0x0F, 0xFC, 0x33, 0x02, 0xD8, 0x6D, 0xEB, 0xF4, 0x0C, 0x84, 0xC0, 0x0C, 0x00, 0xC0,  // 举
    0x00, 0x07, 0xF8, 0x78, 0x8A, 0x88, 0xEF, 0x86, 0x88, 0x48, 0x84, 0xF8, 0xC8, 0x8C, 0x88, 0xD9, 0xCA, 0x00,  // 沮
    0x04, 0x04, 0xFC, 0x78, 0xC7, 0xB8, 0x4F, 0xCF, 0xC4, 0x0F, 0x03, 0xC8, 0x7F, 0x0B, 0xF0, 0xEC, 0xC0, 0x80,  // 聚
    0x40, 0x06, 0xFC, 0x78, 0x0F, 0x80, 0x6F, 0xC7, 0x88, 0xE8, 0x8E, 0xF8, 0x68, 0x86, 0x80, 0xC8, 0x64, 0x80,  // 拒
    0x40, 0x04, 0xFC, 0x78, 0x4F, 0xFC, 0x49, 0x07, 0xB4, 0xCB, 0x0C, 0xB4, 0x5F, 0xC5, 0x4C, 0xF7, 0xC6, 0x44,  // 据
    0x00, 0x0F, 0xFC, 0xC0, 0x0C, 0x10, 0xFF, 0x8C, 0x10, 0xC1, 0x0F, 0xF0, 0xC1, 0x0C, 0x00, 0xFF, 0xC0, 0x00,  // 巨
    0x00, 0x03, 0xF8, 0x21, 0x03, 0xF0, 0x21, 0x02, 0x10, 0x3F, 0x02, 0x14, 0xFF, 0xE3, 0x30, 0x61, 0x88, 0x08,  // 具
    0x00, 0x4F, 0xFC, 0x94, 0x09, 0x40, 0xF7, 0xCA, 0x4C, 0xFC, 0xCB, 0xFC, 0xA4, 0x0F, 0xC0, 0xEC, 0x60, 0x40,  // 距
    0x00, 0x4F, 0xCC, 0x9C, 0xCF, 0xFC, 0xFD, 0x0E, 0xFE, 0xFD, 0x0E, 0xFC, 0xEE, 0x4F, 0xE4, 0x97, 0xC2, 0x44,  // 踞
    0x40, 0x04, 0xFC, 0x7C, 0x48, 0xFC, 0xFD, 0x04, 0xFE, 0xF9, 0x04, 0x94, 0x7E, 0x47, 0xE4, 0x77, 0xC2, 0x44,  // 锯
    0x20, 0x06, 0xF8, 0x48, 0x84, 0x98, 0xCF, 0x8C, 0x88, 0x4F, 0x84, 0x88, 0x7F, 0xE4, 0xD8, 0x58, 0xC6, 0x04,  // 俱
    0x20, 0x02, 0x00, 0x7F, 0xC4, 0x0C, 0xA4, 0xCB, 0xE8, 0x24, 0x82, 0x48, 0x3C, 0x82, 0x48, 0x03, 0x80, 0x10,  // 句
    0x40, 0x04, 0xF8, 0x48, 0x8F, 0x88, 0xDF, 0x8C, 0x88, 0x4F, 0x84, 0x8E, 0x5F, 0xE4, 0xD8, 0x58, 0xC6, 0x04,  // 惧
    0x40, 0x06, 0xFC, 0x7C, 0x07, 0xC0, 0xEF, 0xCE, 0xCC, 0x4C, 0xC4, 0xFC, 0x6C, 0x05, 0xC0, 0x9C, 0x60, 0xC0,  // 炬
    0x00, 0x0F, 0xC4, 0xC5, 0x4F, 0xD4, 0xD1, 0x4F, 0xF4, 0xD1, 0x4F, 0xD4, 0xED, 0x4E, 0x44, 0xFC, 0xC0, 0x0C,  // 剧
    0x20, 0x06, 0xFC, 0x7C, 0xCF, 0xFC, 0x6C, 0xC7, 0xC4, 0xEF, 0xCE, 0x84, 0x6F, 0xC6, 0x84, 0xE9, 0xC4, 0x8C,  // 捐
    0x03, 0x0F, 0x7C, 0x96, 0xCF, 0x7C, 0x95, 0xC9, 0xD8, 0xFC, 0xC9, 0xFC, 0xF9, 0x49, 0xF4, 0xB0, 0xC9, 0x18,  // 鹃
    0x20, 0x06, 0x7C, 0x54, 0xCF, 0x7C, 0x54, 0x45, 0xFC, 0x5F, 0xCF, 0xC4, 0x6F, 0xC7, 0xC4, 0x5C, 0xC8, 0xCC,  // 娟
    0x22, 0x07, 0xE8, 0x4F, 0x05, 0xFC, 0xC4, 0x4D, 0xFC, 0x49, 0x85, 0xFE, 0x6D, 0x04, 0xF0, 0x4C, 0xC4, 0x78,  // 倦
    0x09, 0x06, 0xB0, 0x3A, 0x87, 0xFC, 0xFF, 0xC3, 0x30, 0x3F, 0xCE, 0x1E, 0x33, 0x03, 0xF0, 0x33, 0x02, 0x10,  // 眷
    0x08, 0x06, 0xB0, 0x2A, 0x8F, 0xFC, 0xFF, 0xC3, 0x30, 0x23, 0x87, 0xEE, 0xB2, 0x03, 0x68, 0x30, 0x81, 0xF8,  // 卷
    0x20, 0x06, 0xFC, 0x5C, 0x8D, 0xF8, 0xE8, 0xCE, 0xCC, 0x4F, 0xCF, 0x84, 0x8F, 0xC7, 0x84, 0xC9, 0xC0, 0x88,  // 绢
    0x40, 0x05, 0xFC, 0x5A, 0x8F, 0xF8, 0x5F, 0xE5, 0xFC, 0xDF, 0x8D, 0xF8, 0x5F, 0x86, 0x9C, 0xFA, 0x4E, 0xC4,  // 撅
    0x00, 0x05, 0xFC, 0x7F, 0xCF, 0xFC, 0x5E, 0x47, 0xFC, 0xFF, 0x8C, 0xFC, 0x4F, 0x85, 0xF8, 0xC7, 0x07, 0x9C,  // 攫
    0x46, 0x04, 0x60, 0x56, 0x8F, 0xF8, 0x46, 0x87, 0x68, 0xFF, 0xEC, 0x60, 0x45, 0x04, 0xD8, 0xD8, 0xE6, 0x04,  // 抉
    0x40, 0x06, 0xFC, 0x78, 0x4F, 0xFC, 0x6D, 0x47, 0xD4, 0xEF, 0xCF, 0x94, 0x75, 0x47, 0x54, 0xE7, 0xC6, 0x04,  // 掘
    0x20, 0x07, 0xFC, 0x58, 0x45, 0xFC, 0xDD, 0x4D, 0xD4, 0x5F, 0x45, 0x74, 0x5D, 0x45, 0xD4, 0x6F, 0x46, 0x84,  // 倔
    0x03, 0x8F, 0xD8, 0x6D, 0x87, 0xF8, 0x56, 0x8C, 0x88, 0xF8, 0xCF, 0xE8, 0xFA, 0x8D, 0x28, 0xFB, 0x8C, 0x18,  // 爵
    0x08, 0x02, 0xD8, 0x35, 0x0F, 0xFC, 0x80, 0xCB, 0xF0, 0x29, 0x02, 0x90, 0x2F, 0x03, 0xC4, 0x36, 0xEC, 0x3C,  // 觉
    0x04, 0x08, 0x40, 0x64, 0x87, 0xF8, 0x24, 0x84, 0x48, 0x7F, 0xEC, 0x60, 0xCE, 0x0C, 0x98, 0xD0, 0xE6, 0x04,  // 决
    0x06, 0x04, 0x40, 0x66, 0x81, 0xF8, 0xC4, 0x84, 0x48, 0x7F, 0xE4, 0x60, 0x5D, 0x06, 0x98, 0x58, 0xC6, 0x04,  // 诀
    0x02, 0x06, 0x68, 0x57, 0x8B, 0xD0, 0xFF, 0xCF, 0xB4, 0x4B, 0x4F, 0xFC, 0x88, 0x07, 0x80, 0xCC, 0x60, 0x7C,  // 绝
    0x62, 0x06, 0x20, 0x67, 0xC7, 0x44, 0xFC, 0x46, 0xA4, 0x63, 0x46, 0x1C, 0x7E, 0x4C, 0x04, 0x03, 0xC0, 0x18,  // 均
    0x12, 0x0F, 0xFE, 0x12, 0x07, 0xFC, 0x4E, 0x87, 0xC8, 0x7F, 0x85, 0xE8, 0x5F, 0x86, 0xC8, 0x7F, 0x8C, 0x08,  // 菌
    0x42, 0x04, 0x60, 0x77, 0xCC, 0x44, 0x9C, 0x4E, 0xB4, 0x73, 0x4F, 0x3C, 0x6E, 0x47, 0x84, 0x63, 0xC4, 0x18,  // 钧
    0x00, 0x07, 0xFC, 0xC8, 0x8F, 0xF8, 0x14, 0x03, 0x40, 0x7F, 0x80, 0x40, 0xFF, 0xE0, 0x40, 0x04, 0x00, 0x40,  // 军
    0x00, 0x07, 0xF8, 0x19, 0xEF, 0xFE, 0x11, 0x8F, 0xF8, 0x30, 0x83, 0xF8, 0x70, 0x89, 0x08, 0x1F, 0x81, 0x08,  // 君
    0x42, 0x04, 0x68, 0x44, 0xCF, 0xF4, 0xF7, 0x8F, 0xEC, 0xFF, 0x8F, 0x78, 0xFB, 0x0F, 0x30, 0x07, 0xC1, 0x8C,  // 峻
    0x26, 0x06, 0x50, 0x49, 0x8D, 0xFC, 0xCD, 0x8D, 0xCC, 0x7F, 0xC4, 0xD8, 0x57, 0x04, 0x30, 0x47, 0xC5, 0x8C,  // 俊
    0x42, 0x06, 0x68, 0x7F, 0xCF, 0xF4, 0xB5, 0x8B, 0xEC, 0xE7, 0x8E, 0xD8, 0x7B, 0x0C, 0x30, 0x0D, 0xC1, 0x04,  // 竣
    0x02, 0x06, 0x60, 0x2C, 0xCA, 0xFC, 0xAD, 0x8F, 0xCC, 0x7F, 0x84, 0xD8, 0xD7, 0x04, 0x30, 0xCF, 0xE7, 0x84,  // 浚
    0x08, 0x46, 0xF6, 0x2F, 0x4F, 0xF8, 0x6B, 0x8F, 0xBC, 0x4B, 0x4F, 0xF6, 0xEB, 0xE6, 0xB4, 0x7B, 0x04, 0x30,  // 郡
    0x02, 0x0F, 0x68, 0xAC, 0xCA, 0xF4, 0xA5, 0x8A, 0xCC, 0xF7, 0x81, 0xD8, 0xFB, 0x0B, 0x30, 0x67, 0xE7, 0x84,  // 骏
    0x02, 0x0A, 0xA4, 0xFE, 0xCB, 0x78, 0xAD, 0x8B, 0xF0, 0xB7, 0x8E, 0xCE, 0xBF, 0x80, 0x88, 0x0F, 0x80, 0x88,  // 喀
    0x08, 0x00, 0x80, 0xFD, 0xCF, 0xF4, 0xFF, 0x4F, 0xD4, 0xFD, 0x4F, 0x54, 0xF5, 0x4B, 0x5C, 0x2D, 0x44, 0x10,  // 咖
    0x08, 0x00, 0x80, 0x0F, 0x80, 0x80, 0x08, 0x4F, 0xFE, 0x08, 0x00, 0xF0, 0x09, 0x80, 0x88, 0x08, 0x00, 0x80,  // 卡
    0x04, 0x0A, 0xC8, 0xEF, 0x8A, 0xD0, 0xB3, 0x0A, 0x70, 0xAC, 0xEF, 0xFC, 0x88, 0x80, 0x88, 0x0F, 0x80, 0x88,  // 咯
    0x00, 0x07, 0xFC, 0x13, 0x01, 0x30, 0x13, 0x4F, 0xFC, 0x13, 0x03, 0x30, 0x33, 0x02, 0x30, 0xC3, 0x00, 0x20,  // 开
    0x49, 0x06, 0x94, 0x7F, 0xCF, 0x90, 0x4F, 0x47, 0xBC, 0xEE, 0x8C, 0xFC, 0x4F, 0x84, 0x88, 0xCF, 0x84, 0x88,  // 揩
    0x49, 0x06, 0x94, 0x6F, 0xCF, 0x92, 0x6F, 0x6F, 0xBC, 0xFE, 0xCE, 0xCC, 0x6F, 0xC6, 0xCC, 0x6F, 0xC4, 0x88,  // 楷
    0x20, 0x0A, 0xF8, 0xAE, 0x8B, 0xE8, 0xFE, 0x8F, 0xE8, 0x1E, 0x8F, 0xE8, 0x84, 0xA9, 0xCA, 0xE8, 0xEB, 0x0C,  // 凯
    0x40, 0x05, 0xFC, 0x57, 0x8F, 0xF8, 0xF7, 0x8D, 0xFC, 0x5D, 0x85, 0x98, 0x5F, 0x85, 0x68, 0x44, 0xE4, 0x00,  // 慨
    0x00, 0x4F, 0xC4, 0x33, 0x42, 0x24, 0x22, 0x4F, 0xE4, 0x22, 0x42, 0x24, 0x22, 0x42, 0x04, 0x21, 0xC2, 0x08,  // 刊
    0x40, 0x84, 0xDC, 0x5F, 0xC4, 0xF8, 0xFD, 0x84, 0xF8, 0x4D, 0xC7, 0xFE, 0x7F, 0x8D, 0xCC, 0x1C, 0x40, 0x80,  // 堪
    0x49, 0x04, 0xD0, 0xFD, 0x07, 0xFE, 0x49, 0x47, 0x94, 0x4D, 0x4F, 0xF4, 0xEB, 0x4C, 0xA4, 0xFF, 0xC0, 0x88,  // 勘
    0x26, 0x06, 0x60, 0x64, 0x47, 0xFC, 0xFA, 0x86, 0xB0, 0x63, 0x06, 0x70, 0xF5, 0x8C, 0xC8, 0x18, 0xC2, 0x04,  // 坎
    0x02, 0x0F, 0xE0, 0x66, 0x44, 0x7C, 0x5A, 0x8F, 0xB0, 0xD3, 0x0D, 0x70, 0x57, 0x87, 0x48, 0xD8, 0xE3, 0x04,  // 砍
    0x01, 0x8F, 0xF8, 0x08, 0x87, 0xFC, 0xFF, 0xE3, 0x10, 0x3F, 0x87, 0xF8, 0xB1, 0x83, 0x18, 0x3F, 0x83, 0x10,  // 看
    0x0C, 0x07, 0xFC, 0x44, 0x07, 0xF8, 0x45, 0xC4, 0x58, 0x7F, 0x8D, 0x6C, 0xDF, 0x8F, 0x58, 0xAC, 0xC0, 0xC0,  // 康
    0x42, 0x05, 0xBC, 0x5B, 0x0F, 0xFC, 0xFF, 0xED, 0xAC, 0x5F, 0x85, 0xFC, 0x57, 0x85, 0xEC, 0x6A, 0x44, 0x20,  // 慷
    0x42, 0x04, 0xB4, 0xFB, 0x0E, 0xFC, 0xFB, 0xE4, 0xBC, 0xEF, 0x8D, 0xFC, 0x4F, 0x85, 0xE8, 0x5A, 0xE6, 0x60,  // 糠
    0x20, 0x06, 0x04, 0x7F, 0xCF, 0x30, 0x23, 0x03, 0x30, 0xE3, 0x0E, 0x30, 0x23, 0x02, 0x30, 0xFF, 0xE4, 0x00,  // 扛
    0x44, 0x04, 0x20, 0x7F, 0xCF, 0x00, 0x4F, 0x07, 0xD0, 0xCD, 0x0C, 0xD0, 0x4D, 0x04, 0x94, 0xD9, 0xEE, 0x08,  // 抗
    0x08, 0x00, 0xC0, 0xFF, 0xC0, 0x00, 0x12, 0x01, 0xE0, 0x12, 0x01, 0x20, 0x32, 0x42, 0x24, 0x43, 0xC8, 0x00,  // 亢
    0x22, 0x06, 0x30, 0x6F, 0xC7, 0x00, 0xF5, 0x8E, 0x58, 0xE5, 0x06, 0x50, 0x75, 0x25, 0xD2, 0x89, 0xE3, 0x00,  // 炕
    0x08, 0x00, 0x98, 0x7F, 0x00, 0xA4, 0xFF, 0xE0, 0x88, 0x3F, 0x86, 0x80, 0x9F, 0x80, 0x10, 0x03, 0x00, 0x60,  // 考
    0x44, 0x06, 0x5C, 0x7F, 0x8F, 0x54, 0x7F, 0xE7, 0x68, 0xEF, 0xCF, 0xE4, 0x67, 0xC6, 0x0C, 0xE3, 0x84, 0x18,  // 拷
    0x44, 0x06, 0x4C, 0x7F, 0x87, 0x54, 0xFF, 0xEC, 0x48, 0x4F, 0xC7, 0x60, 0x77, 0xCD, 0x08, 0x87, 0x80, 0x30,  // 烤
    0x04, 0x03, 0xD8, 0x4C, 0x4F, 0xFC, 0x3F, 0x83, 0xF0, 0x3F, 0x0F, 0x7C, 0x77, 0x81, 0x64, 0xF6, 0x01, 0x60,  // 靠
    0x40, 0x05, 0xFE, 0x40, 0x84, 0xA8, 0xFE, 0x84, 0xA8, 0x4A, 0x84, 0xE8, 0x7A, 0x8C, 0x08, 0x83, 0x80, 0x18,  // 坷
    0x32, 0x03, 0x34, 0xFF, 0xC3, 0x24, 0xFF, 0xC0, 0x10, 0x3D, 0x02, 0x50, 0x3D, 0x06, 0xD0, 0x07, 0x00, 0x10,  // 苛
    0x40, 0x05, 0xFE, 0x40, 0x8F, 0x88, 0x4F, 0x8E, 0xA8, 0xFA, 0x8C, 0xE8, 0x4A, 0x84, 0x08, 0x43, 0x84, 0x18,  // 柯
    0x40, 0x04, 0xFC, 0x4A, 0xCF, 0xFC, 0x4A, 0xCF, 0xF8, 0xD3, 0x4C, 0x78, 0x4F, 0x84, 0xAC, 0x72, 0x66, 0x20,  // 棵
    0x02, 0x01, 0x28, 0xFF, 0x84, 0x24, 0x47, 0x0F, 0xD8, 0xEF, 0xCE, 0xFC, 0xEF, 0xCE, 0xDC, 0xED, 0xC1, 0xFE,  // 磕
    0x88, 0x4F, 0xF8, 0xF9, 0x4E, 0xFC, 0xFF, 0xCA, 0xF4, 0xFF, 0x47, 0x74, 0x7F, 0x4A, 0xAC, 0x24, 0x42, 0x04,  // 颗
    0x00, 0x07, 0x98, 0x27, 0x82, 0x38, 0xF9, 0x86, 0x58, 0x77, 0xC6, 0x1C, 0xAF, 0x82, 0x18, 0x21, 0x82, 0x18,  // 科
    0x0C, 0x00, 0xCC, 0x0D, 0x02, 0xF0, 0x00, 0x0F, 0xFC, 0x92, 0x81, 0xE0, 0x12, 0x03, 0x24, 0x23, 0xCC, 0x1C,  // 壳
    0x02, 0x08, 0x24, 0xFF, 0xEA, 0x68, 0xA5, 0x8A, 0xF0, 0xA2, 0xCE, 0x68, 0xB9, 0x08, 0x38, 0x0C, 0xC3, 0x04,  // 咳
    0x00, 0x4F, 0xFE, 0x01, 0x07, 0xD0, 0x6D, 0x04, 0xD0, 0x4D, 0x07, 0xD0, 0x49, 0x00, 0x10, 0x07, 0x00, 0x10,  // 可
    0x08, 0x84, 0xC8, 0x5F, 0x8A, 0x88, 0xEF, 0x82, 0xC4, 0x4F, 0xCD, 0xE4, 0xEF, 0xCD, 0x94, 0xDF, 0xC4, 0x08,  // 渴
    0x04, 0x00, 0xC4, 0xFF, 0xC0, 0xC0, 0x3F, 0x82, 0x18, 0x21, 0x83, 0xF8, 0x1E, 0x01, 0x64, 0x36, 0x4C, 0x3C,  // 克
    0x20, 0x43, 0x44, 0xFF, 0x43, 0x94, 0x69, 0x4F, 0x14, 0x3D, 0x46, 0x94, 0x99, 0x42, 0xC4, 0xC5, 0xC0, 0x0C,  // 刻
    0x08, 0x07, 0xFC, 0xD8, 0xC9, 0xF0, 0x33, 0x04, 0xC0, 0x9E, 0x03, 0x3C, 0xFF, 0x42, 0x10, 0x33, 0x02, 0x30,  // 客
    0x00, 0x06, 0xFC, 0x0A, 0xC0, 0xFC, 0xCA, 0xC5, 0xAC, 0x5F, 0xE5, 0x70, 0x5F, 0x86, 0xAC, 0x72, 0x40, 0x20,  // 课
    0x04, 0x02, 0x48, 0x27, 0x82, 0x44, 0xFF, 0xC3, 0xF8, 0x21, 0x83, 0xF8, 0x21, 0x82, 0x18, 0x23, 0x02, 0x30,  // 肯
    0x03, 0x0A, 0xF0, 0xEB, 0xCA, 0xF4, 0xBF, 0xCA, 0xFC, 0xA8, 0x8E, 0xF8, 0xAF, 0x80, 0x88, 0x08, 0x80, 0x98,  // 啃
    0x01, 0x06, 0x18, 0x7F, 0x86, 0x18, 0x7F, 0x86, 0x58, 0x6B, 0x07, 0xDC, 0x0C, 0x87, 0xF8, 0x0C, 0x48, 0x00,  // 垦
    0x61, 0x06, 0x10, 0x7F, 0x06, 0x10, 0x7F, 0x86, 0x70, 0x7F, 0x07, 0x9C, 0x2C, 0x8A, 0x5C, 0xBF, 0x61, 0xE0,  // 恳
    0x44, 0x04, 0x20, 0x42, 0xC5, 0x00, 0xF9, 0x04, 0xD0, 0x4D, 0x04, 0xD0, 0xE9, 0x08, 0x90, 0x11, 0xE2, 0x0C,  // 坑
    0x06, 0x0A, 0x20, 0xFF, 0xCA, 0x00, 0xAF, 0x0A, 0xD0, 0xA9, 0x0E, 0x90, 0xA9, 0x09, 0x94, 0x31, 0xE6, 0x08,  // 吭
    0x08, 0x00, 0xC4, 0xFF, 0xC9, 0x08, 0xB3, 0x02, 0x18, 0xC1, 0x87, 0xF0, 0x0C, 0x00, 0xC0, 0x0C, 0xC0, 0x00,  // 空
    0x00, 0x0F, 0xD8, 0x6D, 0x06, 0xD0, 0x7F, 0x0C, 0x9E, 0x11, 0xE6, 0x80, 0x74, 0xC7, 0x54, 0x9F, 0x41, 0xE0,  // 恐
    0x00, 0x0F, 0xB0, 0x1A, 0x03, 0x20, 0x32, 0x03, 0xA0, 0xF2, 0x0E, 0x20, 0x22, 0x02, 0x24, 0x63, 0x66, 0x3C,  // 孔
    0x42, 0x06, 0x30, 0x6F, 0xEF, 0x8C, 0x4D, 0x87, 0xCC, 0xF0, 0xCE, 0xF8, 0x42, 0x04, 0x20, 0x62, 0x65, 0x00,  // 控
    0x40, 0x04, 0xFC, 0x78, 0x8F, 0xC8, 0x4B, 0x87, 0xB0, 0xC9, 0x04, 0xB8, 0x4E, 0x84, 0xC8, 0xCF, 0xEC, 0x80,  // 抠
    0x00, 0x04, 0x08, 0x7F, 0x84, 0x18, 0x41, 0x84, 0x18, 0x41, 0x84, 0x18, 0x41, 0x87, 0xF8, 0x41, 0x80, 0x00,  // 口
    0x20, 0x02, 0x00, 0x2F, 0xCF, 0xC4, 0x24, 0x43, 0xC4, 0xE4, 0x4E, 0x44, 0x24, 0x42, 0x7C, 0xE4, 0x46, 0x00,  // 扣
    0x0C, 0x07, 0xFC, 0xC3, 0xC8, 0x2C, 0x7B, 0xC0, 0xA8, 0xFF, 0xC7, 0x78, 0x73, 0x85, 0x4C, 0x58, 0xE0, 0xFC,  // 寇
    0x23, 0x06, 0x30, 0x63, 0x4F, 0xFE, 0x63, 0x07, 0x30, 0xFF, 0xCE, 0xCC, 0x6C, 0xC6, 0xCC, 0x6F, 0xC6, 0xC0,  // 枯
    0x00, 0x07, 0xFC, 0x56, 0x85, 0x68, 0x77, 0x80, 0xF0, 0xFF, 0xC1, 0xC0, 0x1E, 0x03, 0x30, 0x61, 0xC8, 0x08,  // 哭
    0x0C, 0x07, 0xFC, 0x9F, 0xCF, 0x18, 0xFF, 0x86, 0x18, 0x76, 0x87, 0x48, 0x7F, 0x8E, 0x4C, 0xA4, 0xC3, 0xFC,  // 窟
    0x12, 0x03, 0x34, 0x33, 0x03, 0xE0, 0x0C, 0x4F, 0xFE, 0x0C, 0x03, 0xF0, 0x21, 0x02, 0x10, 0x3F, 0x02, 0x10,  // 苦
    0x01, 0x0F, 0xF0, 0x67, 0xCF, 0xD0, 0xF9, 0x0F, 0xFE, 0xF8, 0x09, 0x7C, 0xF4, 0xC9, 0x4C, 0xFF, 0xC8, 0x44,  // 酷
    0x0C, 0x04, 0x4C, 0x44, 0x04, 0xC4, 0x7F, 0xC5, 0xE0, 0x5F, 0x84, 0x60, 0x46, 0x4E, 0x60, 0x86, 0x00, 0x60,  // 库
    0x42, 0x04, 0xB4, 0x6F, 0x06, 0xB4, 0x7F, 0xC7, 0xB8, 0xEF, 0xC7, 0x90, 0x49, 0xE5, 0x98, 0x51, 0x06, 0x10,  // 裤
    0x0C, 0x00, 0x8C, 0xFF, 0x83, 0x20, 0x37, 0x84, 0x0C, 0xFF, 0x81, 0x00, 0x3F, 0x00, 0x30, 0x1E, 0x00, 0xE0,  // 夸
    0x42, 0x04, 0x64, 0x5F, 0xC4, 0xD0, 0xF9, 0xC5, 0xC6, 0x7F, 0xC5, 0x40, 0xEF, 0x88, 0x08, 0x05, 0x80, 0x30,  // 垮
    0x42, 0x04, 0x64, 0x7F, 0xCF, 0x50, 0x4D, 0x87, 0xCE, 0xFF, 0xCC, 0x40, 0x4F, 0x84, 0x18, 0xC1, 0x84, 0x30,  // 挎
    0x02, 0x0F, 0x64, 0x9F, 0xC9, 0x50, 0xFD, 0x8B, 0x8E, 0xFF, 0xCB, 0x40, 0xAF, 0x8F, 0x08, 0xC3, 0x80, 0x30,  // 跨
    0x02, 0x0F, 0x24, 0xBF, 0xCF, 0x58, 0xFF, 0xCB, 0x8E, 0xFF, 0x8B, 0x40, 0xB7, 0x8B, 0x08, 0xF1, 0x82, 0x30,  // 胯
    0x44, 0x04, 0x60, 0x46, 0x85, 0xF8, 0xF6, 0x84, 0x48, 0x5F, 0xE4, 0x60, 0xF5, 0x08, 0xD8, 0x18, 0xE6, 0x04,  // 块
    0x22, 0x07, 0xFC, 0xF5, 0x0F, 0xF0, 0x46, 0x8F, 0xF8, 0xF4, 0x8E, 0x7C, 0x6F, 0x04, 0xD0, 0x59, 0xC7, 0x0C,  // 筷
    0x22, 0x02, 0x60, 0x6D, 0x04, 0x8C, 0xD1, 0xCE, 0xF0, 0x40, 0x45, 0xFC, 0x44, 0x04, 0x98, 0x5F, 0x85, 0x08,  // 侩
    0x46, 0x04, 0x60, 0x46, 0x8F, 0xE8, 0xD4, 0x8C, 0x48, 0x7F, 0xE4, 0x60, 0x4D, 0x04, 0x98, 0x58, 0xE6, 0x04,  // 快
    0x08, 0x0F, 0xFC, 0x96, 0xCB, 0x78, 0x16, 0x07, 0xF0, 0x69, 0x06, 0xD0, 0x7D, 0x03, 0x54, 0x36, 0x4C, 0x7C,  // 宽
    0x22, 0x02, 0xA0, 0xFA, 0x43, 0xFC, 0x17, 0x8F, 0xB0, 0x0B, 0x0B, 0x38, 0xFA, 0x8A, 0xEC, 0x6C, 0x67, 0x04,  // 款
    0x00, 0x0F, 0xFC, 0xC0, 0x0F, 0xF8, 0xC4, 0x0C, 0x48, 0xFF, 0x8C, 0x40, 0xFF, 0xCC, 0x00, 0xFF, 0xE0, 0x00,  // 匡
    0x42, 0x07, 0xFC, 0xF7, 0x0B, 0x94, 0xFF, 0xCF, 0xF8, 0xC4, 0x0D, 0xF8, 0xC4, 0x0F, 0xF8, 0xC0, 0x4F, 0xFC,  // 筐
    0x10, 0x0B, 0xFC, 0x62, 0x0E, 0x20, 0xA2, 0x06, 0x3C, 0x63, 0x0A, 0x20, 0x22, 0x02, 0x20, 0xFF, 0xE4, 0x00,  // 狂
    0x40, 0x04, 0xFC, 0x78, 0x0F, 0xFC, 0xCB, 0x0F, 0xB8, 0xFB, 0x04, 0xB0, 0x4F, 0xC4, 0x80, 0x5F, 0xE4, 0x80,  // 框
    0x01, 0x01, 0x94, 0x67, 0xE4, 0x40, 0x74, 0x0D, 0x40, 0xD4, 0x0D, 0x40, 0xFC, 0x0D, 0x80, 0x98, 0x02, 0x00,  // 矿
    0x00, 0x4F, 0xFC, 0xA8, 0x0A, 0xFC, 0xE9, 0x0A, 0xBC, 0xA9, 0x0E, 0x90, 0xAF, 0xCE, 0x80, 0xB8, 0xE8, 0x80,  // 眶
    0x02, 0x08, 0x10, 0xFF, 0xEB, 0xC0, 0xBC, 0x0F, 0xC0, 0xBC, 0x0B, 0xC0, 0xB8, 0x0F, 0x80, 0x90, 0x02, 0x00,  // 旷
    0x00, 0x09, 0xF8, 0xF0, 0x83, 0x08, 0x79, 0x85, 0xF8, 0xCE, 0x0C, 0xE0, 0x8A, 0x48, 0xA4, 0xB3, 0xE6, 0x18,  // 况
    0x00, 0x07, 0xF8, 0x00, 0x00, 0x0C, 0x98, 0x01, 0x00, 0x3F, 0x80, 0x18, 0x01, 0x00, 0x30, 0x0F, 0x00, 0x40,  // 亏
    0x10, 0x01, 0x8C, 0xB6, 0x03, 0x68, 0x77, 0x85, 0xF0, 0x99, 0xC7, 0x0C, 0x7F, 0x82, 0xB8, 0x2F, 0xCF, 0xFC,  // 盔
    0x04, 0x06, 0x4C, 0x44, 0xC7, 0xFC, 0x10, 0x05, 0xFC, 0x50, 0xC5, 0x7C, 0x50, 0xC7, 0x0C, 0x6F, 0xCC, 0x08,  // 岿
    0x0C, 0x07, 0xFC, 0xD7, 0xCF, 0x18, 0x67, 0x8F, 0xE8, 0x27, 0x8F, 0xE8, 0x67, 0x85, 0x74, 0xDD, 0x41, 0x1C,  // 窥
    0x12, 0x0F, 0xFC, 0x12, 0x0F, 0xF0, 0x5F, 0xC7, 0x38, 0x67, 0xCC, 0xCC, 0x7F, 0x81, 0xC0, 0x33, 0x8C, 0x08,  // 葵
    0x08, 0x00, 0x8C, 0xFF, 0xC3, 0xA0, 0x2F, 0xCF, 0xFC, 0x08, 0x8F, 0xF8, 0x09, 0x07, 0xF0, 0x0C, 0xC8, 0x00,  // 奎
    0x20, 0x8E, 0x88, 0xFA, 0x8B, 0x88, 0xFA, 0x8F, 0xAC, 0xFB, 0xC7, 0xC8, 0x78, 0x8B, 0xC8, 0xB1, 0xE1, 0xFC,  // 魁
    0x26, 0x02, 0x48, 0x7F, 0xC5, 0xAC, 0xDF, 0xCD, 0xAC, 0x5F, 0x84, 0x78, 0x47, 0xC4, 0xBC, 0x52, 0x66, 0x3C,  // 傀
    0x42, 0x04, 0xBC, 0xFA, 0xCB, 0xFC, 0xEA, 0x45, 0xFC, 0x4F, 0xC4, 0xAC, 0x5A, 0xC6, 0xB8, 0x45, 0xC1, 0x84,  // 馈
    0x42, 0x04, 0x60, 0x5F, 0xC7, 0xAC, 0xFF, 0xCD, 0xAC, 0x5F, 0xC4, 0x78, 0x47, 0xC4, 0xFC, 0x5B, 0x66, 0x1C,  // 愧
    0x02, 0x05, 0xFC, 0x5A, 0xCB, 0xFC, 0xF2, 0xE7, 0x88, 0x5F, 0xC5, 0xA8, 0xDE, 0x8D, 0x78, 0xCC, 0xC7, 0x04,  // 溃
    0x42, 0x04, 0x30, 0x4F, 0xC7, 0xB4, 0xFB, 0x44, 0xFC, 0x4B, 0x47, 0xFC, 0xEB, 0x48, 0x30, 0x03, 0x00, 0x20,  // 坤
    0x00, 0x07, 0xF0, 0x41, 0x07, 0xF0, 0x41, 0x04, 0x50, 0x44, 0x05, 0xD8, 0x46, 0x04, 0x44, 0x77, 0xE4, 0x38,  // 昆
    0x60, 0x06, 0xFE, 0x7B, 0x4F, 0xB4, 0x6F, 0xC7, 0xB4, 0xEF, 0xCE, 0xFC, 0x6B, 0x46, 0xB4, 0xEF, 0xC4, 0x84,  // 捆
    0x00, 0x0F, 0xFC, 0x4C, 0xC4, 0xDC, 0x7F, 0xC5, 0xCC, 0x5E, 0xC7, 0xFC, 0x6D, 0xCC, 0xCC, 0xFF, 0xC4, 0x08,  // 困
    0x20, 0x86, 0x78, 0x72, 0x0F, 0x20, 0x7F, 0xE7, 0x20, 0xE2, 0x0E, 0xFC, 0x68, 0xC6, 0x8C, 0x6F, 0xC4, 0x88,  // 括
    0x42, 0x06, 0x10, 0x7F, 0xCF, 0xC0, 0x68, 0x07, 0x80, 0xE8, 0x0E, 0x80, 0x68, 0x06, 0x80, 0xF0, 0x06, 0x00,  // 扩
    0x04, 0x07, 0xFC, 0x58, 0x07, 0xFC, 0x7D, 0x47, 0x58, 0x75, 0x8F, 0xF4, 0x8F, 0x4F, 0x9C, 0x99, 0x01, 0x90,  // 廓
    0x40, 0x02, 0xFC, 0xA3, 0x4B, 0xE4, 0xF7, 0xCB, 0xFC, 0xAF, 0x4E, 0xB4, 0xA9, 0x4A, 0xF4, 0x89, 0xC8, 0x08,  // 阔
    0x42, 0x06, 0x20, 0x42, 0x44, 0xFC, 0xF0, 0x84, 0x88, 0x45, 0x84, 0x50, 0x75, 0x0E, 0x50, 0x9F, 0xC0, 0x00,  // 垃
    0x00, 0x06, 0x20, 0x72, 0x4F, 0xFC, 0x60, 0x87, 0x88, 0x64, 0x8E, 0x58, 0x65, 0x06, 0x50, 0xE3, 0x44, 0x00,  // 拉
    0x08, 0x48, 0xA4, 0xFF, 0x4B, 0xFC, 0xBF, 0xCB, 0xFC, 0xBF, 0xCF, 0xDC, 0x9F, 0x42, 0xA4, 0x49, 0xC0, 0x8C,  // 喇
    0x64, 0x86, 0x78, 0xFF, 0xCF, 0x78, 0xF7, 0xCF, 0xFC, 0xF7, 0xCF, 0x4C, 0x77, 0x87, 0x48, 0xD7, 0xC0, 0x48,  // 蜡
    0x05, 0x8F, 0x58, 0xFF, 0xCF, 0x58, 0xF7, 0xEF, 0x80, 0xFF, 0xCB, 0xCC, 0xBF, 0x8B, 0xC8, 0xFF, 0xC2, 0xC8,  // 腊
    0x41, 0x03, 0x34, 0xFF, 0xCD, 0x34, 0x6F, 0xCF, 0xF4, 0x6F, 0xCF, 0xF0, 0x47, 0x84, 0xBC, 0xD3, 0x48, 0x30,  // 辣
    0x09, 0x00, 0x98, 0xE8, 0xCB, 0xFC, 0xA8, 0xCA, 0xEC, 0xBA, 0x8B, 0xB8, 0xEB, 0x88, 0x88, 0x18, 0xE1, 0x80,  // 啦
    0x12, 0x0F, 0xFC, 0x1B, 0x01, 0xE8, 0x7F, 0x83, 0xF0, 0xBE, 0xC1, 0xE0, 0x3F, 0x06, 0xDC, 0xCC, 0xC0, 0x80,  // 莱
    0x0C, 0x00, 0xC8, 0xFF, 0x82, 0xD0, 0x3F, 0x03, 0xEC, 0xFF, 0xC1, 0xE0, 0x2F, 0x04, 0xDC, 0x8C, 0x40, 0x80,  // 来
    0x22, 0x02, 0xB8, 0xFE, 0xCA, 0x48, 0xFF, 0xCB, 0xD4, 0xFD, 0x47, 0x54, 0x7F, 0x4A, 0xB8, 0x26, 0xC3, 0x84,  // 赖
    0x12, 0x01, 0x34, 0xFF, 0xC1, 0x60, 0x57, 0xC5, 0x70, 0x59, 0x07, 0x18, 0x7F, 0x87, 0xA8, 0x7F, 0xC0, 0x00,  // 蓝
    0x22, 0x02, 0x34, 0xFF, 0xC7, 0x78, 0x7F, 0xCA, 0xB6, 0x3A, 0x0F, 0xFC, 0x36, 0x03, 0x60, 0x1F, 0x8F, 0x18,  // 婪
    0x20, 0x86, 0x48, 0x77, 0x0F, 0x54, 0x6F, 0xC7, 0x00, 0xF0, 0x8E, 0xF8, 0x60, 0x06, 0x00, 0x7F, 0xE6, 0x00,  // 栏
    0x20, 0x86, 0xC8, 0x75, 0x0F, 0x5C, 0x6F, 0xC7, 0x00, 0xE0, 0x8E, 0xF8, 0x60, 0x06, 0x00, 0xFF, 0xE4, 0x00,  // 拦
    0x02, 0x06, 0xA4, 0x7F, 0xCB, 0xD0, 0x16, 0x45, 0x7C, 0x5B, 0x05, 0x10, 0x7F, 0x85, 0x68, 0x56, 0xCF, 0xFC,  // 篮
    0x60, 0x02, 0xFC, 0xCC, 0xCF, 0xFC, 0xFF, 0xCF, 0xF4, 0xFD, 0x4F, 0xF4, 0xDE, 0x4F, 0xD4, 0xCD, 0xC8, 0x08,  // 阑
    0x21, 0x03, 0x10, 0x12, 0x01, 0x6C, 0x00, 0x00, 0x00, 0x01, 0x80, 0x00, 0x00, 0x00, 0x04, 0xFF, 0xC0, 0x00,  // 兰
    0x00, 0x04, 0xBC, 0x32, 0x4B, 0xFC, 0xFA, 0xC7, 0xFC, 0x7F, 0xC7, 0xFC, 0xF7, 0x4F, 0xFC, 0xF2, 0xCB, 0x0C,  // 澜
    0x08, 0x04, 0xFE, 0x52, 0x41, 0xFC, 0xDA, 0xC5, 0xFC, 0x5F, 0xC5, 0xFC, 0x77, 0x47, 0xAC, 0xD2, 0xC1, 0x0C,  // 谰
    0x41, 0x04, 0xD0, 0x7F, 0xEF, 0xF8, 0x5C, 0xC7, 0xC8, 0xEA, 0xCC, 0xA8, 0x4B, 0x84, 0xF4, 0xCD, 0x47, 0x9C,  // 揽
    0x12, 0x05, 0x6C, 0x57, 0x05, 0x18, 0xD1, 0x03, 0xF8, 0x2D, 0x82, 0xD8, 0x2D, 0x81, 0xC4, 0x37, 0xEC, 0x3C,  // 览
    0x49, 0x04, 0xDC, 0x7F, 0xCF, 0xEC, 0xFF, 0x4F, 0xFC, 0x7F, 0xC5, 0xBC, 0x5F, 0xC6, 0x98, 0x69, 0x64, 0xE0,  // 懒
    0x24, 0x86, 0xF8, 0x5F, 0xEB, 0xF8, 0xEE, 0xC4, 0xF8, 0x4A, 0x8E, 0xA8, 0x0A, 0x8E, 0xE0, 0x8F, 0x63, 0x1C,  // 缆
    0x60, 0x86, 0x48, 0x75, 0x0F, 0x14, 0xEF, 0xCC, 0x00, 0xC0, 0x86, 0xF8, 0x70, 0x05, 0x00, 0x9F, 0xE0, 0x00,  // 烂
    0x05, 0x05, 0x50, 0x57, 0xEB, 0x70, 0xB7, 0x85, 0x48, 0x44, 0x05, 0xFC, 0xD7, 0x8D, 0x78, 0xD7, 0xCF, 0xFC,  // 滥
    0x02, 0x01, 0xA8, 0xFF, 0x84, 0x88, 0x4F, 0x8F, 0x88, 0x4F, 0x84, 0xAC, 0x7B, 0x8E, 0x98, 0x8E, 0xE0, 0x84,  // 琅
    0x48, 0x04, 0x5C, 0x7F, 0x4F, 0xB4, 0x5F, 0x87, 0xB8, 0xFF, 0x4D, 0x96, 0x5F, 0xE5, 0xF4, 0x59, 0x04, 0x10,  // 榔
    0x02, 0x0B, 0x28, 0xEF, 0x84, 0x88, 0xAF, 0x86, 0x88, 0x6F, 0x8A, 0xAC, 0x2B, 0x82, 0x90, 0xEE, 0xC6, 0x84,  // 狼
    0x04, 0x07, 0xFC, 0x58, 0x05, 0xFC, 0x75, 0xC7, 0xD8, 0x75, 0x87, 0xD4, 0x7D, 0x4F, 0xFC, 0xB1, 0x40, 0x10,  // 廊
    0x20, 0x0A, 0xBC, 0xFE, 0xC8, 0xA8, 0xFB, 0x08, 0xB0, 0xFA, 0x88, 0x24, 0x9A, 0x4F, 0xFC, 0xCE, 0x80, 0x20,  // 郎
    0x20, 0x0B, 0xBC, 0xFA, 0x48, 0xA4, 0xFB, 0xC8, 0xA4, 0xFA, 0x48, 0x3C, 0x94, 0x4F, 0xC4, 0xC9, 0xC1, 0x08,  // 朗
    0x06, 0x04, 0x28, 0x6F, 0x81, 0x88, 0xEF, 0x86, 0x88, 0x2F, 0x84, 0xAC, 0xCB, 0x04, 0x98, 0x4C, 0xE4, 0x84,  // 浪
    0x44, 0x04, 0x5C, 0x7F, 0xEF, 0x58, 0x4F, 0xC7, 0xA4, 0xD2, 0x8D, 0xFC, 0x46, 0x84, 0x48, 0xCD, 0x87, 0x18,  // 捞
    0x12, 0x01, 0x24, 0xFF, 0xC1, 0x20, 0xFF, 0xC8, 0x8C, 0x89, 0x87, 0xF8, 0x19, 0x01, 0x10, 0x67, 0x08, 0x20,  // 劳
    0x0C, 0x04, 0x44, 0xFF, 0xEA, 0x48, 0x24, 0x87, 0xF8, 0x44, 0x00, 0x44, 0xFF, 0xC0, 0x40, 0x0C, 0x00, 0xC0,  // 牢
    0x08, 0x00, 0x88, 0x7F, 0x80, 0xB0, 0x1E, 0x48, 0xE0, 0x18, 0x01, 0x30, 0x7C, 0x0D, 0x00, 0x1F, 0xC0, 0xF8,  // 老
    0x24, 0x06, 0x4C, 0x5F, 0x84, 0x58, 0xC7, 0x4D, 0x60, 0x44, 0x84, 0xD8, 0x5E, 0x46, 0xC4, 0x4C, 0xC4, 0x78,  // 佬
    0x42, 0x04, 0x64, 0x4F, 0xCF, 0x68, 0x57, 0x47, 0xFE, 0xF6, 0x0A, 0x5C, 0xEF, 0x07, 0x44, 0x16, 0xC0, 0x3C,  // 姥
    0x02, 0x0F, 0xA8, 0x67, 0xCF, 0xF8, 0xFB, 0x0F, 0xBC, 0xBC, 0xE9, 0xFC, 0xFC, 0x89, 0xCC, 0xFF, 0xC8, 0x48,  // 酪
    0x44, 0x06, 0x48, 0x7F, 0x87, 0xD8, 0xF3, 0x0C, 0x78, 0x4C, 0xE5, 0xFC, 0x6C, 0x8B, 0xC8, 0x8F, 0x80, 0x88,  // 烙
    0x05, 0x04, 0xD4, 0x7F, 0xC2, 0xD0, 0xBF, 0xEF, 0x64, 0x46, 0x85, 0xF8, 0xC4, 0x8C, 0xC8, 0xDB, 0x8A, 0x10,  // 涝
    0x41, 0x05, 0xD0, 0xFD, 0x07, 0xBE, 0x79, 0x4F, 0x94, 0xE9, 0x4F, 0xB4, 0x3A, 0x43, 0x64, 0x25, 0xC2, 0x88,  // 勒
    0x00, 0x83, 0xF8, 0x20, 0x06, 0x40, 0x64, 0x07, 0xFC, 0x44, 0x03, 0x50, 0x24, 0x84, 0x4C, 0x8C, 0x40, 0x00,  // 乐
    0x00, 0x80, 0xC0, 0xFF, 0xC8, 0xCC, 0xBC, 0x03, 0xF0, 0x4D, 0x06, 0xD8, 0x6D, 0x86, 0xD8, 0x7F, 0x84, 0x10,  // 雷
    0x40, 0x04, 0xF8, 0xFF, 0xE9, 0xA4, 0xF7, 0x84, 0xF8, 0x7F, 0xCE, 0xAC, 0x5F, 0xC6, 0xAC, 0x6F, 0xC4, 0x8C,  // 镭
    0x13, 0x0F, 0xFE, 0x13, 0x87, 0xFC, 0xFF, 0xEB, 0xF8, 0x7F, 0x87, 0xF8, 0x6C, 0x87, 0xF8, 0x7F, 0x86, 0x08,  // 蕾
    0x00, 0x4F, 0xFC, 0x1F, 0x83, 0x18, 0xDF, 0x83, 0x14, 0xFF, 0xE6, 0x30, 0x7B, 0xCD, 0xE4, 0x7B, 0xC5, 0x24,  // 磊
    0x00, 0x07, 0xF8, 0x7F, 0x84, 0xC8, 0x7F, 0x87, 0xB0, 0x3F, 0x07, 0xF8, 0x7E, 0x06, 0xD8, 0xDC, 0xC0, 0x80,  // 累
    0x20, 0x07, 0xFC, 0x5A, 0x85, 0xE8, 0xDF, 0x8D, 0x08, 0x7F, 0xE7, 0xFC, 0x7F, 0xC7, 0xFC, 0x7F, 0xC6, 0x40,  // 儡
    0x08, 0x01, 0xA0, 0x33, 0x07, 0xF8, 0x63, 0x05, 0x68, 0xFF, 0xC8, 0xC4, 0x0C, 0x84, 0xC0, 0x0C, 0x4F, 0xFC,  // 垒
    0x40, 0x84, 0xFC, 0x7F, 0xEF, 0x2C, 0x52, 0x06, 0xF8, 0xDE, 0xCD, 0xAC, 0x5F, 0xC5, 0xAC, 0xDF, 0xC5, 0x88,  // 擂
    0x02, 0x07, 0xA0, 0x52, 0x05, 0xFC, 0x72, 0x45, 0x24, 0x72, 0x4D, 0x24, 0xD6, 0x49, 0x4C, 0xBD, 0xC1, 0x08,  // 肋
    0x04, 0x06, 0xD8, 0x2F, 0x4F, 0xFC, 0x3F, 0x02, 0xD8, 0xC8, 0x88, 0xC4, 0x1E, 0x01, 0x30, 0x21, 0xCC, 0x04,  // 类
    0x40, 0x06, 0xFC, 0x18, 0xC9, 0x8C, 0x6F, 0xC2, 0x8C, 0x28, 0xC6, 0xFC, 0x48, 0xC4, 0x8C, 0x4F, 0xC0, 0x80,  // 泪
    0x42, 0x06, 0x20, 0x7F, 0xCF, 0x24, 0x5F, 0xCF, 0xDC, 0xFE, 0xCF, 0x78, 0x4B, 0x05, 0x30, 0x67, 0xC7, 0x84,  // 棱
    0x40, 0x04, 0xFC, 0x6F, 0x4F, 0xFC, 0x4B, 0x4E, 0x24, 0xFF, 0xCC, 0x68, 0x46, 0xC4, 0x48, 0x4F, 0x87, 0x10,  // 楞
    0x06, 0x08, 0x60, 0xED, 0x06, 0x98, 0x36, 0xC7, 0x24, 0x77, 0x8C, 0x18, 0xC1, 0x0C, 0xE0, 0xC6, 0x00, 0x30,  // 冷
    0x00, 0x07, 0xFC, 0x50, 0x85, 0x68, 0x5F, 0x85, 0x68, 0x5F, 0x85, 0x68, 0x5F, 0x88, 0x60, 0x86, 0x40, 0x00,  // 厘
    0x18, 0x8F, 0x28, 0xFE, 0x87, 0x28, 0x7A, 0x8B, 0x98, 0x1C, 0xCF, 0xFC, 0x3E, 0x06, 0xD8, 0xCC, 0xE0, 0x80,  // 梨
    0x08, 0x07, 0xBC, 0x37, 0xCF, 0xBC, 0x7E, 0xC9, 0x5C, 0x24, 0x87, 0xF8, 0x44, 0x4F, 0xFE, 0x04, 0x00, 0x40,  // 犁
    0x32, 0x0E, 0x7C, 0xFD, 0xC7, 0xBC, 0xFA, 0x8B, 0xD8, 0x3B, 0x06, 0xFE, 0x9E, 0x03, 0xF0, 0x6D, 0x81, 0x80,  // 黎
    0x22, 0x07, 0xFC, 0xB5, 0x0B, 0xD4, 0xFF, 0xC6, 0xF8, 0x7F, 0x84, 0xD8, 0xFF, 0xCF, 0xFC, 0xC1, 0xCC, 0x18,  // 篱
    0x00, 0x0B, 0xFC, 0x6A, 0xCC, 0xFC, 0x6A, 0xC6, 0xAC, 0x6F, 0xCA, 0x20, 0x2F, 0xC2, 0x20, 0xE3, 0x65, 0x00,  // 狸
    0x08, 0x00, 0xC4, 0x77, 0x87, 0xC8, 0x7E, 0x87, 0xF8, 0x4C, 0x8F, 0xFC, 0xD6, 0xCF, 0xFC, 0xC1, 0xCC, 0x08,  // 离
    0x06, 0x07, 0xFE, 0x7D, 0xC3, 0xF4, 0xBF, 0xCD, 0xFC, 0x52, 0x45, 0xFC, 0xD5, 0x4D, 0xF4, 0xD1, 0xCD, 0x0C,  // 漓
    0x00, 0x0F, 0xFC, 0x4A, 0xC4, 0xBC, 0x4B, 0xCF, 0xAC, 0x4F, 0xC4, 0x20, 0x7F, 0xCC, 0x20, 0x03, 0x41, 0xFC,  // 理
    0x0C, 0x00, 0xC4, 0xFF, 0xC1, 0xE0, 0x2D, 0xC4, 0x8C, 0xBF, 0x00, 0x64, 0xFF, 0xC0, 0x40, 0x1C, 0x00, 0xC0,  // 李
    0x00, 0x07, 0xF8, 0x6D, 0x87, 0xF8, 0x6D, 0x86, 0xD8, 0x7F, 0x84, 0xC8, 0x7F, 0x80, 0xC0, 0x0C, 0xC0, 0x00,  // 里
    0x40, 0x05, 0x7C, 0xF5, 0x4B, 0x7C, 0xFF, 0xCF, 0xD4, 0xFF, 0xCB, 0x90, 0xFF, 0xC9, 0x10, 0xE1, 0x40, 0xFC,  // 鲤
    0x22, 0x02, 0x20, 0x32, 0x0F, 0xA0, 0x32, 0x03, 0x20, 0x7A, 0x0A, 0xA0, 0x22, 0x02, 0x24, 0x22, 0x42, 0x3C,  // 礼
    0x12, 0x0B, 0x34, 0x32, 0x01, 0xAC, 0xFA, 0xC3, 0x3C, 0xFE, 0xC7, 0x2C, 0x7F, 0xCB, 0x2C, 0x30, 0xC3, 0x18,  // 莉
    0x12, 0x0F, 0xFE, 0x1A, 0x07, 0xF8, 0x19, 0x83, 0x70, 0xE3, 0x0F, 0xFC, 0x2A, 0x46, 0xAC, 0x7F, 0xC9, 0x88,  // 荔
    0x0C, 0x00, 0xC4, 0xFF, 0xC0, 0xC8, 0x7F, 0x84, 0xC8, 0x7F, 0x86, 0x88, 0x18, 0x01, 0xC0, 0x37, 0xCC, 0x0C,  // 吏
    0x00, 0x4F, 0xFC, 0x7F, 0x85, 0xE8, 0x5E, 0x87, 0xF8, 0x0C, 0x4F, 0xFC, 0x3F, 0x06, 0xDC, 0xCC, 0xC0, 0x80,  // 栗
    0x00, 0x4F, 0xFC, 0x00, 0x0F, 0xFC, 0xDE, 0xCD, 0xEC, 0xFF, 0xCF, 0xFC, 0xDE, 0xCD, 0xEC, 0xFF, 0xC9, 0x48,  // 丽
    0x00, 0x07, 0xFC, 0x40, 0x47, 0xFC, 0x44, 0x04, 0xC8, 0x4C, 0x84, 0x88, 0x48, 0x89, 0x18, 0xA3, 0x04, 0x00,  // 厉
    0x01, 0x0F, 0xD0, 0xC1, 0x0F, 0xF4, 0xF3, 0xEF, 0xD4, 0xFD, 0x4A, 0xD4, 0xAF, 0x4A, 0xE4, 0x5F, 0xC8, 0x88,  // 励
    0x00, 0xCF, 0xF8, 0x6D, 0x04, 0xD0, 0x7D, 0x0F, 0xFE, 0xF9, 0x0F, 0x58, 0xFD, 0x4D, 0x96, 0x97, 0x20, 0x20,  // 砾
    0x00, 0x07, 0xFC, 0x44, 0x04, 0x40, 0x7F, 0xC4, 0x48, 0x44, 0x84, 0xC8, 0x48, 0x89, 0x88, 0xB3, 0x84, 0x10,  // 历
    0x08, 0x47, 0x8C, 0x33, 0xC3, 0x2C, 0xFE, 0xC3, 0x2C, 0x7A, 0xC7, 0xAC, 0xB2, 0xC3, 0x0C, 0x31, 0xC2, 0x08,  // 利
    0x20, 0x07, 0xFC, 0x57, 0xC5, 0xFC, 0xD7, 0xCD, 0xFC, 0x42, 0x47, 0xFC, 0x4F, 0x04, 0xB8, 0x52, 0xE4, 0x60,  // 傈
    0x20, 0x43, 0x24, 0x79, 0x44, 0x94, 0xDF, 0x4D, 0x54, 0x5D, 0x46, 0xD4, 0x4D, 0x44, 0x84, 0x51, 0xC6, 0x0C,  // 例
    0x20, 0x07, 0xE4, 0x69, 0x44, 0x94, 0xFF, 0x4C, 0xD4, 0x5F, 0x45, 0xF4, 0x69, 0x46, 0x84, 0x49, 0xC4, 0x8C,  // 俐
    0x04, 0x07, 0xFC, 0x66, 0x4F, 0xF4, 0xE9, 0x47, 0xF4, 0xF9, 0x4D, 0xD4, 0x5F, 0x46, 0x94, 0x88, 0xC0, 0x8C,  // 痢
    0x00, 0x00, 0xC0, 0x0C, 0x8F, 0xFC, 0x01, 0x02, 0x30, 0x23, 0x01, 0x20, 0x12, 0x01, 0x60, 0x04, 0x40, 0x00,  // 立
    0x62, 0x07, 0x20, 0xFA, 0x4F, 0xFC, 0xF8, 0x8F, 0x58, 0x75, 0x8F, 0x70, 0xE7, 0x06, 0x10, 0x7F, 0xE4, 0x00,  // 粒
    0x00, 0x05, 0xFC, 0x7B, 0x0B, 0xA0, 0xFF, 0xC5, 0xA4, 0x52, 0x4D, 0x24, 0xD6, 0x4F, 0x4C, 0xE9, 0xC5, 0x08,  // 沥
    0x0C, 0x00, 0xD0, 0x7F, 0x8F, 0xFE, 0x0D, 0x07, 0xF0, 0x4D, 0x82, 0xF8, 0x3F, 0x0E, 0xD8, 0x9C, 0xC1, 0x80,  // 隶
    0x0C, 0x00, 0xC0, 0x0C, 0x07, 0xFC, 0x0C, 0xC0, 0x8C, 0x08, 0xC0, 0x8C, 0x10, 0xC3, 0x08, 0x63, 0x88, 0x10,  // 力
    0x02, 0x03, 0xFE, 0x6D, 0xC4, 0xB4, 0x6F, 0xCF, 0xFC, 0x42, 0x45, 0xFE, 0x7F, 0xCD, 0xEC, 0x18, 0xC1, 0x8C,  // 璃
    0x00, 0x0E, 0xFC, 0xAA, 0xCA, 0xFC, 0xAA, 0xCA, 0xAC, 0xAA, 0x8E, 0x20, 0xBF, 0xC8, 0x20, 0x02, 0x60, 0x00,  // 哩
    0x60, 0x07, 0xFE, 0x45, 0x0D, 0x54, 0xDF, 0xCD, 0x54, 0x5F, 0x45, 0xFC, 0x5A, 0xC5, 0x44, 0x51, 0xC5, 0x0C,  // 俩
    0x04, 0x8F, 0xE8, 0xD3, 0x4F, 0xFC, 0xD2, 0x0F, 0x24, 0xFF, 0xCF, 0xB0, 0xF7, 0x89, 0x4C, 0x3C, 0x61, 0x00,  // 联
    0x12, 0x01, 0x34, 0x9B, 0x05, 0x68, 0x7F, 0xC0, 0xA0, 0x7F, 0x84, 0x20, 0x7F, 0xC4, 0x20, 0xF2, 0x49, 0xFC,  // 莲
    0x02, 0x04, 0x64, 0x7F, 0xC0, 0xE0, 0x0A, 0x0F, 0xFC, 0x42, 0x07, 0xFC, 0x42, 0x06, 0x20, 0xF2, 0xC0, 0xFC,  // 连
    0x42, 0x05, 0xFC, 0xFD, 0x89, 0xFC, 0xFF, 0x85, 0xFC, 0xFF, 0xC5, 0xFC, 0x57, 0x87, 0xFC, 0xF7, 0x40, 0x10,  // 镰
    0x04, 0x07, 0xFC, 0x5B, 0x04, 0xBC, 0x6A, 0x87, 0xF8, 0x7F, 0xE4, 0xA8, 0xDB, 0x8B, 0xB0, 0xEA, 0xC0, 0xA0,  // 廉
    0x46, 0x04, 0x60, 0x45, 0x0F, 0xD8, 0xDA, 0xCD, 0x24, 0x63, 0x84, 0x18, 0x41, 0x04, 0x60, 0x43, 0x04, 0x10,  // 怜
    0x01, 0x05, 0x34, 0x5F, 0xCA, 0x30, 0xC5, 0x0F, 0xFC, 0x51, 0x0D, 0xFC, 0xD1, 0x0D, 0x10, 0xFF, 0xCA, 0x3C,  // 涟
    0x0C, 0x00, 0xC4, 0xFF, 0xEB, 0x38, 0x6D, 0xCC, 0xCC, 0x7F, 0x86, 0xC8, 0x6C, 0x86, 0xD8, 0x6D, 0x80, 0xC0,  // 帘
    0x23, 0x03, 0x30, 0x5A, 0x44, 0xFE, 0x9E, 0x86, 0xE8, 0xAA, 0x87, 0xB8, 0x71, 0x01, 0xB8, 0xE6, 0xC1, 0x84,  // 敛
    0x02, 0x0F, 0x70, 0xB5, 0x8F, 0x8C, 0xF9, 0xCB, 0x08, 0xFA, 0xCB, 0xA8, 0xBF, 0x8B, 0x78, 0xF1, 0x42, 0x80,  // 脸
    0x41, 0x06, 0x90, 0x7F, 0xEF, 0xB0, 0xA3, 0x8F, 0xFC, 0x5D, 0x8F, 0xDE, 0x4D, 0x85, 0xD8, 0x7D, 0x85, 0x3E,  // 链
    0x08, 0x00, 0xC4, 0xFF, 0xC7, 0xB0, 0x7A, 0xCD, 0xA4, 0x92, 0x02, 0x80, 0x74, 0xCF, 0x14, 0xB3, 0x01, 0xF0,  // 恋
    0x42, 0x06, 0x24, 0x5F, 0xC7, 0x40, 0xFF, 0x0C, 0xD0, 0xCF, 0xC6, 0x50, 0x7D, 0xCD, 0x96, 0x97, 0x62, 0x30,  // 炼
    0x03, 0x06, 0x24, 0x5F, 0xCB, 0x50, 0xFF, 0x06, 0xD4, 0xCF, 0xCE, 0x50, 0x15, 0xCE, 0x96, 0x93, 0x60, 0x30,  // 练
    0x22, 0x03, 0xF8, 0xFF, 0xCF, 0x4C, 0xFF, 0xC6, 0x4C, 0x77, 0xCF, 0xDC, 0xA5, 0x82, 0x58, 0x66, 0xC2, 0x40,  // 粮
    0x06, 0x08, 0x24, 0xDF, 0xC6, 0x08, 0x3F, 0x86, 0x88, 0x5F, 0x8C, 0xA0, 0xCE, 0x8D, 0xAC, 0xE6, 0x40, 0x60,  // 凉
    0x40, 0x83, 0x78, 0xCE, 0x83, 0xDC, 0x55, 0xC4, 0xB0, 0x7C, 0x0F, 0xFC, 0x1E, 0x02, 0xF8, 0xCC, 0xC0, 0x80,  // 梁
    0x40, 0x07, 0xF8, 0xEE, 0x87, 0x5C, 0xD7, 0x45, 0x90, 0x7D, 0x03, 0xE4, 0xFF, 0xC3, 0xF0, 0x6D, 0xC8, 0xC0,  // 粱
    0x08, 0x04, 0xD0, 0x7F, 0x06, 0x10, 0x7F, 0x06, 0x10, 0x7F, 0x06, 0x98, 0x67, 0x06, 0x60, 0x73, 0xC6, 0x0C,  // 良
    0x00, 0x4F, 0xFC, 0x12, 0x0F, 0xFC, 0xD6, 0xCD, 0x2C, 0xDE, 0xCF, 0xFC, 0xED, 0xCC, 0x8C, 0xC1, 0xC4, 0x08,  // 两
    0x40, 0x05, 0xFE, 0xF7, 0x0E, 0xF4, 0xEF, 0xCF, 0xD4, 0x6F, 0x47, 0xFC, 0xEA, 0xC6, 0xA4, 0x69, 0xC6, 0x8C,  // 辆
    0x00, 0x06, 0x18, 0x7F, 0x87, 0xF8, 0xFF, 0xE7, 0xF8, 0x6D, 0x86, 0xD8, 0x7F, 0x87, 0xFC, 0x0C, 0x4F, 0xFC,  // 量
    0x02, 0x0F, 0x30, 0xBF, 0xEB, 0x0C, 0xBF, 0xCF, 0xCC, 0xBF, 0xCB, 0x30, 0xFF, 0xCB, 0xB4, 0x97, 0x60, 0x20,  // 晾
    0x0C, 0x0F, 0xFC, 0x21, 0x03, 0xF0, 0x33, 0x0A, 0x30, 0xFF, 0xC9, 0x28, 0x16, 0x01, 0x24, 0x33, 0xCE, 0x1C,  // 亮
    0x02, 0x0C, 0x24, 0x5F, 0xE0, 0x88, 0xCF, 0x84, 0x88, 0x4F, 0x84, 0xA8, 0x6E, 0x87, 0xAC, 0x72, 0x40, 0x60,  // 谅
    0x42, 0x04, 0x64, 0x5F, 0xCF, 0xDC, 0x4F, 0x87, 0x9E, 0xFF, 0x8C, 0xF8, 0x4A, 0x05, 0xA8, 0xF6, 0x4E, 0x60,  // 撩
    0x02, 0x0F, 0xFE, 0x7B, 0xE7, 0xBE, 0x7B, 0xE7, 0xBE, 0x7F, 0xE7, 0xFE, 0xFF, 0xCB, 0x58, 0x3D, 0x81, 0x10,  // 聊
    0x26, 0x06, 0x64, 0x7F, 0xC5, 0xDC, 0xDF, 0x8D, 0x9E, 0x6F, 0x84, 0xF8, 0x4F, 0x05, 0xE8, 0x76, 0xC6, 0x40,  // 僚
    0x04, 0x02, 0x64, 0xBF, 0xCE, 0x04, 0xEF, 0xC6, 0x30, 0xE2, 0x0A, 0x20, 0x62, 0x04, 0x20, 0x8E, 0x00, 0x60,  // 疗
    0x42, 0x04, 0x64, 0x57, 0xC7, 0xDC, 0xEF, 0xCD, 0x8E, 0x6F, 0x84, 0xF8, 0x6A, 0x0A, 0xA8, 0xBE, 0xC0, 0x60,  // 燎
    0x08, 0x07, 0xFC, 0xDF, 0xCF, 0xF8, 0x3B, 0x87, 0xF8, 0x5E, 0x07, 0xFC, 0xFE, 0x41, 0xD8, 0x67, 0x07, 0x80,  // 寥
    0x00, 0x05, 0xFC, 0x61, 0x80, 0x30, 0x02, 0x0E, 0x20, 0x62, 0x06, 0x20, 0x6E, 0x06, 0x60, 0xFF, 0xE8, 0xFC,  // 辽
    0x02, 0x04, 0x64, 0x7F, 0xCB, 0xDC, 0xFF, 0xC5, 0x8E, 0x6F, 0x84, 0xF8, 0xCA, 0x0D, 0xAC, 0xDE, 0x46, 0x60,  // 潦
    0x00, 0x07, 0xFC, 0x01, 0x80, 0x60, 0x0C, 0x00, 0xC0, 0x0C, 0x00, 0xC0, 0x0C, 0x00, 0xC0, 0x3C, 0x00, 0x80,  // 了
    0x40, 0x04, 0xAC, 0x7F, 0xCF, 0xAC, 0x4E, 0xC6, 0xF8, 0xDF, 0x04, 0x7C, 0x58, 0xC4, 0xF8, 0xCC, 0x8C, 0xF8,  // 撂
    0x42, 0x06, 0x6C, 0x7F, 0xC8, 0xDC, 0xEF, 0xC5, 0x8E, 0xFF, 0x84, 0xF8, 0x4B, 0x06, 0xEC, 0x56, 0x42, 0x60,  // 镣
    0x04, 0x0F, 0xFC, 0xFF, 0xCF, 0xFC, 0xDD, 0xCF, 0xFC, 0xEE, 0x09, 0xFC, 0xFF, 0xCB, 0x78, 0x9F, 0x03, 0xC0,  // 廖
    0x20, 0x82, 0x48, 0xBB, 0x8F, 0x38, 0xF8, 0x86, 0x68, 0x72, 0xCF, 0x3C, 0xA8, 0x82, 0x08, 0x21, 0x82, 0x18,  // 料
    0x00, 0x4F, 0xCC, 0x23, 0xC2, 0xBC, 0x7F, 0xC4, 0xBC, 0xAB, 0xC3, 0x3C, 0x12, 0xC2, 0x0C, 0xC1, 0xC0, 0x08,  // 列
    0x04, 0x4F, 0xFC, 0x7F, 0xC6, 0xBC, 0x32, 0xC6, 0xDC, 0xC4, 0xCF, 0xFC, 0x37, 0x87, 0x30, 0x9D, 0xC3, 0x04,  // 裂
    0x00, 0x4F, 0xC4, 0x23, 0x43, 0xF4, 0x6F, 0x4E, 0xB4, 0xBB, 0x43, 0x1C, 0xC0, 0x85, 0x28, 0x5A, 0x48, 0x24,  // 烈
    0x04, 0x02, 0xD8, 0x3C, 0xC6, 0xD4, 0x47, 0x08, 0xC0, 0xFC, 0x07, 0xFC, 0x08, 0x81, 0x88, 0x37, 0x8C, 0x30,  // 劣
    0x05, 0x0B, 0x50, 0x6F, 0xC6, 0x50, 0xA5, 0x43, 0xFC, 0x6F, 0x8E, 0x88, 0xAF, 0x82, 0x88, 0xEF, 0x84, 0x88,  // 猎
    0x09, 0x02, 0x90, 0x4D, 0x05, 0xFC, 0x49, 0x8F, 0xF8, 0x5F, 0x86, 0xBC, 0x6D, 0x6E, 0xD0, 0x89, 0x00, 0x90,  // 琳
    0x23, 0x02, 0x30, 0x23, 0x4F, 0xFC, 0x67, 0x07, 0x78, 0x7F, 0x8A, 0xFC, 0x2B, 0x43, 0x34, 0x23, 0x02, 0x30,  // 林
    0x02, 0x0B, 0xE8, 0x57, 0x44, 0xF8, 0x6A, 0xCF, 0xAC, 0xAC, 0xCA, 0xFC, 0xFF, 0x8E, 0xFE, 0x98, 0x82, 0x08,  // 磷
    0x00, 0x84, 0xC0, 0xFF, 0xEF, 0xF8, 0x7F, 0x02, 0x30, 0x3F, 0xC7, 0x70, 0x7F, 0x8A, 0xEC, 0x3A, 0x42, 0x20,  // 霖
    0x22, 0x02, 0x60, 0xA7, 0xEA, 0xA0, 0xAB, 0x0B, 0x10, 0xAF, 0xCA, 0xA4, 0xAA, 0x4A, 0xA4, 0x2F, 0xC2, 0x80,  // 临
    0x10, 0x03, 0x3C, 0x2E, 0x46, 0x68, 0xD2, 0x89, 0x28, 0xFE, 0x40, 0xA6, 0x73, 0xC3, 0x2C, 0x12, 0x00, 0x20,  // 邻
    0x42, 0x06, 0x78, 0xE7, 0xCB, 0xF8, 0xF6, 0xEF, 0xEC, 0xFC, 0xCF, 0xFC, 0x9D, 0x83, 0xDE, 0xC8, 0x81, 0x08,  // 鳞
    0x09, 0x04, 0x90, 0x69, 0x4B, 0xFC, 0xF9, 0x85, 0xF8, 0x5F, 0xCE, 0xBC, 0xED, 0x6C, 0x90, 0xC9, 0x00, 0x90,  // 淋
    0x06, 0x09, 0xFE, 0xDF, 0xC7, 0xFC, 0x3F, 0xC5, 0xFC, 0x5F, 0x8D, 0xF8, 0xFF, 0xED, 0xB8, 0xF6, 0xC4, 0x64,  // 凛
    0x21, 0x87, 0xF8, 0x42, 0x4F, 0xFC, 0x46, 0xC5, 0xFC, 0x3F, 0x82, 0xD0, 0x29, 0x02, 0xF0, 0x19, 0x8E, 0x08,  // 赁
    0x08, 0x00, 0xCC, 0xFF, 0xC1, 0x20, 0x0C, 0x01, 0xF0, 0x71, 0xCF, 0xF8, 0x21, 0x02, 0x10, 0x3F, 0x02, 0x10,  // 吝
    0x42, 0x04, 0x60, 0x55, 0x0F, 0xD8, 0x4A, 0xC7, 0x24, 0xF0, 0x8C, 0xF8, 0x41, 0x04, 0xF0, 0xC3, 0x0C, 0x10,  // 拎
    0x02, 0x0F, 0x60, 0x45, 0x04, 0x58, 0x4A, 0xCF, 0x26, 0x40, 0x84, 0xFC, 0x71, 0x8C, 0xD0, 0x07, 0x00, 0x10,  // 玲
    0x12, 0x0F, 0xFC, 0x1A, 0x01, 0xF8, 0x0C, 0xCF, 0xFC, 0x3B, 0x8D, 0xFC, 0x3A, 0x04, 0xE0, 0x1F, 0xCE, 0x0C,  // 菱
    0x00, 0x87, 0xFC, 0xFF, 0xCB, 0xF8, 0x3F, 0x00, 0xC0, 0x1B, 0x06, 0xDE, 0xFF, 0x00, 0x60, 0x1C, 0x00, 0x60,  // 零
    0x21, 0x02, 0x30, 0xFB, 0x8A, 0x28, 0xFE, 0x6A, 0xD4, 0xE9, 0x0F, 0xFC, 0xF8, 0x89, 0xF0, 0xF9, 0x08, 0x18,  // 龄
    0x42, 0x04, 0x30, 0x7F, 0x0C, 0x4C, 0x9E, 0xEE, 0xB0, 0x7F, 0x8F, 0x18, 0x61, 0x07, 0x70, 0x63, 0x06, 0x18,  // 铃
    0x26, 0x02, 0x60, 0x6D, 0x04, 0x98, 0xDE, 0xEF, 0x24, 0x62, 0x84, 0x18, 0x41, 0x04, 0x60, 0x43, 0x04, 0x10,  // 伶
    0x92, 0x05, 0x30, 0x7D, 0x0F, 0xC8, 0x6A, 0xCF, 0xA4, 0x7F, 0x8F, 0x98, 0x65, 0x04, 0x30, 0xC3, 0x00, 0x00,  // 羚
    0x02, 0x08, 0x68, 0xDF, 0xC6, 0x64, 0x3F, 0xC5, 0xD8, 0x57, 0xCC, 0xF8, 0xDF, 0x0E, 0x60, 0xCF, 0xC3, 0x0C,  // 凌
    0x00, 0x07, 0xF8, 0x3F, 0x80, 0x18, 0x7F, 0x80, 0x88, 0x0D, 0x84, 0xF0, 0x4E, 0x01, 0x30, 0x61, 0xE8, 0x04,  // 灵
    0x02, 0x0F, 0x68, 0xAF, 0x8E, 0x64, 0xCF, 0x8E, 0xCC, 0xB4, 0xCA, 0xF8, 0xF7, 0x08, 0x60, 0x8F, 0xCB, 0x0C,  // 陵
    0x42, 0x04, 0x30, 0x45, 0x0F, 0x48, 0xDA, 0xED, 0xB4, 0xD0, 0x8D, 0xF8, 0xF1, 0x0D, 0x70, 0x03, 0x00, 0x10,  // 岭
    0x20, 0x06, 0xFC, 0x52, 0x05, 0xFC, 0xA5, 0xC2, 0x5C, 0xFD, 0xC3, 0x5C, 0xE7, 0xC6, 0x38, 0x24, 0xC1, 0x84,  // 领
    0x20, 0x82, 0x18, 0x20, 0x82, 0x18, 0x2D, 0x80, 0xC0, 0xFF, 0xC1, 0x88, 0x18, 0x83, 0x08, 0x63, 0x88, 0x10,  // 另
    0x08, 0x00, 0xC0, 0x16, 0x01, 0x30, 0x29, 0xC4, 0xCE, 0x81, 0x07, 0xF8, 0x02, 0x01, 0xC0, 0x0C, 0x00, 0x60,  // 令
    0x46, 0x07, 0xFC, 0x1D, 0x4B, 0xF4, 0xFF, 0xC3, 0x68, 0x7F, 0xC5, 0xAC, 0xDF, 0xC5, 0xAC, 0x5F, 0xC5, 0x00,  // 溜
    0x02, 0x03, 0x24, 0xFF, 0xC4, 0x78, 0x4D, 0xCF, 0xE4, 0x4E, 0x84, 0xA8, 0x7A, 0x8E, 0xAA, 0x9A, 0xE3, 0x2C,  // 琉
    0x62, 0x06, 0xFE, 0x7D, 0x4F, 0xF4, 0x6F, 0x47, 0xAC, 0xFE, 0xC4, 0xB4, 0x4F, 0xC4, 0xB4, 0x4F, 0xC4, 0x84,  // 榴
    0x02, 0x03, 0x24, 0x6F, 0xC4, 0x70, 0x4F, 0x8F, 0xE8, 0xFE, 0x8F, 0xA8, 0xFA, 0x8F, 0xA8, 0x9A, 0xE2, 0x2C,  // 硫
    0x40, 0x05, 0xFE, 0x79, 0x4B, 0xD4, 0xDF, 0x45, 0xAC, 0x4E, 0xC4, 0xAC, 0x5F, 0xC6, 0xA4, 0x4F, 0xC0, 0x84,  // 馏
    0x10, 0x0E, 0xFC, 0xD2, 0xCD, 0x68, 0xFD, 0x8C, 0x98, 0x7F, 0x84, 0xC8, 0x7F, 0x84, 0xC8, 0x7F, 0x84, 0x08,  // 留
    0x20, 0x43, 0x04, 0x37, 0x4F, 0xF4, 0x49, 0x43, 0x94, 0x31, 0x43, 0x14, 0x3B, 0x44, 0xC4, 0x89, 0xC0, 0x0C,  // 刘
    0x04, 0x07, 0xFE, 0x64, 0x4F, 0xFE, 0xF5, 0x47, 0xFC, 0xF2, 0xCD, 0xFC, 0x52, 0x45, 0xFC, 0x9A, 0xC1, 0x8C,  // 瘤
    0x04, 0x04, 0x6C, 0x7E, 0x00, 0xD0, 0xB9, 0x8F, 0xD8, 0x5F, 0x85, 0xD0, 0xD5, 0x0D, 0x54, 0xD5, 0xEE, 0x4C,  // 流
    0x42, 0x04, 0xD4, 0x7B, 0xCF, 0xF4, 0x4F, 0x4F, 0xF4, 0xFF, 0x4D, 0xD4, 0x55, 0xC4, 0x54, 0x49, 0x06, 0x10,  // 柳
    0x00, 0x00, 0xC0, 0x0C, 0x00, 0x44, 0xFF, 0xC1, 0x00, 0x1A, 0x03, 0x30, 0x21, 0x84, 0x08, 0x80, 0xC0, 0x00,  // 六
    0x10, 0x01, 0xB0, 0x19, 0x4F, 0xFC, 0x16, 0x81, 0x78, 0x17, 0x01, 0x70, 0x36, 0x03, 0xE4, 0x47, 0xE8, 0x3C,  // 龙
    0x0A, 0x09, 0xB4, 0x1E, 0xC3, 0x7C, 0x3E, 0x6C, 0x3C, 0xFF, 0xC3, 0xF0, 0x31, 0x03, 0x14, 0xFF, 0xC0, 0x10,  // 聋
    0x04, 0x0A, 0x58, 0xA4, 0xCB, 0xFE, 0xA6, 0x0A, 0x6C, 0xA7, 0x8E, 0xF0, 0xAB, 0x09, 0xE4, 0x1B, 0xE4, 0x1C,  // 咙
    0x22, 0x06, 0xE4, 0xFD, 0x8B, 0xD8, 0x1A, 0x0F, 0xFC, 0x14, 0x81, 0x58, 0x37, 0x02, 0xC4, 0x77, 0xE8, 0x3C,  // 笼
    0x08, 0x0F, 0xFC, 0xB3, 0xCE, 0xD8, 0xFF, 0x8F, 0x70, 0xFF, 0xCB, 0xE0, 0xFF, 0x8F, 0xF8, 0x82, 0x49, 0xFC,  // 窿
    0x04, 0x0F, 0xF8, 0xAD, 0x8F, 0x70, 0xCF, 0xCB, 0xFC, 0xAA, 0x0B, 0xF8, 0xF2, 0x89, 0xF8, 0x82, 0x4A, 0x00,  // 隆
    0x18, 0x01, 0xB4, 0xFF, 0xC1, 0x58, 0x37, 0x83, 0xE4, 0x7F, 0xE8, 0xF0, 0x0C, 0x87, 0xF8, 0x0C, 0x4F, 0xFC,  // 垄
    0x44, 0x06, 0x58, 0x74, 0x8F, 0xFE, 0x66, 0x07, 0x6C, 0xE7, 0x8E, 0xF0, 0x6B, 0x06, 0xE4, 0xFB, 0xE6, 0x18,  // 拢
    0x07, 0x0F, 0x48, 0xB4, 0xCB, 0xFE, 0xE6, 0x8A, 0x6C, 0xB7, 0x8B, 0xF0, 0xFB, 0x08, 0xE0, 0x93, 0xEC, 0x1C,  // 陇
    0x42, 0x06, 0xEC, 0x67, 0x4F, 0xFC, 0x66, 0x8F, 0xAE, 0xF6, 0x4F, 0xFC, 0x4D, 0x84, 0xF0, 0x47, 0x87, 0x84,  // 楼
    0x04, 0x02, 0xD8, 0x3F, 0x4F, 0xFC, 0x3F, 0x06, 0xDC, 0x98, 0x4F, 0xFC, 0x32, 0x03, 0xE0, 0x1F, 0x8F, 0x08,  // 娄
    0x42, 0x04, 0xA8, 0x4F, 0x4F, 0xFC, 0x4F, 0x87, 0xAE, 0xF6, 0x4F, 0xFC, 0x4D, 0x04, 0xF0, 0xC7, 0x8D, 0x88,  // 搂
    0x22, 0x07, 0xFC, 0xFD, 0x0A, 0xD0, 0x3F, 0xCB, 0xF0, 0x3D, 0xCC, 0x8C, 0xFF, 0xC3, 0x60, 0x1F, 0x8F, 0x18,  // 篓
    0x10, 0x05, 0x8C, 0x7F, 0xCB, 0x04, 0xFF, 0xE5, 0xB4, 0x5F, 0xCD, 0xFC, 0xDF, 0xCE, 0xFC, 0xEB, 0xC4, 0xA4,  // 漏
    0x00, 0x4E, 0xFC, 0xA1, 0x0D, 0xFC, 0xD7, 0x4B, 0x7C, 0xB6, 0xCB, 0x44, 0xF4, 0xC9, 0x4C, 0x9F, 0xE8, 0x00,  // 陋
    0x12, 0x0F, 0xFE, 0x32, 0x01, 0xE0, 0x7F, 0x86, 0x08, 0x60, 0x87, 0xF8, 0x40, 0x04, 0x00, 0x80, 0x00, 0x00,  // 芦
    0x0C, 0x00, 0xCC, 0x0F, 0xC0, 0xC0, 0x7F, 0x84, 0x08, 0x40, 0x87, 0xF8, 0x40, 0x04, 0x00, 0x80, 0x00, 0x00,  // 卢
    0x20, 0x42, 0xFC, 0x39, 0x0A, 0x7C, 0xFD, 0x49, 0xD4, 0xFD, 0x49, 0x54, 0x87, 0x48, 0x38, 0x86, 0x61, 0x82,  // 颅
    0x04, 0x04, 0x44, 0x7F, 0xC4, 0x60, 0x5F, 0xC5, 0x08, 0x50, 0x85, 0xF8, 0xD0, 0x8B, 0x00, 0xA0, 0x04, 0x00,  // 庐
    0x62, 0x06, 0x30, 0x7F, 0xC7, 0xC4, 0xEC, 0x4E, 0xC4, 0x4F, 0xC6, 0x80, 0x68, 0x05, 0x80, 0x90, 0x02, 0x00,  // 炉
    0x42, 0x04, 0x3C, 0x76, 0x4F, 0xFE, 0x5B, 0x87, 0xE4, 0xDB, 0xCD, 0xA0, 0x5F, 0xC5, 0x6C, 0xE5, 0xCF, 0x88,  // 掳
    0x08, 0x00, 0x8C, 0x0F, 0xC8, 0xC8, 0xC6, 0x8C, 0x68, 0xDC, 0x8C, 0xC8, 0xD6, 0x8E, 0x28, 0xFF, 0x8C, 0x08,  // 卤
    0x08, 0x00, 0xF8, 0x7F, 0xC4, 0x9C, 0x7F, 0xC4, 0xFC, 0x47, 0x04, 0x6C, 0x6C, 0xCC, 0xC8, 0x9B, 0x86, 0x18,  // 虏
    0x10, 0x03, 0xF0, 0x7F, 0x8E, 0xD8, 0x7F, 0x87, 0xF8, 0xFF, 0xC6, 0x10, 0x7F, 0x07, 0xF0, 0x61, 0x06, 0x10,  // 鲁
    0x20, 0x0F, 0xFC, 0x77, 0x8B, 0xFC, 0x7F, 0xC5, 0xA8, 0x7F, 0xC7, 0xF8, 0x72, 0x87, 0xBC, 0xBA, 0x43, 0x3C,  // 麓
    0x00, 0x8F, 0x48, 0x47, 0x84, 0x08, 0xFF, 0xEE, 0xB4, 0xEF, 0xCE, 0x78, 0xE7, 0x8F, 0xBE, 0xC7, 0x40, 0x20,  // 碌
    0x00, 0x87, 0xFC, 0xFF, 0xCF, 0xF8, 0x7F, 0x0F, 0x78, 0xDF, 0x8F, 0xBC, 0xFE, 0xCB, 0x48, 0xF7, 0x88, 0x48,  // 露
    0x02, 0x0F, 0x68, 0x97, 0xC9, 0xF8, 0xFB, 0x0A, 0x38, 0xF4, 0xEB, 0xFC, 0xA4, 0x8F, 0x48, 0xC7, 0x80, 0x48,  // 路
    0x06, 0x0F, 0x68, 0x97, 0xCF, 0xF8, 0xFB, 0x0F, 0x38, 0xF4, 0xED, 0xFC, 0xE4, 0x87, 0x48, 0x97, 0x80, 0x48,  // 赂
    0x04, 0x07, 0xFC, 0x5B, 0x05, 0xAC, 0x5A, 0xC7, 0xFC, 0x52, 0x85, 0x6C, 0x5F, 0x8D, 0x64, 0x9A, 0x41, 0x3C,  // 鹿
    0x01, 0x0F, 0xD4, 0x77, 0xCB, 0x78, 0xFD, 0x85, 0x9C, 0x7E, 0x6B, 0xFC, 0xBA, 0xCB, 0xEC, 0xF3, 0xC8, 0x28,  // 潞
    0x40, 0x06, 0xF8, 0x60, 0x8E, 0x78, 0x61, 0xE6, 0xB4, 0xFF, 0xC4, 0x78, 0x47, 0x85, 0xAC, 0x46, 0x44, 0x60,  // 禄
    0x01, 0x04, 0x30, 0x03, 0x00, 0x10, 0xFF, 0xC4, 0xC8, 0x6D, 0x82, 0xE0, 0x3F, 0x0C, 0xDC, 0x9C, 0xC0, 0x80,  // 录
    0x02, 0x0F, 0x20, 0xBF, 0xCA, 0x20, 0xC2, 0x4F, 0xFC, 0xA2, 0x0B, 0xAC, 0xFA, 0xC9, 0xAC, 0x9F, 0xC8, 0x0C,  // 陆
    0x02, 0x0F, 0xEC, 0xFE, 0x47, 0xFC, 0xFF, 0x03, 0xBC, 0x7F, 0x8F, 0x58, 0xFD, 0x07, 0xBA, 0x64, 0xE9, 0x86,  // 戮
    0x01, 0x0F, 0x90, 0x57, 0xE5, 0x44, 0x54, 0x4F, 0x7C, 0xFC, 0x41, 0xC0, 0xFC, 0x01, 0xC0, 0x78, 0x03, 0x00,  // 驴
    0x00, 0x03, 0xF8, 0x21, 0x02, 0x10, 0x3F, 0x02, 0x10, 0x40, 0x84, 0x08, 0x40, 0x84, 0x08, 0x7F, 0x84, 0x08,  // 吕
    0x60, 0x04, 0x7C, 0x7C, 0x48, 0x44, 0xF7, 0xC6, 0x44, 0xFC, 0x46, 0x44, 0x6C, 0x47, 0x44, 0x67, 0xC4, 0x44,  // 铝
    0x20, 0x06, 0xF8, 0x48, 0x84, 0x88, 0xCF, 0x8C, 0x80, 0x58, 0xC5, 0x8C, 0x58, 0x45, 0x84, 0x5F, 0xC5, 0x84,  // 侣
    0x42, 0x06, 0x64, 0x37, 0xCF, 0x88, 0x4F, 0x87, 0x64, 0x55, 0xC5, 0x50, 0xD5, 0x8B, 0x58, 0xF6, 0xE0, 0x44,  // 旅
    0x40, 0x84, 0x0C, 0x7F, 0xC5, 0x6C, 0x74, 0xC7, 0xEC, 0x77, 0xC7, 0x7C, 0xD7, 0xC9, 0x78, 0x9B, 0xE1, 0xC4,  // 履
    0x40, 0x84, 0x0C, 0x7F, 0xC5, 0xF8, 0x5F, 0xC4, 0xF0, 0x56, 0xE6, 0x44, 0x7F, 0xC9, 0xF0, 0x0F, 0x87, 0x04,  // 屡
    0x42, 0x06, 0xA8, 0x47, 0x4B, 0xFC, 0xEF, 0x8D, 0xAE, 0x66, 0x4F, 0xFE, 0x0D, 0x07, 0xF0, 0x87, 0xC3, 0x84,  // 缕
    0x0C, 0x00, 0xF8, 0x7F, 0xC4, 0xDC, 0x7F, 0x84, 0x8C, 0x4F, 0x84, 0x40, 0xFE, 0xCF, 0x94, 0xF9, 0x40, 0xF0,  // 虑
    0x20, 0x07, 0xFC, 0x7F, 0x8F, 0xF8, 0x7D, 0x82, 0x58, 0x25, 0x8F, 0xF8, 0x5E, 0x83, 0xCA, 0xFB, 0xC1, 0x06,  // 氯
    0x22, 0x06, 0x68, 0xCF, 0xCB, 0xFE, 0x66, 0xC5, 0xF8, 0xC2, 0x85, 0xFC, 0x42, 0x47, 0xFE, 0x46, 0x04, 0x60,  // 律
    0x08, 0x07, 0xFC, 0x4C, 0x85, 0xB8, 0x7D, 0x02, 0xD0, 0xDE, 0xC9, 0xE4, 0xFF, 0xE0, 0xC0, 0x0C, 0x00, 0xC0,  // 率
    0x06, 0x04, 0x78, 0x56, 0x49, 0xFC, 0xB7, 0x8F, 0xE4, 0x53, 0xC5, 0x20, 0xDF, 0xCF, 0xCC, 0xFD, 0xCC, 0x78,  // 滤
    0x40, 0x04, 0xF8, 0xF0, 0x8B, 0xF8, 0xF1, 0xE5, 0x24, 0xCB, 0xCE, 0xB8, 0x07, 0x8F, 0xAC, 0x96, 0x40, 0x60,  // 绿
    0x08, 0x00, 0xC4, 0xFF, 0xC7, 0x38, 0x52, 0xCD, 0x24, 0x92, 0x00, 0xC0, 0x4C, 0x84, 0xC8, 0x4C, 0x87, 0xF8,  // 峦
    0x0C, 0x0F, 0xFC, 0x3F, 0x07, 0x3C, 0xD2, 0xC9, 0x78, 0x7C, 0x07, 0xF8, 0x0C, 0x4F, 0xFC, 0x1C, 0x00, 0x80,  // 挛
    0x08, 0x00, 0xCC, 0xBE, 0x07, 0x38, 0x52, 0xC9, 0x04, 0x7F, 0x80, 0x60, 0xFF, 0xE0, 0xC0, 0x0C, 0x01, 0xC0,  // 孪
    0x06, 0x04, 0x64, 0x67, 0x0B, 0xD8, 0xF5, 0xC7, 0x54, 0x46, 0x0F, 0xFE, 0xCF, 0x09, 0xFC, 0xA6, 0xE8, 0x60,  // 滦
    0x08, 0x0F, 0x7C, 0xD6, 0xCD, 0xE4, 0xFF, 0x4F, 0xFC, 0xDE, 0xCF, 0x64, 0xD7, 0xC3, 0x68, 0x66, 0x08, 0x40,  // 卵
    0x0B, 0x07, 0xB0, 0x23, 0x02, 0x70, 0xFF, 0x02, 0x30, 0x3B, 0x0F, 0xB0, 0xCB, 0x0C, 0xB0, 0xFB, 0x68, 0x1C,  // 乱
    0x42, 0x06, 0x34, 0x7F, 0xEF, 0x08, 0x6F, 0xC7, 0x8C, 0xEF, 0xCE, 0xB0, 0x6F, 0x87, 0xB6, 0xF7, 0x66, 0x20,  // 掠
    0x06, 0x0B, 0x78, 0xF5, 0x8D, 0xB8, 0xDB, 0x0F, 0x38, 0xD4, 0xED, 0xFC, 0xF4, 0x89, 0x48, 0x07, 0x80, 0x48,  // 略
    0x62, 0x06, 0x60, 0x75, 0x0F, 0xD8, 0x78, 0xE7, 0xC4, 0xEF, 0x8E, 0xE0, 0x6C, 0x06, 0xC4, 0xCC, 0xC4, 0x78,  // 抡
    0x22, 0x06, 0x30, 0xFF, 0x04, 0x48, 0xE8, 0xEB, 0xC0, 0xA5, 0x83, 0xF0, 0xE4, 0x0A, 0x44, 0x26, 0xC2, 0x38,  // 轮
    0x26, 0x02, 0x60, 0x6D, 0x04, 0x98, 0xD8, 0xEF, 0xD4, 0x6B, 0x84, 0xE0, 0x48, 0x44, 0x84, 0x4C, 0xC4, 0x78,  // 伦
    0x08, 0x01, 0xC0, 0x16, 0x03, 0x30, 0x61, 0xCB, 0x0C, 0x33, 0x03, 0xE0, 0x30, 0x03, 0x08, 0x33, 0x81, 0xF8,  // 仑
    0x04, 0x06, 0x60, 0x6F, 0x02, 0x90, 0xB8, 0xCF, 0x84, 0x69, 0x84, 0xE0, 0xC8, 0x0C, 0x80, 0xCC, 0xCC, 0x78,  // 沦
    0x02, 0x06, 0x60, 0x45, 0x0B, 0xD8, 0xF8, 0xCF, 0xC4, 0x4D, 0x8F, 0xF0, 0x8C, 0x03, 0xC0, 0xC4, 0xC0, 0x78,  // 纶
    0x02, 0x06, 0x70, 0x25, 0x00, 0xD8, 0xE8, 0xE7, 0x40, 0x45, 0x84, 0x70, 0x54, 0x06, 0x44, 0x67, 0xC4, 0x78,  // 论
    0x12, 0x01, 0x24, 0x12, 0x07, 0xF8, 0x52, 0x87, 0xF8, 0x58, 0x81, 0xF8, 0x31, 0x8D, 0xB0, 0x0C, 0x0F, 0x00,  // 萝
    0x40, 0x04, 0xFC, 0xFF, 0xCF, 0xB4, 0xFF, 0xCF, 0xE8, 0xFF, 0x8C, 0xEC, 0x7F, 0x47, 0xDC, 0xDB, 0x60, 0x20,  // 螺
    0x00, 0x0F, 0xFC, 0xD2, 0x8D, 0x68, 0xD8, 0x81, 0x88, 0x31, 0x87, 0xB0, 0xCE, 0x00, 0xC0, 0x38, 0x08, 0x00,  // 罗
    0x10, 0x0D, 0xFC, 0x55, 0x41, 0xDC, 0x1E, 0xCE, 0x7C, 0x4C, 0x85, 0x70, 0x46, 0x06, 0xC0, 0xBF, 0xE0, 0xFC,  // 逻
    0x60, 0x04, 0xFE, 0x7A, 0xE8, 0xAE, 0xFF, 0xC4, 0x24, 0xF7, 0xE4, 0xEC, 0x4B, 0x87, 0x30, 0x66, 0x07, 0x80,  // 锣
    0x22, 0x07, 0xFC, 0xF5, 0x0F, 0xF8, 0x5A, 0x87, 0xF8, 0x58, 0x83, 0xF8, 0x71, 0x09, 0xE0, 0x1C, 0x0E, 0x00,  // 箩
    0x00, 0x4F, 0xF4, 0x7F, 0xC6, 0xF4, 0xEF, 0xCE, 0x6C, 0xF7, 0x83, 0xFC, 0xD5, 0x03, 0xD4, 0x7F, 0x60, 0x30,  // 骡
    0x40, 0x06, 0xFC, 0x2A, 0xC6, 0xFC, 0x6A, 0xC7, 0xFC, 0xFF, 0xE7, 0x70, 0x4F, 0x84, 0xAC, 0x52, 0x64, 0x20,  // 裸
    0x12, 0x0F, 0xFC, 0x32, 0x06, 0xE0, 0x6F, 0x8B, 0xF0, 0xF7, 0x04, 0xDC, 0xDF, 0xCC, 0x98, 0xC9, 0x84, 0x98,  // 落
    0x04, 0x04, 0xC8, 0x6F, 0x83, 0xD0, 0xB6, 0x06, 0x70, 0x58, 0xEF, 0xF8, 0xC8, 0x8C, 0x88, 0xCF, 0x80, 0x88,  // 洛
    0x02, 0x0F, 0x68, 0xF7, 0xCF, 0xF8, 0xAB, 0x0A, 0x38, 0xF6, 0xE3, 0xFC, 0xD4, 0x83, 0x48, 0x67, 0x86, 0x48,  // 骆
    0x44, 0x04, 0x48, 0xEF, 0x8B, 0xD0, 0xF3, 0x04, 0x78, 0xEC, 0xEF, 0xF8, 0x28, 0x8E, 0x88, 0x0F, 0x80, 0x88,  // 络
    0x60, 0x06, 0xFC, 0x54, 0x8F, 0x48, 0x54, 0x85, 0x48, 0x57, 0xEF, 0x04, 0x7F, 0xC7, 0x04, 0x51, 0xC0, 0x08,  // 妈
    0x0C, 0x08, 0x44, 0xFF, 0xCD, 0x10, 0xFF, 0xCF, 0x38, 0xBB, 0x8B, 0xF8, 0xF5, 0xCD, 0x96, 0x91, 0x01, 0x10,  // 麻
    0x00, 0x0F, 0xF8, 0x64, 0x86, 0x48, 0x64, 0x8F, 0x58, 0x6F, 0xE6, 0x04, 0x7F, 0xCC, 0x04, 0x01, 0xC0, 0x08,  // 玛
    0x00, 0x0F, 0xFC, 0x66, 0x84, 0x48, 0x54, 0x8F, 0x48, 0xD7, 0xED, 0x06, 0x5F, 0xC7, 0x04, 0xC1, 0xC0, 0x08,  // 码
    0x20, 0x06, 0xFC, 0xF4, 0x8F, 0x48, 0xF4, 0x8F, 0x48, 0xF7, 0xEF, 0x04, 0x7F, 0xC7, 0x84, 0x99, 0xC0, 0x08,  // 蚂
    0x00, 0x07, 0x18, 0x31, 0x03, 0x10, 0x23, 0x02, 0x34, 0x3F, 0xC0, 0x04, 0xFF, 0xC0, 0x0C, 0x03, 0x80, 0x18,  // 马
    0x0A, 0x46, 0xAC, 0x6A, 0xC6, 0xAC, 0x7F, 0x81, 0x18, 0x11, 0x03, 0xFC, 0x00, 0x4F, 0xF4, 0x01, 0xC0, 0x18,  // 骂
    0x06, 0x05, 0x24, 0xFD, 0x8D, 0xD0, 0xDF, 0xCF, 0xD8, 0xFF, 0x8F, 0xF8, 0xBD, 0x43, 0xD4, 0x4D, 0x00, 0x90,  // 嘛
    0x00, 0x0F, 0xFC, 0xA4, 0x8A, 0x48, 0xA4, 0x8A, 0xD8, 0xAF, 0xEE, 0x04, 0xBF, 0xC8, 0x04, 0x01, 0xC0, 0x08,  // 吗
    0x00, 0x04, 0xFC, 0x4A, 0xC4, 0xBC, 0xFB, 0xC4, 0xAC, 0x4F, 0xC4, 0xA0, 0x7F, 0xCC, 0x30, 0x02, 0x43, 0xFE,  // 埋
    0x00, 0x07, 0xFC, 0x36, 0x81, 0x60, 0x44, 0x02, 0x40, 0x24, 0x4F, 0xFC, 0x0E, 0x01, 0xB8, 0x70, 0xCC, 0x04,  // 买
    0x04, 0x00, 0xC4, 0xFF, 0xC4, 0xD8, 0x0C, 0x4F, 0xFC, 0x19, 0x03, 0xF0, 0x6A, 0x0C, 0xE0, 0x1F, 0xCE, 0x0C,  // 麦
    0x0C, 0x00, 0xC8, 0x7F, 0x80, 0xC4, 0xBE, 0xC1, 0xE8, 0x26, 0x03, 0x44, 0xFF, 0xC1, 0xF0, 0x31, 0x8C, 0x04,  // 卖
    0x00, 0x47, 0xFC, 0x44, 0x00, 0x48, 0x44, 0x8E, 0xC8, 0x4C, 0x84, 0x88, 0x5B, 0x86, 0x10, 0xBF, 0xE0, 0x38,  // 迈
    0x02, 0x0F, 0x10, 0xB2, 0x0A, 0xF4, 0xF7, 0xCB, 0xF8, 0xE7, 0x8E, 0xF8, 0xAB, 0xCB, 0xB6, 0xF7, 0x42, 0x20,  // 脉
    0x05, 0x0E, 0x54, 0xBF, 0xCA, 0x54, 0xFF, 0xCA, 0x54, 0xBF, 0xCF, 0xF4, 0xBF, 0xCB, 0xAC, 0xB9, 0xC1, 0x0C,  // 瞒
    0x40, 0x04, 0xC8, 0xFF, 0x8B, 0xF8, 0xDF, 0xC5, 0x54, 0x5F, 0xC5, 0x8C, 0x5D, 0x86, 0x70, 0x4F, 0xC7, 0x8C,  // 馒
    0x08, 0x00, 0xC4, 0xFF, 0xC7, 0x38, 0x52, 0xC9, 0xE4, 0x6D, 0x86, 0xD8, 0x7F, 0x86, 0xD8, 0xFF, 0xCE, 0x04,  // 蛮
    0x05, 0x04, 0xD4, 0x7D, 0x0A, 0xD4, 0xFF, 0xC5, 0xFC, 0x5F, 0xCD, 0xFC, 0xDB, 0xCD, 0xAC, 0xD1, 0xC1, 0x08,  // 满
    0x12, 0x0F, 0xFC, 0x33, 0x03, 0xF0, 0x3F, 0x03, 0xF0, 0xFF, 0xCF, 0xF8, 0xFF, 0x81, 0xE0, 0x1F, 0xCE, 0x0C,  // 蔓
    0x21, 0x02, 0x10, 0x3F, 0x03, 0xF0, 0xFF, 0xCD, 0x2C, 0xFF, 0xCC, 0x10, 0x37, 0x00, 0xE0, 0x1F, 0xCE, 0x0C,  // 曼
    0x40, 0x04, 0xF8, 0x4F, 0x8E, 0xF8, 0xDF, 0xC5, 0x54, 0x5F, 0xC5, 0x08, 0x4F, 0x84, 0x70, 0x47, 0xC7, 0x8C,  // 慢
    0xC8, 0x84, 0x98, 0x2F, 0x8A, 0xF8, 0xFF, 0xC5, 0xDC, 0x5F, 0xCD, 0x18, 0xDF, 0x8C, 0x70, 0xCF, 0xC7, 0x0C,  // 漫
    0x48, 0x86, 0xC8, 0x4F, 0x80, 0xF8, 0xDF, 0xC5, 0x54, 0x5F, 0xC5, 0x08, 0x6D, 0x86, 0x70, 0x4F, 0xE7, 0x04,  // 谩
    0x12, 0x03, 0x24, 0xFF, 0xE3, 0xA0, 0x0E, 0x00, 0x44, 0xFF, 0xC2, 0x00, 0x20, 0x02, 0x00, 0x60, 0xC2, 0x00,  // 芒
    0x12, 0x03, 0x34, 0x33, 0x07, 0x20, 0x72, 0x0B, 0xFC, 0xE8, 0x04, 0x80, 0x48, 0x0C, 0x80, 0xC8, 0xCC, 0x80,  // 茫
    0x08, 0x00, 0xC4, 0x60, 0x06, 0x18, 0x7F, 0x87, 0xF8, 0x61, 0x87, 0xF8, 0x7F, 0x86, 0x18, 0x7F, 0x86, 0x10,  // 盲
    0x00, 0x06, 0xFC, 0x68, 0xCF, 0xFC, 0xCB, 0x8C, 0x94, 0xCF, 0xCC, 0x90, 0xC9, 0x0F, 0xBA, 0x8C, 0xE0, 0x86,  // 氓
    0x40, 0x04, 0x20, 0x42, 0x4F, 0xFE, 0xF8, 0x0C, 0x80, 0x48, 0x04, 0x80, 0x48, 0x04, 0x80, 0x4F, 0xC4, 0x00,  // 忙
    0x12, 0x0F, 0xFE, 0x1A, 0x01, 0xB0, 0xFF, 0xC3, 0x30, 0x53, 0xC9, 0x20, 0x7F, 0xC3, 0x20, 0x62, 0x08, 0x20,  // 莽
    0x04, 0x0B, 0x50, 0x7F, 0xEE, 0x58, 0xA5, 0x06, 0xFC, 0x6A, 0xCA, 0xAC, 0x2F, 0xC2, 0xAC, 0xEF, 0xC4, 0x80,  // 猫
    0x12, 0x0F, 0xFC, 0x12, 0x07, 0xF8, 0x1B, 0x00, 0xC0, 0xFF, 0xC1, 0xC8, 0x34, 0x06, 0x40, 0x9C, 0x00, 0xC0,  // 茅
    0x60, 0x86, 0x68, 0x7F, 0xEC, 0x78, 0xF6, 0x84, 0xFC, 0x7B, 0x46, 0xB4, 0x4F, 0xC7, 0xB4, 0x6F, 0xC4, 0x84,  // 锚
    0x00, 0x00, 0xF0, 0xF8, 0x00, 0x80, 0x1F, 0x84, 0x80, 0x09, 0xCF, 0xC0, 0x08, 0x40, 0x84, 0x0F, 0xE0, 0x78,  // 毛
    0x00, 0x03, 0xF8, 0x1E, 0x00, 0xC0, 0xFF, 0xC1, 0xCC, 0x15, 0x03, 0x40, 0x64, 0x08, 0x40, 0x1C, 0x00, 0x80,  // 矛
    0x42, 0x04, 0xFC, 0xF9, 0x48, 0xB4, 0xFB, 0x44, 0xB4, 0xFB, 0x44, 0xF4, 0x5F, 0xC7, 0x54, 0x6D, 0x05, 0x10,  // 铆
    0x08, 0x07, 0xEC, 0x42, 0xC5, 0xAC, 0x5A, 0xC5, 0xAC, 0x72, 0xCF, 0x2C, 0x53, 0xC3, 0x28, 0x66, 0x08, 0x20,  // 卯
    0x12, 0x0F, 0xFC, 0x13, 0x01, 0xF0, 0x45, 0xC7, 0xFC, 0x45, 0x84, 0x70, 0x46, 0x04, 0xF0, 0xB9, 0xE0, 0x04,  // 茂
    0x00, 0x07, 0xFC, 0x7F, 0x84, 0x18, 0x7F, 0x87, 0xF8, 0x21, 0x03, 0xF0, 0x3F, 0x02, 0x10, 0x3F, 0x02, 0x10,  // 冒
    0x40, 0x04, 0xFC, 0xFF, 0xCF, 0x84, 0xDF, 0xCD, 0x8C, 0xDC, 0xCD, 0xFC, 0xFC, 0xC4, 0xFC, 0x4F, 0xC4, 0xCC,  // 帽
    0x11, 0x06, 0x34, 0xFF, 0xC7, 0xC4, 0x67, 0xCE, 0x44, 0x77, 0xCB, 0x78, 0x73, 0x89, 0x7A, 0x75, 0xE3, 0x8C,  // 貌
    0x18, 0x0E, 0x7C, 0xD2, 0xCF, 0xEC, 0xCD, 0x83, 0xF8, 0x2D, 0x82, 0xD0, 0x29, 0x82, 0xF0, 0x31, 0xCC, 0x04,  // 贸
    0x00, 0x00, 0xC0, 0x0C, 0x01, 0x80, 0x33, 0x06, 0x20, 0xC4, 0x08, 0xD0, 0x19, 0x83, 0x0C, 0x7E, 0xC0, 0x04,  // 么
    0x02, 0x0F, 0xE0, 0x64, 0x46, 0x7C, 0x7C, 0x8F, 0x98, 0x6B, 0x86, 0x30, 0x7B, 0x0C, 0x78, 0x0C, 0xE3, 0x04,  // 玫
    0x22, 0x06, 0x60, 0x66, 0x4F, 0xFC, 0x64, 0x87, 0xD8, 0xFF, 0x8E, 0x30, 0x63, 0x06, 0x38, 0x64, 0xC7, 0x84,  // 枚
    0x44, 0x04, 0x44, 0x7F, 0xCF, 0xF8, 0x7E, 0x8F, 0xA8, 0xDF, 0xE4, 0xA8, 0x4A, 0x85, 0xFC, 0x43, 0x84, 0x10,  // 梅
    0x02, 0x0F, 0xE4, 0x67, 0xCF, 0xCC, 0xFE, 0x8F, 0x58, 0xBF, 0xE9, 0x68, 0xF7, 0x89, 0xFC, 0xF1, 0x80, 0x18,  // 酶
    0x01, 0x84, 0xC0, 0xFF, 0xCB, 0xF8, 0x3F, 0x83, 0xFC, 0x7F, 0x0A, 0xD4, 0xFF, 0xC6, 0xDC, 0x7F, 0xC0, 0x30,  // 霉
    0x4C, 0x84, 0xCC, 0x5F, 0xE7, 0xD8, 0xED, 0x8C, 0xF8, 0x42, 0x05, 0xFE, 0x67, 0x0B, 0xA8, 0x92, 0xE2, 0x20,  // 煤
    0x00, 0x06, 0xF0, 0x29, 0x0A, 0x9C, 0xE9, 0xE7, 0xF8, 0x41, 0x04, 0x50, 0xC7, 0x04, 0x70, 0xCD, 0xE7, 0x0C,  // 没
    0x00, 0x87, 0xFC, 0x44, 0xC7, 0xFC, 0x50, 0x85, 0xF8, 0x50, 0x85, 0xF8, 0x5F, 0x89, 0x08, 0x9F, 0x81, 0x08,  // 眉
    0x48, 0x84, 0xCC, 0x5F, 0xCF, 0xF8, 0x6C, 0x8E, 0xF8, 0xAA, 0x0F, 0xFE, 0x6F, 0x0F, 0xA8, 0x92, 0xE2, 0x20,  // 媒
    0x64, 0x84, 0x74, 0x7F, 0xC8, 0x28, 0xF7, 0x84, 0x36, 0xF3, 0x04, 0x3C, 0x47, 0x07, 0x70, 0x6C, 0xE3, 0x04,  // 镁
    0x30, 0x03, 0xFC, 0x60, 0x07, 0xF8, 0xAD, 0x82, 0x5C, 0xFF, 0xE6, 0xD8, 0x65, 0x47, 0xFC, 0x07, 0x00, 0x20,  // 每
    0x23, 0x01, 0x20, 0xFF, 0xC0, 0xC8, 0x7F, 0x80, 0xC4, 0x8C, 0x00, 0xC8, 0x9E, 0x01, 0x20, 0x33, 0xCC, 0x0C,  // 美
    0x02, 0x0A, 0x20, 0xBF, 0xCA, 0x20, 0xA2, 0x4F, 0xFE, 0xA7, 0x0A, 0xF0, 0xBA, 0x8B, 0x2C, 0xA2, 0x40, 0x20,  // 昧
    0x0C, 0x07, 0xFC, 0x92, 0xCD, 0x20, 0x5F, 0xC7, 0x20, 0x1F, 0xCF, 0x70, 0x57, 0x85, 0xAC, 0x92, 0x41, 0x20,  // 寐
    0x42, 0x06, 0x20, 0x4F, 0xCF, 0x20, 0x72, 0x4F, 0xFE, 0xA7, 0x0A, 0x78, 0x6A, 0x87, 0xAE, 0xB2, 0x40, 0x20,  // 妹
    0x60, 0x06, 0xFE, 0x5D, 0x4F, 0xFC, 0x5C, 0x47, 0xFC, 0xFE, 0x4E, 0xFC, 0x6A, 0x47, 0xA4, 0x97, 0xC2, 0x64,  // 媚
    0x00, 0x02, 0xFC, 0x20, 0xCC, 0x0C, 0xC0, 0xCC, 0x0C, 0xC0, 0xCC, 0x0C, 0xC0, 0xCC, 0x0C, 0xC1, 0xCC, 0x08,  // 门
    0x40, 0x02, 0xFC, 0xA0, 0x4C, 0xC4, 0xC4, 0x4D, 0xA4, 0xFB, 0xCF, 0xBC, 0xCE, 0x4C, 0xE4, 0xC1, 0xC8, 0x08,  // 闷
    0x20, 0x06, 0xDC, 0x64, 0x45, 0x84, 0xD8, 0x4D, 0x84, 0x58, 0x45, 0x84, 0x58, 0x45, 0x84, 0x58, 0xC5, 0x0C,  // 们
    0x12, 0x01, 0x24, 0xB3, 0x01, 0x68, 0xF7, 0x8D, 0x48, 0xF7, 0x8D, 0x48, 0xD7, 0x8D, 0xC8, 0x9B, 0x83, 0x18,  // 萌
    0x12, 0x0F, 0xFC, 0x12, 0x0F, 0xFC, 0xBF, 0x88, 0x08, 0x19, 0x87, 0xF0, 0xBE, 0x0F, 0x50, 0x7C, 0xC8, 0x80,  // 蒙
    0x45, 0x05, 0xFE, 0x75, 0x4F, 0xFE, 0x5F, 0xCF, 0xFC, 0xF6, 0xC5, 0xF8, 0x4F, 0x85, 0xFC, 0x7F, 0x64, 0x20,  // 檬
    0x04, 0x0F, 0xEC, 0xD7, 0xCF, 0x4C, 0xD7, 0xCD, 0xCC, 0x09, 0xC7, 0x08, 0x5F, 0x85, 0x68, 0x5E, 0xE0, 0x00,  // 盟
    0x40, 0x04, 0xFC, 0xF3, 0x08, 0x34, 0xFF, 0xC4, 0x30, 0x56, 0x0F, 0xFC, 0x4F, 0xC6, 0xFC, 0x6F, 0xE5, 0xFE,  // 锰
    0x10, 0x0F, 0xFC, 0x63, 0x0F, 0xFC, 0x22, 0x06, 0x20, 0x66, 0x0A, 0xFC, 0x2D, 0x82, 0xD8, 0xFF, 0xC0, 0x00,  // 猛
    0x20, 0x03, 0x30, 0xFF, 0xC7, 0x78, 0x7F, 0xCA, 0xB4, 0x38, 0x03, 0xF8, 0x7B, 0x0C, 0xE0, 0x1C, 0x0E, 0x00,  // 梦
    0x00, 0x07, 0xF8, 0x06, 0x00, 0xC4, 0x8C, 0x01, 0xC0, 0x0C, 0x87, 0xF8, 0x5A, 0x85, 0xA8, 0x7E, 0xC8, 0x00,  // 孟
    0x02, 0x0F, 0x24, 0xAA, 0xCA, 0xF8, 0xFF, 0x6B, 0x70, 0xE7, 0x0A, 0xF8, 0xBA, 0xCF, 0x26, 0xA2, 0x00, 0x20,  // 眯
    0x00, 0x0F, 0xBC, 0x6B, 0xCF, 0xFC, 0xF1, 0xCF, 0xF8, 0xB7, 0x89, 0x7C, 0xF5, 0xC9, 0x58, 0xFF, 0xC8, 0x9C,  // 醚
    0x04, 0x0F, 0xFC, 0xD1, 0x4F, 0xFC, 0xFF, 0x8D, 0xDC, 0xCA, 0x4F, 0xBC, 0xBB, 0xC8, 0xA4, 0x8A, 0x00, 0xA0,  // 靡
    0x04, 0x07, 0xFC, 0x59, 0x07, 0xFC, 0x7B, 0x87, 0x5C, 0x55, 0x0D, 0x50, 0xFF, 0xC9, 0xD0, 0xB5, 0xC4, 0x44,  // 糜
    0x02, 0x05, 0x2C, 0x6A, 0x80, 0xB4, 0x1F, 0xCE, 0x60, 0x6B, 0x84, 0xAC, 0x72, 0x46, 0x20, 0xFF, 0xE8, 0xFC,  // 迷
    0x01, 0x05, 0x54, 0x55, 0xC1, 0x78, 0xC7, 0x4F, 0xB8, 0x57, 0x85, 0x54, 0x7D, 0x4D, 0x90, 0xFF, 0x42, 0x7C,  // 谜
    0x06, 0x0F, 0x40, 0x37, 0xCB, 0xEC, 0xFB, 0x89, 0x30, 0xF7, 0x82, 0xFC, 0x2B, 0x43, 0x36, 0xE7, 0x04, 0x20,  // 弥
    0x00, 0x04, 0xC8, 0x6D, 0x83, 0xF0, 0x2E, 0x4F, 0xFC, 0x1E, 0x03, 0xF0, 0x6D, 0x8C, 0xCC, 0x8C, 0x40, 0xC0,  // 米
    0x10, 0x0F, 0x2C, 0x63, 0x83, 0x68, 0xFD, 0x87, 0x5C, 0xFD, 0x6E, 0xF6, 0xBE, 0x42, 0x44, 0x2F, 0xC3, 0x38,  // 秘
    0x03, 0x87, 0xF8, 0x2D, 0x83, 0x70, 0x7F, 0x86, 0x98, 0x69, 0x86, 0xD8, 0x7D, 0x81, 0x44, 0x67, 0xEC, 0x38,  // 觅
    0x00, 0x06, 0x2C, 0x37, 0xC8, 0x48, 0xE5, 0x87, 0x54, 0x77, 0x45, 0x66, 0xD6, 0x64, 0xCC, 0xDF, 0xC6, 0x30,  // 泌
    0x0C, 0x07, 0xFC, 0xC9, 0xCD, 0xF8, 0x5D, 0xC5, 0xF4, 0x6C, 0x03, 0xF8, 0x2C, 0x83, 0xF8, 0xFF, 0xC4, 0x04,  // 蜜
    0x08, 0x04, 0xC4, 0xCC, 0xC8, 0xF8, 0x56, 0x8D, 0xDC, 0xBF, 0x4F, 0xE0, 0x6C, 0x86, 0xC8, 0x6C, 0x87, 0xF8,  // 密
    0x00, 0x4E, 0x1C, 0xBF, 0x83, 0xF0, 0x3F, 0x03, 0x94, 0xFF, 0xC6, 0xD8, 0xFF, 0xE2, 0xD0, 0x2F, 0x00, 0x80,  // 幂
    0x62, 0x06, 0xFC, 0x7C, 0xCF, 0xFC, 0x6C, 0xC7, 0xF8, 0xFB, 0x4E, 0xB4, 0x6B, 0x46, 0xB4, 0x6B, 0xC4, 0x20,  // 棉
    0x00, 0x0F, 0xFC, 0xA8, 0xCA, 0xFC, 0xEB, 0x0A, 0xB4, 0xAF, 0xCE, 0x90, 0xA9, 0x0E, 0xF8, 0xBC, 0xC0, 0x84,  // 眠
    0x22, 0x06, 0xFC, 0x4C, 0x4D, 0xFC, 0xFC, 0xC2, 0xFC, 0x4F, 0xCF, 0xB4, 0x0B, 0x47, 0xB4, 0xCB, 0xC0, 0x30,  // 绵
    0x40, 0x84, 0x38, 0x7F, 0x87, 0xF8, 0x72, 0x07, 0x60, 0x7F, 0x8E, 0x88, 0x7F, 0x81, 0xC4, 0x37, 0xEC, 0x38,  // 冕
    0x18, 0x01, 0xA0, 0x36, 0x06, 0x48, 0xFF, 0x84, 0xC8, 0x6C, 0x87, 0xE8, 0x1C, 0x01, 0x44, 0x26, 0x6C, 0x3C,  // 免
    0x21, 0x06, 0x90, 0x79, 0x0D, 0xBC, 0xFD, 0x47, 0x94, 0x7F, 0x47, 0xAC, 0x32, 0xC7, 0x5C, 0x58, 0xE8, 0xFC,  // 勉
    0x42, 0x04, 0x68, 0x45, 0x8F, 0x94, 0x5F, 0xCF, 0xA4, 0xAF, 0xCA, 0xB0, 0x67, 0x07, 0x52, 0x99, 0xE3, 0x0C,  // 娩
    0x40, 0x45, 0xFE, 0xC2, 0x0B, 0xFC, 0xFD, 0x45, 0xF4, 0xDD, 0x4F, 0xD4, 0x9F, 0x47, 0xD4, 0x9F, 0xC1, 0x84,  // 缅
    0x00, 0x4F, 0xFC, 0x08, 0x07, 0xFC, 0x52, 0xC5, 0xE8, 0x56, 0x85, 0x68, 0x56, 0x85, 0x28, 0x7F, 0x84, 0x00,  // 面
    0x12, 0x01, 0x24, 0xFF, 0xC1, 0x20, 0x7F, 0x84, 0xC8, 0x4C, 0x87, 0xF8, 0x4C, 0x84, 0xC8, 0x7F, 0x84, 0x00,  // 苗
    0x45, 0x84, 0x58, 0x7F, 0xEE, 0x58, 0x44, 0x87, 0xFC, 0xCA, 0x44, 0xFC, 0x4A, 0xC4, 0xA4, 0xCF, 0xC4, 0x80,  // 描
    0x04, 0x0F, 0x58, 0xBF, 0xEB, 0x58, 0xF5, 0x8B, 0xFC, 0xFA, 0xCB, 0xFC, 0xBB, 0xCF, 0xAC, 0xAF, 0xC8, 0x80,  // 瞄
    0x12, 0x0F, 0xFE, 0x33, 0x06, 0x34, 0xFF, 0xC7, 0xFC, 0xEC, 0xC7, 0xFC, 0xF7, 0x05, 0x70, 0xF5, 0x63, 0x9C,  // 藐
    0x13, 0x0F, 0x30, 0x67, 0x87, 0xFC, 0xFF, 0x66, 0xB0, 0xFB, 0xCF, 0x3C, 0x61, 0x86, 0x30, 0x6E, 0x07, 0x80,  // 秒
    0x00, 0x85, 0xD8, 0x75, 0x83, 0x7C, 0xFF, 0xEF, 0x7A, 0x5D, 0xC5, 0x5C, 0xD4, 0x8D, 0xD8, 0xD6, 0x05, 0xC0,  // 渺
    0x04, 0x00, 0x44, 0x7F, 0xC4, 0x60, 0x46, 0x05, 0xFC, 0x56, 0xC5, 0xFC, 0xD6, 0xC9, 0x6C, 0x9F, 0xC1, 0x0C,  // 庙
    0x21, 0x06, 0x10, 0x71, 0x0F, 0x7C, 0x55, 0x65, 0xD2, 0xF9, 0x4F, 0x1C, 0x61, 0x87, 0x10, 0xD6, 0x01, 0x80,  // 妙
    0x12, 0x0F, 0xFE, 0x12, 0x07, 0xF8, 0x52, 0x87, 0xF8, 0x45, 0x44, 0x58, 0x67, 0x85, 0x30, 0xDF, 0xC2, 0x06,  // 蔑
    0x00, 0x0F, 0xFC, 0x0C, 0x00, 0xC8, 0x2D, 0x82, 0xD0, 0x6E, 0x00, 0xA0, 0x1B, 0x01, 0x18, 0x60, 0xC8, 0x04,  // 灭
    0x00, 0x07, 0xF8, 0x40, 0x87, 0xF8, 0x4D, 0x84, 0x44, 0x7F, 0xC4, 0x40, 0x46, 0x05, 0xB4, 0x71, 0xC4, 0x04,  // 民
    0x40, 0x06, 0xFC, 0x78, 0xCF, 0x8C, 0x6B, 0xC7, 0xB4, 0xEF, 0xEE, 0x90, 0x69, 0x26, 0xBA, 0xCC, 0xE4, 0x86,  // 抿
    0x00, 0x04, 0x08, 0x7F, 0x85, 0x68, 0x56, 0x85, 0x68, 0x56, 0x85, 0x68, 0x56, 0x85, 0x68, 0xFF, 0xE0, 0x00,  // 皿
    0x41, 0x04, 0x50, 0xFF, 0x0F, 0xBE, 0xEA, 0x87, 0xE8, 0xFF, 0x8E, 0x98, 0xA9, 0x8F, 0xF8, 0x3A, 0xE1, 0xC4,  // 敏
    0x40, 0x04, 0x7C, 0x5C, 0x4F, 0xA4, 0xFF, 0xCD, 0xD4, 0x53, 0x45, 0x34, 0x57, 0x45, 0xD4, 0x59, 0xC5, 0x0C,  // 悯
    0x40, 0x02, 0xFC, 0xCC, 0x4C, 0xC4, 0xFF, 0x4F, 0xF4, 0xFF, 0x4F, 0xE4, 0xCF, 0x4F, 0xF4, 0xC1, 0xC8, 0x08,  // 闽
    0x00, 0x0F, 0xFC, 0xD4, 0x4D, 0x6C, 0xF6, 0xCD, 0x44, 0xD6, 0xCF, 0x6C, 0xD4, 0x48, 0xC4, 0x09, 0xC1, 0x08,  // 明
    0x40, 0x04, 0xFE, 0xF8, 0xCF, 0x78, 0xF7, 0x8F, 0x48, 0xF7, 0x8F, 0x70, 0x7F, 0xE7, 0x78, 0x8C, 0xC1, 0x04,  // 螟
    0x02, 0x0A, 0xE8, 0xBF, 0xCA, 0xE8, 0xAE, 0x8A, 0xF8, 0xAD, 0xEE, 0x84, 0xBF, 0xC8, 0x04, 0x01, 0xC0, 0x08,  // 鸣
    0x63, 0x04, 0x34, 0x7F, 0xE8, 0x6C, 0xFB, 0x84, 0x30, 0xFF, 0x46, 0xFC, 0x5C, 0x47, 0x44, 0x67, 0xC4, 0x44,  // 铭
    0x08, 0x01, 0x88, 0x1F, 0xC3, 0x10, 0x6A, 0x04, 0xC0, 0x08, 0x83, 0xFC, 0x50, 0xC1, 0x0C, 0x1F, 0xC1, 0x08,  // 名
    0x0C, 0x01, 0xC0, 0x32, 0x06, 0x3C, 0xFE, 0xC5, 0x78, 0x54, 0x85, 0x48, 0x54, 0x87, 0x78, 0x55, 0x00, 0x40,  // 命
    0x04, 0x45, 0x7C, 0x55, 0xC0, 0xDC, 0xD7, 0xC4, 0x70, 0x4F, 0xC5, 0x64, 0x7B, 0x06, 0xD8, 0x47, 0x01, 0xC0,  // 谬
    0x45, 0x04, 0x54, 0x5F, 0xCF, 0xD8, 0x58, 0x87, 0xF8, 0xCF, 0x84, 0xEC, 0x7F, 0xE4, 0x50, 0xC8, 0xC7, 0x04,  // 摸
    0x12, 0x0F, 0xFC, 0x33, 0x03, 0xF0, 0x3F, 0x03, 0xF4, 0xFF, 0xE7, 0xFC, 0xFF, 0xC2, 0xCC, 0x0C, 0x00, 0xC0,  // 摹
    0x12, 0x0F, 0xFE, 0x16, 0x47, 0xFC, 0x7F, 0xC7, 0xB8, 0x7D, 0xED, 0xBC, 0xD8, 0x8B, 0xF8, 0xF1, 0x81, 0x08,  // 蘑
    0x05, 0x06, 0x54, 0x7F, 0xCF, 0xD8, 0x48, 0x8E, 0xF8, 0xF8, 0x8C, 0xAC, 0x7F, 0xE4, 0x50, 0x4C, 0xC7, 0x84,  // 模
    0x05, 0x0F, 0x5C, 0xBF, 0xCA, 0xFC, 0xE8, 0x8A, 0xF8, 0xEF, 0x8A, 0xAC, 0xBF, 0xEA, 0x50, 0x6C, 0xC3, 0x04,  // 膜
    0x0C, 0x0F, 0xFC, 0xD1, 0x4F, 0xFC, 0xDB, 0x8F, 0xDE, 0xD9, 0x4F, 0xFC, 0x98, 0x8B, 0x88, 0xDF, 0x81, 0x08,  // 磨
    0x04, 0x0F, 0xFC, 0xD1, 0x0F, 0xFC, 0xFF, 0x8D, 0xDE, 0xD3, 0x89, 0xE8, 0xBF, 0xCB, 0xFE, 0x04, 0x00, 0xC0,  // 摩
    0x0C, 0x07, 0xFC, 0x59, 0x47, 0xFC, 0x7F, 0xC7, 0xD4, 0x7F, 0x87, 0xF8, 0xFF, 0x88, 0xD8, 0x97, 0xC6, 0x3C,  // 魔
    0x42, 0x04, 0x20, 0x73, 0x4F, 0xB0, 0x42, 0x07, 0xFC, 0xC7, 0x0C, 0x78, 0x4A, 0x85, 0x2E, 0xC2, 0x04, 0x20,  // 抹
    0x0C, 0x00, 0xC4, 0xFF, 0xC0, 0xC0, 0x0C, 0x87, 0xF8, 0x1E, 0x03, 0xF0, 0x2D, 0x84, 0xCE, 0x8C, 0x00, 0xC0,  // 末
    0x12, 0x01, 0x2C, 0x13, 0x03, 0xF8, 0x21, 0x83, 0xF8, 0x3F, 0x82, 0xD4, 0xFF, 0xE1, 0xA0, 0x31, 0xCC, 0x08,  // 莫
    0x00, 0x07, 0xF8, 0x5F, 0x87, 0xF8, 0x4C, 0x87, 0xF8, 0xFF, 0xC5, 0x28, 0x9E, 0xC7, 0xF8, 0x08, 0x4F, 0xFC,  // 墨
    0x01, 0x0F, 0xD8, 0xF9, 0x4F, 0x94, 0xFF, 0xEA, 0xB0, 0xFB, 0x83, 0xA8, 0xF2, 0x8F, 0xCC, 0xFC, 0x60, 0x00,  // 默
    0x02, 0x04, 0x20, 0x5F, 0xC8, 0x60, 0xA2, 0x07, 0xFC, 0x4F, 0x0C, 0xB0, 0xDA, 0x8D, 0x2E, 0xE2, 0x40, 0x20,  // 沫
    0x05, 0x07, 0xFE, 0x4D, 0x0B, 0xF8, 0xF8, 0x85, 0xF8, 0x5F, 0x8D, 0x6C, 0xFF, 0xEC, 0x50, 0xC9, 0xC7, 0x04,  // 漠
    0x08, 0x0F, 0xFC, 0x92, 0x8F, 0xFC, 0x37, 0x07, 0xF0, 0x7F, 0x07, 0xF0, 0x69, 0xC9, 0xE0, 0x33, 0xCC, 0x18,  // 寞
    0x80, 0x4F, 0xFE, 0xA2, 0x0A, 0xE8, 0xEF, 0xCA, 0x8C, 0xBC, 0xCB, 0xCC, 0xE8, 0xC8, 0x8C, 0x8F, 0xC8, 0x00,  // 陌
    0x08, 0x84, 0x9C, 0x7F, 0xE0, 0xD8, 0xCD, 0x84, 0xF8, 0x4A, 0x05, 0xFE, 0x47, 0x06, 0xB8, 0x52, 0xC2, 0x20,  // 谋
    0x0C, 0x01, 0x90, 0x31, 0x87, 0xFC, 0x2C, 0x06, 0xC8, 0x7F, 0xC8, 0xC0, 0xFF, 0xE0, 0xC0, 0x0C, 0x00, 0xC0,  // 牟
    0x11, 0x03, 0x34, 0xFF, 0xC3, 0xF0, 0x33, 0x03, 0xF0, 0x0C, 0x4F, 0xFC, 0x1E, 0x02, 0xD8, 0xCC, 0xC0, 0xC0,  // 某
    0x40, 0x04, 0xFC, 0x7E, 0x8F, 0xA8, 0x5A, 0xC7, 0xFE, 0xCA, 0x8C, 0xA8, 0x4A, 0xC5, 0xFC, 0xC3, 0x84, 0x18,  // 拇
    0x23, 0x0A, 0x30, 0xE3, 0x0F, 0x30, 0xEF, 0xC2, 0x30, 0x33, 0x0E, 0x30, 0xA3, 0x02, 0x30, 0x3F, 0xE2, 0x00,  // 牡
    0x08, 0x00, 0xC4, 0xFF, 0xE0, 0x00, 0x7F, 0x84, 0xC8, 0x4C, 0x87, 0xF8, 0x4C, 0x84, 0xC8, 0x7F, 0x84, 0x08,  // 亩
    0x40, 0x04, 0xFC, 0x4E, 0x8F, 0xF8, 0x7C, 0xCF, 0xFE, 0xEA, 0x8A, 0xB8, 0xE8, 0xC7, 0xFC, 0xD0, 0x80, 0x18,  // 姆
    0x00, 0x03, 0xF8, 0x29, 0x86, 0xD8, 0x65, 0xCF, 0xFC, 0x49, 0x84, 0xD0, 0x49, 0xC7, 0xFC, 0x07, 0x00, 0x20,  // 母
    0x12, 0x0F, 0xFE, 0x13, 0x03, 0xF0, 0x3F, 0x03, 0xF0, 0x39, 0x4F, 0xFC, 0x2D, 0x8F, 0xFE, 0x0C, 0x4F, 0xFC,  // 墓
    0x12, 0x0F, 0xFC, 0x33, 0x07, 0xF0, 0x7F, 0x07, 0xF0, 0xFF, 0xC2, 0x38, 0xFF, 0xC3, 0xF0, 0x23, 0x02, 0x30,  // 暮
    0x12, 0x0F, 0xFC, 0x33, 0x03, 0xF8, 0x3F, 0x03, 0xF0, 0xFF, 0xE2, 0xD8, 0xFF, 0xE2, 0xD0, 0x2F, 0x00, 0x90,  // 幕
    0x12, 0x0F, 0xFE, 0x13, 0x03, 0xF8, 0x3F, 0x03, 0xF0, 0xFF, 0xE3, 0x90, 0xE9, 0xEB, 0xB0, 0x37, 0x0E, 0x20,  // 募
    0x12, 0x0F, 0xFC, 0x13, 0x03, 0xF8, 0x3F, 0x03, 0xF0, 0x79, 0xC3, 0xB0, 0x69, 0xCE, 0xFC, 0x6B, 0x81, 0x80,  // 慕
    0x0C, 0x00, 0xC0, 0x0C, 0x4F, 0xFC, 0x1E, 0x01, 0xE0, 0x3F, 0x02, 0xD8, 0x4C, 0xC8, 0xC4, 0x0C, 0x00, 0x80,  // 木
    0x00, 0x07, 0xF8, 0x61, 0x86, 0x18, 0x7F, 0x86, 0x18, 0x61, 0x86, 0x18, 0x61, 0x86, 0x18, 0x61, 0x80, 0x00,  // 目
    0x02, 0x0F, 0x28, 0xBF, 0xCB, 0x24, 0xFF, 0xCB, 0x58, 0xFE, 0xCB, 0xA4, 0xBF, 0xCF, 0x20, 0xA2, 0x49, 0xFC,  // 睦
    0x22, 0x0A, 0x60, 0xA6, 0x4F, 0xFC, 0xA5, 0x82, 0xD8, 0x39, 0x0E, 0x30, 0xA3, 0x02, 0x38, 0x24, 0xC3, 0x84,  // 牧
    0x02, 0x0F, 0xFC, 0x6C, 0xC7, 0xCC, 0xEF, 0xC6, 0x7C, 0xFF, 0xEF, 0xB8, 0x7F, 0x86, 0x7E, 0x6B, 0x87, 0xC0,  // 穆
    0x08, 0x01, 0xE0, 0x33, 0x87, 0xFC, 0xBF, 0x03, 0xF0, 0x2F, 0x07, 0xD0, 0x3F, 0x8F, 0xFC, 0x0C, 0x00, 0x80,  // 拿
    0x02, 0x0F, 0xFE, 0xEB, 0x4A, 0xB4, 0xBF, 0x8A, 0xBC, 0xBF, 0x4E, 0xB6, 0x93, 0xE9, 0x7C, 0x2D, 0x04, 0x10,  // 哪
    0x03, 0x0A, 0x20, 0xFF, 0xCA, 0xB4, 0xAA, 0x4A, 0xA4, 0xAB, 0x4E, 0xDC, 0xA8, 0x48, 0x84, 0x09, 0xC0, 0x8C,  // 呐
    0x43, 0x04, 0x30, 0x7F, 0x48, 0xF4, 0xFE, 0x4C, 0xF4, 0x7F, 0xC6, 0xCC, 0x4C, 0x47, 0xC4, 0x6C, 0xC4, 0x8C,  // 钠
    0x0A, 0x4E, 0xFC, 0x2A, 0xCF, 0xA8, 0x2B, 0x82, 0xA8, 0xFA, 0x46, 0xA4, 0x4B, 0xC7, 0xAC, 0x9A, 0x00, 0x20,  // 那
    0x40, 0x05, 0xFC, 0x4F, 0x4F, 0xFC, 0xFF, 0x8E, 0xF8, 0xEF, 0x4F, 0xF6, 0x77, 0x67, 0x7C, 0xBD, 0x02, 0x50,  // 娜
    0x03, 0x06, 0x30, 0x4B, 0x4B, 0xFC, 0xEA, 0x4E, 0xA4, 0x4B, 0x4F, 0xDC, 0x8C, 0x47, 0x84, 0xC9, 0xC0, 0x8C,  // 纳
    0x20, 0x07, 0xFC, 0x61, 0x88, 0x18, 0xFF, 0x87, 0xD8, 0x3D, 0x82, 0xF8, 0x27, 0x86, 0x6A, 0x4C, 0xE8, 0xC6,  // 氖
    0x00, 0x07, 0xF8, 0x11, 0x01, 0x30, 0x12, 0x41, 0x2C, 0x30, 0xC3, 0x0C, 0x20, 0x84, 0x08, 0x83, 0x80, 0x10,  // 乃
    0x20, 0x06, 0xFC, 0x76, 0x8F, 0x68, 0x57, 0x85, 0x5E, 0x54, 0x4E, 0x44, 0x7C, 0x47, 0x84, 0xD9, 0xC2, 0x08,  // 奶
    0x00, 0x8F, 0xC8, 0x20, 0x82, 0x7E, 0xFC, 0x8F, 0x68, 0xF7, 0x8F, 0x58, 0xF4, 0x8F, 0x48, 0x8D, 0x80, 0x08,  // 耐
    0x08, 0x00, 0x88, 0xFF, 0xC1, 0x20, 0x23, 0x87, 0xEC, 0x81, 0x82, 0xC0, 0x6F, 0x04, 0xD8, 0x9C, 0x80, 0x80,  // 奈
    0x0C, 0x00, 0xC4, 0xFF, 0xC0, 0xC8, 0x7F, 0xC5, 0xEC, 0x7F, 0xC4, 0xDC, 0x7F, 0xC4, 0xCC, 0x4D, 0xC4, 0x98,  // 南
    0x00, 0x07, 0xF8, 0x6C, 0x87, 0xF8, 0x6C, 0x87, 0xF8, 0x08, 0x8F, 0xFC, 0x18, 0x81, 0x18, 0x67, 0x8C, 0x30,  // 男
    0x07, 0x02, 0xD0, 0xBF, 0xCA, 0x90, 0xB9, 0x46, 0xFC, 0x69, 0x06, 0xFC, 0xA9, 0x0A, 0x94, 0x0F, 0xC0, 0x80,  // 难
    0x00, 0x0F, 0xFC, 0x3F, 0x03, 0xF0, 0xFF, 0xEB, 0xF8, 0x77, 0x87, 0xF8, 0x7F, 0xCB, 0xF8, 0x67, 0x03, 0x9C,  // 囊
    0x44, 0x04, 0x44, 0x6F, 0xCF, 0x38, 0x43, 0x07, 0xFC, 0xF0, 0xCD, 0xF8, 0x4F, 0x04, 0xB0, 0x4B, 0x6F, 0x1C,  // 挠
    0x02, 0x0F, 0x24, 0xBF, 0xEA, 0x18, 0xED, 0x4A, 0xB4, 0xAB, 0x4E, 0xB4, 0xAD, 0xCA, 0xD4, 0x7F, 0xC2, 0x04,  // 脑
    0x42, 0x06, 0x20, 0x7F, 0xEF, 0x10, 0xF5, 0x4E, 0xB4, 0x6B, 0x46, 0xB4, 0x6D, 0xC6, 0x84, 0x7F, 0xC4, 0x04,  // 恼
    0x00, 0x02, 0xFC, 0xEC, 0x4C, 0x5C, 0xFF, 0xCD, 0xD4, 0xFF, 0x4D, 0x54, 0xF7, 0x4F, 0xE4, 0xCD, 0xC8, 0x08,  // 闹
    0x06, 0x04, 0x6C, 0x56, 0x0B, 0xFC, 0xF8, 0x87, 0xF8, 0x58, 0x85, 0xF8, 0xF6, 0x6C, 0x60, 0xC2, 0x0C, 0x20,  // 淖
    0x00, 0x0E, 0xFC, 0xA8, 0x8A, 0xFC, 0xAA, 0x8A, 0xA4, 0xEA, 0xCA, 0xB8, 0x9A, 0x01, 0x24, 0x23, 0xC4, 0x3C,  // 呢
    0x40, 0x84, 0xFC, 0xF2, 0xCB, 0xAC, 0xAB, 0x84, 0x60, 0x46, 0x45, 0xD8, 0x5D, 0x06, 0x70, 0x47, 0xC7, 0x8C,  // 馁
    0x0C, 0x00, 0xC0, 0x88, 0x8F, 0xFC, 0xC8, 0x8C, 0xC8, 0xD6, 0x8D, 0x38, 0xE0, 0x8C, 0x08, 0xC3, 0x88, 0x18,  // 内
    0x48, 0x84, 0x98, 0x5F, 0x0F, 0xFE, 0xFF, 0x4B, 0xF4, 0xBF, 0xCF, 0xD8, 0x7E, 0x87, 0x98, 0xAB, 0x40, 0xE4,  // 嫩
    0x22, 0x07, 0x6C, 0xDF, 0x8F, 0xE4, 0x9F, 0xCD, 0xBC, 0xFE, 0x0D, 0xFC, 0xFF, 0x0D, 0xE4, 0xFF, 0xC9, 0x3C,  // 能
    0x20, 0x06, 0x7C, 0x74, 0x4F, 0xFC, 0x56, 0x45, 0x74, 0xF6, 0xCE, 0xF0, 0x6A, 0x07, 0xA4, 0x93, 0xE2, 0x1C,  // 妮
    0x00, 0x82, 0xC4, 0xFF, 0xEB, 0xF8, 0x3F, 0x07, 0xF8, 0x49, 0x87, 0xB8, 0x7F, 0x85, 0x44, 0x37, 0xCC, 0x38,  // 霓
    0x24, 0x07, 0xFC, 0x50, 0x4D, 0x4C, 0xDD, 0xCD, 0x04, 0x5F, 0xC5, 0x50, 0x4D, 0x04, 0x90, 0x59, 0x67, 0x1C,  // 倪
    0x00, 0x05, 0xFC, 0x58, 0xCB, 0x8C, 0xFE, 0x87, 0xEC, 0x5F, 0x85, 0xF0, 0xD6, 0x0D, 0x64, 0xE7, 0xC4, 0x3C,  // 泥
    0x00, 0x07, 0xFC, 0x60, 0x86, 0x08, 0x68, 0x86, 0x88, 0x69, 0x86, 0xE0, 0x4C, 0x44, 0x84, 0x8F, 0xE0, 0xF8,  // 尼
    0x40, 0x04, 0x4C, 0x6A, 0xCF, 0xBC, 0x48, 0xC7, 0x88, 0xC8, 0x8C, 0xA8, 0x4C, 0x85, 0x9C, 0xC6, 0x45, 0x80,  // 拟
    0x24, 0x02, 0x40, 0x6C, 0x44, 0xFE, 0xD3, 0x8D, 0x20, 0x4E, 0x84, 0xAC, 0x5A, 0x45, 0x24, 0x66, 0x04, 0x60,  // 你
    0x00, 0x4F, 0xFC, 0xCB, 0x4F, 0xFC, 0xCF, 0x0F, 0xFC, 0xC8, 0x0D, 0xF8, 0xF9, 0x8D, 0xF8, 0xD8, 0x4F, 0xFC,  // 匿
    0x01, 0x8E, 0x1C, 0xBF, 0xEA, 0xF0, 0xFF, 0x0A, 0xF8, 0xFF, 0x8B, 0xF8, 0xBE, 0xAA, 0xEE, 0xEB, 0x63, 0x02,  // 腻
    0x00, 0x8C, 0xD8, 0x65, 0x41, 0x28, 0x0A, 0xCE, 0xAC, 0x4A, 0xC5, 0xFC, 0x44, 0x04, 0x80, 0xFF, 0xE0, 0xFC,  // 逆
    0x00, 0x47, 0xFC, 0x04, 0x4B, 0xFC, 0xF1, 0x07, 0xFE, 0x55, 0x45, 0x5C, 0xDD, 0x47, 0x64, 0xDD, 0xC4, 0x88,  // 溺
    0x12, 0x0F, 0xFE, 0x12, 0x87, 0xF8, 0x2F, 0x8F, 0xFC, 0x3F, 0x86, 0x04, 0x7F, 0xCF, 0xFC, 0x97, 0xC8, 0x18,  // 蔫
    0x02, 0x06, 0x20, 0x62, 0x4F, 0xBE, 0x62, 0x07, 0xA0, 0xEF, 0xCE, 0x84, 0x68, 0x46, 0x84, 0xEF, 0xC4, 0x84,  // 拈
    0x20, 0x02, 0x04, 0x7F, 0xC4, 0x40, 0xA4, 0x8A, 0x40, 0x24, 0x06, 0x44, 0x04, 0x00, 0x40, 0x04, 0x00, 0x40,  // 年
    0x00, 0x0F, 0xFC, 0x48, 0xC4, 0xFC, 0xEB, 0xCF, 0xFC, 0xFB, 0x8F, 0xFE, 0xFD, 0xCF, 0x58, 0x97, 0xC2, 0x44,  // 碾
    0x48, 0x04, 0xDC, 0x5F, 0xCF, 0xFC, 0x7F, 0xC5, 0x66, 0xDF, 0xC4, 0xA0, 0x5F, 0x85, 0xFC, 0xC2, 0x0C, 0x20,  // 撵
    0x42, 0x04, 0x60, 0x55, 0x0F, 0xFC, 0x5A, 0xE7, 0xF8, 0xC1, 0x0C, 0x70, 0x56, 0xC5, 0x6E, 0xF5, 0x8C, 0x70,  // 捻
    0x08, 0x01, 0xC0, 0x12, 0x02, 0xDC, 0xC5, 0xC3, 0xF0, 0x02, 0x00, 0xC0, 0x74, 0xCB, 0x54, 0xB1, 0x41, 0xF0,  // 念
    0x42, 0x06, 0x30, 0x4F, 0xCF, 0xC8, 0x5F, 0x85, 0xCC, 0xFF, 0x8E, 0xEC, 0xED, 0x87, 0xD8, 0xDE, 0xE0, 0xC4,  // 娘
    0x01, 0x0F, 0xD4, 0x67, 0xCF, 0xE4, 0xFF, 0xCF, 0xE4, 0xDF, 0xC8, 0xF6, 0xFF, 0x88, 0xE8, 0xFE, 0x68, 0x40,  // 酿
    0x10, 0x03, 0xF0, 0x73, 0x07, 0x90, 0x6B, 0x06, 0x70, 0x62, 0xC6, 0x0C, 0x03, 0xCF, 0xFC, 0x03, 0x80, 0x18,  // 鸟
    0x00, 0x07, 0xFC, 0x40, 0xC7, 0xFC, 0x46, 0x04, 0xEC, 0x5F, 0x85, 0xF0, 0xD5, 0x8B, 0x4C, 0xCC, 0x60, 0x40,  // 尿
    0x40, 0x04, 0xFC, 0x78, 0xCE, 0xFC, 0x48, 0xC6, 0xFC, 0xCA, 0x04, 0x24, 0x5F, 0xC4, 0x20, 0xC2, 0x6C, 0x00,  // 捏
    0x00, 0x07, 0xFC, 0x3F, 0x03, 0x30, 0x3F, 0x4F, 0xFC, 0x03, 0x8F, 0xF8, 0x73, 0x83, 0x30, 0x4F, 0xC1, 0x84,  // 聂
    0x12, 0x0F, 0xFC, 0x33, 0x07, 0xFC, 0x7B, 0xC7, 0xFC, 0x5F, 0xCF, 0xB0, 0x3F, 0x0F, 0xFE, 0x04, 0x01, 0xC0,  // 孽
    0x03, 0x0A, 0xF4, 0xEF, 0xCA, 0xF0, 0xBF, 0xEA, 0xB4, 0xAA, 0x4E, 0xB4, 0xAF, 0xC8, 0xCC, 0x08, 0x40, 0x84,  // 啮
    0x40, 0x45, 0xFC, 0x77, 0x88, 0x78, 0xF4, 0xE5, 0xF8, 0xFF, 0xC4, 0x5C, 0x5D, 0x86, 0xD8, 0x57, 0xE2, 0x64,  // 镊
    0x42, 0x04, 0xFC, 0xFC, 0xC8, 0xFC, 0xFF, 0xC4, 0xCC, 0x7F, 0xC7, 0xFE, 0x57, 0x07, 0xE8, 0x7A, 0xE0, 0x20,  // 镍
    0x40, 0x87, 0xFC, 0x18, 0x8A, 0xF8, 0xE8, 0x86, 0xF8, 0x5A, 0x8C, 0x24, 0xDF, 0xCC, 0x20, 0xC2, 0x44, 0x00,  // 涅
    0x24, 0x02, 0xC4, 0x7F, 0xCF, 0x28, 0x6E, 0x85, 0x2C, 0x6E, 0x44, 0x40, 0x14, 0xC5, 0x56, 0xDF, 0x01, 0xF0,  // 您
    0x42, 0x04, 0x30, 0x7F, 0xCF, 0x8C, 0x48, 0x0F, 0xFC, 0xF3, 0x0C, 0x30, 0x43, 0x04, 0x30, 0x43, 0x04, 0x20,  // 柠
    0x02, 0x0B, 0x30, 0x6F, 0xE7, 0x8C, 0xA0, 0x47, 0xFE, 0x63, 0x0A, 0x30, 0x23, 0x02, 0x30, 0xE7, 0x04, 0x20,  // 狞
    0x20, 0x0A, 0xFC, 0xF3, 0x8F, 0xF0, 0x7F, 0xE7, 0xD4, 0xF3, 0x0D, 0xFC, 0x97, 0x0B, 0xF0, 0xAF, 0xE4, 0x0C,  // 凝
    0x08, 0x00, 0xC4, 0xFF, 0xC8, 0x08, 0x00, 0x8F, 0xFC, 0x0C, 0x00, 0xC0, 0x0C, 0x00, 0xC0, 0x1C, 0x00, 0x80,  // 宁
    0x02, 0x06, 0x30, 0x7F, 0xEF, 0x8C, 0x68, 0x07, 0xFC, 0xE3, 0x0E, 0x30, 0x63, 0x06, 0x30, 0xE7, 0x04, 0x20,  // 拧
    0x06, 0x06, 0x24, 0x1F, 0xEB, 0x0C, 0xE0, 0x45, 0xFC, 0x42, 0x04, 0x20, 0xC2, 0x0C, 0x20, 0xC6, 0x04, 0x20,  // 泞
    0x04, 0x02, 0x40, 0x64, 0x07, 0xFC, 0x44, 0x08, 0x40, 0x8C, 0x40, 0xC0, 0x04, 0x00, 0x40, 0x04, 0x00, 0x40,  // 牛
    0x60, 0x04, 0xFC, 0x74, 0xCF, 0x48, 0x44, 0x87, 0xE8, 0xC4, 0x8C, 0x48, 0x44, 0x84, 0x48, 0xFF, 0xEC, 0x00,  // 扭
    0x60, 0x04, 0xFC, 0x76, 0xC8, 0x6C, 0xF6, 0x84, 0x68, 0x7F, 0x86, 0x48, 0x44, 0x87, 0x48, 0x64, 0xC5, 0xFC,  // 钮
    0x20, 0x06, 0xFC, 0x56, 0xC9, 0x68, 0xF6, 0x82, 0xF8, 0x46, 0x8F, 0x48, 0x84, 0x8F, 0x48, 0xC4, 0xE0, 0x00,  // 纽
    0x02, 0x0F, 0x20, 0xAF, 0xCF, 0xEC, 0xF6, 0x0A, 0x5C, 0xED, 0x8B, 0xD0, 0xB5, 0x8A, 0x4C, 0x66, 0x62, 0x40,  // 脓
    0x02, 0x0C, 0x60, 0x5F, 0xCB, 0x4C, 0xFE, 0x84, 0xEC, 0x4B, 0x85, 0xB0, 0xE9, 0x0C, 0x9C, 0xCE, 0xEC, 0x80,  // 浓
    0x04, 0x00, 0xC0, 0x7F, 0xCC, 0xCC, 0xDC, 0x01, 0x58, 0x37, 0x03, 0x20, 0x53, 0x09, 0x5C, 0x38, 0xC3, 0x00,  // 农
    0x00, 0x07, 0xFC, 0x0C, 0x87, 0xF8, 0x0C, 0x4F, 0xFC, 0x13, 0x0F, 0xFE, 0x33, 0x02, 0x30, 0x63, 0x08, 0x20,  // 弄
    0x20, 0x06, 0x0C, 0x64, 0xCF, 0xCC, 0x50, 0x85, 0x28, 0xD3, 0x8F, 0x30, 0x33, 0x07, 0x78, 0xCC, 0xE1, 0x04,  // 奴
    0x20, 0x06, 0xFC, 0xFC, 0x85, 0x38, 0x73, 0x03, 0xFC, 0xC8, 0xC1, 0xD8, 0x19, 0x81, 0x18, 0x37, 0x0C, 0x30,  // 努
    0x20, 0x06, 0xFC, 0xFC, 0x85, 0x30, 0x73, 0x03, 0x7C, 0xC8, 0xC0, 0x80, 0x74, 0xCF, 0x54, 0xB3, 0x01, 0xF0,  // 怒
    0x08, 0x00, 0x80, 0x08, 0x01, 0x84, 0xFF, 0xC1, 0x30, 0x32, 0x03, 0x20, 0x1E, 0x00, 0xF8, 0x31, 0x88, 0x08,  // 女
    0x00, 0xCF, 0xFC, 0xAA, 0xCA, 0xB8, 0xAF, 0xCA, 0x64, 0xBF, 0xCA, 0x78, 0xEF, 0x8B, 0x30, 0x27, 0xE1, 0x84,  // 暖
    0x08, 0x00, 0xF8, 0x08, 0x47, 0xFC, 0x4F, 0x87, 0x88, 0x4F, 0x85, 0xF8, 0xD0, 0x4F, 0xFE, 0x90, 0x81, 0xF8,  // 虐
    0x04, 0x02, 0x64, 0x20, 0x0E, 0x00, 0xEF, 0xC2, 0x80, 0xE8, 0x4F, 0xFC, 0x68, 0x04, 0x80, 0x9F, 0xC0, 0x80,  // 疟
    0x40, 0x05, 0xFE, 0x6F, 0x4E, 0xF4, 0x5F, 0x86, 0xF8, 0xDF, 0x4D, 0xF6, 0x57, 0x65, 0x7C, 0xFD, 0x0E, 0x10,  // 挪
    0x40, 0x04, 0xFC, 0x5F, 0xEF, 0xF8, 0xC6, 0x0C, 0x24, 0x5F, 0xC5, 0xFC, 0x55, 0x45, 0x54, 0x55, 0xC5, 0x08,  // 懦
    0x40, 0x47, 0xB4, 0xFF, 0xEF, 0xFC, 0xF7, 0x86, 0x34, 0xFF, 0xCF, 0xFC, 0x4B, 0x44, 0xB4, 0x4B, 0xC4, 0x8C,  // 糯
    0x04, 0x84, 0xCC, 0x5F, 0xC0, 0xF8, 0xC2, 0x05, 0xFE, 0x44, 0x04, 0xFC, 0x5C, 0xC7, 0x4C, 0x67, 0xC0, 0x48,  // 诺
    0x01, 0x00, 0xF8, 0xFD, 0x4A, 0xD4, 0xBF, 0xEA, 0xD4, 0xAD, 0xCF, 0xD8, 0xAD, 0x88, 0xFA, 0x1C, 0xE0, 0x86,  // 哦
    0x02, 0x0F, 0xA0, 0x92, 0x4D, 0xFE, 0xB7, 0x8B, 0x30, 0xB3, 0x0B, 0x30, 0xD3, 0x88, 0x68, 0xFC, 0xC1, 0x06,  // 欧
    0x01, 0x0F, 0xEC, 0x97, 0xCD, 0x6C, 0xB5, 0xCB, 0x58, 0xB4, 0x4B, 0x7E, 0xDF, 0xC8, 0x84, 0xF9, 0xC0, 0x08,  // 鸥
    0x00, 0x8F, 0xF8, 0x96, 0x8D, 0x68, 0xB4, 0xEB, 0xC0, 0xB7, 0xCD, 0x28, 0xD3, 0x88, 0xB8, 0xFE, 0xE1, 0x84,  // 殴
    0x12, 0x0F, 0xFE, 0x72, 0x07, 0xFC, 0xFF, 0xCF, 0xFC, 0x6F, 0xCF, 0xFC, 0x7B, 0xCF, 0xFC, 0x68, 0xC4, 0x84,  // 藕
    0x00, 0x0B, 0xFC, 0xF8, 0x8B, 0xC8, 0xBB, 0x8B, 0xB0, 0xBB, 0x0B, 0xB8, 0xBC, 0x88, 0x88, 0x08, 0x60, 0x80,  // 呕
    0x20, 0x07, 0xFC, 0x5A, 0xC5, 0xAC, 0xDF, 0xCD, 0xA8, 0x5F, 0xC5, 0x24, 0x57, 0xC5, 0xCC, 0x51, 0xC5, 0x0C,  // 偶
    0x00, 0x05, 0xFC, 0x78, 0x8B, 0xC8, 0xFB, 0x8F, 0xB0, 0x5B, 0x05, 0xA8, 0xDC, 0xC5, 0x80, 0xDF, 0xE4, 0x00,  // 沤
    0x08, 0x80, 0x98, 0xEF, 0x4B, 0xFC, 0xAA, 0x4A, 0xE4, 0xBB, 0xCF, 0xA4, 0xAA, 0x48, 0xA4, 0x0B, 0xC1, 0xA4,  // 啪
    0x01, 0x0F, 0x70, 0xD7, 0x0D, 0x70, 0xF5, 0x0A, 0x58, 0xBD, 0x8A, 0x48, 0xA8, 0xCF, 0x8C, 0x90, 0x62, 0x00,  // 趴
    0x00, 0x03, 0xFC, 0xF5, 0x4F, 0x54, 0xF5, 0x4F, 0x7C, 0xAC, 0x0A, 0xC2, 0xAF, 0xEA, 0x60, 0x23, 0xE2, 0x0C,  // 爬
    0x21, 0x02, 0x30, 0xF7, 0xCF, 0xC4, 0xB4, 0x4B, 0x44, 0xB7, 0xCB, 0x44, 0xB4, 0x42, 0x44, 0x67, 0xC6, 0x44,  // 帕
    0x63, 0x06, 0x20, 0x6F, 0xCF, 0xCC, 0xFC, 0x4E, 0xC4, 0x6F, 0xC6, 0xC4, 0x6C, 0x46, 0xCC, 0x6F, 0xC6, 0x84,  // 怕
    0x00, 0x0F, 0xFC, 0x3B, 0xC3, 0x10, 0xBF, 0xC4, 0x00, 0x7F, 0x84, 0xD8, 0x7F, 0x84, 0x04, 0x7F, 0xC1, 0xF0,  // 琶
    0x21, 0x06, 0x30, 0x7E, 0x4F, 0xC4, 0x6C, 0x47, 0xC4, 0xEF, 0xCE, 0xC4, 0x6C, 0x46, 0xC4, 0xEF, 0xC4, 0xC4,  // 拍
    0x45, 0x06, 0x50, 0x65, 0x4F, 0xDC, 0x45, 0x07, 0xDC, 0xE5, 0x0C, 0x54, 0x7D, 0xE4, 0x50, 0xC5, 0x04, 0x50,  // 排
    0x23, 0x0E, 0xA4, 0xAF, 0xCB, 0xF4, 0xFF, 0xC8, 0xB4, 0xEF, 0xCA, 0x70, 0xBF, 0x6B, 0x10, 0x21, 0x02, 0x10,  // 牌
    0x25, 0x06, 0x50, 0xCD, 0x4B, 0xD0, 0x65, 0x0D, 0xDC, 0xC5, 0x04, 0x54, 0x5D, 0xC4, 0x50, 0x45, 0x04, 0x10,  // 徘
    0x84, 0x07, 0xBE, 0x48, 0x8A, 0xFC, 0xFC, 0x84, 0x9C, 0x4F, 0x8F, 0xC8, 0xDF, 0xE9, 0x08, 0xB1, 0x8C, 0x18,  // 湃
    0x00, 0x87, 0xF8, 0x38, 0x89, 0xF8, 0xFD, 0x47, 0xDC, 0x55, 0x0D, 0x50, 0xD5, 0x8D, 0x4C, 0xE6, 0xE4, 0x40,  // 派
    0x04, 0x07, 0xDC, 0xFF, 0x8F, 0xFC, 0xFD, 0x45, 0xD4, 0xFF, 0xC3, 0xF8, 0xFF, 0xEB, 0xFC, 0x1C, 0x00, 0xC0,  // 攀
    0x01, 0x85, 0xF8, 0x6B, 0x82, 0xF4, 0xFF, 0x04, 0xBC, 0x52, 0xCF, 0xF8, 0xDA, 0x8D, 0xE8, 0xDF, 0x81, 0x08,  // 潘
    0x08, 0x03, 0xF0, 0x29, 0x02, 0xD4, 0xFF, 0xC2, 0xD0, 0x67, 0x0C, 0x38, 0x7F, 0x85, 0xE8, 0x7E, 0xCF, 0xFC,  // 盘
    0x20, 0x07, 0xF8, 0x7C, 0xEF, 0xF8, 0x7B, 0x8F, 0xB8, 0x9E, 0xEF, 0xFC, 0x31, 0x87, 0xF8, 0xBF, 0x82, 0x18,  // 磐
    0x01, 0x0F, 0x50, 0xA5, 0x0A, 0x88, 0xF8, 0xCB, 0x0E, 0xFE, 0x8A, 0x48, 0xB4, 0x8F, 0xC8, 0x9B, 0x83, 0x10,  // 盼
    0x03, 0x09, 0xB4, 0xF7, 0xCF, 0x78, 0xF7, 0xCF, 0x30, 0xF3, 0x0F, 0xFE, 0xF3, 0x0F, 0x30, 0x03, 0x00, 0x30,  // 畔
    0x10, 0x49, 0x44, 0xD7, 0x45, 0x94, 0x7F, 0x43, 0x34, 0x15, 0x4F, 0xF4, 0x21, 0x42, 0x04, 0xC1, 0xC0, 0x0C,  // 判
    0x20, 0x42, 0xFC, 0xBC, 0x0F, 0x40, 0xFF, 0xC2, 0x6C, 0x7E, 0x8F, 0xF8, 0x6D, 0x04, 0xB8, 0xDE, 0xC0, 0x84,  // 叛
    0x01, 0x83, 0xF8, 0x20, 0x02, 0x08, 0x3F, 0xC2, 0x20, 0x22, 0x0F, 0xFE, 0x04, 0x00, 0x30, 0x01, 0x80, 0x0C,  // 乓
    0x04, 0x04, 0x44, 0x7F, 0xC4, 0x90, 0x4D, 0xC4, 0xE0, 0x4E, 0x84, 0xF8, 0xD7, 0x09, 0x64, 0xBE, 0x6C, 0x3C,  // 庞
    0x08, 0x04, 0xDC, 0x33, 0x01, 0x20, 0x7F, 0xE8, 0xCC, 0xFF, 0xC1, 0x80, 0x1F, 0x83, 0x10, 0x67, 0x0C, 0x20,  // 旁
    0x42, 0x07, 0x3C, 0xF7, 0x87, 0x38, 0x6F, 0xEF, 0xB4, 0x6F, 0xC7, 0x68, 0xF7, 0xC6, 0x48, 0x6B, 0x87, 0x10,  // 耪
    0x03, 0x0F, 0x34, 0xDF, 0xCF, 0x78, 0xF7, 0xCD, 0x30, 0xF3, 0x0D, 0xFE, 0x93, 0x09, 0x30, 0xB3, 0x02, 0x30,  // 胖
    0x49, 0x04, 0x90, 0x59, 0x0F, 0xFC, 0x5D, 0x47, 0xD4, 0xDD, 0x4D, 0x54, 0x57, 0xC5, 0x6C, 0xE7, 0xEE, 0x3C,  // 抛
    0x04, 0x0A, 0xC0, 0xEF, 0xCA, 0x84, 0xBF, 0xCB, 0xBC, 0xAB, 0xCE, 0xFC, 0xA9, 0xC8, 0x88, 0x0F, 0xE0, 0x7C,  // 咆
    0x20, 0x46, 0x44, 0x7D, 0x44, 0x54, 0xFD, 0x45, 0xD4, 0x5D, 0x45, 0xD4, 0x4B, 0x44, 0x24, 0x7F, 0xC0, 0x0C,  // 刨
    0x64, 0x06, 0x40, 0x7F, 0xCF, 0x84, 0xEF, 0x4D, 0xBC, 0x6B, 0xC4, 0xEC, 0x69, 0x8F, 0x80, 0x8F, 0xE0, 0x7C,  // 炮
    0x46, 0x02, 0x40, 0x3F, 0xC3, 0x84, 0x7F, 0xC7, 0xFC, 0xEF, 0xC7, 0xFC, 0x7D, 0x86, 0xC0, 0x6F, 0xE4, 0x7C,  // 袍
    0x06, 0x0F, 0x64, 0x97, 0xC9, 0xC4, 0xFF, 0x43, 0x54, 0xF5, 0x4B, 0x74, 0xA5, 0xCB, 0x48, 0xE6, 0xE8, 0x7C,  // 跑
    0x04, 0x06, 0xC0, 0x6F, 0xCB, 0x8C, 0xBF, 0xC7, 0xBC, 0x6B, 0xC4, 0xEC, 0xCB, 0xCC, 0x84, 0xCF, 0xE4, 0x78,  // 泡
    0x00, 0x0B, 0xFC, 0xE3, 0x0A, 0x20, 0xA6, 0x0A, 0x78, 0xAA, 0xCF, 0xA4, 0xB2, 0x00, 0x20, 0x02, 0x43, 0xFC,  // 呸
    0x00, 0x0F, 0xFC, 0x93, 0x0D, 0x20, 0xF3, 0x09, 0x78, 0xFB, 0x49, 0xB4, 0x93, 0x09, 0x30, 0xF3, 0x62, 0x00,  // 胚
    0x42, 0x04, 0x24, 0x4F, 0xC4, 0x48, 0xF5, 0x85, 0x7E, 0x40, 0x04, 0xF8, 0x78, 0x8C, 0x88, 0x0F, 0x80, 0x88,  // 培
    0x12, 0x0F, 0x3C, 0x12, 0x8F, 0x3C, 0x16, 0x4F, 0xE0, 0x0C, 0x4F, 0xFC, 0x35, 0x87, 0x30, 0x9D, 0xC3, 0x0C,  // 裴
    0x03, 0x0F, 0x34, 0xDF, 0xCF, 0x48, 0xF7, 0x8F, 0xFE, 0xD0, 0x0D, 0x7C, 0xD4, 0xC6, 0x4C, 0x97, 0xC0, 0x48,  // 赔
    0x02, 0x0F, 0x34, 0xFF, 0xCE, 0x48, 0xE5, 0x8F, 0xFE, 0xD0, 0x0F, 0xFC, 0xEC, 0x8C, 0xC8, 0xCF, 0x88, 0xC8,  // 陪
    0x00, 0x0F, 0xFC, 0x30, 0x4F, 0x84, 0xFA, 0xCD, 0xAC, 0xDA, 0x0C, 0xA0, 0xFA, 0x28, 0xA2, 0xFB, 0xE8, 0x18,  // 配
    0x20, 0x07, 0xFC, 0x51, 0xC5, 0xFC, 0xD7, 0x8D, 0xFC, 0x5F, 0xC5, 0xFC, 0x5F, 0xE7, 0xF6, 0x66, 0x64, 0x42,  // 佩
    0x02, 0x04, 0x20, 0x5F, 0xE8, 0x20, 0xBF, 0xC3, 0xA4, 0x5A, 0x4D, 0xA4, 0xDA, 0xC5, 0xAC, 0xC2, 0x04, 0x20,  // 沛
    0x02, 0x0F, 0xFC, 0xEB, 0x8E, 0xBC, 0xFF, 0xCE, 0x98, 0xFE, 0x8F, 0xA8, 0x9E, 0x80, 0x78, 0x0C, 0xC3, 0x04,  // 喷
    0x12, 0x01, 0x20, 0x21, 0x07, 0xFE, 0x91, 0x41, 0x30, 0x26, 0x0C, 0x38, 0x7F, 0x87, 0xF8, 0x7F, 0xCF, 0xFC,  // 盆
    0x00, 0x0F, 0xFC, 0x43, 0x04, 0xB4, 0x77, 0x8F, 0x78, 0xDF, 0xED, 0x30, 0x53, 0x07, 0x30, 0xC3, 0x00, 0x30,  // 砰
    0x40, 0x04, 0xFC, 0x62, 0x0F, 0xAC, 0x4A, 0x87, 0xF8, 0xEF, 0x4D, 0x30, 0x42, 0x04, 0x20, 0xC2, 0x04, 0x20,  // 抨
    0x0C, 0x0F, 0xFC, 0x21, 0x03, 0xF0, 0x3F, 0x02, 0x18, 0x0F, 0xC0, 0x40, 0x1C, 0x05, 0xC8, 0xD2, 0xC9, 0x24,  // 烹
    0x0C, 0x0C, 0xF6, 0x6E, 0xCB, 0xF8, 0xFF, 0x45, 0x2C, 0x5F, 0x85, 0x66, 0xD6, 0x4D, 0xF8, 0xFB, 0x00, 0xC0,  // 澎
    0x30, 0x03, 0x4C, 0xFD, 0x8F, 0xF0, 0x08, 0xC7, 0x88, 0x49, 0x07, 0xA4, 0x58, 0xC7, 0xD8, 0xF3, 0x01, 0xC0,  // 彭
    0x12, 0x0F, 0xFC, 0x16, 0x05, 0xF8, 0x7F, 0x00, 0xFC, 0xFF, 0xC4, 0xF8, 0x4F, 0x85, 0xF8, 0xF2, 0x41, 0xFC,  // 蓬
    0x40, 0x04, 0xFE, 0x7B, 0x4F, 0xB4, 0x4F, 0xCF, 0xB4, 0xFF, 0x4C, 0xF4, 0x53, 0x45, 0x34, 0x7F, 0xC6, 0x6C,  // 棚
    0x00, 0x0F, 0xFE, 0x4B, 0x44, 0xFC, 0xFF, 0xCE, 0xB4, 0xEF, 0xCF, 0xB4, 0xF3, 0x4F, 0x74, 0xBF, 0xC2, 0x00,  // 硼
    0x22, 0x07, 0xFC, 0xBD, 0x0C, 0xF8, 0x6F, 0x01, 0x7C, 0xFE, 0xC4, 0xF8, 0x4F, 0x85, 0xFC, 0xF2, 0x01, 0xFC,  // 篷
    0x04, 0x0F, 0x74, 0xBE, 0x8F, 0xF8, 0xEF, 0x6A, 0xAC, 0xEF, 0x8A, 0xB6, 0xAA, 0xCA, 0xF8, 0xFB, 0x02, 0x40,  // 膨
    0x00, 0x07, 0xBC, 0x5A, 0x45, 0xAC, 0x5A, 0xC5, 0xA4, 0x7B, 0xCD, 0xE4, 0xDE, 0x49, 0xC4, 0xBD, 0xC1, 0x08,  // 朋
    0x00, 0x8F, 0xFC, 0xB7, 0x4F, 0xFC, 0xFE, 0xCB, 0x7C, 0xFF, 0x6B, 0x76, 0xB4, 0xEB, 0x46, 0xFC, 0x62, 0x0C,  // 鹏
    0x42, 0x04, 0x6C, 0x7E, 0x8F, 0xFC, 0x54, 0x47, 0xFC, 0xCA, 0x85, 0xFE, 0x72, 0x05, 0xFC, 0xC2, 0x04, 0x20,  // 捧
    0x00, 0x81, 0x58, 0xF5, 0x45, 0xFC, 0x45, 0x0F, 0x54, 0xFD, 0x4E, 0xD8, 0xED, 0x8E, 0x50, 0xE5, 0x41, 0xFC,  // 碰
    0x40, 0x05, 0xFC, 0x43, 0x05, 0x20, 0xF6, 0x04, 0xF0, 0x4A, 0xC7, 0x24, 0x72, 0x4C, 0x20, 0x02, 0x43, 0xFC,  // 坯
    0x01, 0x01, 0xD0, 0x6D, 0x04, 0xD6, 0x4F, 0xCF, 0xD8, 0xFD, 0x0F, 0xD0, 0x7D, 0x07, 0xF2, 0xFD, 0xE0, 0x0C,  // 砒
    0x00, 0x87, 0xFC, 0xFF, 0xEB, 0xF8, 0x3F, 0x07, 0xBC, 0x56, 0x87, 0xBC, 0xFB, 0x4D, 0xFC, 0xF1, 0x04, 0x10,  // 霹
    0x21, 0x06, 0xD0, 0x69, 0x0F, 0x94, 0x6F, 0xC7, 0x90, 0xE9, 0x0E, 0x90, 0x69, 0x06, 0xF0, 0xED, 0xE4, 0x0C,  // 批
    0x43, 0x04, 0x30, 0x7F, 0xCF, 0xB4, 0x4B, 0x07, 0xFC, 0xE8, 0x8C, 0xB8, 0x4B, 0x05, 0x30, 0xF6, 0xC7, 0x84,  // 披
    0x01, 0x0F, 0x94, 0xCA, 0xCF, 0xA8, 0xFF, 0xED, 0x94, 0xF9, 0x04, 0x10, 0x7F, 0x81, 0x88, 0x37, 0x8E, 0x30,  // 劈
    0x00, 0x0F, 0xFC, 0x2B, 0x8F, 0xB8, 0x2B, 0x4F, 0xFC, 0x46, 0x87, 0xF8, 0x47, 0x04, 0xE4, 0x76, 0x44, 0x3C,  // 琵
    0x01, 0x00, 0xD0, 0xF9, 0x0D, 0x94, 0xDF, 0xCF, 0xD0, 0xF9, 0x0D, 0x90, 0xD9, 0x0F, 0xF4, 0x0D, 0xC0, 0x8C,  // 毗
    0x02, 0x0A, 0xEC, 0xAA, 0xCA, 0xAC, 0xAF, 0xCA, 0xAC, 0xAF, 0xCE, 0xF0, 0xBB, 0x49, 0x30, 0x02, 0x00, 0x20,  // 啤
    0x02, 0x0F, 0xA4, 0xBF, 0xCF, 0xB4, 0xFF, 0xCB, 0xA4, 0xFF, 0xCB, 0x70, 0xBF, 0x6B, 0x30, 0xF1, 0x02, 0x10,  // 脾
    0x04, 0x04, 0x64, 0x7F, 0xCE, 0x20, 0xFF, 0xC7, 0x28, 0xFF, 0x8D, 0x58, 0x57, 0x05, 0x30, 0xA7, 0xC1, 0x8C,  // 疲
    0x04, 0x00, 0x40, 0x7F, 0xC4, 0x4C, 0x44, 0x07, 0xF8, 0x51, 0x84, 0xB0, 0x4E, 0x04, 0x60, 0x9B, 0xC6, 0x04,  // 皮
    0x00, 0x0F, 0xFC, 0x9A, 0x09, 0x20, 0x92, 0x09, 0x20, 0x92, 0x09, 0x2C, 0xE3, 0x8C, 0x00, 0xFF, 0xC0, 0x00,  // 匹
    0x04, 0x07, 0xFC, 0x60, 0x4F, 0xFC, 0xE6, 0x06, 0xFC, 0xFA, 0x4F, 0x28, 0x5F, 0xCD, 0x88, 0x9F, 0x81, 0x88,  // 痞
    0x21, 0x07, 0xCC, 0x57, 0xE5, 0x7C, 0xDD, 0x8D, 0x7E, 0x5D, 0x87, 0x5C, 0x77, 0xC5, 0xD8, 0x55, 0x85, 0x18,  // 僻
    0x40, 0x07, 0xFC, 0x40, 0xC7, 0xFC, 0x52, 0x05, 0x24, 0x5E, 0xC5, 0x30, 0x52, 0x0D, 0x60, 0xBB, 0xE1, 0x1C,  // 屁
    0x03, 0x0D, 0xFC, 0xFA, 0x8F, 0xFE, 0xDF, 0xC5, 0x90, 0xFF, 0xC7, 0xF8, 0x7F, 0x83, 0xF0, 0x21, 0x03, 0xF0,  // 譬
    0x62, 0x07, 0xFE, 0xFD, 0x8B, 0xD8, 0x7F, 0x87, 0xF8, 0x40, 0x87, 0xFC, 0x6A, 0xCA, 0xAC, 0xAB, 0xC2, 0x08,  // 篇
    0x22, 0x06, 0x20, 0x5F, 0xC5, 0x8C, 0xDF, 0xCD, 0x84, 0x5F, 0xC5, 0xD4, 0x7F, 0xC7, 0xD4, 0x5D, 0xC5, 0x8C,  // 偏
    0x02, 0x02, 0x20, 0x22, 0x02, 0x24, 0x3F, 0xC2, 0x00, 0x3F, 0x02, 0x30, 0x63, 0x04, 0x30, 0x83, 0x00, 0x20,  // 片
    0x03, 0x0F, 0xF4, 0x7C, 0xCE, 0xCC, 0xAC, 0xCA, 0xC4, 0xFF, 0xC1, 0xFC, 0xFF, 0xC3, 0xFC, 0x6E, 0xC4, 0x8C,  // 骗
    0x00, 0x0F, 0xFC, 0xFD, 0xCF, 0xFC, 0xFF, 0x89, 0x58, 0xF5, 0xCF, 0xFC, 0xB7, 0xCB, 0xCE, 0x68, 0x61, 0x02,  // 飘
    0x00, 0x47, 0xFC, 0x5F, 0xC3, 0xFC, 0xF7, 0xCD, 0xFC, 0x5F, 0x84, 0x04, 0xFF, 0x0D, 0xB8, 0xF6, 0xC4, 0x64,  // 漂
    0x08, 0x07, 0x7C, 0xFE, 0x8F, 0xE8, 0xFE, 0x89, 0xE8, 0xFE, 0x8F, 0xE8, 0xF7, 0xCB, 0xFC, 0xEB, 0xE5, 0x00,  // 瓢
    0x00, 0x49, 0xE0, 0x7F, 0x85, 0x68, 0x7F, 0x84, 0x10, 0x3F, 0x0F, 0xFC, 0x2E, 0x06, 0xD8, 0xDC, 0xC0, 0x80,  // 票
    0x48, 0x84, 0xB8, 0x7F, 0x0F, 0xDE, 0x7F, 0x47, 0xBC, 0xFF, 0xCF, 0xF8, 0x7E, 0x86, 0xB8, 0xEE, 0x68, 0x04,  // 撇
    0x21, 0x0E, 0xB4, 0xFF, 0xCB, 0xF8, 0xF9, 0x0B, 0xFC, 0xAF, 0xC6, 0x10, 0x7F, 0x07, 0xF0, 0x7F, 0x06, 0x10,  // 瞥
    0x48, 0x84, 0x58, 0x75, 0x4F, 0xFC, 0x55, 0x86, 0x58, 0xDF, 0xEC, 0x58, 0x45, 0x84, 0xD8, 0xD9, 0x86, 0x10,  // 拼
    0x20, 0x0E, 0x7C, 0xF9, 0x0E, 0x7C, 0xFD, 0x43, 0x54, 0x6D, 0x4F, 0xF4, 0xB7, 0x43, 0x38, 0x66, 0x48, 0x84,  // 频
    0x12, 0x03, 0x30, 0x63, 0xEB, 0xB4, 0x13, 0x06, 0x60, 0xFF, 0x82, 0xD0, 0x29, 0x02, 0xF0, 0x31, 0x8C, 0x08,  // 贫
    0x00, 0x03, 0xF0, 0x21, 0x02, 0x10, 0x3F, 0x02, 0x00, 0xFF, 0xC9, 0xE4, 0x9E, 0x49, 0xEC, 0xFF, 0xC8, 0x00,  // 品
    0x03, 0x0F, 0xFC, 0xAB, 0xCE, 0xFC, 0xAA, 0xCE, 0xFC, 0xFF, 0xEB, 0xE0, 0xF7, 0xCA, 0x08, 0x23, 0x82, 0x10,  // 聘
    0x01, 0x03, 0xF0, 0x20, 0x02, 0x08, 0x3F, 0x82, 0x20, 0x22, 0x0F, 0xFC, 0x10, 0x03, 0x80, 0x60, 0x08, 0x00,  // 乒
    0x40, 0x04, 0xFC, 0x42, 0x47, 0xAC, 0x4E, 0x84, 0x78, 0x5F, 0xE5, 0x20, 0xE2, 0x08, 0x20, 0x02, 0x00, 0x20,  // 坪
    0x12, 0x03, 0x34, 0x33, 0x01, 0x28, 0xFF, 0x82, 0xD8, 0x3F, 0x03, 0xE4, 0xFF, 0xC0, 0xC0, 0x0C, 0x00, 0xC0,  // 苹
    0x12, 0x03, 0x36, 0x33, 0x05, 0x2C, 0x7F, 0xCA, 0xAC, 0xEF, 0x86, 0xF6, 0x66, 0x0C, 0x20, 0x42, 0x04, 0x20,  // 萍
    0x00, 0x0F, 0xFC, 0x4C, 0x82, 0xD8, 0x2D, 0x02, 0xE4, 0xFF, 0xE0, 0xC0, 0x0C, 0x00, 0xC0, 0x0C, 0x00, 0xC0,  // 平
    0x20, 0x86, 0xF8, 0x46, 0x0E, 0x64, 0xF6, 0x04, 0x60, 0x5F, 0xC1, 0x20, 0x12, 0x03, 0x24, 0x23, 0xCC, 0x3C,  // 凭
    0x10, 0x05, 0xFE, 0x6A, 0x0F, 0xE8, 0x57, 0xC5, 0xE8, 0xFF, 0x85, 0x58, 0xD4, 0x89, 0x5A, 0xBE, 0xE1, 0x0C,  // 瓶
    0x00, 0x07, 0xFC, 0x62, 0x01, 0xAC, 0xEA, 0x84, 0xF0, 0x4B, 0x65, 0x20, 0x52, 0x06, 0x20, 0x42, 0x00, 0x20,  // 评
    0x40, 0x84, 0x0C, 0x40, 0xC5, 0x98, 0x4B, 0x07, 0xFC, 0x49, 0x07, 0xFC, 0xCB, 0x09, 0x90, 0x33, 0x04, 0x00,  // 屏
    0x43, 0x04, 0x30, 0x4F, 0xE4, 0xB4, 0xFB, 0x04, 0xF8, 0x48, 0x87, 0xB8, 0xFB, 0x09, 0x38, 0x36, 0xC7, 0x84,  // 坡
    0x02, 0x0C, 0xB8, 0x5A, 0xC3, 0x64, 0xBF, 0xCC, 0x40, 0x4F, 0x84, 0xD8, 0xD3, 0x0F, 0x30, 0xCD, 0xC3, 0x04,  // 泼
    0x20, 0x02, 0xFE, 0xF9, 0x0B, 0x7C, 0xA5, 0x4F, 0xD4, 0x95, 0x4F, 0x54, 0xB7, 0x4B, 0x38, 0x4E, 0xC8, 0x84,  // 颇
    0x42, 0x07, 0xFC, 0xBA, 0xCF, 0xF8, 0x55, 0x85, 0x30, 0x7D, 0xC1, 0x84, 0xFF, 0xC3, 0xE0, 0x0F, 0x8F, 0x08,  // 婆
    0x01, 0x0F, 0x30, 0x4F, 0xE4, 0xB4, 0x6B, 0x0F, 0xFC, 0xFE, 0xCF, 0xA8, 0xFB, 0x0F, 0xB0, 0xD7, 0xC3, 0x84,  // 破
    0x62, 0x04, 0x60, 0xFF, 0xCB, 0xAC, 0xAF, 0xCF, 0xAC, 0xBF, 0x8A, 0x78, 0xE7, 0xC8, 0xFC, 0x1B, 0x66, 0x1C,  // 魄
    0x02, 0x04, 0x60, 0x6F, 0x80, 0x88, 0x08, 0x8E, 0xF8, 0x68, 0x86, 0x88, 0x6F, 0x86, 0x88, 0xBF, 0xE0, 0x7C,  // 迫
    0x21, 0x02, 0x90, 0xFF, 0xC7, 0x44, 0xFC, 0x46, 0x44, 0x77, 0xCF, 0xC4, 0xA4, 0x42, 0x44, 0x27, 0xC2, 0x44,  // 粕
    0x30, 0x43, 0x44, 0xCD, 0x44, 0x94, 0x79, 0x4F, 0xF4, 0x49, 0x47, 0xD4, 0x4D, 0x44, 0xC4, 0x7C, 0xC4, 0x0C,  // 剖
    0x22, 0x02, 0x20, 0x2A, 0x0F, 0xA0, 0x23, 0x83, 0xAC, 0xE2, 0x6A, 0x22, 0x22, 0x02, 0x20, 0xE2, 0x06, 0x20,  // 扑
    0x43, 0x04, 0x2C, 0xFF, 0xE8, 0xA0, 0xFF, 0xC4, 0xA4, 0x7F, 0xCE, 0xA4, 0x4F, 0xC7, 0xA4, 0x6B, 0xC4, 0xAC,  // 铺
    0x12, 0x03, 0x20, 0x22, 0x06, 0x20, 0x63, 0x0E, 0x2C, 0xA2, 0xC2, 0x24, 0x22, 0x02, 0x20, 0x22, 0x02, 0x20,  // 仆
    0x32, 0x0F, 0xFE, 0x3F, 0x00, 0xFC, 0xFF, 0xC7, 0xF8, 0x4C, 0x87, 0xF8, 0x7F, 0x84, 0xC8, 0x4F, 0x84, 0x90,  // 莆
    0x12, 0x0F, 0xFC, 0x32, 0x07, 0xFC, 0xCF, 0x4F, 0xF4, 0x7F, 0x47, 0xE4, 0x7A, 0x47, 0xAC, 0x4E, 0xC0, 0x08,  // 葡
    0x12, 0x0F, 0xFE, 0x1B, 0x01, 0xE8, 0x7F, 0x81, 0x20, 0x1E, 0x42, 0x10, 0x3F, 0x02, 0x10, 0x3F, 0x02, 0x10,  // 菩
    0x12, 0x0F, 0xFE, 0x13, 0x04, 0x3C, 0x7F, 0xCB, 0xFC, 0xF2, 0xC5, 0xFC, 0xDE, 0xCD, 0xEC, 0xD3, 0xCD, 0x28,  // 蒲
    0x43, 0x84, 0x2C, 0x5F, 0xE6, 0x20, 0xFF, 0xC5, 0xA4, 0x5F, 0xC5, 0xA4, 0x7F, 0xC9, 0xA4, 0x1B, 0xC1, 0xAC,  // 埔
    0x23, 0x02, 0x30, 0x2B, 0x0F, 0xB0, 0x23, 0x07, 0xBC, 0x6B, 0x6E, 0x36, 0xA3, 0x02, 0x30, 0x23, 0x02, 0x20,  // 朴
    0x80, 0x4C, 0xE4, 0x8F, 0x4F, 0xFC, 0xBF, 0x4A, 0xF4, 0xAD, 0x4B, 0xF4, 0xAD, 0x4A, 0xF4, 0xFF, 0xC8, 0x04,  // 圃
    0x12, 0x01, 0x28, 0xFF, 0xC5, 0x28, 0x33, 0x0F, 0xFE, 0x01, 0x03, 0xF8, 0x21, 0x03, 0xF0, 0x3F, 0x02, 0x10,  // 普
    0x03, 0x84, 0x2C, 0x7F, 0xEA, 0x20, 0xFF, 0xC5, 0xAC, 0x5F, 0xCD, 0xAC, 0xDF, 0xCD, 0x2C, 0xD3, 0xC1, 0x28,  // 浦
    0x01, 0x84, 0x54, 0x7F, 0xC1, 0x5C, 0x4D, 0x8E, 0xFE, 0x40, 0x84, 0xFC, 0x58, 0x86, 0xF8, 0x4F, 0x80, 0x88,  // 谱
    0x00, 0x8F, 0x88, 0xBF, 0x8B, 0xF8, 0xFF, 0xCA, 0xF4, 0xBF, 0xCF, 0xB8, 0xFF, 0xE2, 0xF0, 0x1E, 0x80, 0x40,  // 曝
    0x08, 0x85, 0x88, 0x3F, 0x8B, 0xF8, 0xFF, 0xC4, 0xD4, 0x7F, 0xCD, 0xB8, 0xBF, 0xEC, 0xF8, 0x9E, 0x80, 0x40,  // 瀑
    0x48, 0x05, 0xBC, 0xFE, 0x44, 0xA4, 0x7B, 0xC5, 0xA4, 0x7A, 0x45, 0xFC, 0xFE, 0x44, 0xE4, 0x8D, 0xC0, 0x80,  // 期
    0x51, 0x05, 0xB0, 0xFE, 0x45, 0x7E, 0x77, 0xC5, 0xB0, 0x53, 0x0F, 0xF8, 0x72, 0x85, 0xEC, 0x8C, 0x61, 0x00,  // 欺
    0x40, 0x05, 0xFE, 0x47, 0x0F, 0x74, 0x4F, 0xCE, 0xD4, 0xFD, 0x4C, 0xDC, 0x4C, 0xC4, 0x84, 0x4F, 0xC4, 0x84,  // 栖
    0x02, 0x00, 0x2C, 0x7F, 0xE5, 0x20, 0x5E, 0xC5, 0x2C, 0x7F, 0x8F, 0x98, 0xFD, 0x0F, 0x7A, 0xF6, 0xE1, 0x86,  // 戚
    0x08, 0x0F, 0xFC, 0x09, 0x07, 0xF8, 0xFF, 0xE0, 0x90, 0x7F, 0x0F, 0xFC, 0x32, 0x03, 0xE0, 0x1F, 0x8E, 0x0C,  // 妻
    0x00, 0x00, 0x80, 0x08, 0x00, 0x84, 0x0B, 0xC1, 0xC0, 0xE8, 0x00, 0x80, 0x08, 0x40, 0x84, 0x0F, 0xC0, 0x00,  // 七
    0x04, 0x0B, 0xFC, 0xC4, 0x87, 0xF8, 0x7F, 0xE4, 0x48, 0x5F, 0x8C, 0xC6, 0xFF, 0xCD, 0xF0, 0x47, 0x83, 0x8C,  // 凄
    0x02, 0x0D, 0xFC, 0x4E, 0x0A, 0xF8, 0xF6, 0x44, 0xF0, 0x5F, 0xEF, 0xFC, 0xCE, 0x0D, 0xF8, 0xFE, 0xC8, 0x40,  // 漆
    0x04, 0x02, 0x4C, 0xD7, 0xC7, 0xE0, 0x64, 0x44, 0x7C, 0x4C, 0x0F, 0xFC, 0x1E, 0x02, 0xF0, 0x4C, 0xE0, 0xC0,  // 柒
    0x08, 0x04, 0xBC, 0x69, 0x4A, 0xD4, 0xF9, 0x4C, 0x94, 0x4B, 0x44, 0xF4, 0xDA, 0x4D, 0x64, 0xCD, 0xC1, 0x08,  // 沏
    0x11, 0x03, 0x14, 0xFF, 0xC3, 0x10, 0x3F, 0x03, 0x10, 0x3F, 0x03, 0x10, 0xFF, 0xE3, 0x30, 0x61, 0x8C, 0x0C,  // 其
    0x40, 0x84, 0xC8, 0x5F, 0xCF, 0x48, 0x47, 0x8F, 0x48, 0xF7, 0x8C, 0x4C, 0x7F, 0xE4, 0xD8, 0x58, 0xC7, 0x04,  // 棋
    0x08, 0x00, 0x88, 0x7F, 0x81, 0x70, 0x61, 0x4F, 0xFC, 0x4D, 0x06, 0xD0, 0x6D, 0x07, 0xD0, 0x07, 0x00, 0x30,  // 奇
    0x23, 0x02, 0x30, 0x2F, 0xEE, 0x30, 0xFB, 0x0E, 0xFC, 0xE4, 0x8E, 0x78, 0xFB, 0x0F, 0x30, 0x8C, 0xE3, 0x04,  // 歧
    0x03, 0x00, 0x30, 0xFF, 0xCD, 0x30, 0xD3, 0x4F, 0xFE, 0xF3, 0x0D, 0x34, 0xDF, 0xCF, 0x30, 0x83, 0x41, 0xFE,  // 畦
    0x42, 0x04, 0x3C, 0x42, 0x0F, 0x78, 0xFC, 0x8F, 0xFE, 0xFF, 0x8F, 0xB8, 0xFB, 0x8F, 0xF8, 0x00, 0x80, 0x18,  // 崎
    0x02, 0x0F, 0x34, 0xBF, 0xCB, 0x58, 0xF3, 0x0B, 0x7C, 0xFC, 0xCB, 0x48, 0xB4, 0x8B, 0x48, 0xFC, 0x83, 0x88,  // 脐
    0x08, 0x00, 0xCC, 0xFF, 0xC1, 0x60, 0x0C, 0x01, 0xF8, 0xF3, 0xC1, 0x30, 0x13, 0x03, 0x30, 0x63, 0x08, 0x20,  // 齐
    0x44, 0x06, 0x44, 0xFC, 0x84, 0xCC, 0x5F, 0xC7, 0x78, 0x54, 0x85, 0x78, 0xFF, 0xEB, 0x78, 0xEC, 0xC1, 0x04,  // 旗
    0x40, 0x86, 0x7C, 0x34, 0x03, 0x40, 0x27, 0xE7, 0x58, 0xFD, 0x86, 0xD8, 0x6D, 0x86, 0x98, 0x79, 0x86, 0x18,  // 祈
    0x00, 0x02, 0x3C, 0x3A, 0x4F, 0xA8, 0x32, 0x83, 0x28, 0x7A, 0x4A, 0xA6, 0x22, 0x62, 0x2C, 0x22, 0x02, 0x20,  // 祁
    0x02, 0x0F, 0x34, 0xEA, 0x0A, 0x78, 0xAC, 0xCB, 0xFE, 0xFF, 0x81, 0xF8, 0xFF, 0x83, 0xF8, 0x71, 0x82, 0x08,  // 骑
    0x20, 0x02, 0x0C, 0xFF, 0xC2, 0x0C, 0x2F, 0xCF, 0xE8, 0xE6, 0x0F, 0xE4, 0xE7, 0xCE, 0x3C, 0xBF, 0xE0, 0xFC,  // 起
    0x08, 0x04, 0xC8, 0x4C, 0x87, 0xF8, 0x01, 0x8F, 0xF8, 0x01, 0x07, 0xF0, 0x41, 0x44, 0x04, 0x60, 0xC3, 0xFC,  // 岂
    0x10, 0x01, 0x00, 0x3F, 0xC6, 0x00, 0x42, 0x0F, 0xF0, 0x0C, 0x01, 0x80, 0x30, 0x46, 0x04, 0x7F, 0xC1, 0xF0,  // 乞
    0x08, 0x00, 0xC0, 0x12, 0x03, 0x30, 0x65, 0xCC, 0x4C, 0x25, 0x02, 0x78, 0x24, 0x02, 0x40, 0x3C, 0xC0, 0x00,  // 企
    0x0C, 0x04, 0x48, 0x7F, 0xC6, 0x08, 0x60, 0x86, 0x08, 0x70, 0x87, 0xFC, 0x50, 0x85, 0x08, 0x9F, 0xC1, 0x08,  // 启
    0x20, 0x0F, 0xFC, 0x2B, 0x4F, 0xB4, 0x3E, 0x43, 0x7C, 0x38, 0x80, 0xC4, 0xFF, 0xC1, 0xA0, 0x31, 0xCC, 0x0C,  // 契
    0x08, 0x0F, 0xFE, 0x49, 0x44, 0xF4, 0x7D, 0x4E, 0x94, 0xE9, 0x4E, 0xF4, 0xEF, 0x4E, 0xA4, 0xC5, 0xC1, 0x88,  // 砌
    0x52, 0x85, 0x28, 0x56, 0x87, 0xF8, 0x0B, 0x4F, 0xFC, 0x31, 0x07, 0x5E, 0xDE, 0xC5, 0x68, 0x77, 0x84, 0x00,  // 器
    0x20, 0x02, 0x0C, 0x7F, 0xC7, 0xF0, 0x80, 0x0F, 0xF0, 0x03, 0x00, 0x30, 0x01, 0x00, 0x12, 0x01, 0xC0, 0x0E,  // 气
    0x0C, 0x0C, 0x84, 0x5F, 0xC1, 0x00, 0x2F, 0x0E, 0x60, 0x44, 0x44, 0x84, 0x4F, 0xC6, 0x78, 0xBF, 0xE0, 0xF8,  // 迄
    0x0C, 0x00, 0xC4, 0xFF, 0xC1, 0xB0, 0x7F, 0x87, 0xA8, 0x12, 0x0F, 0xFE, 0x12, 0x03, 0x20, 0x62, 0x0C, 0x20,  // 弃
    0x04, 0x06, 0xC4, 0x3F, 0xCB, 0x88, 0xFF, 0x87, 0xF8, 0x41, 0x84, 0x10, 0xC1, 0xA4, 0x18, 0xC0, 0xE4, 0x06,  // 汽
    0x04, 0x04, 0x60, 0x62, 0xC3, 0xFC, 0xA1, 0x8E, 0x98, 0x49, 0x04, 0x90, 0xCD, 0x0C, 0xA0, 0xFF, 0xEC, 0x00,  // 泣
    0x04, 0x06, 0x40, 0x2C, 0x40, 0x80, 0x70, 0x06, 0xF8, 0x43, 0x04, 0x20, 0x56, 0x46, 0x44, 0x6C, 0xE4, 0x7C,  // 讫
    0x62, 0x06, 0x64, 0x67, 0xCF, 0x88, 0x69, 0x07, 0xF4, 0xE8, 0x4E, 0xA4, 0x6F, 0xC6, 0x84, 0xEF, 0xC4, 0x84,  // 掐
    0x46, 0x04, 0x60, 0x45, 0x06, 0x98, 0xF9, 0xCD, 0xF4, 0x60, 0x05, 0xF8, 0x58, 0x85, 0x88, 0x5F, 0x85, 0x88,  // 恰
    0x06, 0x04, 0x60, 0x4D, 0x0A, 0x98, 0xF9, 0xE7, 0xFC, 0x60, 0x05, 0xF8, 0xD8, 0x8D, 0x88, 0xDF, 0x8D, 0x88,  // 洽
    0x0C, 0x00, 0xC8, 0x1E, 0x01, 0xB0, 0xF1, 0xCA, 0xCC, 0xAD, 0x87, 0xF0, 0x4C, 0x4F, 0xFC, 0x0C, 0x00, 0xC0,  // 牵
    0x60, 0x86, 0x78, 0x6B, 0x0F, 0xB0, 0x63, 0x07, 0xFE, 0xE3, 0x0E, 0x30, 0x63, 0x06, 0x30, 0xE3, 0x04, 0x30,  // 扦
    0x60, 0x84, 0x7C, 0x71, 0x08, 0x10, 0xF1, 0x06, 0xFE, 0x71, 0x06, 0x10, 0x61, 0x07, 0x10, 0x61, 0x04, 0x10,  // 钎
    0x60, 0x04, 0x78, 0x74, 0x8C, 0x48, 0x94, 0xCF, 0x8E, 0x74, 0x8F, 0xFC, 0x64, 0xC7, 0xCC, 0x67, 0xC4, 0xCC,  // 铅
    0x01, 0x81, 0xF0, 0x6C, 0x00, 0xC0, 0x0C, 0x4F, 0xFE, 0x0C, 0x00, 0xC0, 0x0C, 0x00, 0xC0, 0x0C, 0x00, 0x80,  // 千
    0x00, 0x84, 0x78, 0x62, 0x00, 0x20, 0x02, 0x4F, 0xFC, 0x42, 0x04, 0x20, 0x42, 0x06, 0x20, 0xBF, 0xE0, 0x78,  // 迁
    0x22, 0x06, 0xB4, 0x77, 0x0B, 0xD8, 0x1C, 0x03, 0x30, 0x7F, 0xE8, 0x94, 0x29, 0x03, 0xF0, 0x32, 0xCF, 0xFC,  // 签
    0x20, 0x82, 0x7C, 0x7A, 0x04, 0x20, 0xE2, 0x0F, 0xFE, 0x42, 0x04, 0x20, 0x42, 0x04, 0x20, 0x42, 0x04, 0x20,  // 仟
    0x09, 0x0C, 0x54, 0x5F, 0xC0, 0xF8, 0xDF, 0x87, 0xFE, 0x46, 0x85, 0xF8, 0x6F, 0x8D, 0xF8, 0xEE, 0x64, 0xE0,  // 谦
    0x22, 0x02, 0xA0, 0xFF, 0xEA, 0xE0, 0xDC, 0x8F, 0xF8, 0x89, 0x8F, 0x90, 0x2A, 0x0F, 0xE0, 0x26, 0x62, 0x3C,  // 乾
    0x00, 0x0F, 0xB0, 0xFB, 0x8F, 0xA8, 0xFE, 0xCA, 0xD6, 0xF9, 0x02, 0x7C, 0xF0, 0x8E, 0x88, 0xF9, 0x84, 0x10,  // 黔
    0x42, 0x04, 0x38, 0x7A, 0x8C, 0x7C, 0x9E, 0x0E, 0x3C, 0x5E, 0x0F, 0xAC, 0x43, 0x87, 0xB2, 0x7D, 0xC5, 0x06,  // 钱
    0x44, 0x84, 0x48, 0xFC, 0xC9, 0xFE, 0xF4, 0x84, 0x48, 0x77, 0x86, 0x48, 0x4C, 0x87, 0x48, 0x67, 0x84, 0x48,  // 钳
    0x23, 0x01, 0x20, 0xFF, 0xE0, 0x08, 0x7A, 0xC4, 0xA8, 0x7A, 0x84, 0xA8, 0x7A, 0x84, 0xA8, 0x58, 0x85, 0x98,  // 前
    0x09, 0x84, 0xDC, 0x29, 0x8B, 0xFE, 0xF9, 0x85, 0x6C, 0x64, 0xED, 0xF8, 0xCF, 0x8D, 0x88, 0xDF, 0x80, 0x88,  // 潜
    0x02, 0x0C, 0xF8, 0x4A, 0x84, 0xFC, 0x3F, 0xEE, 0xF8, 0x4F, 0x84, 0xF8, 0x48, 0xC4, 0xF8, 0xF8, 0xE9, 0xFC,  // 遣
    0x04, 0x04, 0x58, 0x74, 0x8B, 0xFC, 0xE4, 0x06, 0x7C, 0x7E, 0x84, 0x78, 0xC3, 0x04, 0x74, 0x59, 0xC4, 0x0C,  // 浅
    0x01, 0x0D, 0x7C, 0x55, 0x40, 0x7C, 0x4F, 0xEF, 0x78, 0x57, 0x85, 0x48, 0x77, 0xC5, 0x7C, 0xFC, 0xE2, 0x7C,  // 谴
    0x20, 0x06, 0xFC, 0xFE, 0x0F, 0xE4, 0xFF, 0xC7, 0xD8, 0xF5, 0x83, 0x98, 0x0C, 0x8F, 0xF8, 0x0C, 0x48, 0x00,  // 堑
    0x04, 0x06, 0x48, 0x7F, 0x85, 0x38, 0x5A, 0x4F, 0xFC, 0x57, 0x87, 0xB0, 0x53, 0x05, 0x68, 0x74, 0xC5, 0x84,  // 嵌
    0x10, 0x03, 0x00, 0x3F, 0xC2, 0x0C, 0x4D, 0x88, 0xC0, 0x0C, 0x00, 0xA0, 0x1A, 0x03, 0x18, 0x61, 0xC8, 0x00,  // 欠
    0x49, 0x05, 0x50, 0xFF, 0x0F, 0xBE, 0x5F, 0xCF, 0xF8, 0x79, 0x8F, 0x98, 0xDB, 0x8D, 0x6C, 0x54, 0x45, 0x80,  // 歉
    0x62, 0x06, 0x60, 0x65, 0x0F, 0xD8, 0x68, 0xEF, 0xF8, 0xFD, 0x8F, 0xD8, 0x6F, 0x86, 0xD4, 0x6F, 0xC4, 0x7C,  // 枪
    0x06, 0x00, 0x60, 0xE5, 0x0A, 0x98, 0xB8, 0xEB, 0xFC, 0xA9, 0x0E, 0x90, 0xAB, 0x08, 0x84, 0x0C, 0xC0, 0x78,  // 呛
    0x02, 0x0F, 0xB4, 0xDF, 0xED, 0x88, 0xF6, 0xCD, 0x84, 0xF0, 0x8B, 0xF8, 0x92, 0x09, 0x20, 0xFB, 0x62, 0x00,  // 腔
    0x13, 0x01, 0xA0, 0x7F, 0xC0, 0xC0, 0x7F, 0x80, 0x80, 0xFF, 0xE1, 0xC0, 0x1C, 0x03, 0x44, 0x67, 0xE0, 0x18,  // 羌
    0x42, 0x04, 0xFC, 0x5A, 0xC4, 0xA8, 0xFF, 0xE5, 0x04, 0x5F, 0xC5, 0xFC, 0xFD, 0x49, 0xF4, 0x1F, 0xC1, 0x04,  // 墙
    0x12, 0x0F, 0xFE, 0x1A, 0x07, 0xFC, 0x2D, 0x03, 0xF4, 0xFF, 0xC7, 0xF8, 0x5E, 0x85, 0xE8, 0x7F, 0x84, 0x08,  // 蔷
    0x00, 0x8F, 0xCC, 0x2C, 0x8A, 0xF8, 0xE2, 0x08, 0xFC, 0xFA, 0x42, 0xFC, 0x2B, 0x82, 0x24, 0xFF, 0xE4, 0x00,  // 强
    0x42, 0x04, 0x60, 0x55, 0x0F, 0xD8, 0x48, 0xE7, 0xFC, 0xE9, 0x84, 0x98, 0x4F, 0x04, 0x84, 0xCD, 0xCC, 0x78,  // 抢
    0x41, 0x84, 0xF8, 0x4F, 0x8F, 0xFC, 0x5E, 0x4E, 0xFC, 0xFB, 0xC5, 0xFC, 0x5D, 0xE7, 0xF8, 0x5D, 0xE5, 0x8C,  // 橇
    0x41, 0x0D, 0xD8, 0xE9, 0x08, 0xFC, 0xFF, 0xC4, 0xB8, 0x7D, 0x8F, 0xD8, 0x79, 0x86, 0xBC, 0x4A, 0x64, 0xC4,  // 锹
    0x21, 0x0F, 0xD0, 0x49, 0xC7, 0x90, 0x79, 0x44, 0xFC, 0xFE, 0x8F, 0xD8, 0xF5, 0x8F, 0x58, 0x8E, 0xE8, 0x44,  // 敲
    0x42, 0x04, 0xA4, 0x4E, 0xCE, 0x38, 0xFF, 0xCC, 0x84, 0x4F, 0xC4, 0x84, 0x4F, 0xC4, 0x84, 0x49, 0xC4, 0x88,  // 悄
    0x40, 0x84, 0xF8, 0x46, 0x0F, 0xE4, 0x4D, 0x0E, 0x88, 0xFD, 0xE7, 0x54, 0x45, 0x04, 0xD0, 0x49, 0x07, 0x10,  // 桥
    0x06, 0x0E, 0xD4, 0xAF, 0xCB, 0x90, 0xFF, 0xCA, 0x94, 0xAF, 0xCE, 0x94, 0xAF, 0xEF, 0xD4, 0xB5, 0x69, 0x42,  // 瞧
    0x01, 0x03, 0xF0, 0x08, 0x0F, 0xFC, 0x16, 0x02, 0x30, 0x73, 0xC9, 0x2C, 0x12, 0x03, 0x20, 0x22, 0x0C, 0x20,  // 乔
    0x20, 0x86, 0xF8, 0x46, 0x04, 0x6C, 0xCD, 0x0C, 0x98, 0x5D, 0xE6, 0xD0, 0x4D, 0x04, 0x90, 0x59, 0x07, 0x10,  // 侨
    0x00, 0x41, 0xFC, 0xF2, 0x06, 0x60, 0x66, 0xC6, 0x7C, 0x60, 0xC7, 0x8C, 0xC0, 0x80, 0x08, 0x03, 0x80, 0x10,  // 巧
    0x51, 0x05, 0xD4, 0xFF, 0x47, 0x3C, 0x77, 0xEF, 0xC4, 0xAF, 0xCF, 0xC4, 0x2F, 0xCF, 0xC4, 0x24, 0xC2, 0x4C,  // 鞘
    0x41, 0x84, 0xF8, 0x5F, 0x8F, 0xFC, 0x5E, 0x46, 0xFC, 0xFB, 0xC7, 0xFC, 0x5D, 0xE7, 0xFA, 0x5D, 0xED, 0x8C,  // 撬
    0x40, 0x05, 0xFC, 0xF2, 0x47, 0xFC, 0x6F, 0xCB, 0xAC, 0xF7, 0xCF, 0xA4, 0x62, 0xCA, 0x7C, 0xB4, 0xE1, 0xFC,  // 翘
    0x01, 0x06, 0xD6, 0x67, 0xCF, 0x7C, 0xF7, 0xCF, 0x44, 0xF7, 0xCF, 0x44, 0xF7, 0xCF, 0x44, 0x85, 0xC0, 0x4C,  // 峭
    0x22, 0x07, 0xA4, 0x4A, 0x84, 0xB0, 0xDF, 0xCD, 0x84, 0x5F, 0xC5, 0x84, 0x5F, 0xC5, 0x84, 0x59, 0xC5, 0x8C,  // 俏
    0x08, 0x0F, 0xFC, 0x96, 0xCB, 0x38, 0x41, 0x4F, 0xFC, 0x64, 0x06, 0x7C, 0x60, 0x87, 0x88, 0xC3, 0x80, 0x10,  // 窍
    0x00, 0x06, 0xFC, 0x62, 0x46, 0xA4, 0x7A, 0x4E, 0x24, 0x62, 0x46, 0xE4, 0x74, 0x46, 0xCC, 0x1B, 0xC3, 0x08,  // 切
    0x13, 0x01, 0x34, 0x93, 0x01, 0x30, 0x22, 0x4F, 0xBC, 0x2A, 0x46, 0xA4, 0x4A, 0x44, 0xBC, 0xBA, 0xC1, 0x20,  // 茄
    0x00, 0x03, 0xF8, 0x21, 0x02, 0x10, 0x3F, 0x02, 0x10, 0x21, 0x03, 0xF0, 0x21, 0x02, 0x10, 0x31, 0x40, 0x00,  // 且
    0x42, 0x04, 0x20, 0x42, 0xC7, 0xFC, 0xF2, 0x0C, 0x24, 0x5F, 0xC4, 0x60, 0x45, 0x84, 0x8C, 0x5F, 0xC4, 0x04,  // 怯
    0x0C, 0x07, 0xFC, 0xD2, 0xCB, 0x18, 0xE0, 0x86, 0xFC, 0xFA, 0xC6, 0x2C, 0x7E, 0x87, 0x48, 0x6B, 0x83, 0x10,  // 窃
    0x42, 0x06, 0x20, 0x7E, 0x4C, 0x7E, 0xFF, 0x86, 0xB0, 0x7B, 0x06, 0x30, 0x67, 0x87, 0x48, 0x68, 0xC7, 0x04,  // 钦
    0x20, 0x06, 0xF8, 0x4F, 0x84, 0x08, 0xCF, 0x8D, 0xFE, 0x71, 0xC4, 0xD8, 0x47, 0x04, 0x60, 0x4F, 0xC7, 0x0C,  // 侵
    0x08, 0x00, 0xCC, 0x7F, 0xC1, 0x30, 0x12, 0x4F, 0xFC, 0x0C, 0x07, 0xFC, 0x3F, 0x06, 0xDC, 0xDC, 0xC0, 0x80,  // 亲
    0x08, 0x00, 0xC8, 0x08, 0x07, 0xF8, 0x10, 0x4F, 0xFC, 0x7F, 0x0C, 0x9C, 0x7F, 0x03, 0xB0, 0x69, 0x88, 0x80,  // 秦
    0x08, 0x4F, 0xFC, 0x7B, 0xC2, 0x10, 0xFF, 0xC0, 0xC0, 0x1A, 0x06, 0xDE, 0xFF, 0xC0, 0x30, 0x06, 0x00, 0x40,  // 琴
    0x49, 0x0F, 0xD0, 0x59, 0x07, 0xBC, 0xFD, 0x4A, 0x94, 0xF9, 0x4F, 0xF4, 0x3A, 0x43, 0xE4, 0xFD, 0xC8, 0x88,  // 勤
    0x12, 0x0F, 0xFC, 0x32, 0x01, 0x38, 0x7F, 0x86, 0x04, 0x7F, 0xE6, 0x20, 0x42, 0x04, 0x20, 0xC2, 0x00, 0x20,  // 芹
    0x42, 0x04, 0x60, 0x4F, 0x8F, 0xBE, 0x7F, 0xC7, 0xF8, 0xDF, 0x85, 0x6C, 0x5F, 0xC5, 0xF4, 0xD1, 0xCD, 0x08,  // 擒
    0x08, 0x01, 0xE0, 0x3B, 0x8F, 0xFC, 0x7F, 0x85, 0xF8, 0x7F, 0x84, 0xC8, 0xFF, 0xCF, 0xE8, 0xC1, 0x8C, 0x08,  // 禽
    0x0C, 0x07, 0xFC, 0xC0, 0xCA, 0xF8, 0xAF, 0x8E, 0xF8, 0x7F, 0xC7, 0x1C, 0xAF, 0x02, 0x70, 0x27, 0xC3, 0x8C,  // 寝
    0x00, 0x04, 0x20, 0x73, 0x08, 0xC0, 0xE4, 0x03, 0x4C, 0x74, 0x45, 0x46, 0xF4, 0x04, 0x48, 0x47, 0x84, 0x30,  // 沁
    0x0C, 0x0F, 0xFC, 0x0C, 0x87, 0xFC, 0xFF, 0xE2, 0x10, 0x21, 0x03, 0xF0, 0x21, 0x02, 0x10, 0x23, 0x02, 0x30,  // 青
    0x20, 0x06, 0xF8, 0xF9, 0x86, 0x10, 0xE2, 0xCF, 0xC6, 0xA8, 0xC3, 0xFC, 0xF3, 0x0A, 0x30, 0x2F, 0xE2, 0x00,  // 轻
    0x20, 0x07, 0xFC, 0x61, 0x08, 0x10, 0x7F, 0x8F, 0xD8, 0x19, 0x83, 0xF8, 0xE7, 0x81, 0x88, 0x1A, 0xCF, 0xE4,  // 氢
    0x60, 0x06, 0xFE, 0x71, 0x0D, 0x7C, 0xDD, 0x4D, 0x54, 0x55, 0x45, 0x54, 0x5F, 0x47, 0x38, 0x46, 0x45, 0x86,  // 倾
    0x20, 0x0F, 0xFC, 0xBF, 0x4B, 0xF4, 0xBF, 0x4B, 0xF4, 0xFF, 0x4F, 0xD4, 0x7F, 0xC5, 0xF0, 0xD1, 0x00, 0x10,  // 卿
    0x02, 0x06, 0x24, 0x32, 0x8B, 0xFC, 0xE2, 0x67, 0x88, 0x4F, 0x84, 0xF8, 0xC8, 0x84, 0xF8, 0x48, 0x84, 0x98,  // 清
    0x31, 0x0F, 0xF4, 0x7A, 0x8F, 0xF8, 0xF9, 0x87, 0xBC, 0x1F, 0xC7, 0xD0, 0x7F, 0x8F, 0xFC, 0x0C, 0x00, 0x80,  // 擎
    0x02, 0x0A, 0xBC, 0xA3, 0x8A, 0xFC, 0xA2, 0x6F, 0x88, 0xAF, 0x8A, 0xF8, 0xEC, 0x8A, 0xF8, 0x08, 0x80, 0x98,  // 晴
    0x20, 0x07, 0xFC, 0x7F, 0x8F, 0xF8, 0xFE, 0x87, 0xC8, 0xFF, 0x87, 0xE8, 0x7E, 0x87, 0xEA, 0x46, 0x64, 0x42,  // 氰
    0x42, 0x04, 0x2C, 0x42, 0x87, 0xFC, 0xF2, 0x4D, 0x88, 0x4F, 0x84, 0xF8, 0x48, 0x84, 0x88, 0x49, 0x84, 0x98,  // 情
    0xC0, 0x4D, 0xFC, 0xC2, 0x0F, 0xFC, 0xEA, 0x8C, 0xA8, 0xCA, 0x8C, 0xA8, 0xEE, 0x8C, 0x78, 0x08, 0xC3, 0x04,  // 顷
    0x02, 0x04, 0x24, 0x62, 0x80, 0xFC, 0x5F, 0xE4, 0x88, 0x4F, 0xC4, 0xF8, 0x58, 0x86, 0x88, 0x49, 0x80, 0x88,  // 请
    0x0C, 0x04, 0x44, 0x7F, 0xC4, 0x40, 0x44, 0x07, 0xFC, 0x44, 0x04, 0xE0, 0xCA, 0x09, 0x90, 0xB1, 0xC4, 0x00,  // 庆
    0x02, 0x0F, 0x24, 0x5F, 0xE4, 0x88, 0x4F, 0xCF, 0x88, 0x4F, 0x84, 0xA0, 0x7E, 0x8D, 0xA4, 0x22, 0x40, 0x60,  // 琼
    0x08, 0x00, 0xC4, 0xFF, 0xCD, 0x68, 0xA9, 0x84, 0x88, 0x89, 0x07, 0xF8, 0x19, 0x03, 0x10, 0x67, 0x0C, 0x30,  // 穷
    0x12, 0x07, 0x20, 0x62, 0x07, 0xAC, 0xFE, 0xC6, 0xF0, 0x7B, 0x0F, 0x30, 0xE7, 0x86, 0x4C, 0x68, 0xE7, 0x04,  // 秋
    0x01, 0x83, 0xF8, 0x20, 0x02, 0x00, 0x20, 0xC3, 0xFC, 0x22, 0x02, 0x20, 0x22, 0x02, 0x24, 0xFF, 0xE0, 0x00,  // 丘
    0x0A, 0x47, 0xBE, 0x42, 0xC4, 0x68, 0x7F, 0x85, 0xA8, 0x5A, 0x45, 0xA6, 0x5B, 0xEF, 0xAC, 0x82, 0x00, 0x20,  // 邱
    0x02, 0x03, 0x38, 0x42, 0xC5, 0xFC, 0x4A, 0x4F, 0xFC, 0x43, 0x04, 0x68, 0x7A, 0xCD, 0x26, 0x06, 0x00, 0x60,  // 球
    0x0C, 0x00, 0xF0, 0x0D, 0xCF, 0xFC, 0x4C, 0x82, 0xF8, 0x2E, 0x03, 0xF0, 0xED, 0x88, 0xCC, 0x1C, 0x00, 0x80,  // 求
    0x00, 0x0F, 0xFC, 0x8C, 0x88, 0x88, 0x88, 0x89, 0xC8, 0x96, 0x89, 0x38, 0xE1, 0xCC, 0x0C, 0xFF, 0xC8, 0x08,  // 囚
    0x11, 0x01, 0xB0, 0xFF, 0xE0, 0xA0, 0x7F, 0x85, 0xA8, 0x73, 0x86, 0x08, 0x7F, 0x84, 0x08, 0x7F, 0x84, 0x08,  // 酋
    0x00, 0x07, 0xFC, 0x3B, 0x4B, 0xA4, 0xFA, 0x43, 0xA4, 0x5F, 0x45, 0xDC, 0xDC, 0xC5, 0x84, 0xDF, 0xC5, 0x04,  // 泅
    0x21, 0x02, 0x30, 0xFB, 0xC2, 0x48, 0x2F, 0xCF, 0x8C, 0xE3, 0xCF, 0x8C, 0xE0, 0xCE, 0x4C, 0xBF, 0xC0, 0xFC,  // 趋
    0x00, 0x8F, 0xFC, 0xC1, 0x0E, 0x30, 0xDA, 0x0C, 0xE0, 0xCE, 0x0D, 0xB0, 0xD1, 0x8E, 0x14, 0xFF, 0xC0, 0x00,  // 区
    0x40, 0x04, 0x7C, 0x54, 0x8F, 0x48, 0xF7, 0x8F, 0x48, 0xF4, 0x8F, 0x78, 0x74, 0x87, 0xC8, 0xDC, 0xE1, 0xFE,  // 蛆
    0x16, 0x01, 0x60, 0x96, 0x8F, 0xFC, 0xD6, 0xCD, 0x6C, 0xFF, 0xCD, 0x6C, 0xD6, 0xCD, 0x6C, 0xFF, 0xCC, 0x08,  // 曲
    0x20, 0x07, 0x7C, 0x74, 0x07, 0x6C, 0x55, 0x87, 0x58, 0x55, 0x8F, 0x5C, 0x76, 0xC5, 0x64, 0x94, 0x63, 0x40,  // 躯
    0x00, 0x07, 0xFC, 0x60, 0x47, 0xFC, 0x42, 0x45, 0xA4, 0x5A, 0xC5, 0xFC, 0x52, 0x4D, 0x24, 0x96, 0x41, 0x04,  // 屈
    0x00, 0x0F, 0x7C, 0xF4, 0x8F, 0x6C, 0xB7, 0x8B, 0x58, 0xFD, 0x81, 0xEC, 0xF6, 0x41, 0x40, 0x7F, 0xE2, 0x00,  // 驱
    0x40, 0x42, 0x88, 0xDF, 0x86, 0x98, 0x4F, 0x84, 0x8C, 0x4F, 0xC4, 0xCC, 0xBE, 0x02, 0xF8, 0xCC, 0xC0, 0x80,  // 渠
    0x04, 0x0D, 0x80, 0x5F, 0xC7, 0xC8, 0x5A, 0x85, 0xA8, 0x7B, 0x85, 0xF0, 0x7B, 0x0D, 0xEC, 0x1C, 0xC1, 0x80,  // 取
    0x04, 0x0F, 0xFC, 0x7A, 0xC7, 0xB8, 0x49, 0x8F, 0xEC, 0x88, 0x4F, 0xFE, 0x12, 0x03, 0xE0, 0x1F, 0x8E, 0x18,  // 娶
    0x20, 0x42, 0x7C, 0xBD, 0x4A, 0x7C, 0xFD, 0x4F, 0x7C, 0xF5, 0x4F, 0x5E, 0xF5, 0xE9, 0x6E, 0xFC, 0x40, 0x4C,  // 龋
    0x20, 0x07, 0xF8, 0xFB, 0xC6, 0xE4, 0x7B, 0x46, 0xEC, 0xFA, 0xCA, 0xFC, 0xFB, 0x4E, 0x20, 0x3F, 0xC0, 0x1C,  // 趣
    0x0C, 0x00, 0xC0, 0x0C, 0x87, 0xF8, 0x0C, 0x00, 0xC4, 0xFF, 0xC1, 0x80, 0x33, 0x02, 0x18, 0x7F, 0x80, 0x08,  // 去
    0x00, 0x4E, 0xEC, 0xFE, 0x4F, 0xF4, 0xC9, 0xCF, 0xFC, 0xFF, 0xCF, 0xCC, 0xD7, 0x4D, 0xE4, 0xFF, 0xC8, 0x00,  // 圈
    0x50, 0x4F, 0xFC, 0x51, 0x0F, 0xFC, 0xFF, 0xCF, 0x3C, 0xFF, 0xCF, 0xBC, 0xDB, 0xC7, 0xDC, 0xFE, 0x6C, 0x40,  // 颧
    0x60, 0x06, 0x8C, 0x7C, 0xCF, 0x48, 0x64, 0x87, 0x58, 0xF7, 0x0E, 0x30, 0x63, 0x06, 0x78, 0x68, 0xC7, 0x04,  // 权
    0x00, 0x8F, 0xFC, 0x6F, 0x8F, 0xF8, 0xF3, 0x0F, 0x4C, 0xFF, 0xC9, 0xB0, 0xFF, 0xC9, 0x30, 0xFB, 0x48, 0x00,  // 醛
    0x0C, 0x07, 0xF8, 0x61, 0x87, 0xF8, 0x61, 0x87, 0xF8, 0x1C, 0x8F, 0xF8, 0x2F, 0x06, 0xD8, 0xDC, 0xE0, 0x80,  // 泉
    0x08, 0x00, 0xC0, 0x1A, 0x03, 0x30, 0x61, 0xCF, 0xFC, 0x0C, 0x00, 0xD0, 0x3F, 0x00, 0xC0, 0x0C, 0x4F, 0xFC,  // 全
    0x04, 0x04, 0x44, 0x7F, 0xCE, 0x60, 0xED, 0x07, 0x8C, 0xFF, 0x8E, 0x60, 0x5F, 0x84, 0x60, 0x86, 0x42, 0x00,  // 痊
    0x0C, 0x06, 0xB0, 0x7F, 0x81, 0x84, 0xFF, 0xC2, 0x38, 0xFE, 0xE0, 0xD0, 0x0C, 0x4F, 0xFC, 0x0C, 0x01, 0x80,  // 拳
    0x08, 0x00, 0xF0, 0x09, 0x00, 0x94, 0xFF, 0xC0, 0xC0, 0x0A, 0x01, 0xA0, 0x13, 0x03, 0x18, 0x60, 0xE8, 0x00,  // 犬
    0x08, 0x02, 0xB0, 0x2A, 0x8F, 0xF8, 0x18, 0x4F, 0xFC, 0x23, 0x07, 0xFE, 0x9B, 0x01, 0x30, 0x33, 0x0C, 0x60,  // 券
    0x03, 0x00, 0x30, 0xFA, 0x01, 0xFC, 0x92, 0x47, 0x24, 0x22, 0x47, 0x64, 0x54, 0xC8, 0xCC, 0x1B, 0xC2, 0x18,  // 劝
    0x42, 0x04, 0x30, 0xFA, 0x0A, 0x7C, 0xA2, 0x8F, 0xAC, 0xFF, 0xEB, 0xB0, 0xBF, 0x0F, 0xD8, 0x88, 0xC1, 0x04,  // 缺
    0x66, 0x06, 0x60, 0x76, 0x87, 0xFC, 0xE6, 0x8E, 0x68, 0x7F, 0xE6, 0x60, 0x75, 0x05, 0xD8, 0x98, 0xC2, 0x04,  // 炔
    0x04, 0x07, 0xFE, 0x58, 0x4F, 0xFC, 0xD5, 0xC7, 0xF4, 0xFF, 0xC5, 0x7C, 0x5F, 0xC5, 0xFC, 0x99, 0xC1, 0x08,  // 瘸
    0x30, 0x03, 0x3C, 0x7F, 0x43, 0x34, 0x33, 0x4F, 0xF4, 0x33, 0x42, 0xB4, 0x4F, 0xCF, 0xFC, 0x03, 0x00, 0x20,  // 却
    0x51, 0x05, 0x34, 0xFF, 0xC5, 0x34, 0x5F, 0xCF, 0xFC, 0xFE, 0x4D, 0xBE, 0xF9, 0xED, 0xFC, 0xF9, 0xC8, 0x0C,  // 鹊
    0x62, 0x04, 0xA4, 0x6F, 0x6F, 0xD8, 0x65, 0xCF, 0xD0, 0xFF, 0xCF, 0xD0, 0x6F, 0xC4, 0xD0, 0x6F, 0xE4, 0x80,  // 榷
    0x02, 0x01, 0xE8, 0xED, 0x84, 0xD4, 0x5F, 0x4D, 0xD4, 0xD7, 0x45, 0xD4, 0x5F, 0x47, 0x94, 0x49, 0x43, 0x0C,  // 确
    0x04, 0x03, 0xCC, 0x2F, 0xC4, 0xE0, 0x9E, 0x07, 0xFC, 0xA6, 0x83, 0xF8, 0x26, 0x82, 0x60, 0x3F, 0xE2, 0x00,  // 雀
    0x00, 0x04, 0xF8, 0x64, 0x8F, 0xFE, 0x64, 0x87, 0xF8, 0xE4, 0x0F, 0xFC, 0x5C, 0xC5, 0x4C, 0x47, 0xC4, 0x48,  // 裙
    0x04, 0xCF, 0xA8, 0x7A, 0xCF, 0xFC, 0x59, 0x0F, 0xFC, 0x41, 0x0F, 0x96, 0xCF, 0xC4, 0x90, 0x79, 0x04, 0x10,  // 群
    0x22, 0x02, 0x38, 0x7A, 0xC7, 0xEC, 0xFF, 0x0F, 0x70, 0x24, 0x84, 0xCE, 0x90, 0x45, 0x2C, 0x5A, 0x48, 0x04,  // 然
    0x49, 0x84, 0x9C, 0x5F, 0x47, 0xFC, 0xDD, 0x8F, 0x78, 0x4A, 0x85, 0x6C, 0x6C, 0x4B, 0x5C, 0x95, 0x40, 0x00,  // 燃
    0x0C, 0x00, 0xC0, 0x7F, 0x86, 0xD8, 0x6C, 0x87, 0xF8, 0x6C, 0x8F, 0xFE, 0x61, 0x86, 0x08, 0x63, 0x84, 0x10,  // 冉
    0x44, 0x03, 0x50, 0xFF, 0x86, 0xD0, 0x69, 0x45, 0x9C, 0x7C, 0xCF, 0xFC, 0x1E, 0x03, 0xF0, 0x6C, 0xE0, 0xC0,  // 染
    0x20, 0xCF, 0xF8, 0xFF, 0x8F, 0xF8, 0xFF, 0x8F, 0xF8, 0xFD, 0x8F, 0xD8, 0x5D, 0xCF, 0x5C, 0x7B, 0xE4, 0x00,  // 瓤
    0x42, 0x05, 0xFC, 0x5D, 0xC5, 0x5C, 0xFD, 0xC5, 0xFC, 0x5F, 0x87, 0xD4, 0xDF, 0xC9, 0x98, 0x2F, 0xC0, 0x84,  // 壤
    0x42, 0x05, 0xFC, 0x5F, 0xCF, 0xFC, 0x5D, 0x87, 0xFC, 0xCD, 0x8C, 0xD4, 0x5F, 0xC5, 0x98, 0x6F, 0xCC, 0xC4,  // 攘
    0x04, 0x01, 0xFC, 0xF7, 0x8D, 0x78, 0xDF, 0x8F, 0xFC, 0xFF, 0x8F, 0xF4, 0xBF, 0xC1, 0xB0, 0x2F, 0xC0, 0x8C,  // 嚷
    0x02, 0x04, 0x20, 0x62, 0x00, 0x20, 0x42, 0xC6, 0x20, 0x42, 0x04, 0x20, 0x52, 0x07, 0x20, 0x66, 0x64, 0x00,  // 让
    0x44, 0x04, 0x44, 0x5F, 0xCF, 0x38, 0xA3, 0x04, 0xFC, 0x50, 0xE5, 0xFC, 0x5F, 0x06, 0xF0, 0x4B, 0x67, 0x1C,  // 饶
    0x66, 0x04, 0x58, 0x64, 0x8F, 0x6C, 0x47, 0x07, 0x70, 0xE5, 0x0C, 0x50, 0x4D, 0x04, 0x94, 0xD9, 0xE6, 0x1C,  // 扰
    0x04, 0x06, 0x44, 0x5F, 0x8B, 0x38, 0xE3, 0x0E, 0xDC, 0x40, 0xCF, 0xFC, 0x85, 0x0F, 0xD0, 0x89, 0x67, 0x1C,  // 绕
    0x02, 0x01, 0x34, 0xFF, 0xC1, 0xA4, 0xFF, 0xC3, 0xF8, 0x61, 0x8B, 0xF8, 0x3C, 0x05, 0x5C, 0xD1, 0x49, 0xF0,  // 惹
    0x22, 0x02, 0x20, 0xFB, 0x82, 0xF8, 0x36, 0x8E, 0x48, 0xA6, 0xA2, 0xAE, 0x70, 0x65, 0x48, 0xD2, 0xC9, 0x24,  // 热
    0x00, 0x80, 0xF8, 0x7C, 0x00, 0xC0, 0x0C, 0x00, 0xCC, 0x0C, 0x00, 0xC0, 0x0C, 0x00, 0xC0, 0x7F, 0xC0, 0x00,  // 壬
    0x20, 0x02, 0x00, 0x60, 0xC4, 0x00, 0x60, 0x0C, 0x00, 0x40, 0x04, 0x00, 0x40, 0x04, 0x04, 0x7F, 0xC4, 0x00,  // 仁
    0x08, 0x00, 0xC0, 0x0C, 0x00, 0xC0, 0x0C, 0x00, 0xC0, 0x1E, 0x01, 0xA0, 0x13, 0x02, 0x18, 0x40, 0xE0, 0x04,  // 人
    0x00, 0x87, 0xF8, 0x28, 0x86, 0x98, 0x59, 0x81, 0x70, 0x61, 0x0A, 0xC0, 0x74, 0xCF, 0x14, 0xBF, 0x01, 0xE0,  // 忍
    0x20, 0x06, 0x7E, 0xF9, 0x46, 0x14, 0xFD, 0x46, 0x74, 0xFD, 0x46, 0xB4, 0x7B, 0x47, 0x24, 0x6D, 0xC7, 0x08,  // 韧
    0x20, 0x02, 0x7C, 0x6E, 0x04, 0x20, 0xC2, 0x0C, 0x24, 0x53, 0x04, 0x20, 0x42, 0x04, 0x20, 0x5F, 0xC4, 0x00,  // 任
    0x42, 0x06, 0x60, 0x26, 0x00, 0x60, 0xE6, 0x04, 0x60, 0x47, 0x05, 0x50, 0x7D, 0x86, 0x88, 0x50, 0xE6, 0x04,  // 认
    0x00, 0x07, 0xFC, 0x04, 0xC0, 0x4C, 0x2C, 0xC6, 0xCC, 0x48, 0xC0, 0x8C, 0x18, 0xC3, 0x08, 0x63, 0x88, 0x10,  // 刃
    0x60, 0x06, 0x3C, 0x4F, 0x0F, 0x10, 0x51, 0x0D, 0x36, 0xFF, 0xEE, 0x10, 0x71, 0x07, 0x90, 0xCB, 0x40, 0x00,  // 妊
    0x20, 0x06, 0xFC, 0x53, 0x49, 0x34, 0xF6, 0x4E, 0xE4, 0x4E, 0x4F, 0x24, 0x06, 0x4F, 0x44, 0xC9, 0xC3, 0x08,  // 纫
    0x60, 0x07, 0xF8, 0x74, 0x8F, 0x58, 0x65, 0xC7, 0x5C, 0xE4, 0x4E, 0xC4, 0x68, 0x46, 0x8C, 0xF3, 0xC6, 0x08,  // 扔
    0x20, 0x03, 0xF8, 0x64, 0x84, 0x58, 0xE5, 0x0C, 0x5E, 0x4C, 0x44, 0x84, 0x48, 0x44, 0x8C, 0x51, 0xC6, 0x08,  // 仍
    0x00, 0x07, 0xF8, 0x61, 0x86, 0x18, 0x61, 0x87, 0xF8, 0x61, 0x86, 0x18, 0x61, 0x87, 0xF8, 0x61, 0x86, 0x00,  // 日
    0x04, 0x00, 0x58, 0x04, 0xCF, 0xFC, 0x26, 0x82, 0x68, 0xFB, 0x82, 0x30, 0x63, 0x24, 0x7A, 0xD8, 0xEA, 0x06,  // 戎
    0x12, 0x0F, 0xFC, 0x12, 0x03, 0x2C, 0x23, 0x03, 0xF0, 0x21, 0x03, 0xF0, 0x21, 0x4F, 0xF0, 0x01, 0x00, 0x10,  // 茸
    0x12, 0x0F, 0xFC, 0x1A, 0x07, 0xEC, 0xF6, 0xCB, 0xF8, 0x5F, 0x83, 0x38, 0x7F, 0xEA, 0x10, 0x23, 0x03, 0x30,  // 蓉
    0x12, 0x01, 0x24, 0x93, 0x01, 0x20, 0x7F, 0xCC, 0xC8, 0xFF, 0xC1, 0xE0, 0x3F, 0x06, 0xDC, 0xCC, 0xC0, 0x80,  // 荣
    0x00, 0x8F, 0xD8, 0x79, 0x84, 0xBE, 0x7B, 0xCF, 0xBC, 0xDF, 0xCF, 0xFC, 0xFD, 0x8A, 0xDC, 0xBF, 0xE8, 0xA2,  // 融
    0x42, 0x04, 0x34, 0x7F, 0xC7, 0xD8, 0xEE, 0x8D, 0xF0, 0x45, 0x84, 0xCE, 0x7C, 0x8B, 0xC8, 0x8F, 0x80, 0xC8,  // 熔
    0x02, 0x05, 0xE4, 0x78, 0xCB, 0xD8, 0xFE, 0xC7, 0x70, 0x48, 0xCD, 0xFE, 0xE9, 0x8C, 0x88, 0xCF, 0x84, 0x88,  // 溶
    0x0C, 0x07, 0xFC, 0xD0, 0xCB, 0x38, 0x6D, 0x8D, 0xE8, 0x33, 0x86, 0x1E, 0xB3, 0x02, 0x10, 0x3F, 0x02, 0x10,  // 容
    0x43, 0x04, 0x3C, 0xC3, 0x4B, 0xFE, 0xEB, 0x0C, 0xB4, 0x5F, 0xCE, 0x98, 0x89, 0x87, 0xBA, 0xD6, 0xE2, 0x06,  // 绒
    0x00, 0x07, 0xFC, 0xC0, 0xC8, 0x28, 0x1E, 0x01, 0x20, 0x32, 0x03, 0x20, 0x32, 0x42, 0x24, 0x43, 0xC8, 0x18,  // 冗
    0x40, 0x04, 0xFC, 0x63, 0x0F, 0xFE, 0x47, 0x87, 0xF0, 0xD2, 0x0D, 0xFE, 0x47, 0x04, 0xA8, 0xD2, 0xE6, 0x20,  // 揉
    0x01, 0x81, 0xB8, 0x0C, 0x4F, 0xFC, 0x35, 0x87, 0xC0, 0x88, 0x0F, 0xFC, 0x1E, 0x02, 0xF8, 0xCC, 0xC0, 0x80,  // 柔
    0x0C, 0x00, 0xC0, 0x7F, 0xC4, 0x8C, 0x5E, 0xC5, 0x3C, 0x4C, 0xC4, 0xCC, 0x53, 0xC6, 0x1C, 0x41, 0xC4, 0x08,  // 肉
    0x12, 0x03, 0x24, 0xFF, 0xC3, 0x20, 0x22, 0x4F, 0xFC, 0x4A, 0xC5, 0xAC, 0x72, 0xC3, 0x3C, 0x6A, 0xC8, 0x00,  // 茹
    0x40, 0x04, 0xFC, 0x4F, 0xEF, 0xBC, 0xF7, 0x8F, 0x24, 0xFF, 0xEE, 0xFC, 0x6F, 0x47, 0xF4, 0xDF, 0x40, 0x8C,  // 蠕
    0x20, 0x07, 0xFC, 0x7F, 0xE7, 0xFC, 0xCF, 0x8C, 0x20, 0x7F, 0xE5, 0xFC, 0x55, 0x45, 0x54, 0x55, 0xC5, 0x0C,  // 儒
    0x00, 0x0F, 0xFC, 0x3F, 0xE5, 0xEC, 0x43, 0x86, 0x24, 0xDF, 0xE5, 0xFC, 0x5D, 0x45, 0xD4, 0xDD, 0xCD, 0x0C,  // 孺
    0x20, 0x02, 0x00, 0x6B, 0xCF, 0xA4, 0x5A, 0x45, 0xA4, 0x52, 0x4D, 0x24, 0x72, 0x43, 0xBC, 0x4A, 0x40, 0x00,  // 如
    0x40, 0x87, 0xF8, 0x7F, 0x84, 0x0C, 0x55, 0x85, 0x30, 0xDF, 0xC9, 0x34, 0xFF, 0xC1, 0x30, 0x17, 0x00, 0x20,  // 辱
    0x08, 0x0F, 0xF0, 0xAF, 0x0F, 0xB0, 0x7F, 0x0F, 0xF0, 0x33, 0x03, 0xF0, 0xF3, 0x03, 0x34, 0x73, 0x42, 0x1C,  // 乳
    0x06, 0x06, 0x60, 0x34, 0x0B, 0x46, 0xED, 0x86, 0x90, 0x49, 0x04, 0x90, 0xCF, 0x04, 0x78, 0x4C, 0xC7, 0x04,  // 汝
    0x00, 0x03, 0x80, 0x08, 0x00, 0xC0, 0x1C, 0x01, 0x40, 0x12, 0x02, 0x30, 0x23, 0x04, 0x1C, 0x80, 0xE0, 0x04,  // 入
    0x40, 0x06, 0xFC, 0x7F, 0x87, 0x84, 0x7F, 0xC7, 0xD8, 0xFF, 0xE7, 0xDC, 0x5F, 0xE5, 0x78, 0x63, 0x84, 0x10,  // 褥
    0x22, 0x06, 0x20, 0xFE, 0x44, 0x7C, 0xEA, 0x8F, 0xB0, 0xA3, 0x03, 0xB0, 0xE7, 0x02, 0x48, 0x2C, 0xC3, 0x00,  // 软
    0x00, 0x0F, 0xFC, 0xA0, 0x0A, 0x00, 0xFF, 0xCA, 0x50, 0xB5, 0x0B, 0x50, 0xED, 0x08, 0x94, 0x91, 0xEE, 0x0C,  // 阮
    0x12, 0x0F, 0xFC, 0x32, 0x01, 0xA0, 0x54, 0xCD, 0xF4, 0x9E, 0x07, 0x30, 0xEF, 0xCD, 0x6E, 0xFF, 0xC2, 0x18,  // 蕊
    0x02, 0x03, 0xAC, 0x4A, 0xC4, 0xFC, 0x40, 0x4F, 0x60, 0x4F, 0xC4, 0xF4, 0x7F, 0x4C, 0xF4, 0x0F, 0xC0, 0x8C,  // 瑞
    0x40, 0x85, 0x78, 0xFD, 0x09, 0xFC, 0xFC, 0xC4, 0xCC, 0xFF, 0xC4, 0xF0, 0x57, 0x06, 0x54, 0x6D, 0xE1, 0x0C,  // 锐
    0x40, 0x02, 0xFC, 0xE0, 0x4F, 0xFC, 0xCC, 0x4C, 0xD4, 0xDF, 0x4C, 0xC4, 0xCD, 0x4F, 0xFC, 0xC1, 0xC8, 0x0C,  // 闰
    0x08, 0x04, 0xFC, 0x58, 0x4B, 0x5C, 0xF2, 0x45, 0x24, 0x5F, 0x4D, 0x24, 0xD2, 0xCD, 0xFC, 0xD1, 0xC1, 0x0C,  // 润
    0x32, 0x03, 0x34, 0xFF, 0xC3, 0xA0, 0x18, 0x4F, 0xFE, 0x30, 0x03, 0xF8, 0xE1, 0x0A, 0x10, 0x3F, 0x02, 0x10,  // 若
    0x00, 0x8F, 0xCC, 0x18, 0x87, 0xF8, 0xC6, 0x0F, 0xFC, 0x5A, 0x47, 0xBC, 0x7B, 0xCD, 0xEC, 0x31, 0xC3, 0x08,  // 弱
    0x5D, 0x85, 0xD0, 0x7F, 0x0F, 0x5E, 0x7F, 0xC7, 0xFC, 0xD5, 0x8D, 0xD8, 0x5D, 0x85, 0x58, 0xDE, 0xC9, 0x44,  // 撒
    0x00, 0x47, 0xFC, 0x65, 0x0B, 0x7C, 0xF5, 0x45, 0x54, 0x55, 0x4D, 0x9C, 0xD8, 0x4D, 0x04, 0xDF, 0xC1, 0x00,  // 洒
    0x12, 0x0F, 0xFC, 0x16, 0x0F, 0x24, 0xFF, 0xCE, 0x70, 0xEF, 0xCF, 0x80, 0xF8, 0x0E, 0x80, 0xD0, 0x0E, 0x00,  // 萨
    0x00, 0x0F, 0xFC, 0xBB, 0x4F, 0xFC, 0xBB, 0x4B, 0xFC, 0xF8, 0x4B, 0x74, 0xBF, 0x6B, 0xEA, 0xF7, 0xC2, 0x00,  // 腮
    0x40, 0x07, 0x7C, 0xB5, 0x4B, 0x7C, 0xFD, 0x4F, 0x7C, 0xF7, 0xCF, 0x74, 0xFF, 0x43, 0xEE, 0xCE, 0x80, 0x38,  // 鳃
    0x08, 0x07, 0xFC, 0xD2, 0xCD, 0xF8, 0x12, 0x87, 0xF8, 0x12, 0x4B, 0xF0, 0x2D, 0x8F, 0xFE, 0x0C, 0x87, 0xF8,  // 塞
    0x0C, 0x07, 0xFC, 0xD2, 0x83, 0xF8, 0x3F, 0x8F, 0xFC, 0x33, 0x07, 0xFC, 0xAF, 0x02, 0xB0, 0x13, 0x06, 0x10,  // 赛
    0x00, 0x00, 0x08, 0x7F, 0x80, 0x00, 0x00, 0x00, 0x18, 0x7F, 0x80, 0x00, 0x00, 0x00, 0x04, 0xFF, 0xE0, 0x00,  // 三
    0x08, 0x01, 0xA0, 0x73, 0x87, 0xD8, 0x18, 0xCB, 0x30, 0x21, 0x07, 0xFE, 0x81, 0x43, 0xF0, 0x00, 0xC0, 0x00,  // 叁
    0x0C, 0x01, 0xC0, 0x12, 0x02, 0xD8, 0x4C, 0xEA, 0xD4, 0x3F, 0x01, 0xE0, 0xFF, 0xC0, 0xC0, 0x0C, 0x00, 0xC0,  // 伞
    0x51, 0x05, 0x30, 0xFF, 0x45, 0x3E, 0xFE, 0x8F, 0xE8, 0xCE, 0x8F, 0x98, 0xF9, 0x0C, 0xB8, 0xDE, 0xE1, 0x80,  // 散
    0x01, 0x03, 0xF0, 0x1F, 0x07, 0xB4, 0xFF, 0xC7, 0x38, 0xCC, 0xC0, 0xC4, 0x3E, 0x02, 0xF8, 0xCC, 0xE0, 0x80,  // 桑
    0x00, 0x0A, 0xF8, 0xE7, 0x8B, 0xC8, 0xBF, 0xCA, 0xD8, 0xBF, 0x4F, 0xFC, 0xA7, 0x00, 0xA8, 0x32, 0xE0, 0x20,  // 嗓
    0x04, 0x00, 0xC4, 0x7F, 0xC2, 0xD8, 0x3F, 0x03, 0xE4, 0xFF, 0xC2, 0x58, 0x26, 0x02, 0x30, 0x39, 0xC6, 0x04,  // 丧
    0x40, 0x05, 0xFC, 0x57, 0x8F, 0x70, 0x47, 0x87, 0xFC, 0xFA, 0x8D, 0xAC, 0x5A, 0x84, 0xA8, 0xCF, 0xCD, 0xC4,  // 搔
    0x00, 0x0F, 0x7C, 0xE7, 0x8E, 0x30, 0xA7, 0xCB, 0xBC, 0xFF, 0xC3, 0xBC, 0xFF, 0xC2, 0xB8, 0x7F, 0xC0, 0x84,  // 骚
    0x20, 0x02, 0x04, 0x2F, 0xCF, 0x84, 0x20, 0x43, 0x84, 0xE7, 0xCA, 0x04, 0x20, 0x42, 0x04, 0xEF, 0xC6, 0x04,  // 扫
    0x42, 0x04, 0xFC, 0x4A, 0xCF, 0xFC, 0xEA, 0xCA, 0xFC, 0xAA, 0x0E, 0xF8, 0x65, 0x87, 0x70, 0x8F, 0xC3, 0x8C,  // 嫂
    0x00, 0x4F, 0xF8, 0x33, 0x8F, 0x78, 0x29, 0x4F, 0xFC, 0x0B, 0x07, 0xE8, 0xFC, 0xCB, 0x94, 0x7F, 0x08, 0xE0,  // 瑟
    0x10, 0x01, 0xB0, 0x33, 0x06, 0x40, 0xFF, 0x8E, 0xD8, 0x6D, 0x87, 0xF8, 0x60, 0x46, 0x04, 0x7D, 0xE3, 0xFC,  // 色
    0x00, 0x06, 0xFC, 0x6A, 0x4A, 0xAC, 0xEF, 0xC6, 0xC8, 0x5B, 0x04, 0xBC, 0xCB, 0x0C, 0xA0, 0xEB, 0x60, 0x00,  // 涩
    0x00, 0x00, 0xC8, 0x5E, 0x03, 0xF0, 0x6D, 0xCA, 0x30, 0x3F, 0xC6, 0x70, 0x7F, 0x8A, 0xFC, 0xAB, 0x42, 0x30,  // 森
    0x28, 0x82, 0x58, 0x7F, 0xE7, 0xBC, 0xDF, 0x4D, 0xFC, 0x50, 0x44, 0xFC, 0x48, 0xC4, 0x8C, 0x4F, 0xC4, 0x88,  // 僧
    0x12, 0x0F, 0xFC, 0x32, 0x0D, 0x20, 0x62, 0x0A, 0xAC, 0xFA, 0x65, 0x28, 0x63, 0x8C, 0x30, 0xCE, 0x0F, 0x00,  // 莎
    0x01, 0x0F, 0x90, 0x61, 0x04, 0x7C, 0x45, 0x6F, 0x90, 0xD9, 0x45, 0x1C, 0x51, 0x87, 0x30, 0x46, 0x01, 0x80,  // 砂
    0x01, 0x03, 0x30, 0x0E, 0x01, 0xB0, 0x21, 0x80, 0xC4, 0xFF, 0xE3, 0xE0, 0x7D, 0x8C, 0xCC, 0x9C, 0x40, 0x80,  // 杀
    0x08, 0x47, 0x84, 0x39, 0x46, 0xD4, 0xB5, 0x43, 0x54, 0xFF, 0x47, 0x94, 0x5D, 0x49, 0x44, 0x31, 0xC2, 0x0C,  // 刹
    0x02, 0x06, 0x20, 0x32, 0x0D, 0xEC, 0xEA, 0x63, 0xA2, 0x72, 0xCE, 0x3C, 0x41, 0x84, 0x30, 0x4C, 0x07, 0x00,  // 沙
    0x23, 0x06, 0x30, 0x53, 0x09, 0x7C, 0xEF, 0x6E, 0xB0, 0x53, 0xCF, 0x3C, 0x01, 0x8F, 0x30, 0x8E, 0x03, 0x80,  // 纱
    0x22, 0x07, 0x6C, 0x5F, 0xC5, 0x7C, 0xDD, 0xCD, 0xFC, 0x4D, 0xC5, 0xFC, 0x4D, 0x85, 0x30, 0x47, 0x85, 0x8C,  // 傻
    0x02, 0x0A, 0x60, 0xED, 0x0A, 0x9E, 0xBF, 0xCA, 0x24, 0xBF, 0xCE, 0x28, 0xAF, 0x88, 0x88, 0x0F, 0x80, 0x88,  // 啥
    0x21, 0x06, 0x30, 0x7A, 0x4D, 0x3C, 0xFE, 0x80, 0x98, 0x59, 0x8F, 0xBC, 0x0C, 0x45, 0x48, 0xD6, 0xC9, 0x24,  // 煞
    0x62, 0x07, 0xFE, 0xF5, 0x0B, 0x94, 0xBF, 0xCE, 0xA0, 0xAF, 0xCA, 0xAC, 0xEA, 0xC6, 0xBC, 0x4A, 0x88, 0x20,  // 筛
    0x00, 0x4F, 0xFC, 0xA7, 0x0A, 0x74, 0xBF, 0xCF, 0xD4, 0xBD, 0x4B, 0xDC, 0xF8, 0xCB, 0x84, 0x9F, 0xC0, 0x80,  // 晒
    0x15, 0x8F, 0xFC, 0x55, 0xC5, 0x5C, 0xF5, 0xC7, 0xFE, 0x55, 0xC5, 0x7C, 0xD6, 0xC1, 0x6C, 0x2F, 0xC0, 0x48,  // 珊
    0x32, 0x03, 0x34, 0xBB, 0x03, 0xE0, 0x0C, 0xC0, 0xFC, 0x0C, 0x07, 0xF8, 0x61, 0x86, 0x18, 0x7F, 0x84, 0x18,  // 苫
    0x20, 0x82, 0x1C, 0x2B, 0x0F, 0xE0, 0x60, 0xC7, 0x98, 0x7A, 0x0A, 0x46, 0x20, 0xC2, 0x18, 0x26, 0x02, 0x80,  // 杉
    0x04, 0x00, 0xC0, 0x0C, 0x04, 0xCC, 0x4C, 0xC4, 0xCC, 0x4C, 0xC4, 0xCC, 0x4C, 0xC4, 0xCC, 0xFF, 0xC0, 0x0C,  // 山
    0x00, 0x47, 0xE4, 0x7D, 0xC7, 0xDC, 0x7F, 0xCF, 0xFC, 0x7D, 0xC7, 0xDC, 0xFD, 0xCB, 0x44, 0xBC, 0xC0, 0x0C,  // 删
    0x42, 0x04, 0xFC, 0x48, 0x47, 0xFC, 0xE8, 0x4C, 0xFE, 0x4F, 0xC4, 0xEC, 0x7F, 0xCB, 0xB4, 0xA7, 0xC0, 0x24,  // 煽
    0x40, 0x86, 0x1C, 0x33, 0x0F, 0x44, 0x20, 0xC7, 0x98, 0x76, 0x4B, 0x8E, 0x28, 0x82, 0x18, 0x26, 0x02, 0x80,  // 衫
    0x40, 0x02, 0xFC, 0xE0, 0xC8, 0xCC, 0x8C, 0xC8, 0x8C, 0x9C, 0xC9, 0x2C, 0xB3, 0xCE, 0x1C, 0x81, 0xC8, 0x08,  // 闪
    0x02, 0x0F, 0x24, 0xBF, 0xCE, 0x28, 0xCA, 0x8E, 0xB0, 0xAF, 0xCA, 0x70, 0xE5, 0x08, 0xD8, 0x98, 0xCA, 0x00,  // 陕
    0x42, 0x05, 0xFC, 0x7F, 0xCF, 0xFC, 0x4F, 0x47, 0xF4, 0xCF, 0xCC, 0xF8, 0x4F, 0x84, 0xF8, 0xC8, 0xC4, 0x00,  // 擅
    0x02, 0x0F, 0x78, 0xB9, 0x4F, 0xFC, 0xFF, 0xCF, 0xFE, 0xFB, 0xCF, 0x8C, 0xEC, 0x47, 0xFC, 0x96, 0xC2, 0x4C,  // 赡
    0x04, 0x8F, 0x7C, 0xBF, 0xCF, 0xFC, 0xF3, 0x4B, 0xF8, 0xF7, 0xAB, 0xFE, 0xBF, 0xCB, 0x8C, 0xFF, 0xC2, 0x88,  // 膳
    0x02, 0x01, 0x28, 0xFF, 0x87, 0xF8, 0x0C, 0xCB, 0xF0, 0x3F, 0x4F, 0xFC, 0x3F, 0x02, 0x10, 0x3F, 0x02, 0x10,  // 善
    0x02, 0x06, 0x20, 0x72, 0x0B, 0xA4, 0xFA, 0x43, 0xA4, 0x5A, 0x45, 0xA4, 0xDA, 0x45, 0xA4, 0x5F, 0xC4, 0x04,  // 汕
    0x0C, 0x07, 0xFC, 0x40, 0xC7, 0xFC, 0x40, 0x87, 0xFC, 0x46, 0x45, 0x54, 0x5D, 0xCF, 0x64, 0x8C, 0xC0, 0x8C,  // 扇
    0x24, 0x86, 0x54, 0x5F, 0xCB, 0xFC, 0xE2, 0x45, 0xFC, 0xCF, 0x8F, 0xFE, 0x0F, 0xCE, 0x88, 0x0F, 0x80, 0x88,  // 缮
    0x02, 0x04, 0x24, 0x4D, 0x84, 0x50, 0xFF, 0xC5, 0xDC, 0x5C, 0xC5, 0xFC, 0x7D, 0x4D, 0xF4, 0x18, 0xC1, 0x0C,  // 墒
    0x24, 0x02, 0xC4, 0x6F, 0xE5, 0x20, 0xF6, 0x0F, 0xFC, 0x46, 0xC4, 0x4C, 0x44, 0xC4, 0xC8, 0x53, 0x86, 0x00,  // 伤
    0x0C, 0x0F, 0xFC, 0x13, 0x05, 0x28, 0x7F, 0xC5, 0xA8, 0x73, 0x87, 0xE8, 0x52, 0x85, 0xE8, 0x53, 0x84, 0x08,  // 商
    0x0C, 0x03, 0xD0, 0xFF, 0xEB, 0x3C, 0xB3, 0x03, 0xF0, 0x73, 0x86, 0xD8, 0x6D, 0x86, 0xD0, 0x33, 0x8E, 0x0C,  // 赏
    0x03, 0x08, 0x20, 0xFF, 0xCB, 0x84, 0xBD, 0xCF, 0xFC, 0xBF, 0xCB, 0xFC, 0xFF, 0xCF, 0x84, 0x88, 0xC0, 0x8C,  // 晌
    0x08, 0x00, 0xC0, 0x08, 0x00, 0x80, 0x0F, 0x80, 0xC0, 0x08, 0x00, 0x80, 0x08, 0x00, 0x80, 0xFF, 0xE0, 0x00,  // 上
    0x04, 0x06, 0xC8, 0x3D, 0x01, 0xE0, 0xFF, 0xCD, 0x2C, 0xDE, 0xCD, 0x2C, 0xDE, 0xCD, 0x2C, 0xC1, 0xCC, 0x08,  // 尚
    0x00, 0x03, 0x50, 0x7F, 0x4E, 0x16, 0xBF, 0x83, 0xF0, 0x3D, 0x4F, 0xFC, 0x15, 0x83, 0x30, 0xDD, 0xC3, 0x0C,  // 裳
    0x21, 0x06, 0xB4, 0x67, 0xCF, 0xBC, 0x6F, 0xC7, 0xC4, 0xFF, 0xCE, 0xC4, 0x6F, 0xC6, 0xC4, 0x6D, 0xC6, 0x8C,  // 梢
    0x21, 0x06, 0xB6, 0x37, 0xCF, 0xDC, 0x2F, 0xC7, 0xC4, 0xEF, 0xCE, 0xC4, 0x2F, 0xC2, 0xC4, 0xED, 0xC4, 0x8C,  // 捎
    0x01, 0x0F, 0x94, 0x25, 0x47, 0xDC, 0xE7, 0xC7, 0x44, 0x7F, 0xCA, 0x44, 0x27, 0xC2, 0x44, 0x24, 0xC2, 0x4C,  // 稍
    0x44, 0x04, 0x44, 0x5F, 0xC7, 0x38, 0xE3, 0x4C, 0xFC, 0x40, 0xC5, 0xFC, 0x6F, 0x0F, 0xF2, 0x9B, 0x63, 0x1C,  // 烧
    0x12, 0x01, 0x24, 0xFF, 0xC3, 0x20, 0x7F, 0xC4, 0x08, 0x90, 0x81, 0x88, 0x0C, 0x80, 0x08, 0x07, 0x80, 0x10,  // 芍
    0x10, 0x03, 0x00, 0x3F, 0xC6, 0x0C, 0x40, 0xC9, 0x8C, 0x08, 0xC0, 0xCC, 0x00, 0x80, 0x08, 0x03, 0x80, 0x10,  // 勺
    0x20, 0x02, 0xFC, 0xFB, 0x45, 0xA4, 0x5A, 0x4F, 0xEC, 0xFC, 0x4D, 0xBC, 0xFA, 0x4D, 0xA4, 0xFF, 0xCC, 0x64,  // 韶
    0x04, 0x00, 0xC0, 0x2D, 0x02, 0xD8, 0x6C, 0xE4, 0xC6, 0xCD, 0x88, 0xD8, 0x07, 0x00, 0xC0, 0x38, 0x0C, 0x00,  // 少
    0x01, 0x00, 0x96, 0xF5, 0x4F, 0x58, 0xFF, 0xEF, 0xC4, 0xFF, 0xCF, 0xC4, 0xFF, 0xC0, 0xC4, 0x0C, 0xC0, 0xCC,  // 哨
    0x00, 0x0F, 0xFE, 0x27, 0x42, 0xF8, 0x7B, 0x8C, 0xBC, 0x7F, 0x44, 0xB6, 0x4B, 0xE4, 0xBC, 0x4B, 0x04, 0x20,  // 邵
    0x20, 0x06, 0xFE, 0x52, 0x4D, 0x24, 0xF7, 0xCE, 0xCC, 0x4C, 0x4F, 0x4C, 0x04, 0x47, 0xC4, 0xC7, 0xC0, 0x44,  // 绍
    0x08, 0x0F, 0xFC, 0x3A, 0x06, 0x98, 0xFF, 0xE0, 0xE4, 0xFF, 0xC3, 0xF0, 0x61, 0x0B, 0xF0, 0x3F, 0x02, 0x10,  // 奢
    0x02, 0x0F, 0x30, 0x95, 0x8F, 0xCE, 0xFF, 0xCF, 0x00, 0xFF, 0xCD, 0x30, 0xEF, 0x87, 0xB4, 0x93, 0x40, 0x60,  // 赊
    0x00, 0x06, 0x10, 0x77, 0xEF, 0xCC, 0xFE, 0x0F, 0x6C, 0xF6, 0xCF, 0x70, 0x76, 0x07, 0x60, 0xFE, 0x60, 0x3C,  // 蛇
    0x03, 0x87, 0xF8, 0x0C, 0x00, 0xC4, 0xFF, 0xE0, 0xC0, 0x2D, 0x02, 0x18, 0x21, 0x02, 0x10, 0x3F, 0x82, 0x10,  // 舌
    0x0C, 0x00, 0xE0, 0x13, 0x02, 0x3C, 0x7E, 0xE8, 0xC8, 0x7F, 0x82, 0xD0, 0x3F, 0x02, 0x10, 0x3F, 0x02, 0x10,  // 舍
    0x21, 0x02, 0x30, 0xFA, 0x02, 0x3E, 0xFE, 0x87, 0x68, 0xFA, 0x8F, 0xD8, 0xDD, 0x05, 0x38, 0xF6, 0xC9, 0x84,  // 赦
    0x40, 0x45, 0xFC, 0x7F, 0x8E, 0xF8, 0x4D, 0xC7, 0xF8, 0xDF, 0xC5, 0x5C, 0x4D, 0x84, 0xD8, 0xD7, 0xE4, 0x40,  // 摄
    0x20, 0x87, 0x08, 0xD8, 0x87, 0xFC, 0x59, 0x87, 0xC8, 0x5E, 0x8F, 0xA8, 0x38, 0x85, 0x88, 0xBB, 0x81, 0x10,  // 射
    0x40, 0x45, 0xFC, 0x4F, 0x8E, 0xD8, 0xFD, 0xCD, 0xFC, 0x45, 0xC5, 0xEC, 0x49, 0x84, 0xD8, 0x57, 0xC4, 0xC4,  // 慑
    0x02, 0x06, 0xA0, 0x2B, 0xCA, 0xA0, 0xEB, 0x47, 0x30, 0x5A, 0xCD, 0xAC, 0xD3, 0x8E, 0x30, 0xCC, 0x03, 0x00,  // 涉
    0x43, 0x06, 0x30, 0x33, 0x0F, 0x34, 0x2F, 0xC6, 0x30, 0xF3, 0x0F, 0x30, 0x63, 0x06, 0x30, 0x7F, 0xE6, 0x00,  // 社
    0x00, 0x06, 0xF8, 0x29, 0x00, 0x9C, 0xE8, 0xC7, 0xF8, 0x45, 0x84, 0x50, 0x57, 0x06, 0x70, 0x4D, 0xE7, 0x04,  // 设
    0x01, 0x0F, 0x10, 0x4F, 0xE4, 0x96, 0xD9, 0x4F, 0xFC, 0xF9, 0x4F, 0xFC, 0xFF, 0x4F, 0x10, 0xC1, 0x00, 0x10,  // 砷
    0x0C, 0x00, 0xC0, 0x7F, 0xC4, 0xC8, 0x4C, 0x87, 0xF8, 0x4C, 0x87, 0xF8, 0x4C, 0x80, 0xC0, 0x0C, 0x00, 0xC0,  // 申
    0x01, 0x00, 0x10, 0xFF, 0xEF, 0x96, 0xF9, 0x6F, 0xFE, 0xF9, 0x6F, 0xFE, 0xC9, 0x40, 0x10, 0x01, 0x00, 0x30,  // 呻
    0x22, 0x02, 0x20, 0x5F, 0xC5, 0xA4, 0xDA, 0x4D, 0xFC, 0x5A, 0x45, 0xFC, 0x5A, 0x44, 0x20, 0x42, 0x04, 0x20,  // 伸
    0x04, 0x03, 0xF8, 0x21, 0x03, 0xF0, 0x21, 0x43, 0xFC, 0x21, 0x8F, 0xF0, 0x0F, 0x01, 0x90, 0x73, 0x08, 0x30,  // 身
    0x40, 0x07, 0xFC, 0x1D, 0x8A, 0xC8, 0xFA, 0xC5, 0x24, 0x5F, 0xC4, 0xF0, 0xCA, 0x8D, 0x2C, 0xE2, 0x44, 0x20,  // 深
    0x40, 0x04, 0xFC, 0x48, 0x0F, 0xF8, 0xE8, 0x0A, 0xFC, 0xAF, 0x4A, 0xDC, 0x6D, 0x07, 0x78, 0xB6, 0xE2, 0x44,  // 娠
    0x63, 0x04, 0x30, 0x5F, 0xCB, 0xB4, 0xEB, 0x44, 0xFC, 0xCB, 0x4F, 0xFC, 0x0B, 0x4E, 0x30, 0x83, 0x00, 0x20,  // 绅
    0x41, 0x02, 0x10, 0x3F, 0xCF, 0xF4, 0x2D, 0x47, 0xFC, 0xFD, 0x4A, 0xFC, 0x29, 0x42, 0x10, 0x21, 0x06, 0x10,  // 神
    0x02, 0x06, 0x20, 0x3F, 0xCB, 0xEC, 0xF6, 0x86, 0x70, 0x46, 0x04, 0x60, 0xCE, 0x04, 0xA4, 0x53, 0xE6, 0x08,  // 沈
    0x0C, 0x04, 0xC4, 0xCC, 0x68, 0x40, 0x7F, 0x86, 0x48, 0x7F, 0x86, 0x48, 0x7F, 0x84, 0x48, 0x04, 0x00, 0x40,  // 审
    0x42, 0x04, 0xB4, 0x4F, 0xEF, 0xB4, 0x7F, 0xCE, 0xB4, 0xAF, 0xCA, 0xB4, 0x6F, 0xC7, 0xB0, 0x93, 0x00, 0x30,  // 婶
    0x11, 0x03, 0x34, 0xFF, 0xC3, 0x30, 0x33, 0x03, 0xF0, 0x33, 0x4F, 0xFE, 0x4E, 0x05, 0x90, 0x71, 0xC7, 0xFC,  // 甚
    0x10, 0x0F, 0xFC, 0xF5, 0x8F, 0x30, 0xF7, 0xC3, 0x94, 0x3F, 0x83, 0xF0, 0x21, 0x03, 0xF0, 0x21, 0x02, 0x30,  // 肾
    0x42, 0x05, 0xFC, 0x42, 0x8E, 0xF8, 0xFF, 0x8C, 0x88, 0x4F, 0x84, 0xF8, 0x58, 0xE4, 0xD8, 0x4C, 0xC7, 0x04,  // 慎
    0x06, 0x04, 0x50, 0x7F, 0x80, 0xE8, 0xFF, 0xCA, 0xD0, 0x5A, 0xC7, 0x5E, 0xDB, 0x0C, 0xDC, 0xD7, 0x03, 0xC0,  // 渗
    0x04, 0x00, 0xC4, 0xFF, 0xC0, 0xCC, 0x40, 0x87, 0xFC, 0x64, 0x86, 0xC8, 0x60, 0x84, 0x00, 0xC0, 0x08, 0x00,  // 声
    0x04, 0x02, 0xC0, 0x6C, 0x07, 0xFC, 0x4C, 0x0C, 0xC0, 0x8C, 0x87, 0xF8, 0x0C, 0x00, 0xC0, 0xFF, 0xC0, 0x00,  // 生
    0x20, 0x02, 0x7C, 0xED, 0x4F, 0xFC, 0xAD, 0x43, 0xFC, 0xF3, 0x02, 0xFC, 0x2A, 0x4F, 0x64, 0x8D, 0xC3, 0x08,  // 甥
    0x23, 0x0E, 0x70, 0xEF, 0x0F, 0xFC, 0xAB, 0x02, 0xB0, 0x7B, 0xCE, 0x7C, 0x23, 0x02, 0x30, 0x3F, 0xE2, 0x00,  // 牲
    0x09, 0x03, 0xF0, 0xF3, 0x03, 0x30, 0x33, 0x4F, 0xFE, 0x33, 0x03, 0x30, 0x23, 0x02, 0x30, 0xC3, 0x00, 0x00,  // 升
    0x00, 0x06, 0xF8, 0x48, 0x8B, 0xF8, 0xFA, 0xCD, 0xAC, 0x5F, 0xCF, 0xAC, 0x9F, 0xC7, 0x20, 0xC2, 0x60, 0x3C,  // 绳
    0x0C, 0x03, 0xD8, 0x6D, 0xC4, 0xF6, 0x8C, 0x03, 0xF8, 0x70, 0x8B, 0xF8, 0x31, 0x83, 0xF8, 0x3F, 0x83, 0x18,  // 省
    0x04, 0x00, 0x58, 0x7F, 0xC4, 0x48, 0x7F, 0x85, 0x30, 0x77, 0x49, 0x9C, 0x7F, 0x87, 0xF8, 0x7F, 0xCF, 0xFC,  // 盛
    0x04, 0x47, 0xC4, 0xFF, 0xC7, 0x9C, 0x7F, 0xC7, 0xFC, 0xFF, 0xC3, 0x1C, 0x7D, 0x4D, 0x44, 0x11, 0xC1, 0x08,  // 剩
    0x01, 0x0F, 0x30, 0xB7, 0x0B, 0xF4, 0xFF, 0xCB, 0xB0, 0xF3, 0x4F, 0xFC, 0xB3, 0x0B, 0x30, 0xF3, 0x42, 0x90,  // 胜
    0x01, 0x07, 0xF8, 0x13, 0x00, 0xE0, 0x0F, 0x03, 0x1E, 0xCC, 0x00, 0xC8, 0x7F, 0x80, 0xC0, 0xFF, 0xE0, 0x00,  // 圣
    0x20, 0x03, 0xFE, 0xE3, 0x0A, 0xFC, 0xAB, 0x4A, 0xB4, 0xAB, 0x4A, 0xB4, 0xAB, 0xC6, 0xBC, 0x43, 0x08, 0x20,  // 师
    0x04, 0x02, 0xC0, 0x6C, 0x07, 0xFC, 0x4C, 0x08, 0xC4, 0xFF, 0xE0, 0xA0, 0x0B, 0x01, 0x18, 0x20, 0xEC, 0x04,  // 失
    0x28, 0x0F, 0xFE, 0xD9, 0x0D, 0xFC, 0x5F, 0xC5, 0xF4, 0xDB, 0x4F, 0xB4, 0x7B, 0xC4, 0xBC, 0xD1, 0x0E, 0x10,  // 狮
    0x42, 0x02, 0x64, 0x3F, 0xC4, 0xB0, 0x5F, 0xC7, 0x7C, 0x5F, 0xC5, 0x7C, 0xF7, 0x8B, 0x62, 0xE7, 0xE0, 0x38,  // 施
    0x00, 0x05, 0xFC, 0x78, 0xCB, 0x8C, 0xF8, 0xC5, 0xDC, 0x45, 0x4D, 0x54, 0xDD, 0x8D, 0x50, 0xFF, 0xE0, 0x00,  // 湿
    0x02, 0x06, 0x20, 0x6F, 0xC0, 0x20, 0xE6, 0x65, 0x18, 0x41, 0xC5, 0xFC, 0x5D, 0x86, 0x58, 0x41, 0x80, 0x30,  // 诗
    0x00, 0x07, 0xFC, 0x60, 0xC6, 0x0C, 0x7F, 0xC6, 0x08, 0x60, 0x06, 0x00, 0x40, 0x0C, 0x00, 0x80, 0x00, 0x00,  // 尸
    0x00, 0x0F, 0xF8, 0x0F, 0x0F, 0xD0, 0x55, 0x07, 0xF0, 0x55, 0x87, 0xD8, 0x54, 0xA1, 0x6C, 0xFE, 0x68, 0x22,  // 虱
    0x04, 0x00, 0xC0, 0x0C, 0x00, 0xC0, 0x0C, 0x4F, 0xFC, 0x0C, 0x00, 0xC0, 0x0C, 0x00, 0xC0, 0x0C, 0x00, 0xC0,  // 十
    0x00, 0x0F, 0xFC, 0x18, 0x01, 0x00, 0x30, 0x03, 0xF8, 0x71, 0x8B, 0x18, 0x31, 0x83, 0x18, 0x31, 0x82, 0x00,  // 石
    0x02, 0x06, 0x70, 0x75, 0x0F, 0xD8, 0x48, 0xE7, 0xFC, 0xE0, 0x8C, 0xF8, 0x48, 0x84, 0x88, 0xCF, 0x8C, 0x88,  // 拾
    0x00, 0x8B, 0x18, 0xF1, 0xC9, 0xFE, 0x91, 0x8F, 0x58, 0x95, 0x89, 0x58, 0xF1, 0x8B, 0x18, 0x83, 0x80, 0x10,  // 时
    0x32, 0x03, 0x20, 0x22, 0x06, 0x20, 0x63, 0x6E, 0x20, 0x62, 0x06, 0x20, 0x62, 0x06, 0x20, 0x62, 0x06, 0x20,  // 什
    0x08, 0x01, 0xE0, 0x3B, 0x06, 0xDE, 0xFF, 0x42, 0x10, 0x3F, 0x03, 0xF0, 0x29, 0x82, 0x70, 0x3D, 0x82, 0x08,  // 食
    0x43, 0x04, 0x30, 0xFB, 0x4B, 0xFC, 0xEB, 0x44, 0xB4, 0x4F, 0xC4, 0xB4, 0x53, 0x86, 0x34, 0x5F, 0xE4, 0x00,  // 蚀
    0x08, 0x00, 0xC0, 0x7F, 0xCD, 0x68, 0x9E, 0x02, 0x40, 0x34, 0x0B, 0x6C, 0x0C, 0x00, 0xF0, 0x31, 0x8C, 0x08,  // 实
    0x00, 0x06, 0xFC, 0x6C, 0xC0, 0xCC, 0xEC, 0xC6, 0xCC, 0x6F, 0xC6, 0xD0, 0x76, 0x86, 0xC4, 0x78, 0x62, 0x00,  // 识
    0x0C, 0x00, 0xC0, 0x7F, 0x84, 0xC8, 0x4C, 0x84, 0xC8, 0x7F, 0x81, 0x80, 0x18, 0x01, 0xC0, 0x37, 0xCC, 0x08,  // 史
    0x20, 0x02, 0x08, 0x7F, 0xC4, 0x80, 0x88, 0x08, 0x8C, 0x9C, 0x01, 0xC0, 0x12, 0x03, 0x30, 0x61, 0xE8, 0x0C,  // 矢
    0x22, 0x02, 0x24, 0x7F, 0xE4, 0x28, 0xDF, 0xCD, 0x2C, 0x5F, 0xC5, 0xA8, 0x4E, 0x04, 0x60, 0x4F, 0xC7, 0x0C,  // 使
    0x00, 0x07, 0xFC, 0x40, 0xC7, 0xFC, 0x44, 0x85, 0x58, 0x5F, 0xC4, 0xE0, 0x5D, 0x09, 0x5C, 0xE4, 0xE0, 0x40,  // 屎
    0x01, 0x0F, 0x10, 0xFF, 0xCF, 0xF4, 0xA9, 0x4A, 0xF4, 0xFF, 0xC1, 0x60, 0xF6, 0x03, 0x70, 0x6D, 0xE7, 0x04,  // 驶
    0x21, 0x06, 0x30, 0x42, 0x8F, 0xCC, 0x5F, 0xE5, 0x40, 0xD4, 0x4F, 0x7C, 0x64, 0x47, 0x44, 0xD7, 0xC0, 0x44,  // 始
    0x05, 0x00, 0x58, 0x06, 0xCF, 0xFC, 0x06, 0x0F, 0xE0, 0x22, 0x02, 0x20, 0x23, 0x03, 0x90, 0xE1, 0xC0, 0x04,  // 式
    0x00, 0x87, 0xF8, 0x00, 0x00, 0x00, 0xFF, 0xE0, 0xC0, 0x3D, 0x06, 0xD8, 0x4C, 0xCC, 0xC4, 0x9C, 0x40, 0x80,  // 示
    0x00, 0x00, 0xC0, 0x0C, 0x00, 0xC0, 0x0C, 0x4F, 0xFC, 0x0C, 0x00, 0xC0, 0x0C, 0x00, 0xC0, 0x0C, 0xC0, 0x00,  // 士
    0x09, 0x06, 0x90, 0x69, 0x06, 0x94, 0xFF, 0xE6, 0x90, 0x69, 0x06, 0x90, 0x6F, 0x06, 0x80, 0x60, 0xC6, 0x00,  // 世
    0x62, 0x06, 0x30, 0x7F, 0xEF, 0x30, 0x6F, 0x47, 0xF4, 0xFB, 0x4E, 0xB4, 0x6B, 0x46, 0xBC, 0x63, 0x04, 0x30,  // 柿
    0x0C, 0x0F, 0xFC, 0x0D, 0x87, 0xF8, 0x7F, 0x86, 0xD8, 0x4D, 0xCF, 0xFE, 0x0D, 0x80, 0xD8, 0x1C, 0x00, 0x80,  // 事
    0x61, 0x06, 0x1C, 0x61, 0x4F, 0xFC, 0x61, 0x07, 0xF0, 0xE5, 0x0E, 0x58, 0x65, 0x86, 0xEA, 0xF8, 0x64, 0x02,  // 拭
    0x20, 0x8F, 0xF0, 0x3F, 0xEE, 0x58, 0x69, 0x87, 0xDC, 0xFF, 0xC3, 0xF8, 0x7F, 0x83, 0xF8, 0x3F, 0x02, 0x10,  // 誓
    0x08, 0x0C, 0xBC, 0x4A, 0x01, 0xE4, 0x0B, 0xCE, 0xE8, 0x7A, 0x84, 0xA8, 0x4E, 0x85, 0xC8, 0xF9, 0xE0, 0xFC,  // 逝
    0x22, 0x02, 0x20, 0xFF, 0x83, 0xE8, 0xE6, 0x82, 0xEC, 0x78, 0xC7, 0x90, 0x19, 0x81, 0x10, 0x67, 0x08, 0x20,  // 势
    0x01, 0x03, 0xF0, 0x3F, 0x03, 0x10, 0x3F, 0x02, 0x14, 0xFF, 0xC3, 0x48, 0x27, 0x87, 0x40, 0xDF, 0xE8, 0x3C,  // 是
    0x02, 0x00, 0xFC, 0xE3, 0x8B, 0xFE, 0xA6, 0x8A, 0xF2, 0xA7, 0xEE, 0xB8, 0x8C, 0xC8, 0xFC, 0x0C, 0xC0, 0xCC,  // 嗜
    0x09, 0x8E, 0x94, 0xBF, 0xCB, 0x68, 0xB2, 0x4B, 0xFC, 0xAA, 0x8A, 0xB8, 0xFF, 0xC9, 0x34, 0x22, 0x40, 0x00,  // 噬
    0x00, 0x85, 0xF8, 0x62, 0x01, 0x6C, 0x02, 0x0E, 0xA8, 0x4F, 0x84, 0x88, 0x48, 0x86, 0x88, 0xFF, 0xE0, 0xFC,  // 适
    0x22, 0x02, 0x20, 0x62, 0x06, 0x20, 0xFF, 0xEE, 0x20, 0x62, 0x06, 0x20, 0x62, 0x06, 0x20, 0x7F, 0xC4, 0x00,  // 仕
    0x22, 0x02, 0x60, 0x7F, 0xC4, 0x60, 0xC6, 0x4D, 0xFC, 0x41, 0x45, 0xFC, 0x49, 0x04, 0xD0, 0x43, 0x04, 0x30,  // 侍
    0x10, 0x8F, 0x7C, 0xFB, 0x8F, 0x30, 0xFF, 0xC6, 0xBC, 0x77, 0x8F, 0x30, 0xEF, 0xC6, 0x30, 0x63, 0x04, 0x20,  // 释
    0x44, 0x04, 0x40, 0x7F, 0xE9, 0xB0, 0xFB, 0x45, 0xFC, 0x4B, 0x44, 0xB4, 0x5B, 0x46, 0xBC, 0x4B, 0x00, 0x30,  // 饰
    0x01, 0x07, 0xF8, 0x4C, 0x04, 0x40, 0x44, 0xC7, 0xFC, 0x44, 0x04, 0x40, 0x46, 0x07, 0x34, 0xE1, 0xC0, 0x04,  // 氏
    0x08, 0x00, 0xC4, 0xFF, 0xE0, 0xC0, 0x7F, 0x86, 0xC8, 0x4C, 0x84, 0xC8, 0x4C, 0x84, 0xF8, 0x0C, 0x00, 0xC0,  // 市
    0x42, 0x04, 0x20, 0x5F, 0xC7, 0x20, 0xD6, 0x6C, 0x18, 0x41, 0xC5, 0xFC, 0x49, 0x04, 0xD0, 0x43, 0x04, 0x30,  // 恃
    0x08, 0x00, 0xC4, 0xFF, 0xE8, 0x18, 0x7F, 0x81, 0x20, 0x7F, 0x86, 0xC8, 0x0D, 0x87, 0xF8, 0x0C, 0x4F, 0xFC,  // 室
    0x40, 0x06, 0xFC, 0x6A, 0x8F, 0xA8, 0x2A, 0x86, 0xA8, 0xFF, 0x85, 0xF8, 0x47, 0x04, 0x54, 0x49, 0xE7, 0x00,  // 视
    0x03, 0x0C, 0x3C, 0x43, 0x43, 0xFC, 0x41, 0x0D, 0xF0, 0x4D, 0x04, 0xD0, 0x6D, 0x86, 0xE8, 0xF8, 0xC0, 0x04,  // 试
    0x24, 0x02, 0x40, 0xA4, 0x4A, 0xFC, 0xAD, 0x0B, 0xD0, 0xB5, 0x0E, 0x70, 0xE2, 0x0A, 0x70, 0x2D, 0xC3, 0x04,  // 收
    0x01, 0x87, 0xF8, 0x0C, 0x00, 0xC8, 0x7F, 0x80, 0xC0, 0xFF, 0xE0, 0xC0, 0x0C, 0x00, 0xC0, 0x1C, 0x00, 0x80,  // 手
    0x01, 0x01, 0x30, 0xFF, 0xE0, 0xC0, 0x3F, 0x82, 0x10, 0x3F, 0x02, 0x10, 0x3F, 0x02, 0x10, 0x3F, 0x06, 0x10,  // 首
    0x0C, 0x00, 0x40, 0x7F, 0xC8, 0x28, 0x82, 0x0F, 0xFE, 0x02, 0x02, 0x20, 0x32, 0x01, 0x20, 0x06, 0x00, 0x60,  // 守
    0x08, 0x00, 0xCC, 0x58, 0x87, 0xF8, 0x18, 0x4F, 0xFC, 0x11, 0x03, 0xFC, 0x69, 0x0C, 0x90, 0x07, 0x00, 0x30,  // 寿
    0x40, 0x86, 0xFC, 0x6A, 0xCF, 0xF8, 0x7F, 0xC7, 0x04, 0xEF, 0x8C, 0x58, 0x47, 0x04, 0x70, 0xCD, 0xC7, 0x04,  // 授
    0x2C, 0x06, 0x4C, 0x64, 0x8F, 0xF8, 0xE4, 0x87, 0xF8, 0x6C, 0xC6, 0x00, 0x3F, 0x82, 0x18, 0x3F, 0x82, 0x08,  // 售
    0x01, 0x07, 0xF8, 0x29, 0x83, 0x70, 0x7F, 0xC8, 0x0C, 0xBF, 0x81, 0x20, 0x0C, 0x00, 0xC0, 0x3B, 0xCC, 0x08,  // 受
    0x04, 0x06, 0x6C, 0x6E, 0x8D, 0xFC, 0xD6, 0xC5, 0x7C, 0xDF, 0xC5, 0x68, 0x5F, 0x84, 0x70, 0x8F, 0xC7, 0x0C,  // 瘦
    0x12, 0x01, 0xA0, 0x7F, 0x86, 0xD8, 0x6D, 0x87, 0xF8, 0x40, 0xCF, 0xFC, 0x3F, 0x82, 0x10, 0x3F, 0x82, 0x10,  // 兽
    0x12, 0x0F, 0xFC, 0x32, 0x01, 0x24, 0xBF, 0xC6, 0x58, 0xEF, 0xCF, 0xF8, 0xEB, 0x8F, 0xBC, 0xCB, 0xC3, 0x2C,  // 蔬
    0x40, 0x04, 0xFE, 0x48, 0x8F, 0xCC, 0x4B, 0x86, 0x90, 0xF9, 0x8C, 0xA8, 0x4C, 0xC4, 0xC0, 0x4F, 0xE4, 0x80,  // 枢
    0x42, 0x04, 0x24, 0x5F, 0xCF, 0x60, 0x4C, 0xCF, 0xF4, 0xFB, 0x8C, 0xA8, 0x4A, 0x84, 0xA8, 0x5A, 0xE7, 0x2C,  // 梳
    0x02, 0x03, 0xE0, 0x4F, 0xC4, 0xFC, 0xFA, 0x0B, 0xFC, 0xE7, 0x06, 0x78, 0x6A, 0x85, 0xAC, 0xA2, 0x60, 0x20,  // 殊
    0x60, 0x06, 0xFC, 0x71, 0x8F, 0x30, 0x61, 0x47, 0xFE, 0xE1, 0x8E, 0x10, 0x61, 0x06, 0x10, 0xE7, 0x04, 0x30,  // 抒
    0x42, 0x04, 0x70, 0xF5, 0x8C, 0xFE, 0xF0, 0x0F, 0xFC, 0xFF, 0xC7, 0xFC, 0xFF, 0xC6, 0xFC, 0x7F, 0xC4, 0xC8,  // 输
    0x20, 0x02, 0x0C, 0x3E, 0xC2, 0x2C, 0x22, 0x8F, 0xE8, 0x33, 0x8E, 0x90, 0xAD, 0x0A, 0x78, 0x64, 0xE7, 0x84,  // 叔
    0x20, 0x07, 0x7C, 0x5A, 0x8D, 0xB0, 0xE1, 0x02, 0xFE, 0xA1, 0x4F, 0x90, 0xD9, 0x0D, 0x90, 0xFB, 0x08, 0x30,  // 舒
    0x08, 0x05, 0x84, 0x6F, 0x4A, 0x94, 0xC9, 0x47, 0xFC, 0x49, 0x8F, 0xD8, 0xAF, 0x8E, 0xB8, 0xDE, 0xE9, 0xC4,  // 淑
    0x02, 0x01, 0x2C, 0xB7, 0xC2, 0x78, 0xEF, 0xCF, 0xE4, 0xEE, 0x8E, 0xE8, 0xFA, 0x8E, 0xA8, 0x9A, 0xE2, 0x24,  // 疏
    0x08, 0x00, 0x8C, 0x08, 0xC7, 0xF8, 0x09, 0x80, 0x94, 0xFF, 0xC0, 0x84, 0x08, 0x40, 0x9C, 0x08, 0x80, 0x80,  // 书
    0x02, 0x0F, 0x38, 0x9F, 0xCF, 0x34, 0xFF, 0xEF, 0x78, 0xFD, 0x0F, 0x54, 0xDF, 0xE7, 0x30, 0x96, 0xC1, 0x84,  // 赎
    0x22, 0x02, 0xA0, 0xFA, 0x0F, 0xFC, 0xFA, 0x8D, 0xA8, 0xFE, 0x83, 0xF8, 0xE7, 0x82, 0x4E, 0x68, 0x63, 0x00,  // 孰
    0x22, 0x0B, 0xA0, 0xFF, 0x85, 0xA8, 0x7A, 0x8F, 0xE8, 0x3F, 0xAF, 0x5E, 0x68, 0x67, 0x48, 0x96, 0xC9, 0x24,  // 熟
    0x12, 0x0F, 0xFE, 0x73, 0x87, 0xE8, 0x7F, 0x84, 0xE8, 0x0F, 0xCF, 0xFC, 0x3F, 0x8F, 0xF8, 0x31, 0x83, 0x18,  // 薯
    0x21, 0x02, 0x18, 0x21, 0x03, 0xFC, 0x2F, 0xC0, 0xB0, 0xFF, 0xE3, 0xF8, 0x71, 0x8B, 0xF8, 0x3F, 0x82, 0x00,  // 暑
    0x00, 0x0F, 0xFC, 0xAF, 0x4A, 0xE4, 0xEF, 0xCA, 0x3C, 0xBF, 0xEA, 0x7C, 0xFC, 0xCA, 0x7C, 0x07, 0xC0, 0x44,  // 曙
    0x40, 0x85, 0xAC, 0x7E, 0xC4, 0xC8, 0x3F, 0x80, 0xF4, 0xFF, 0xC3, 0xF8, 0x71, 0x8B, 0xF8, 0x3F, 0x80, 0x00,  // 署
    0x40, 0xC5, 0xAC, 0x5A, 0xC7, 0xFC, 0x38, 0xC6, 0xAC, 0xFF, 0x42, 0xA4, 0x3E, 0x47, 0xFC, 0x43, 0xC0, 0x18,  // 蜀
    0x03, 0x07, 0xF0, 0xFF, 0xC1, 0xE0, 0x2D, 0x8D, 0xE4, 0x2F, 0xCF, 0xFC, 0x1E, 0x03, 0xF8, 0x5C, 0x80, 0x80,  // 黍
    0x10, 0x06, 0x78, 0x5F, 0x84, 0x18, 0x7F, 0x84, 0xD0, 0x7F, 0x04, 0xF0, 0x7F, 0x85, 0xA8, 0xEC, 0xCC, 0x86,  // 鼠
    0x40, 0x04, 0x0C, 0x7F, 0xC4, 0x38, 0x5E, 0x85, 0xF8, 0x5F, 0x87, 0x6C, 0xF7, 0x4B, 0xFC, 0xB1, 0xC2, 0x0C,  // 属
    0x0C, 0x00, 0xF0, 0x0D, 0x8F, 0xFC, 0x1E, 0x01, 0xE0, 0x3F, 0x02, 0xD0, 0x4D, 0xC8, 0xCC, 0x0C, 0x00, 0x80,  // 术
    0x02, 0x04, 0x38, 0x62, 0xC3, 0xFC, 0x0E, 0x0E, 0xF0, 0x4A, 0x85, 0x2C, 0x62, 0x46, 0x60, 0xBF, 0xE0, 0xFC,  // 述
    0x40, 0x84, 0x08, 0x5E, 0x8F, 0x7E, 0x54, 0x8E, 0xE8, 0xFF, 0x8D, 0xD8, 0x54, 0x87, 0x08, 0x43, 0x84, 0x18,  // 树
    0x0C, 0x00, 0xC4, 0x8C, 0x04, 0xC8, 0x6D, 0x84, 0xC8, 0x7F, 0x85, 0xE8, 0x3F, 0x06, 0xDC, 0xCC, 0xC0, 0x80,  // 束
    0x04, 0x00, 0x58, 0x04, 0xC7, 0xFC, 0x44, 0x86, 0x78, 0x77, 0x85, 0xB0, 0x43, 0x2C, 0x72, 0x98, 0xE0, 0x06,  // 戍
    0x30, 0x0F, 0xF8, 0xF5, 0x8F, 0x70, 0xF7, 0x0F, 0x9C, 0x3C, 0x0F, 0xF8, 0x23, 0x01, 0x20, 0x14, 0x4F, 0xFC,  // 竖
    0x00, 0x0F, 0xFC, 0xF9, 0x8E, 0x9C, 0xFB, 0xEF, 0xDC, 0x31, 0x8F, 0xF0, 0x0C, 0x87, 0xF8, 0x0C, 0x4F, 0xFE,  // 墅
    0x04, 0x04, 0x44, 0x7F, 0xC4, 0x90, 0x49, 0x46, 0x90, 0x49, 0x04, 0xF0, 0x49, 0x0E, 0xAC, 0xAF, 0x46, 0x04,  // 庶
    0x21, 0x0E, 0xB0, 0xFA, 0x4F, 0xFC, 0x7E, 0x8A, 0xE8, 0x23, 0x8F, 0xB0, 0x5B, 0x07, 0x38, 0x7C, 0xC9, 0x80,  // 数
    0x09, 0x8C, 0x98, 0x7F, 0x03, 0xDE, 0xFF, 0xC7, 0xF8, 0x7D, 0x8D, 0xD8, 0xDF, 0xCA, 0x94, 0xCA, 0x68, 0xC4,  // 漱
    0x20, 0x02, 0x24, 0xFE, 0xC6, 0xA4, 0x5A, 0x47, 0xBC, 0x3E, 0x4C, 0x20, 0x3C, 0x85, 0x54, 0xD1, 0x49, 0xF0,  // 恕
    0x00, 0x47, 0xC4, 0x45, 0x47, 0xD4, 0x59, 0x47, 0xD4, 0xFD, 0x4F, 0x54, 0xF5, 0x4F, 0xC4, 0x1D, 0xC1, 0x0C,  // 刷
    0x00, 0x4F, 0xFC, 0x7F, 0x85, 0xE8, 0x56, 0x85, 0xB8, 0x58, 0x4F, 0xFE, 0x36, 0x01, 0xE0, 0x3B, 0x8C, 0x08,  // 耍
    0x42, 0x04, 0x34, 0x76, 0xCF, 0x7C, 0x4F, 0x86, 0x68, 0xDF, 0xCF, 0x78, 0x7F, 0xE4, 0x20, 0xC2, 0x04, 0x20,  // 摔
    0x08, 0x00, 0xC4, 0x21, 0x03, 0xF8, 0x21, 0xCF, 0xFC, 0x3F, 0x03, 0xD8, 0x33, 0x07, 0x30, 0x9D, 0xE1, 0x04,  // 衰
    0x40, 0x86, 0xD8, 0x4C, 0x87, 0xF8, 0x4C, 0x84, 0xC8, 0x7F, 0x84, 0xC8, 0x4F, 0x88, 0xD4, 0x0F, 0xE0, 0x00,  // 甩
    0x01, 0x03, 0x30, 0xF3, 0x4F, 0xFC, 0xFF, 0x4F, 0xF4, 0xFF, 0x4F, 0xF4, 0xEF, 0xC2, 0xBC, 0x43, 0x08, 0x30,  // 帅
    0x42, 0x04, 0x70, 0x55, 0x0F, 0xD8, 0x48, 0xEF, 0xFC, 0xF2, 0x0C, 0x2C, 0x4B, 0x04, 0x20, 0x62, 0x44, 0x00,  // 栓
    0x42, 0x04, 0x60, 0x55, 0x0F, 0xC8, 0x58, 0xE7, 0xF0, 0xE2, 0x0C, 0xF8, 0x42, 0x04, 0x20, 0xDF, 0xCC, 0x00,  // 拴
    0x01, 0x86, 0xCC, 0xFF, 0xCB, 0xF8, 0x7F, 0x02, 0x78, 0xFC, 0x86, 0x78, 0x7C, 0x8A, 0xC8, 0x27, 0x82, 0x40,  // 霜
    0x00, 0x0F, 0xFC, 0x14, 0xC9, 0x48, 0x54, 0x87, 0x38, 0x23, 0x07, 0x30, 0x53, 0x89, 0x4C, 0x18, 0xE0, 0x00,  // 双
    0x0C, 0x00, 0xCC, 0xFF, 0xC7, 0xF8, 0x7B, 0x89, 0xCC, 0x6F, 0x86, 0xF8, 0x9A, 0x41, 0x30, 0x61, 0xCC, 0x04,  // 爽
    0x04, 0x04, 0xD0, 0x4B, 0xC1, 0xB0, 0xFB, 0x46, 0xFC, 0x49, 0x05, 0xFC, 0x69, 0x06, 0x94, 0x4F, 0xE0, 0x80,  // 谁
    0x0C, 0x00, 0xC0, 0x0C, 0x81, 0xD8, 0xFF, 0x03, 0xE0, 0x2E, 0x02, 0xD0, 0x4D, 0x8C, 0xCE, 0x1C, 0x40, 0x80,  // 水
    0x00, 0x8E, 0xF8, 0xA2, 0x0B, 0xFC, 0xEA, 0x8A, 0xFC, 0xBF, 0x8E, 0xA8, 0xBF, 0xCE, 0x20, 0xA2, 0xC8, 0x00,  // 睡
    0x00, 0x8F, 0x48, 0x67, 0x07, 0xFC, 0xFC, 0xC6, 0xCC, 0x7F, 0xCF, 0xF0, 0x67, 0x06, 0x50, 0x6D, 0x67, 0x1C,  // 税
    0x02, 0x0A, 0x70, 0xF4, 0x8B, 0x8C, 0xBF, 0xCB, 0x50, 0xB5, 0x0F, 0x50, 0x8D, 0x00, 0x94, 0x11, 0xE6, 0x1C,  // 吮
    0x00, 0x8E, 0xF8, 0xAA, 0x8A, 0xF8, 0xFF, 0xEB, 0x8C, 0xAF, 0xCB, 0x78, 0xBF, 0xCE, 0xA8, 0xB0, 0x8A, 0x08,  // 瞬
    0x00, 0x0F, 0xFC, 0xFF, 0x4F, 0xFC, 0xFD, 0x4F, 0xD4, 0xFD, 0x4F, 0xD4, 0xBF, 0x49, 0xAC, 0x1C, 0x40, 0x80,  // 顺
    0x03, 0x87, 0xF8, 0x25, 0x07, 0x74, 0xE1, 0xCA, 0x14, 0x7F, 0xC7, 0xD0, 0xB7, 0xC3, 0x50, 0x61, 0x08, 0x10,  // 舜
    0x08, 0x86, 0xD8, 0x65, 0x00, 0xFC, 0xC8, 0x84, 0x88, 0x4F, 0x84, 0xF0, 0x57, 0x06, 0xF4, 0x4B, 0xE3, 0x1C,  // 说
    0x10, 0x4F, 0xFC, 0x42, 0x04, 0x7C, 0xF7, 0xCD, 0x7C, 0xD7, 0xC5, 0x6C, 0x7F, 0x47, 0x68, 0x4C, 0xC1, 0x00,  // 硕
    0x08, 0x05, 0x3C, 0x5E, 0x4F, 0xE4, 0xAB, 0xCA, 0xA4, 0xAA, 0x4F, 0xBC, 0x22, 0x46, 0x44, 0xCC, 0xC1, 0x04,  // 朔
    0x40, 0x06, 0xFC, 0x7E, 0x07, 0xB0, 0xEB, 0x0E, 0xB4, 0x4B, 0x06, 0x78, 0x7F, 0xC5, 0xB6, 0x97, 0x40, 0x30,  // 烁
    0x58, 0x05, 0xBC, 0xFE, 0x05, 0xA0, 0x5B, 0xE7, 0xAC, 0x5A, 0x8F, 0xE8, 0x72, 0x84, 0xC8, 0x8C, 0x80, 0x08,  // 斯
    0x54, 0x05, 0x5C, 0x7F, 0x0F, 0x50, 0x5D, 0xE7, 0x5C, 0xD5, 0xC7, 0xFC, 0x5F, 0xC5, 0x6C, 0xE6, 0xCC, 0x04,  // 撕
    0x14, 0x01, 0x5C, 0xFF, 0x0D, 0x50, 0xDD, 0x4D, 0xDC, 0xDD, 0x8F, 0xF8, 0xDA, 0x83, 0x68, 0x26, 0x84, 0x88,  // 嘶
    0x00, 0x07, 0xF8, 0x4C, 0x87, 0xF8, 0x4C, 0x86, 0xC8, 0x7F, 0x82, 0xC8, 0x74, 0xCB, 0x56, 0xB3, 0x01, 0xF0,  // 思
    0x18, 0x0F, 0x98, 0x21, 0x02, 0xD0, 0xFF, 0x07, 0x20, 0x7A, 0x0E, 0xA8, 0xA4, 0xC2, 0x7C, 0x26, 0x42, 0x00,  // 私
    0x00, 0x07, 0xFC, 0x00, 0xCF, 0xFC, 0x00, 0xC7, 0xEC, 0x64, 0xC6, 0x4C, 0x7C, 0xC6, 0x4C, 0x03, 0xC0, 0x08,  // 司
    0x01, 0x03, 0x10, 0x23, 0x05, 0xAC, 0xDF, 0x8F, 0x70, 0x23, 0x04, 0x20, 0xFF, 0x80, 0x00, 0x00, 0xC0, 0x00,  // 丝
    0x00, 0x4F, 0xFC, 0x22, 0x02, 0x20, 0x7E, 0xC4, 0xB8, 0xFA, 0x0B, 0x20, 0x32, 0x42, 0x24, 0xC3, 0xE0, 0x00,  // 死
    0x02, 0x0F, 0x3C, 0x87, 0xCF, 0xFE, 0x93, 0xCF, 0xFC, 0xD2, 0x0C, 0xFC, 0xE2, 0x4B, 0xFC, 0xF2, 0x00, 0x20,  // 肆
    0x0C, 0x00, 0xC0, 0x7F, 0x80, 0xC0, 0x0C, 0x40, 0x30, 0x03, 0x4F, 0xFC, 0x33, 0x01, 0x30, 0x03, 0x00, 0x20,  // 寺
    0x00, 0x4D, 0xA4, 0xC8, 0xCF, 0xFC, 0xC8, 0x4F, 0xFC, 0xDF, 0xCF, 0xFC, 0xFF, 0xCF, 0xC4, 0xD8, 0xC8, 0x8C,  // 嗣
    0x00, 0x0F, 0xFC, 0xD6, 0xCD, 0x6C, 0xD6, 0xCD, 0x6C, 0xD6, 0xCE, 0x3C, 0xC0, 0xCF, 0xFC, 0xC0, 0xC0, 0x00,  // 四
    0x20, 0x02, 0xFC, 0x60, 0x45, 0xF4, 0xC0, 0x4D, 0xF4, 0x5A, 0x45, 0xA4, 0x5E, 0x45, 0x84, 0x41, 0xC4, 0x08,  // 伺
    0x20, 0x02, 0x0C, 0x7E, 0xC5, 0xAC, 0xDA, 0xCD, 0x88, 0x58, 0x85, 0xA8, 0x5D, 0x85, 0x9C, 0x56, 0x45, 0x84,  // 似
    0x40, 0x04, 0xFC, 0x70, 0x4F, 0xFC, 0xE0, 0x4C, 0xF4, 0x49, 0x44, 0xB4, 0x4F, 0x47, 0x84, 0x61, 0xC4, 0x0C,  // 饲
    0x00, 0x07, 0xF8, 0x41, 0x84, 0x18, 0x41, 0x87, 0xF8, 0x40, 0x04, 0x04, 0x40, 0x46, 0x04, 0x7F, 0xC0, 0x00,  // 巳
    0x40, 0x06, 0x50, 0x65, 0x0F, 0xD0, 0x68, 0x87, 0xAC, 0xF2, 0x4F, 0x60, 0x65, 0x06, 0xC8, 0x7F, 0xC4, 0x08,  // 松
    0x22, 0x02, 0x30, 0x7D, 0x04, 0xCC, 0x98, 0xC7, 0xF8, 0x3F, 0x02, 0x30, 0x3F, 0x02, 0x3C, 0xFB, 0x00, 0x30,  // 耸
    0x22, 0x03, 0x20, 0x22, 0x02, 0x30, 0x33, 0x05, 0xD8, 0x4C, 0xC9, 0x84, 0x2C, 0x8A, 0x54, 0xB3, 0x43, 0xF0,  // 怂
    0x00, 0x66, 0x30, 0x52, 0x09, 0x7C, 0xBD, 0x46, 0x54, 0x65, 0x47, 0x54, 0xF7, 0x4F, 0x38, 0x04, 0xC1, 0x84,  // 颂
    0x00, 0x04, 0xD8, 0x6D, 0x01, 0xFC, 0x06, 0x0E, 0x64, 0x5F, 0xC4, 0x70, 0x45, 0x87, 0x88, 0xBF, 0xE0, 0xFC,  // 送
    0x08, 0x04, 0xC4, 0xFF, 0xC8, 0xC8, 0x0C, 0x4F, 0xFC, 0x1E, 0x03, 0xE0, 0x6D, 0x84, 0xCC, 0x8C, 0x00, 0x80,  // 宋
    0x00, 0x06, 0x50, 0x6D, 0x00, 0xD8, 0x48, 0xC5, 0x2E, 0x52, 0x44, 0x60, 0x55, 0x06, 0xC8, 0xCF, 0xC4, 0x88,  // 讼
    0x00, 0xC5, 0xFC, 0x43, 0x01, 0xFC, 0xDA, 0x45, 0xBC, 0x5A, 0x45, 0xB4, 0x5A, 0x47, 0xA4, 0x5B, 0xC0, 0x28,  // 诵
    0x42, 0x04, 0xFC, 0x5A, 0xCF, 0xEC, 0x5A, 0xC7, 0xFC, 0xCA, 0x85, 0xF8, 0x45, 0x84, 0x70, 0xC7, 0xCF, 0x0C,  // 搜
    0x21, 0x06, 0xF4, 0xF9, 0x4F, 0xFC, 0xFF, 0x4F, 0xF4, 0xDB, 0x4F, 0xFC, 0xF2, 0x89, 0x38, 0xF3, 0xC3, 0xC4,  // 艘
    0x48, 0x85, 0xF8, 0x5F, 0x0F, 0xFE, 0x5F, 0xC7, 0xBC, 0xE9, 0x87, 0xF8, 0x55, 0x85, 0xDC, 0xDE, 0x66, 0x40,  // 擞
    0x08, 0x80, 0x98, 0xFD, 0x0F, 0xFE, 0xFF, 0xCF, 0xF8, 0xFD, 0x8D, 0xD8, 0x9F, 0x82, 0xBC, 0x4A, 0x40, 0xC4,  // 嗽
    0x33, 0x03, 0x36, 0x33, 0x03, 0xA0, 0x0D, 0x01, 0xB0, 0x49, 0x85, 0x94, 0xDB, 0x63, 0x34, 0x6E, 0x08, 0x40,  // 苏
    0x08, 0xCF, 0xF8, 0x79, 0x0F, 0x94, 0xFF, 0xCF, 0xB8, 0xDB, 0x89, 0xDC, 0xFD, 0x69, 0x90, 0xF9, 0x08, 0x10,  // 酥
    0x24, 0x02, 0xC8, 0x6A, 0xC5, 0x60, 0xE5, 0x0C, 0x8C, 0x58, 0xC6, 0xF8, 0x48, 0x84, 0x88, 0x4F, 0x84, 0x88,  // 俗
    0x0C, 0x07, 0xFC, 0x0C, 0x87, 0xF8, 0xFF, 0xE1, 0xB0, 0x3E, 0x03, 0xB8, 0x7E, 0x83, 0xD8, 0x5C, 0x88, 0x80,  // 素
    0x02, 0x04, 0x64, 0x7F, 0xC1, 0xE8, 0x1E, 0x8D, 0xE8, 0x5E, 0x84, 0xF0, 0x5A, 0xC6, 0x60, 0xBF, 0xE0, 0xFC,  // 速
    0x00, 0x4F, 0xFC, 0x7F, 0x85, 0xA8, 0x7F, 0x84, 0xD8, 0x3F, 0x0F, 0xFE, 0x1E, 0x02, 0xF8, 0xCC, 0xE0, 0xC0,  // 粟
    0x20, 0x47, 0xFC, 0x5F, 0xC5, 0x7C, 0xD7, 0xCD, 0xFC, 0x4B, 0x84, 0xF4, 0x7F, 0xC4, 0xF8, 0x52, 0xE4, 0x20,  // 僳
    0x48, 0x05, 0x3C, 0xFE, 0x4E, 0xBC, 0xEA, 0x4F, 0xFC, 0x24, 0xC4, 0xDC, 0x9C, 0x87, 0xF8, 0x0C, 0x4F, 0xFC,  // 塑
    0x04, 0x05, 0xDC, 0x7F, 0x4B, 0xD4, 0xFD, 0xC7, 0xD4, 0x7D, 0xCF, 0xF4, 0xDB, 0x4D, 0x24, 0xE6, 0xC4, 0x84,  // 溯
    0x0C, 0x07, 0xFC, 0xE0, 0xCB, 0x0C, 0x66, 0x06, 0xE8, 0xEF, 0x8E, 0x88, 0x6F, 0x86, 0x88, 0x6F, 0x86, 0x88,  // 宿
    0x00, 0x86, 0xFC, 0x28, 0x00, 0x84, 0xEF, 0xC4, 0x90, 0x4B, 0x05, 0x9C, 0x69, 0x47, 0x10, 0x71, 0x02, 0x10,  // 诉
    0x08, 0x07, 0xF8, 0x0D, 0xCF, 0xFC, 0x0D, 0x86, 0xD8, 0x4C, 0x85, 0xE8, 0x7A, 0x86, 0xB8, 0xA8, 0x80, 0x88,  // 肃
    0x03, 0x0F, 0x28, 0x66, 0xCF, 0xF4, 0xF6, 0xCF, 0xE4, 0xBB, 0xC9, 0x6C, 0xFF, 0x89, 0xB0, 0xF6, 0xE9, 0x84,  // 酸
    0x12, 0x0F, 0xFE, 0x12, 0x01, 0x28, 0x7F, 0x80, 0x04, 0xFF, 0xE7, 0x78, 0xFD, 0xCA, 0xD6, 0x6B, 0x06, 0x30,  // 蒜
    0x22, 0x06, 0xFC, 0xF5, 0x0B, 0xD0, 0x3F, 0x02, 0x10, 0x3F, 0x07, 0xF0, 0xFB, 0xE3, 0x30, 0x23, 0x0C, 0x20,  // 算
    0x00, 0x03, 0xF8, 0x21, 0x83, 0xF8, 0x2C, 0x07, 0xF8, 0x4C, 0x84, 0xC8, 0x7F, 0x80, 0xD8, 0xFF, 0xCE, 0x04,  // 虽
    0x04, 0x0F, 0x44, 0xAF, 0xCA, 0xF8, 0xDB, 0x4B, 0x8C, 0xBF, 0xCF, 0xFC, 0xEC, 0xC8, 0xCC, 0x8D, 0xC8, 0x88,  // 隋
    0x01, 0x0F, 0x34, 0xBF, 0xCC, 0xA0, 0xC7, 0xCF, 0xBC, 0xAA, 0xCA, 0xBC, 0xEA, 0xC9, 0xAC, 0xBE, 0xCA, 0x3C,  // 随
    0x00, 0x86, 0x7C, 0x4A, 0x4B, 0xAC, 0xEA, 0x8E, 0x20, 0x46, 0x4F, 0x58, 0xCD, 0x07, 0x70, 0xC7, 0x83, 0x84,  // 绥
    0x01, 0x0F, 0xFE, 0xFF, 0x4F, 0x3C, 0xFF, 0xEF, 0x3C, 0xDF, 0xCF, 0xFC, 0xFE, 0x4D, 0xEC, 0xFF, 0xEA, 0x1C,  // 髓
    0x02, 0x0F, 0x34, 0x4F, 0xC4, 0x48, 0xED, 0x8F, 0xF4, 0xFB, 0x4F, 0x34, 0xFF, 0xCF, 0x30, 0xC3, 0x00, 0x20,  // 碎
    0x04, 0x04, 0x4C, 0x44, 0xC7, 0xFC, 0x48, 0x01, 0x88, 0x3F, 0x83, 0x90, 0x4A, 0x08, 0xE0, 0x18, 0x0E, 0x00,  // 岁
    0x03, 0x0F, 0xFE, 0x6B, 0x47, 0xFC, 0x6F, 0xC6, 0xFC, 0xFF, 0xCF, 0xFC, 0xEA, 0x06, 0xFC, 0x74, 0xE6, 0x78,  // 穗
    0x09, 0x0C, 0xD0, 0x5F, 0xC0, 0x60, 0x0C, 0xCF, 0x70, 0x4B, 0x87, 0x7C, 0x4B, 0x45, 0x70, 0xBF, 0xC0, 0xFC,  // 遂
    0x04, 0x8E, 0x68, 0xBF, 0xCD, 0x20, 0xC6, 0xCF, 0xB8, 0xBD, 0x8F, 0xBC, 0xD5, 0x49, 0xB0, 0xBF, 0xC8, 0x1C,  // 隧
    0x0C, 0x04, 0xC8, 0x7F, 0x84, 0xC8, 0xCC, 0xC4, 0x18, 0x7F, 0x80, 0x04, 0xAF, 0x06, 0xD8, 0xDC, 0xC0, 0x80,  // 祟
    0x01, 0x0F, 0x90, 0x11, 0x02, 0x10, 0x27, 0x87, 0x5C, 0xED, 0x4A, 0x94, 0x39, 0x63, 0x10, 0xE7, 0x04, 0x20,  // 孙
    0x20, 0x02, 0x7C, 0x34, 0x4F, 0xFC, 0x2C, 0x43, 0xFC, 0xED, 0x4A, 0xD4, 0x2F, 0x42, 0xBC, 0xE6, 0xC7, 0x86,  // 损
    0x62, 0x07, 0xFC, 0xE5, 0x0B, 0x90, 0x7F, 0x01, 0x94, 0xFF, 0xC1, 0x10, 0xFF, 0x03, 0x00, 0x60, 0x08, 0x00,  // 笋
    0x12, 0x0F, 0xFE, 0x1E, 0x0F, 0xFC, 0x3F, 0x02, 0x14, 0xFF, 0xC3, 0xF0, 0x35, 0x87, 0x30, 0x9D, 0xC1, 0x04,  // 蓑
    0x42, 0x04, 0x60, 0x4D, 0xCF, 0xF4, 0x65, 0x8F, 0xCC, 0xDF, 0xC4, 0xD8, 0x5B, 0x05, 0x30, 0x47, 0xC5, 0x84,  // 梭
    0x02, 0x08, 0x70, 0xEC, 0xCB, 0xFC, 0xAD, 0x8A, 0xCC, 0xBF, 0xCE, 0xD8, 0xBB, 0x0B, 0x30, 0x07, 0xE3, 0x84,  // 唆
    0x42, 0x04, 0xFC, 0xF8, 0x4B, 0xCC, 0xE9, 0x05, 0x94, 0xFF, 0xCF, 0xE4, 0x0F, 0xCF, 0xE4, 0x8F, 0xC0, 0xC4,  // 缩
    0x01, 0x01, 0xF4, 0xE7, 0x84, 0x7C, 0x4F, 0xCF, 0xF4, 0x4F, 0x44, 0xF4, 0x7E, 0x4E, 0x78, 0x8C, 0xE1, 0x82,  // 琐
    0x0C, 0x04, 0xD8, 0x0C, 0x0F, 0xFC, 0x98, 0x4B, 0x70, 0x3E, 0x03, 0xB0, 0x7F, 0x83, 0xD0, 0xCC, 0x80, 0x80,  // 索
    0x61, 0x05, 0xD4, 0xF5, 0x88, 0x7C, 0xFF, 0xC4, 0x54, 0xFF, 0x44, 0x74, 0x4F, 0x47, 0x78, 0x66, 0xC5, 0x84,  // 锁
    0x00, 0x07, 0xFC, 0x46, 0x05, 0x60, 0x5F, 0xE5, 0x78, 0x74, 0x85, 0x48, 0xC4, 0x88, 0xC8, 0x98, 0x82, 0x08,  // 所
    0x40, 0x04, 0xCC, 0x4F, 0xC7, 0xCC, 0xFF, 0xC5, 0xFC, 0x57, 0x47, 0xFC, 0xEE, 0xC9, 0xF4, 0x0E, 0xC0, 0x4C,  // 塌
    0x22, 0x02, 0x20, 0x6A, 0x05, 0xBC, 0xDE, 0xCF, 0xAC, 0x5A, 0xC5, 0xB8, 0x5A, 0x85, 0xA4, 0x4F, 0xE4, 0xF8,  // 他
    0x08, 0x00, 0xC0, 0xFF, 0xC8, 0x08, 0xB0, 0x02, 0x30, 0x27, 0x03, 0x80, 0x20, 0x02, 0x08, 0x31, 0xC1, 0xF8,  // 它
    0x40, 0x06, 0x30, 0x4F, 0x0F, 0xFC, 0x5F, 0xC7, 0xFC, 0xFF, 0xCE, 0xFC, 0xEF, 0xC6, 0xE4, 0x5E, 0xE0, 0x7C,  // 她
    0x45, 0x04, 0xDC, 0x5F, 0xC4, 0x70, 0xF7, 0x04, 0xDC, 0x5F, 0xE4, 0x08, 0x6F, 0x8C, 0x88, 0x0F, 0x80, 0x88,  // 塔
    0x29, 0x0E, 0xDC, 0xFF, 0xCC, 0xEC, 0xDF, 0xC7, 0xFC, 0xFF, 0xCD, 0xBC, 0x5F, 0xC6, 0x9C, 0xCB, 0x64, 0xC0,  // 獭
    0x41, 0x04, 0x90, 0x79, 0x0F, 0xFC, 0x61, 0x07, 0x90, 0xC9, 0x0C, 0xAC, 0x4A, 0x44, 0xC4, 0xF7, 0xCC, 0x1C,  // 挞
    0x14, 0x4F, 0x4C, 0xD7, 0xCD, 0x4C, 0xF7, 0xCA, 0xFC, 0xFB, 0x4E, 0x6C, 0xF7, 0xCF, 0xB4, 0xC6, 0xC0, 0x6C,  // 蹋
    0x01, 0x0F, 0x34, 0xBF, 0xCB, 0x58, 0xFD, 0xCE, 0xB6, 0xFA, 0x4E, 0xFC, 0xEF, 0xCF, 0x84, 0xCF, 0xC0, 0x84,  // 踏
    0x01, 0x0F, 0x30, 0xD2, 0x8D, 0x4C, 0xFF, 0xED, 0xC6, 0xF4, 0xCF, 0x4C, 0x94, 0x49, 0x44, 0xB7, 0xC3, 0x44,  // 胎
    0x12, 0x03, 0x34, 0xBB, 0x03, 0xE0, 0x1B, 0x06, 0x38, 0xF8, 0xC7, 0xF8, 0x61, 0x86, 0x10, 0x7F, 0x82, 0x10,  // 苔
    0x23, 0x06, 0x20, 0x66, 0x8F, 0xCC, 0x6F, 0xE7, 0xC2, 0xE8, 0xCE, 0xCC, 0x6C, 0xC6, 0xCC, 0xEF, 0xC4, 0xC8,  // 抬
    0x0C, 0x01, 0x80, 0x13, 0x02, 0x18, 0xFF, 0xCE, 0x04, 0x01, 0x87, 0xF8, 0x61, 0x86, 0x18, 0x7F, 0x86, 0x10,  // 台
    0x08, 0x00, 0xC8, 0xFF, 0x87, 0xF8, 0x10, 0x4F, 0xFC, 0x2D, 0x06, 0xFC, 0x9E, 0x43, 0xF0, 0x6D, 0x81, 0x80,  // 泰
    0x03, 0x0F, 0xB0, 0x73, 0x0F, 0xFE, 0xFB, 0x0F, 0xB0, 0xDA, 0x88, 0xA8, 0xFA, 0x88, 0xDC, 0xF8, 0x68, 0x00,  // 酞
    0x0C, 0x00, 0x80, 0x08, 0x0F, 0xFC, 0x0C, 0x00, 0xA0, 0x1A, 0x01, 0x30, 0x39, 0x06, 0x5C, 0xC4, 0xE0, 0x00,  // 太
    0x08, 0x00, 0x80, 0xFF, 0xC1, 0xA0, 0x12, 0x02, 0xD8, 0xC4, 0xE2, 0x80, 0x74, 0xCF, 0x54, 0xB1, 0x41, 0xF0,  // 态
    0x06, 0x06, 0x60, 0x26, 0x09, 0xFC, 0xE6, 0x06, 0x60, 0x45, 0x04, 0xD0, 0xCD, 0x8D, 0xE8, 0xF2, 0xE4, 0x04,  // 汰
    0x40, 0x04, 0xFC, 0x48, 0x87, 0xA8, 0xFB, 0x84, 0xEE, 0x4C, 0xC4, 0x88, 0xE8, 0x89, 0x88, 0x13, 0x82, 0x18,  // 坍
    0x42, 0x04, 0x38, 0x5E, 0xCE, 0xF8, 0x5E, 0x87, 0xFC, 0xDA, 0x8D, 0xFC, 0x6E, 0x86, 0x28, 0xC3, 0xE4, 0x60,  // 摊
    0x0C, 0x01, 0xE0, 0x3B, 0xC6, 0xDE, 0xBF, 0x00, 0x70, 0x3F, 0x02, 0xD0, 0x29, 0x02, 0xD0, 0x33, 0x8E, 0x08,  // 贪
    0x04, 0x07, 0xFE, 0x43, 0x0F, 0xFC, 0xEF, 0xC7, 0xFC, 0xDF, 0xC5, 0xBC, 0x5B, 0xC6, 0xF8, 0x87, 0xE0, 0x60,  // 瘫
    0x03, 0x0C, 0x28, 0x7E, 0xE2, 0xF8, 0xBE, 0x85, 0xFE, 0x5E, 0x85, 0xFE, 0xEE, 0x8E, 0xE8, 0xC7, 0xE0, 0x60,  // 滩
    0x40, 0x04, 0xF8, 0x40, 0x04, 0x00, 0xF0, 0x45, 0xFC, 0x46, 0x04, 0x60, 0x7D, 0x0E, 0x88, 0x9F, 0xC1, 0x8C,  // 坛
    0x42, 0x05, 0xFE, 0x7F, 0xCF, 0xFC, 0x4D, 0xCF, 0xFC, 0xDF, 0xC4, 0xF8, 0x4F, 0x84, 0xF8, 0x48, 0xC5, 0x00,  // 檀
    0x04, 0x03, 0xFC, 0x66, 0x0E, 0xF8, 0xF7, 0x06, 0xDC, 0xFE, 0xCC, 0x68, 0x57, 0x04, 0xD0, 0x99, 0xE6, 0x04,  // 痰
    0x00, 0x47, 0x74, 0x7F, 0xCB, 0x54, 0xF0, 0xC5, 0xF8, 0x4F, 0x8D, 0xF8, 0xCA, 0xCF, 0xFE, 0xC2, 0x00, 0x20,  // 潭
    0x00, 0x45, 0xFC, 0x5F, 0xC1, 0x54, 0xDF, 0xC4, 0xFC, 0x4F, 0x85, 0x88, 0x6A, 0xC7, 0xFE, 0x42, 0x00, 0x20,  // 谭
    0x02, 0x04, 0x2C, 0x6B, 0x81, 0xA0, 0x47, 0x84, 0xEC, 0x52, 0xC4, 0xB8, 0x5F, 0x06, 0x58, 0x48, 0xC3, 0x04,  // 谈
    0x40, 0x04, 0xFC, 0x48, 0x84, 0x88, 0xFF, 0x84, 0x88, 0x48, 0x84, 0x88, 0x7F, 0x8C, 0x80, 0x80, 0x60, 0x00,  // 坦
    0x12, 0x07, 0x2C, 0xC7, 0x04, 0xF0, 0x76, 0xCC, 0xB0, 0x53, 0x8F, 0xE0, 0x4B, 0x84, 0x4C, 0x7F, 0xE3, 0xF8,  // 毯
    0x40, 0x06, 0xFC, 0x7C, 0xC3, 0xCC, 0x7F, 0xC7, 0xCC, 0xEC, 0xC7, 0xCC, 0x5C, 0xC4, 0xC0, 0x40, 0x64, 0x00,  // 袒
    0x02, 0x0F, 0xBC, 0x4B, 0xC4, 0xFC, 0xE6, 0x4F, 0xF0, 0xEF, 0x4E, 0xFC, 0xFF, 0x8F, 0x28, 0xA4, 0xC1, 0x84,  // 碳
    0x40, 0x04, 0xFE, 0x5D, 0x4F, 0x48, 0x4A, 0xC7, 0x24, 0xDF, 0xEC, 0x70, 0x4A, 0x85, 0xAC, 0xF2, 0x44, 0x20,  // 探
    0x00, 0x0F, 0xFC, 0xB8, 0x8B, 0x48, 0xB5, 0x8B, 0x50, 0xB7, 0x0F, 0x20, 0x87, 0x00, 0xD8, 0x30, 0xC4, 0x00,  // 叹
    0x04, 0x06, 0xC8, 0x6C, 0x87, 0xF8, 0x30, 0x4B, 0x60, 0x24, 0x87, 0x78, 0x7F, 0x08, 0x90, 0x10, 0xC6, 0x04,  // 炭
    0x40, 0x86, 0xF8, 0x13, 0x09, 0x60, 0xEC, 0x42, 0xFC, 0x45, 0x44, 0xB4, 0xDA, 0x46, 0x4C, 0xDB, 0xC4, 0x18,  // 汤
    0x42, 0x05, 0xBC, 0x5B, 0x05, 0xF8, 0xFA, 0xC5, 0xFC, 0x5F, 0x85, 0xB8, 0xFF, 0x89, 0xC8, 0x2F, 0x84, 0xC8,  // 塘
    0x42, 0x04, 0x2C, 0x5F, 0x8F, 0xFC, 0x4A, 0xC7, 0xFC, 0xDF, 0x8D, 0x28, 0x5F, 0xC5, 0xC8, 0xEF, 0x8C, 0xC8,  // 搪
    0x08, 0x02, 0xD8, 0x3F, 0x0F, 0xFC, 0xA3, 0x8B, 0x30, 0x21, 0x03, 0xF0, 0x0C, 0x87, 0xF8, 0x0C, 0x4F, 0xFC,  // 堂
    0x08, 0x02, 0xD8, 0x2F, 0x4F, 0xFC, 0xBF, 0x82, 0x30, 0x3F, 0x0F, 0xFC, 0x1E, 0x02, 0xF8, 0xCC, 0xC0, 0x80,  // 棠
    0x02, 0x0F, 0xAC, 0xBF, 0x0B, 0xFE, 0xF8, 0xCB, 0xD8, 0xEC, 0x8E, 0xE8, 0xB2, 0xCA, 0xA0, 0xF2, 0x42, 0xFC,  // 膛
    0x04, 0x04, 0x4C, 0x7F, 0xC5, 0xF8, 0x44, 0xC7, 0xFE, 0x7F, 0x84, 0x48, 0x5F, 0x89, 0x08, 0x9F, 0x81, 0x08,  // 唐
    0x42, 0x04, 0xB4, 0xFF, 0xCE, 0xF8, 0xFB, 0xC5, 0xFC, 0x6F, 0x8F, 0xB8, 0xDF, 0x85, 0x48, 0x54, 0x86, 0x48,  // 糖
    0x22, 0x06, 0x24, 0x4A, 0xC4, 0xB8, 0xDF, 0xCD, 0x04, 0x57, 0x45, 0x54, 0x55, 0x45, 0x54, 0x51, 0xC5, 0x0C,  // 倘
    0x21, 0x06, 0xB4, 0xF7, 0xCF, 0x78, 0xFF, 0xEF, 0x84, 0x9F, 0xCF, 0xFC, 0x7F, 0xCD, 0xF4, 0xB8, 0xC2, 0x8C,  // 躺
    0x02, 0x04, 0x2C, 0x4A, 0x8A, 0xF0, 0xFF, 0xC7, 0x04, 0x57, 0x45, 0x54, 0xD5, 0x4D, 0x54, 0xD1, 0xC5, 0x0C,  // 淌
    0x22, 0x06, 0xBC, 0xF7, 0x86, 0x70, 0x7F, 0xCF, 0xFC, 0xEF, 0x4F, 0xF4, 0xEF, 0x4E, 0x8C, 0x3F, 0xE0, 0xFC,  // 趟
    0x00, 0x86, 0xB8, 0xD6, 0x06, 0xFC, 0x2F, 0x4D, 0xEC, 0x5D, 0x86, 0xD8, 0x2D, 0x85, 0xA0, 0x33, 0xCC, 0x0C,  // 烫
    0x44, 0x04, 0xC4, 0x6F, 0xEF, 0xC4, 0x5F, 0x46, 0xAC, 0xDF, 0xCC, 0xBC, 0x4B, 0xC4, 0xF4, 0xC1, 0xC4, 0x08,  // 掏
    0x02, 0x04, 0x64, 0x7F, 0xCA, 0x6C, 0xE4, 0x07, 0xFE, 0x49, 0x8D, 0xFE, 0xD9, 0x8E, 0x58, 0xC7, 0x80, 0x10,  // 涛
    0x00, 0xC7, 0xF4, 0x3A, 0x4A, 0xA8, 0xE4, 0x03, 0xDC, 0x58, 0x4D, 0xFC, 0x58, 0x45, 0x84, 0x5F, 0xC1, 0x04,  // 滔
    0x04, 0x06, 0x48, 0x4D, 0x8B, 0xF0, 0xF3, 0x04, 0xDC, 0xDA, 0xCF, 0xFC, 0x0A, 0x0F, 0xA8, 0x92, 0x40, 0x60,  // 绦
    0x12, 0x0F, 0xFC, 0x32, 0x07, 0x6C, 0x72, 0xCB, 0xEC, 0x49, 0xCF, 0xFC, 0x6A, 0xC7, 0xAC, 0x07, 0x80, 0x18,  // 萄
    0x45, 0x04, 0x50, 0x45, 0x0F, 0x5C, 0x4D, 0x8E, 0xD0, 0xE5, 0x85, 0xDC, 0x4D, 0x04, 0x94, 0x59, 0xE6, 0x08,  // 桃
    0x00, 0x04, 0x70, 0x67, 0x41, 0xFC, 0x1F, 0x0E, 0xF8, 0x7F, 0xC6, 0xF4, 0x4B, 0x47, 0x1C, 0xFF, 0xE8, 0xFC,  // 逃
    0x08, 0x04, 0x84, 0x7F, 0xC3, 0xC4, 0xBF, 0x4F, 0x44, 0x5F, 0xC5, 0x54, 0xD5, 0x45, 0xF4, 0xC1, 0xC4, 0x18,  // 淘
    0x04, 0x0F, 0xC4, 0xEF, 0xEF, 0xC4, 0xDF, 0x4E, 0xAC, 0xFF, 0xCF, 0xBC, 0xEB, 0xCC, 0xF4, 0xC1, 0xC8, 0x08,  // 陶
    0x00, 0x86, 0x18, 0x61, 0x81, 0xFE, 0xE1, 0x84, 0x98, 0x45, 0x84, 0x58, 0x51, 0x86, 0x18, 0x43, 0x80, 0x10,  // 讨
    0x08, 0x01, 0x8C, 0x1A, 0x03, 0x30, 0x7F, 0xCF, 0x34, 0x31, 0x03, 0xF0, 0xFF, 0xC1, 0x20, 0x7F, 0x82, 0x08,  // 套
    0x22, 0x0E, 0x20, 0xEF, 0xCF, 0x20, 0xF2, 0x47, 0x18, 0x61, 0xCE, 0xFC, 0x6D, 0x06, 0x50, 0x63, 0x06, 0x10,  // 特
    0x12, 0x0F, 0xFC, 0x12, 0x0F, 0xB8, 0xFF, 0x8F, 0x64, 0xFF, 0xCE, 0xAC, 0xFF, 0xEA, 0xF8, 0xAA, 0x82, 0x60,  // 藤
    0x02, 0x0F, 0xA8, 0xAF, 0x0E, 0xFC, 0xBF, 0xCA, 0xD8, 0xFD, 0xEB, 0xD0, 0xAF, 0xCB, 0xFC, 0xE0, 0x82, 0x18,  // 腾
    0x04, 0x06, 0xEC, 0x6C, 0x0E, 0xF8, 0xFD, 0x87, 0x70, 0xE7, 0x0D, 0xDE, 0x66, 0x04, 0x20, 0x8F, 0x00, 0x30,  // 疼
    0x08, 0x02, 0xB0, 0xFF, 0x8F, 0xFC, 0x3B, 0x06, 0xDE, 0xFF, 0x43, 0xF0, 0x7F, 0x07, 0xF0, 0x61, 0x06, 0x10,  // 誊
    0x60, 0x86, 0x58, 0x7F, 0xCF, 0x34, 0x6F, 0xC7, 0xB4, 0xFF, 0xEE, 0xF6, 0x67, 0x46, 0xBC, 0x73, 0x06, 0x30,  // 梯
    0x00, 0x47, 0xD4, 0x7D, 0x44, 0xD4, 0x7D, 0x46, 0x14, 0xFF, 0x4F, 0xD4, 0x55, 0x4A, 0x44, 0x5D, 0xC0, 0x8C,  // 剔
    0x04, 0x0F, 0x4C, 0x97, 0xCF, 0x4C, 0xF7, 0xCA, 0x60, 0xBF, 0xEA, 0xF4, 0xA5, 0x4F, 0xB4, 0x87, 0xC1, 0x08,  // 踢
    0x64, 0x85, 0x78, 0x7F, 0xC8, 0x14, 0xFF, 0xC4, 0xD0, 0xFF, 0xE4, 0x36, 0x47, 0x47, 0xFC, 0x73, 0x00, 0x10,  // 锑
    0x40, 0x84, 0xF8, 0x5F, 0x8F, 0xC8, 0x4F, 0x87, 0x84, 0xFF, 0xCC, 0xA0, 0x4B, 0xC5, 0xE0, 0xF7, 0xCE, 0x1C,  // 提
    0x10, 0x4D, 0x70, 0xF3, 0x4D, 0x7C, 0xF5, 0x40, 0xD4, 0xFD, 0x4E, 0xF4, 0xBA, 0xCE, 0x44, 0x3F, 0xE0, 0xFC,  // 题
    0x02, 0x0F, 0x3C, 0xB5, 0x8B, 0x70, 0xFF, 0xE5, 0xB4, 0xFF, 0xCC, 0xBC, 0xCA, 0xCF, 0xBC, 0xCA, 0x80, 0x20,  // 蹄
    0x06, 0x01, 0x6C, 0xED, 0x8A, 0x50, 0xBF, 0xEB, 0x24, 0xAF, 0xCE, 0xAC, 0xAA, 0x80, 0xB8, 0x0A, 0x80, 0x20,  // 啼
    0x22, 0x06, 0x20, 0x42, 0x47, 0xFC, 0xC7, 0x0C, 0xF0, 0x4B, 0x85, 0x2C, 0x7F, 0xE4, 0x20, 0x42, 0x04, 0x20,  // 体
    0x22, 0x03, 0xB4, 0x7F, 0xC3, 0xB4, 0x67, 0x07, 0xD8, 0xCD, 0xEB, 0xF0, 0x21, 0x03, 0xF0, 0x3F, 0x02, 0x10,  // 替
    0x02, 0x00, 0xFC, 0xFF, 0xCB, 0xFC, 0xBA, 0x8A, 0xF8, 0xEF, 0x8F, 0xFC, 0x8A, 0xC0, 0xB8, 0x1E, 0x03, 0x1C,  // 嚏
    0x40, 0x04, 0xFC, 0x6F, 0x8F, 0x88, 0xFF, 0x8C, 0xE0, 0x4F, 0xE5, 0xD4, 0x6F, 0x47, 0xA4, 0x6D, 0xC7, 0x08,  // 惕
    0x08, 0x86, 0x58, 0x3F, 0xCA, 0x2C, 0xEF, 0xC7, 0xA8, 0x5A, 0x45, 0x64, 0xCE, 0x44, 0xAC, 0x52, 0x06, 0x20,  // 涕
    0x08, 0x42, 0x84, 0x7D, 0x41, 0x54, 0x7D, 0x45, 0x54, 0xF5, 0x47, 0x74, 0x75, 0x45, 0xC4, 0x90, 0xC1, 0x0C,  // 剃
    0x00, 0x07, 0xFC, 0x40, 0xC6, 0x5C, 0x55, 0x0F, 0x54, 0xFF, 0xCD, 0x50, 0xD7, 0x09, 0x50, 0xBF, 0xC0, 0x00,  // 屉
    0x00, 0x87, 0xF8, 0x08, 0x00, 0x80, 0x0C, 0xC0, 0xC0, 0x0C, 0x01, 0xE0, 0x13, 0x03, 0x18, 0x40, 0xC0, 0x00,  // 天
    0x00, 0x85, 0xFC, 0x64, 0x4B, 0xFC, 0xED, 0x04, 0xDC, 0x56, 0xEE, 0x68, 0xD7, 0xCF, 0x54, 0xCC, 0x00, 0x40,  // 添
    0x42, 0x05, 0xFC, 0x42, 0x87, 0xF8, 0xFF, 0x84, 0x88, 0x4F, 0x84, 0xF8, 0xFC, 0xC8, 0xD8, 0x0C, 0xC3, 0x04,  // 填
    0x00, 0x07, 0xFC, 0x4C, 0x84, 0xC8, 0x4C, 0x87, 0xF8, 0x4C, 0x84, 0xC8, 0x4C, 0x87, 0xF8, 0x40, 0x80, 0x00,  // 田
    0x04, 0x8F, 0x48, 0x64, 0x86, 0xFE, 0xF4, 0x86, 0x48, 0xF7, 0x89, 0x48, 0x94, 0x89, 0x48, 0xF7, 0x89, 0x48,  // 甜
    0x40, 0x84, 0xF8, 0x42, 0x0F, 0x20, 0xDF, 0xEC, 0x20, 0x42, 0x84, 0xFC, 0x48, 0xC4, 0x8C, 0x4F, 0xC4, 0x88,  // 恬
    0x30, 0x4E, 0xFC, 0x42, 0x07, 0xFC, 0x65, 0x06, 0x68, 0xFA, 0xEB, 0x38, 0xAB, 0xCF, 0xA4, 0xA6, 0x00, 0x20,  // 舔
    0x05, 0x0E, 0x50, 0xAF, 0xCE, 0xD4, 0xED, 0x4A, 0xFC, 0xED, 0x4B, 0xD6, 0xBF, 0xCA, 0x58, 0xF8, 0xC3, 0x04,  // 腆
    0x41, 0x04, 0x70, 0x55, 0x0F, 0x54, 0x5D, 0x87, 0xD0, 0xED, 0xC7, 0xD4, 0x5D, 0x04, 0x90, 0xD9, 0x66, 0x1C,  // 挑
    0x10, 0x03, 0xF0, 0x33, 0x04, 0xE0, 0x1E, 0x07, 0xBC, 0xCC, 0xCF, 0xF8, 0x2E, 0x06, 0xD8, 0x9C, 0x80, 0x80,  // 条
    0x00, 0x05, 0xFC, 0x64, 0xC0, 0xC8, 0x09, 0x8F, 0xFC, 0x68, 0xC4, 0x88, 0x4F, 0x86, 0x88, 0xFF, 0xC0, 0xFC,  // 迢
    0x01, 0x0F, 0x70, 0xB5, 0x4B, 0xDC, 0xED, 0x8A, 0x50, 0xE5, 0x8B, 0xD4, 0xB5, 0x0E, 0xD0, 0x89, 0x6B, 0x1C,  // 眺
    0x01, 0x0F, 0x70, 0x9F, 0x4D, 0xFC, 0xFF, 0x8F, 0x78, 0xFD, 0xCF, 0x54, 0xE5, 0x0F, 0xD2, 0x99, 0xE0, 0x00,  // 跳
    0x01, 0x0F, 0xB0, 0xB3, 0x4F, 0x3E, 0xF3, 0x0F, 0x30, 0xFF, 0xCF, 0x4C, 0x64, 0xC7, 0x4C, 0x9C, 0xC0, 0x40,  // 贴
    0x41, 0x04, 0x70, 0xFF, 0x48, 0xFC, 0xFB, 0x04, 0xA4, 0x7F, 0xC6, 0x30, 0x47, 0x87, 0x48, 0x78, 0xE7, 0x04,  // 铁
    0x42, 0x06, 0x30, 0xF3, 0x4F, 0x3E, 0xF3, 0x0F, 0x30, 0xFF, 0xCF, 0xCC, 0xFC, 0xC6, 0xCC, 0x6F, 0xC6, 0xC8,  // 帖
    0x00, 0x47, 0xFC, 0x40, 0x04, 0x04, 0x7F, 0xE4, 0x20, 0x42, 0x04, 0x20, 0xC2, 0x08, 0x20, 0x0E, 0x00, 0x40,  // 厅
    0x00, 0x8A, 0xFC, 0xFC, 0x0B, 0xC0, 0xBF, 0xCB, 0xD8, 0xBD, 0x8F, 0x98, 0xA9, 0x89, 0x98, 0x31, 0x80, 0x10,  // 听
    0x40, 0x06, 0xF8, 0x71, 0x07, 0x30, 0xE7, 0xCE, 0x84, 0x70, 0xC6, 0xFC, 0x72, 0x05, 0x20, 0x93, 0x60, 0x00,  // 烃
    0x40, 0x07, 0xFC, 0x23, 0x0A, 0x30, 0xE3, 0x04, 0x30, 0x43, 0x0C, 0x30, 0xC3, 0x0C, 0x30, 0xC7, 0x00, 0x20,  // 汀
    0x00, 0x8F, 0xF8, 0x22, 0x06, 0x20, 0x5F, 0xC7, 0x20, 0x32, 0x06, 0x24, 0x6F, 0xC7, 0x00, 0xDF, 0xE0, 0x0C,  // 廷
    0x66, 0x07, 0xFC, 0x48, 0x8C, 0xF8, 0xCF, 0x8C, 0x8C, 0x7F, 0xC7, 0x0C, 0x42, 0x04, 0x20, 0x46, 0x04, 0x60,  // 停
    0x08, 0x0F, 0xFC, 0x21, 0x03, 0xF0, 0x23, 0x02, 0x10, 0xFF, 0xC8, 0x18, 0x6C, 0x00, 0xC0, 0x0C, 0x00, 0x80,  // 亭
    0x04, 0x04, 0x6C, 0x40, 0x87, 0xBC, 0x5F, 0x05, 0x14, 0x7F, 0xC6, 0x90, 0x59, 0x49, 0xFC, 0xAF, 0xEC, 0x1C,  // 庭
    0x40, 0x05, 0x9C, 0x4F, 0x0E, 0x90, 0x59, 0xC7, 0xF8, 0xDD, 0x0D, 0x90, 0x5F, 0xE5, 0xC0, 0xD7, 0xCE, 0x0C,  // 挺
    0x20, 0x07, 0x7C, 0xF6, 0x8D, 0x48, 0xF5, 0xCF, 0xF8, 0xD2, 0x8F, 0xE8, 0xF7, 0xE9, 0x40, 0xFF, 0xC1, 0x0C,  // 艇
    0x00, 0x05, 0xFC, 0x67, 0x01, 0xFC, 0x12, 0xCF, 0xFC, 0x5A, 0xC5, 0xFC, 0x52, 0xC7, 0x28, 0xBF, 0xE0, 0x78,  // 通
    0x40, 0x06, 0xFE, 0x48, 0x4F, 0xFC, 0x48, 0x4E, 0xFC, 0xFD, 0xCC, 0xDC, 0x4F, 0xC4, 0xC4, 0x48, 0xC4, 0x8C,  // 桐
    0x08, 0x4F, 0xC6, 0xFC, 0xCF, 0xFC, 0xFC, 0x4F, 0xFC, 0xDE, 0xC9, 0xFC, 0x9E, 0xC9, 0xC4, 0xFC, 0xC8, 0x04,  // 酮
    0x02, 0x0A, 0xFC, 0xA5, 0x8A, 0x5C, 0xFF, 0xCA, 0xFC, 0xAF, 0x8E, 0xA8, 0xAF, 0x8E, 0xFC, 0xA2, 0x49, 0xFE,  // 瞳
    0x00, 0x0F, 0xFC, 0xC0, 0xCF, 0xFC, 0xC0, 0xCD, 0xEC, 0xD2, 0xCD, 0x2C, 0xDE, 0xCD, 0x0C, 0xC1, 0xCC, 0x08,  // 同
    0x40, 0x04, 0xFE, 0x78, 0x48, 0xFC, 0xF8, 0x44, 0xBC, 0xFB, 0xC4, 0xBC, 0x4B, 0xC7, 0x84, 0x68, 0xC0, 0x8C,  // 铜
    0x08, 0x84, 0x88, 0x69, 0x07, 0xA4, 0x78, 0xCC, 0xE8, 0xCB, 0x04, 0xA6, 0x48, 0xC8, 0x98, 0x9F, 0x00, 0xC0,  // 彤
    0x08, 0x07, 0xFC, 0x13, 0x01, 0x24, 0xFF, 0xC3, 0xF8, 0x3F, 0x02, 0xD0, 0x7F, 0x87, 0xF8, 0x0C, 0x4F, 0xFC,  // 童
    0x60, 0x06, 0xFC, 0x73, 0x0F, 0xB4, 0x6B, 0x46, 0xB4, 0xFB, 0x4E, 0xB4, 0x6F, 0xC6, 0xB4, 0x6B, 0xC4, 0xAC,  // 桶
    0x60, 0x06, 0xFC, 0x63, 0x8F, 0xB4, 0x6F, 0xC7, 0xB4, 0xEF, 0xCE, 0xB4, 0x6F, 0xC6, 0xB4, 0xEB, 0xC4, 0xBC,  // 捅
    0x22, 0x06, 0xE4, 0xF7, 0x09, 0x58, 0x7F, 0xC7, 0xF8, 0x52, 0x85, 0xE8, 0x52, 0x85, 0xE8, 0x41, 0x84, 0x08,  // 筒
    0x02, 0x06, 0x24, 0x5F, 0xCB, 0x60, 0xED, 0x87, 0xFC, 0x47, 0x0E, 0x50, 0x05, 0x0E, 0xD4, 0x99, 0xE7, 0x1C,  // 统
    0x04, 0x07, 0xFC, 0x60, 0x8E, 0xF8, 0xE6, 0x07, 0xFC, 0xFE, 0xCF, 0x2C, 0x5F, 0xC5, 0x24, 0x93, 0xC1, 0x28,  // 痛
    0x24, 0x06, 0x60, 0x69, 0x05, 0x9C, 0xFC, 0x4D, 0xFC, 0x55, 0xC5, 0x5C, 0x5D, 0xC5, 0x5C, 0x5D, 0xC5, 0xC8,  // 偷
    0x60, 0x06, 0x78, 0x75, 0x8F, 0xDC, 0x78, 0xE7, 0xF8, 0xE5, 0x8E, 0x50, 0x63, 0x06, 0x30, 0xED, 0xC7, 0x04,  // 投
    0x00, 0x02, 0x60, 0x16, 0x01, 0x60, 0x64, 0x03, 0x40, 0x24, 0xC0, 0xC0, 0x0E, 0x01, 0x98, 0x60, 0xC8, 0x04,  // 头
    0x01, 0x85, 0xF0, 0x7F, 0xC0, 0xF0, 0x0A, 0xCF, 0xF4, 0x6F, 0x04, 0xFC, 0x48, 0x85, 0x38, 0xF1, 0xE8, 0xFC,  // 透
    0x02, 0x01, 0xE0, 0x12, 0x01, 0x20, 0x12, 0x0F, 0x3C, 0xC0, 0xCC, 0x0C, 0xC0, 0xCC, 0x0C, 0xFF, 0xC8, 0x00,  // 凸
    0x03, 0x07, 0xF0, 0x0C, 0x4F, 0xFC, 0x1F, 0x02, 0xDC, 0xDA, 0xC1, 0xE0, 0x12, 0x03, 0x24, 0x63, 0xC8, 0x00,  // 秃
    0x0C, 0x04, 0xC4, 0xFF, 0xEB, 0x38, 0x2D, 0x84, 0xB8, 0x09, 0x41, 0xE0, 0x1A, 0x01, 0x30, 0x61, 0xC8, 0x00,  // 突
    0x00, 0x0D, 0x8C, 0xDE, 0xCD, 0xEC, 0xEC, 0xCC, 0xEC, 0xFB, 0xCC, 0x4C, 0xDC, 0xCC, 0xEC, 0xFF, 0xC8, 0x00,  // 图
    0x22, 0x06, 0x20, 0xCF, 0xCA, 0x20, 0x62, 0x47, 0xFC, 0xCA, 0x04, 0xBC, 0x5A, 0x05, 0xE0, 0x77, 0xC6, 0x0C,  // 徒
    0x02, 0x04, 0x70, 0x6D, 0x80, 0x9E, 0x1F, 0x0E, 0x24, 0x7F, 0xC6, 0xA8, 0x72, 0xC6, 0x64, 0xF6, 0x68, 0xFC,  // 途
    0x02, 0x04, 0x60, 0x5D, 0x0A, 0x8C, 0xFF, 0xE6, 0x20, 0x7F, 0xC4, 0xA0, 0xDA, 0x8D, 0x2C, 0xFE, 0x44, 0x60,  // 涂
    0x40, 0x84, 0x0C, 0x7F, 0xC4, 0x40, 0x5F, 0x84, 0x74, 0x7F, 0xC5, 0xF8, 0xF8, 0x8D, 0xF8, 0x9F, 0x80, 0x08,  // 屠
    0x00, 0x00, 0xC0, 0x0C, 0x00, 0xC0, 0x0C, 0x87, 0xFC, 0x0C, 0x00, 0xC0, 0x0C, 0x00, 0xC0, 0x0C, 0x40, 0x00,  // 土
    0x02, 0x00, 0x20, 0xF2, 0x0B, 0x20, 0xB2, 0xCB, 0xFC, 0xB2, 0x0B, 0x20, 0xF2, 0x08, 0x20, 0x03, 0x60, 0x00,  // 吐
    0x18, 0x01, 0xF0, 0x33, 0x06, 0x48, 0xFF, 0x86, 0xC8, 0x7F, 0x84, 0xC8, 0x1D, 0x81, 0x4C, 0x67, 0xEC, 0x3C,  // 兔
    0x02, 0x07, 0xA4, 0x3A, 0x4B, 0xFC, 0xE0, 0x67, 0x60, 0x5F, 0xC5, 0x54, 0xD5, 0x4D, 0x54, 0xD5, 0x49, 0x4C,  // 湍
    0x00, 0x0F, 0xFC, 0x84, 0x8C, 0x58, 0xEE, 0x88, 0xC8, 0x94, 0x8B, 0x48, 0xC4, 0xC8, 0xCC, 0xFF, 0xC8, 0x08,  // 团
    0x44, 0x04, 0xF0, 0x4D, 0x4F, 0xB0, 0x7B, 0x07, 0xFC, 0xEB, 0x0C, 0xFC, 0x4B, 0x04, 0xB4, 0xCF, 0xE4, 0x80,  // 推
    0x00, 0x4F, 0xFC, 0x29, 0x0F, 0xFC, 0x7F, 0x4A, 0xF4, 0xF7, 0x47, 0x74, 0x57, 0x45, 0xBC, 0x96, 0x40, 0xC0,  // 颓
    0x20, 0x0F, 0x3C, 0xAA, 0x8E, 0xB8, 0xE2, 0x8B, 0xAC, 0xEB, 0xCA, 0xA8, 0xAB, 0xCA, 0xE4, 0xFF, 0xC2, 0x0C,  // 腿
    0x60, 0x86, 0x68, 0xF7, 0x0F, 0xFC, 0xFC, 0xCF, 0xCC, 0xFF, 0xCF, 0xF0, 0x77, 0x0F, 0xD2, 0x8D, 0xE1, 0x1C,  // 蜕
    0x40, 0x06, 0xBC, 0xEA, 0xC6, 0x3C, 0x6A, 0xC7, 0xBC, 0xEB, 0xC7, 0xA8, 0x4B, 0xC4, 0xE4, 0x57, 0xE4, 0x1C,  // 褪
    0x00, 0x06, 0xF8, 0x68, 0x80, 0xF8, 0x08, 0x8E, 0x8C, 0x6B, 0x86, 0x98, 0x6E, 0xC6, 0xC4, 0xFF, 0xE0, 0xFC,  // 退
    0x00, 0x87, 0xF8, 0x08, 0x01, 0x8C, 0x9E, 0x03, 0x30, 0x7F, 0xCE, 0x3C, 0x21, 0x02, 0x10, 0x3F, 0x02, 0x10,  // 吞
    0x08, 0x00, 0x80, 0xFF, 0xC4, 0x80, 0x49, 0x84, 0x88, 0x48, 0x8F, 0xF8, 0x08, 0x00, 0x84, 0x0D, 0xE0, 0x7C,  // 屯
    0x0A, 0x8C, 0xA8, 0xFA, 0xEF, 0xF8, 0xAD, 0x8F, 0x98, 0xEF, 0xC3, 0xF8, 0x3F, 0x03, 0xF0, 0x23, 0x02, 0x10,  // 臀
    0x44, 0x04, 0x44, 0x5F, 0xEF, 0xA0, 0x5A, 0xC6, 0xBC, 0xEE, 0xCD, 0xA8, 0x4B, 0x84, 0xA2, 0xCE, 0xE4, 0x7C,  // 拖
    0x60, 0x86, 0x78, 0x7E, 0x0F, 0x20, 0x62, 0x07, 0x7E, 0xFE, 0x0E, 0x20, 0x62, 0x06, 0x24, 0xE3, 0xE4, 0x3C,  // 托
    0x04, 0xCF, 0x68, 0xD3, 0x8D, 0xFC, 0xF8, 0xCD, 0x8C, 0xFF, 0xCF, 0x70, 0x97, 0x09, 0x50, 0xBD, 0xE3, 0x1C,  // 脱
    0x20, 0x06, 0x10, 0xFF, 0xEF, 0xC4, 0xBE, 0x0F, 0x60, 0xFF, 0xC9, 0xF0, 0x7E, 0x0D, 0xE4, 0x36, 0x61, 0x3C,  // 鸵
    0x02, 0x0F, 0x30, 0xAF, 0xEB, 0x8C, 0xC4, 0x0A, 0x4C, 0xB5, 0x8B, 0x60, 0xE4, 0x48, 0x44, 0x87, 0xC8, 0x38,  // 陀
    0x03, 0x0F, 0x30, 0x53, 0x0D, 0xFE, 0x93, 0x0B, 0x30, 0xFB, 0x03, 0xA8, 0xD6, 0x81, 0x4C, 0x78, 0xE3, 0x06,  // 驮
    0x02, 0x0F, 0x10, 0x57, 0xEF, 0xCC, 0xFE, 0x0F, 0x6C, 0xFF, 0x81, 0xE0, 0xD6, 0x01, 0x64, 0x77, 0xE3, 0x3C,  // 驼
    0x41, 0x05, 0xD0, 0x57, 0xEF, 0xA0, 0x5B, 0xCF, 0xE4, 0xF7, 0xCD, 0xE4, 0x53, 0xC5, 0x24, 0x53, 0x45, 0x2C,  // 椭
    0x01, 0x87, 0xF8, 0x48, 0x86, 0xD8, 0x2D, 0x00, 0x80, 0xFF, 0xE1, 0x30, 0x32, 0x01, 0xE0, 0x1F, 0x8E, 0x08,  // 妥
    0x00, 0x06, 0x04, 0x66, 0x0F, 0x60, 0x64, 0x07, 0x40, 0xEF, 0xCE, 0xCC, 0x74, 0xC6, 0x4C, 0x67, 0xCC, 0x4C,  // 拓
    0x00, 0x8A, 0xF8, 0xE2, 0x0B, 0xFC, 0xAA, 0x8A, 0xAC, 0xBF, 0xCE, 0xA8, 0xBF, 0xC0, 0x20, 0x02, 0x41, 0xFC,  // 唾
    0x42, 0x04, 0x30, 0x6F, 0xEF, 0xD8, 0x4C, 0x87, 0x8C, 0xFF, 0x8C, 0x30, 0x46, 0x04, 0xC4, 0xCC, 0x64, 0x7C,  // 挖
    0x02, 0x00, 0x20, 0xFF, 0xCA, 0x20, 0xA2, 0x0B, 0xFE, 0xA2, 0x0A, 0x24, 0xEF, 0xCA, 0x20, 0x02, 0x41, 0xFC,  // 哇
    0x00, 0x06, 0x30, 0x63, 0x4F, 0xFC, 0xF3, 0x0F, 0xFE, 0xF3, 0x0F, 0x34, 0x77, 0xC7, 0xB0, 0xFB, 0x41, 0xFC,  // 蛙
    0x02, 0x04, 0x20, 0x72, 0xC1, 0xFC, 0xA2, 0x0F, 0xFC, 0x62, 0x04, 0x20, 0xDF, 0xCC, 0x20, 0xC2, 0x4F, 0xFE,  // 洼
    0x43, 0x06, 0x30, 0x47, 0xCF, 0x30, 0x53, 0x4D, 0xFE, 0xB3, 0x0A, 0x34, 0x6F, 0xC7, 0x30, 0xD3, 0x41, 0xFC,  // 娃
    0x00, 0x0F, 0xFC, 0x30, 0x03, 0x30, 0x3F, 0x03, 0x20, 0x2A, 0x02, 0xE0, 0x62, 0x07, 0xA4, 0x63, 0xE4, 0x08,  // 瓦
    0x42, 0x06, 0x20, 0x3F, 0xCE, 0x20, 0x72, 0x47, 0xFC, 0xF7, 0x05, 0xF8, 0x4A, 0x85, 0x2C, 0x42, 0x04, 0x20,  // 袜
    0x00, 0x4F, 0xFC, 0x1C, 0x03, 0xDC, 0x64, 0x48, 0xC8, 0x7F, 0x82, 0xC8, 0x2F, 0x82, 0xC0, 0xFF, 0xC0, 0x00,  // 歪
    0x33, 0x02, 0x30, 0x23, 0x07, 0xF0, 0x4B, 0x8F, 0xBC, 0xBB, 0x41, 0x34, 0x33, 0x06, 0x30, 0xC3, 0x00, 0x30,  // 外
    0x02, 0x0F, 0x24, 0x1F, 0xCF, 0xC8, 0xAF, 0xCA, 0xF4, 0xEF, 0x4B, 0xDC, 0xAD, 0xCE, 0xD0, 0x99, 0x62, 0x1C,  // 豌
    0x0C, 0x0F, 0xFE, 0x3B, 0x07, 0xAC, 0xDA, 0x47, 0xF8, 0x01, 0x83, 0xF8, 0x7F, 0x80, 0x08, 0x05, 0x80, 0x30,  // 弯
    0x02, 0x04, 0x24, 0x5F, 0x8B, 0xDC, 0xF5, 0x67, 0xFC, 0x40, 0x84, 0xF8, 0xDF, 0xCC, 0x0C, 0xC2, 0x88, 0x18,  // 湾
    0x00, 0x0F, 0xFC, 0x40, 0x04, 0x00, 0x7F, 0xEE, 0x50, 0x45, 0x04, 0x50, 0x7D, 0x0C, 0x94, 0x11, 0xE2, 0x00,  // 玩
    0x00, 0x4F, 0xFC, 0x01, 0x00, 0xFC, 0xFD, 0x46, 0x54, 0x65, 0x46, 0x54, 0xFF, 0x4B, 0x28, 0x8C, 0x41, 0x04,  // 顽
    0x18, 0x01, 0x80, 0x19, 0x0F, 0xF0, 0x1B, 0x01, 0x30, 0x33, 0x01, 0xA0, 0x2E, 0x02, 0x24, 0x43, 0xE0, 0x1C,  // 丸
    0x42, 0x04, 0x30, 0x7F, 0xE7, 0x84, 0xEF, 0x8C, 0x00, 0x5F, 0xC4, 0x50, 0x65, 0x0F, 0x54, 0x99, 0xE3, 0x1C,  // 烷
    0x08, 0x04, 0x44, 0x7F, 0xCC, 0x18, 0x3F, 0x00, 0x00, 0xFF, 0xC1, 0x60, 0x16, 0x01, 0x64, 0x26, 0xCC, 0x3C,  // 完
    0x02, 0x01, 0x20, 0xFF, 0xE4, 0xC8, 0x4F, 0xCF, 0xF4, 0xFF, 0x4F, 0xD4, 0xE5, 0xCE, 0x90, 0xD9, 0x62, 0x1C,  // 碗
    0x46, 0x04, 0x48, 0x6F, 0x8F, 0x94, 0x5F, 0xC6, 0xAC, 0xCE, 0xCC, 0xFC, 0x47, 0x04, 0xD4, 0xD9, 0x66, 0x1C,  // 挽
    0x06, 0x0A, 0x78, 0xAD, 0x8B, 0xB4, 0xBF, 0xCE, 0xAC, 0xAE, 0xCA, 0xF8, 0xE7, 0x0A, 0xD2, 0x19, 0x63, 0x1C,  // 晚
    0x02, 0x06, 0x24, 0xFF, 0xCF, 0x88, 0xBF, 0x8A, 0x00, 0xBF, 0xCA, 0x50, 0xB5, 0x0E, 0xD4, 0x19, 0xE3, 0x1C,  // 皖
    0x42, 0x04, 0x24, 0x5F, 0xC7, 0xC8, 0xEF, 0xCC, 0xFC, 0x5F, 0xC5, 0xDC, 0x6D, 0xC4, 0x90, 0x59, 0x66, 0x1C,  // 惋
    0x0C, 0x04, 0x44, 0x7F, 0xCF, 0x08, 0xAF, 0x87, 0xE8, 0x5E, 0x8F, 0x68, 0xB7, 0x83, 0x64, 0x66, 0x68, 0x3C,  // 宛
    0x42, 0x04, 0x24, 0x4F, 0xEF, 0xC8, 0x6D, 0xCE, 0xF4, 0xAF, 0x4B, 0xD4, 0xE5, 0xC6, 0x92, 0x99, 0x62, 0x0C,  // 婉
    0x00, 0x0F, 0xFC, 0x18, 0x01, 0x80, 0x1F, 0x81, 0x18, 0x11, 0x81, 0x18, 0x31, 0x86, 0x70, 0xC3, 0x00, 0x00,  // 万
    0x02, 0x0E, 0x24, 0xBF, 0xCB, 0xC8, 0xED, 0xCA, 0xF4, 0xFF, 0x4B, 0xDC, 0xA5, 0xCA, 0xD0, 0xF9, 0x63, 0x1C,  // 腕
    0x00, 0x06, 0xFC, 0x62, 0x08, 0x20, 0xE2, 0x06, 0x2C, 0x46, 0x04, 0x20, 0xC2, 0x04, 0x20, 0xFF, 0xE4, 0x00,  // 汪
    0x00, 0x04, 0x0C, 0x0C, 0x00, 0xC0, 0x0C, 0x00, 0xC8, 0x7F, 0x80, 0xC0, 0x0C, 0x00, 0xC0, 0xFF, 0xE0, 0x00,  // 王
    0x08, 0x00, 0xC0, 0x04, 0x4F, 0xFE, 0x20, 0x02, 0x00, 0x20, 0x02, 0x00, 0x20, 0x06, 0x00, 0x7F, 0xC0, 0x00,  // 亡
    0x60, 0x06, 0x04, 0x7B, 0x0F, 0x30, 0x63, 0x0E, 0x34, 0xFF, 0xCE, 0x30, 0x63, 0x06, 0x30, 0x7F, 0xE4, 0x00,  // 枉
    0x00, 0x0F, 0xFC, 0xC0, 0xCC, 0x9C, 0xFF, 0xCD, 0x2C, 0xDB, 0xCE, 0xFC, 0xED, 0xCC, 0x8C, 0xC1, 0xCC, 0x08,  // 网
    0x24, 0x06, 0x60, 0xC2, 0x4B, 0xFC, 0x62, 0x06, 0x20, 0xDF, 0xC4, 0x20, 0x42, 0x04, 0x20, 0x7F, 0xE4, 0x00,  // 往
    0x00, 0x0F, 0xFC, 0xB2, 0x0B, 0x20, 0xB2, 0x0F, 0xFC, 0xB2, 0x0B, 0x20, 0xF2, 0x0E, 0x24, 0x9F, 0xE0, 0x00,  // 旺
    0x20, 0x02, 0x7C, 0xFF, 0x84, 0x48, 0x5F, 0x86, 0x58, 0x58, 0x87, 0xFC, 0x0C, 0x87, 0xF8, 0x0C, 0x4F, 0xFC,  // 望
    0x08, 0x00, 0x44, 0xFF, 0xC2, 0x00, 0x20, 0x07, 0xF8, 0x00, 0x03, 0x48, 0xB4, 0x4B, 0x14, 0xBF, 0x01, 0xF0,  // 忘
    0x08, 0x00, 0x44, 0xFF, 0xC2, 0x00, 0x31, 0x83, 0x80, 0x18, 0x4F, 0xFC, 0x32, 0x03, 0xE0, 0x1F, 0x8F, 0x08,  // 妄
    0x02, 0x00, 0x28, 0x42, 0xC4, 0x60, 0x7E, 0xC5, 0x28, 0x7F, 0x85, 0x58, 0xF9, 0x89, 0xDA, 0xB6, 0xE4, 0xC6,  // 威
    0x08, 0x04, 0xC8, 0x7F, 0x8F, 0xF8, 0x3F, 0x87, 0xF8, 0xBE, 0x87, 0xF8, 0xD3, 0x87, 0x7C, 0x7F, 0x49, 0x1C,  // 巍
    0x48, 0x84, 0xB8, 0x9B, 0x07, 0xBE, 0x5F, 0xCF, 0xFC, 0xC5, 0x85, 0xD8, 0x55, 0x85, 0x78, 0x66, 0x64, 0xC0,  // 微
    0x10, 0x03, 0xF0, 0x62, 0x0F, 0xFC, 0xC0, 0x05, 0xF0, 0x51, 0x05, 0x10, 0x57, 0x05, 0x04, 0x9F, 0xC0, 0xF8,  // 危
    0x0C, 0x00, 0xC4, 0xFF, 0xC0, 0xC0, 0x7F, 0x80, 0xC0, 0xFF, 0xC0, 0xCC, 0x0C, 0xC0, 0xDC, 0x0D, 0x80, 0x80,  // 韦
    0x00, 0x04, 0x60, 0x7F, 0xC0, 0x68, 0x1F, 0x8E, 0x60, 0x7F, 0xC4, 0x6C, 0x47, 0xC6, 0x68, 0xF6, 0xC8, 0xFC,  // 违
    0x44, 0x06, 0x78, 0x6D, 0x8F, 0xFE, 0x78, 0x0E, 0xBC, 0xFA, 0x8E, 0xA8, 0x6B, 0x86, 0xA4, 0x72, 0xE6, 0x3C,  // 桅
    0x00, 0x0C, 0xDC, 0xEF, 0xCC, 0xAC, 0xFF, 0xCC, 0x8C, 0xFF, 0xCC, 0x9C, 0xCB, 0xCC, 0x8C, 0xFF, 0xC8, 0x08,  // 围
    0x07, 0x0E, 0xD0, 0xAF, 0xEA, 0x90, 0xB9, 0x4B, 0xFC, 0xA9, 0x0E, 0xFC, 0xA9, 0x08, 0x94, 0x0F, 0xC0, 0x80,  // 唯
    0x44, 0x04, 0xD0, 0x6F, 0xEF, 0x90, 0xD9, 0x4D, 0xFC, 0x69, 0x04, 0xFC, 0x49, 0x04, 0x90, 0x4F, 0xE4, 0x80,  // 惟
    0x04, 0x02, 0x40, 0x34, 0x01, 0xC4, 0xFF, 0xC0, 0x84, 0x0E, 0x41, 0xAC, 0x12, 0xC2, 0x0C, 0x43, 0x88, 0x10,  // 为
    0x00, 0x0D, 0xB8, 0x5A, 0xC3, 0xFC, 0xFE, 0xCF, 0xFC, 0x52, 0x87, 0xFC, 0xE6, 0x8F, 0xE8, 0xE7, 0xE8, 0x60,  // 潍
    0x24, 0x06, 0x50, 0x5D, 0xCB, 0xD0, 0xFD, 0x45, 0xFC, 0x4D, 0x0E, 0xFC, 0x0D, 0x0F, 0xD0, 0x8F, 0xE0, 0x80,  // 维
    0x32, 0x0F, 0xFE, 0x3A, 0x00, 0x88, 0xFF, 0x80, 0xD0, 0x7F, 0x0F, 0xFC, 0x0C, 0xC0, 0x88, 0x09, 0x80, 0x80,  // 苇
    0x12, 0x0F, 0xFE, 0x13, 0x07, 0xF0, 0x0C, 0xC3, 0xF0, 0x69, 0xC9, 0x8C, 0xFF, 0x83, 0xE0, 0x1F, 0x8F, 0x18,  // 萎
    0x07, 0x07, 0xC0, 0x0C, 0xC9, 0xE0, 0x3F, 0x06, 0xDC, 0x98, 0x4F, 0xFC, 0x32, 0x03, 0xE0, 0x1F, 0x8E, 0x08,  // 委
    0x22, 0x02, 0x24, 0x7F, 0xE4, 0x20, 0xFF, 0xCC, 0x20, 0x7F, 0xC4, 0x24, 0x42, 0x44, 0x3C, 0x42, 0x84, 0x20,  // 伟
    0x22, 0x03, 0xB0, 0x6E, 0x04, 0xE4, 0xFF, 0xCC, 0x64, 0x46, 0x44, 0x74, 0x49, 0xC4, 0x8C, 0x53, 0x86, 0x18,  // 伪
    0x40, 0x84, 0x0C, 0x40, 0x87, 0xF8, 0x4F, 0x06, 0xD8, 0x5F, 0x04, 0x5C, 0x7E, 0x08, 0x44, 0x87, 0xE0, 0x30,  // 尾
    0x22, 0x06, 0x20, 0x5F, 0xCB, 0x20, 0xEF, 0x86, 0x20, 0x5F, 0xCE, 0x24, 0x02, 0x4F, 0x2C, 0x82, 0x80, 0x20,  // 纬
    0x0C, 0x00, 0xC0, 0x7F, 0xC0, 0xC0, 0x0C, 0x0F, 0xFE, 0x1E, 0x03, 0xE0, 0x2D, 0x84, 0xCE, 0x8C, 0x40, 0xC0,  // 未
    0x12, 0x0F, 0xFE, 0x12, 0x87, 0xC8, 0x44, 0x87, 0xFE, 0x7C, 0x84, 0xE8, 0xFB, 0x8F, 0xC8, 0xFF, 0x81, 0x18,  // 蔚
    0x02, 0x02, 0x60, 0xFF, 0xCA, 0x60, 0xA6, 0x4B, 0xFE, 0xAF, 0x0E, 0xF0, 0xB6, 0x8B, 0x6E, 0x46, 0x40, 0x60,  // 味
    0x01, 0x06, 0xD8, 0x6D, 0x86, 0xD8, 0x6D, 0x87, 0xF8, 0xFF, 0xE2, 0x58, 0x27, 0x02, 0x70, 0x79, 0xC6, 0x00,  // 畏
    0x40, 0x84, 0xC8, 0x7F, 0x84, 0xC8, 0x7F, 0x86, 0x18, 0x3F, 0x83, 0xF8, 0x21, 0x83, 0xF8, 0x23, 0x82, 0x10,  // 胃
    0x00, 0x0E, 0xFC, 0xAA, 0xCA, 0xFC, 0xAA, 0xCB, 0x8C, 0xBF, 0xEE, 0xAC, 0xAB, 0x80, 0x98, 0x0C, 0xE1, 0x80,  // 喂
    0x12, 0x0F, 0xFC, 0x3F, 0xCE, 0xFC, 0xFF, 0xCB, 0xEC, 0x7F, 0xCF, 0x38, 0xF7, 0xC7, 0x5C, 0xD9, 0xE1, 0x1C,  // 魏
    0x24, 0x02, 0x20, 0x62, 0x45, 0xFC, 0xE8, 0x8C, 0x98, 0x4D, 0x84, 0xD0, 0x45, 0x04, 0x50, 0x7F, 0xE4, 0x00,  // 位
    0x00, 0x05, 0xFC, 0x7F, 0xCB, 0xA4, 0xFF, 0xC7, 0x8C, 0x4F, 0xC4, 0xFC, 0xC8, 0xC4, 0xFC, 0xC9, 0xC4, 0x88,  // 渭
    0x00, 0x04, 0xFC, 0x4F, 0xC0, 0xB4, 0xFF, 0xC6, 0x8C, 0x4C, 0xC4, 0xFC, 0x7C, 0xC6, 0xCC, 0x69, 0xC0, 0x88,  // 谓
    0x00, 0x8F, 0xC8, 0xCC, 0x8F, 0xFE, 0xCC, 0x8E, 0x28, 0xFF, 0x8D, 0xB8, 0xFC, 0x8D, 0x48, 0xF1, 0x81, 0x18,  // 尉
    0x00, 0x87, 0xC8, 0x7C, 0xE7, 0xAC, 0xFE, 0x8F, 0x98, 0xFC, 0x8F, 0x58, 0x1C, 0x87, 0x54, 0xF7, 0x69, 0xF0,  // 慰
    0x00, 0x07, 0xF8, 0x08, 0x80, 0x88, 0x08, 0x80, 0x88, 0x08, 0x80, 0xB8, 0x09, 0x00, 0x84, 0xFF, 0xC0, 0x00,  // 卫
    0x04, 0x04, 0x4C, 0x71, 0x8D, 0xF8, 0xDF, 0x85, 0x98, 0xDF, 0x0D, 0xF8, 0x56, 0x85, 0x68, 0x9F, 0xC3, 0xFC,  // 瘟
    0x00, 0x05, 0xF8, 0x78, 0x8B, 0xF8, 0xF9, 0x85, 0x98, 0x5F, 0xCD, 0xFC, 0xD7, 0x8D, 0x7C, 0xFF, 0xE0, 0x00,  // 温
    0x22, 0x02, 0x30, 0xFF, 0xEF, 0x48, 0xB4, 0x8B, 0x58, 0xF3, 0x8B, 0x30, 0x3B, 0x0F, 0xF8, 0x8C, 0xE1, 0x00,  // 蚊
    0x08, 0x00, 0xC0, 0xFF, 0xC2, 0x30, 0x13, 0x01, 0x20, 0x12, 0x00, 0xC0, 0x0C, 0x01, 0xF0, 0x33, 0xC8, 0x0C,  // 文
    0x20, 0x03, 0x7C, 0xD0, 0x4F, 0xFC, 0xD2, 0x4D, 0xE4, 0xDE, 0x4D, 0x24, 0xFF, 0xCC, 0x24, 0xC3, 0xCC, 0x0C,  // 闻
    0x00, 0x06, 0x20, 0x42, 0x4B, 0xFC, 0xE5, 0x8E, 0x50, 0x45, 0x0F, 0x70, 0x82, 0x0F, 0x70, 0x99, 0xE6, 0x04,  // 纹
    0x06, 0x0A, 0x40, 0xFF, 0xEA, 0xFC, 0xBF, 0x4B, 0x54, 0xA5, 0x4F, 0xB4, 0x92, 0x40, 0x44, 0x1B, 0xC2, 0x18,  // 吻
    0x12, 0x0F, 0x78, 0x65, 0x87, 0x94, 0x60, 0xC6, 0xFC, 0xF0, 0xCF, 0x24, 0x67, 0x07, 0xCE, 0x77, 0xE4, 0x70,  // 稳
    0x08, 0x0F, 0xFC, 0x36, 0x01, 0xE0, 0x3F, 0xCD, 0xB0, 0x3E, 0x03, 0xB0, 0x7F, 0x87, 0xF8, 0xFC, 0x80, 0x80,  // 紊
    0x00, 0x03, 0xFC, 0x70, 0xC4, 0x04, 0x5F, 0x45, 0x24, 0x52, 0x45, 0x24, 0x52, 0x44, 0x04, 0xC1, 0xC4, 0x08,  // 问
    0x01, 0x00, 0xD0, 0xEA, 0xCB, 0x5C, 0xAF, 0x8A, 0x00, 0xBF, 0xCF, 0x7C, 0x9D, 0xC1, 0xFC, 0x2D, 0xC0, 0xC8,  // 嗡
    0x12, 0x03, 0x30, 0x2D, 0xCD, 0xAC, 0x3F, 0x00, 0x98, 0x7E, 0x82, 0xA8, 0x3B, 0x8E, 0xE8, 0xB9, 0x81, 0x08,  // 翁
    0x02, 0x03, 0x20, 0x69, 0x8D, 0x6E, 0x3F, 0x03, 0x14, 0x32, 0x03, 0xF0, 0x3A, 0x02, 0xE0, 0x7E, 0x46, 0x3C,  // 瓮
    0x40, 0x85, 0x88, 0x48, 0x8E, 0xFC, 0x40, 0x87, 0xE8, 0xCA, 0x8C, 0x88, 0x48, 0x84, 0x98, 0xFF, 0xCC, 0x3C,  // 挝
    0x40, 0x06, 0x7C, 0xF4, 0xCF, 0x4C, 0xF7, 0xCF, 0x10, 0xFF, 0xEF, 0xB4, 0x7F, 0xCF, 0xCC, 0x98, 0x40, 0x8C,  // 蜗
    0x00, 0x06, 0xFC, 0x58, 0x8A, 0xC8, 0xEE, 0x87, 0xA4, 0x5E, 0x45, 0x74, 0xD5, 0xC5, 0x84, 0xD1, 0xC5, 0x0C,  // 涡
    0x0C, 0x07, 0xFC, 0xD6, 0xCB, 0x38, 0x7F, 0xCA, 0x10, 0x3F, 0x07, 0xF8, 0x4C, 0x85, 0x28, 0x63, 0x84, 0x08,  // 窝
    0x02, 0x03, 0xF8, 0xF6, 0x83, 0x64, 0xFF, 0xC3, 0x68, 0x3F, 0x8F, 0x30, 0xB3, 0x03, 0x70, 0x70, 0xC2, 0x06,  // 我
    0x21, 0x02, 0xB0, 0xFA, 0x8F, 0x4C, 0xDF, 0xEF, 0xB0, 0x95, 0x0F, 0x74, 0xFB, 0xC2, 0xD0, 0x21, 0x02, 0x10,  // 斡
    0x01, 0x0F, 0xD0, 0xB1, 0x0B, 0x10, 0xFD, 0x88, 0xDC, 0x8D, 0x6F, 0xD0, 0xB1, 0x0B, 0x50, 0xFD, 0x00, 0x10,  // 卧
    0x40, 0x05, 0xFC, 0x58, 0xCF, 0xFC, 0x5F, 0xC7, 0xA8, 0xDF, 0xCD, 0xF4, 0x53, 0x45, 0x7C, 0xF3, 0x44, 0x00,  // 握
    0x00, 0x87, 0xF8, 0x06, 0x0A, 0x60, 0xE6, 0x47, 0x70, 0x47, 0x0C, 0x50, 0xCD, 0x84, 0x8C, 0xF0, 0xE2, 0x00,  // 沃
    0x00, 0x0F, 0xFC, 0x2C, 0x03, 0xD8, 0x2D, 0x06, 0xD0, 0x7F, 0x85, 0xEC, 0x8C, 0x00, 0xC0, 0xFF, 0xE0, 0x00,  // 巫
    0x02, 0x00, 0xE8, 0xFF, 0x8B, 0x88, 0xBB, 0x8B, 0x98, 0xBF, 0xCF, 0x84, 0xB1, 0xC0, 0x0C, 0x01, 0xC0, 0x18,  // 呜
    0x43, 0x06, 0x28, 0x7F, 0xCC, 0x48, 0xFD, 0x86, 0x58, 0x7F, 0xE6, 0x44, 0x61, 0xC7, 0x04, 0x61, 0xC4, 0x0C,  // 钨
    0x08, 0x00, 0x90, 0x3F, 0x02, 0x10, 0x23, 0x02, 0x70, 0x22, 0x42, 0x04, 0x01, 0x48, 0x0C, 0x01, 0xC0, 0x18,  // 乌
    0x00, 0x86, 0xF8, 0x20, 0x0A, 0x04, 0xFF, 0xC6, 0x40, 0x4F, 0xC4, 0x08, 0xC0, 0x8C, 0x08, 0xC7, 0x80, 0x30,  // 污
    0x00, 0x05, 0xFC, 0x62, 0x00, 0xA8, 0xCA, 0x84, 0xA8, 0x4F, 0xC5, 0x74, 0x73, 0x06, 0x20, 0x7F, 0xE0, 0x00,  // 诬
    0x00, 0x87, 0xFC, 0x7F, 0x84, 0x08, 0x7F, 0xC4, 0xF0, 0x5F, 0x85, 0xE8, 0xC6, 0x89, 0x60, 0x84, 0x40, 0x00,  // 屋
    0x00, 0x07, 0xF8, 0x08, 0x00, 0x80, 0xFF, 0xC1, 0xE0, 0x1C, 0x01, 0x40, 0x34, 0x42, 0x44, 0xC7, 0xE0, 0x00,  // 无
    0x12, 0x0F, 0xFC, 0x33, 0x01, 0x38, 0x7F, 0x80, 0x80, 0xFF, 0xC1, 0xC0, 0x1C, 0x03, 0x44, 0x67, 0xE8, 0x00,  // 芜
    0x40, 0x44, 0xFC, 0x56, 0x0F, 0xF8, 0x44, 0x8E, 0x4C, 0xF8, 0x8C, 0xFC, 0x4C, 0xC4, 0xCC, 0x4F, 0xC4, 0x88,  // 梧
    0x00, 0x8F, 0xFC, 0x18, 0x07, 0xF0, 0x13, 0x03, 0x34, 0x00, 0x03, 0xF8, 0x21, 0x02, 0x10, 0x3F, 0x02, 0x10,  // 吾
    0x01, 0x02, 0x10, 0x21, 0x03, 0xF0, 0x20, 0x8F, 0xF8, 0x08, 0x4F, 0xFE, 0x1A, 0x01, 0x30, 0x61, 0xC8, 0x04,  // 吴
    0x00, 0x03, 0xF8, 0x6D, 0x86, 0xD8, 0x6D, 0xCE, 0xD8, 0x49, 0x04, 0x90, 0x7F, 0xC1, 0x10, 0x67, 0x08, 0x20,  // 毋
    0x02, 0x00, 0xA8, 0x42, 0x80, 0x24, 0xFF, 0xC1, 0x20, 0x52, 0x05, 0xF0, 0x51, 0x05, 0xDC, 0xF0, 0xC0, 0x04,  // 武
    0x00, 0x0F, 0xFC, 0x18, 0x01, 0x80, 0x19, 0x07, 0xF0, 0x11, 0x01, 0x10, 0x11, 0x01, 0x14, 0xFF, 0xE0, 0x00,  // 五
    0x40, 0x05, 0xFC, 0x64, 0x0F, 0xF8, 0x44, 0x87, 0xDC, 0xDF, 0xCC, 0xF8, 0x48, 0x84, 0x88, 0xCF, 0x84, 0x88,  // 捂
    0x30, 0x02, 0x08, 0x7F, 0x84, 0x40, 0x84, 0x08, 0x44, 0xFF, 0xE0, 0x40, 0x04, 0x00, 0x40, 0x04, 0x00, 0x40,  // 午
    0x20, 0x07, 0xFC, 0x6F, 0x0F, 0xFC, 0x2F, 0x0F, 0xFE, 0x21, 0x47, 0xFC, 0xFD, 0x4B, 0x7C, 0x61, 0x08, 0x10,  // 舞
    0x20, 0x07, 0xFC, 0x44, 0x04, 0x40, 0xC4, 0x0D, 0xF8, 0x44, 0x84, 0xC8, 0x4C, 0x84, 0xC8, 0x7F, 0xE4, 0x00,  // 伍
    0x24, 0x06, 0xCC, 0x58, 0x85, 0xF8, 0xEA, 0x8C, 0xA8, 0x7F, 0xE5, 0xE8, 0x5A, 0x85, 0xFC, 0x43, 0x84, 0x10,  // 侮
    0x23, 0x06, 0x2C, 0x6F, 0xC7, 0xCC, 0xFD, 0x86, 0xD8, 0x6F, 0xE7, 0x86, 0x71, 0xCC, 0x04, 0x01, 0xC0, 0x0C,  // 坞
    0x0C, 0x00, 0xD8, 0x0C, 0xC7, 0xFC, 0x44, 0x84, 0x58, 0x45, 0x04, 0x70, 0x46, 0x0C, 0x72, 0x99, 0xC2, 0x06,  // 戊
    0x01, 0x80, 0xC4, 0xFF, 0xCB, 0xF8, 0x3B, 0x03, 0xF0, 0x4E, 0x0B, 0xFC, 0xF9, 0xC3, 0xB0, 0x37, 0x0C, 0x20,  // 雾
    0x00, 0x4F, 0xFC, 0xA6, 0x0A, 0xF8, 0xA4, 0x8F, 0x4E, 0xB8, 0x0A, 0xFC, 0xEC, 0x8A, 0xC8, 0x8F, 0xC0, 0x80,  // 晤
    0x26, 0x0E, 0x40, 0xE4, 0x4F, 0xFC, 0xEF, 0x43, 0x54, 0x3D, 0x4E, 0xB4, 0xB2, 0x42, 0x44, 0x2B, 0xC2, 0x18,  // 物
    0x10, 0x03, 0x00, 0x3F, 0xC2, 0xBC, 0x4A, 0x49, 0xA4, 0x16, 0xC3, 0x4C, 0x4C, 0xC9, 0x88, 0x33, 0x80, 0x10,  // 勿
    0x10, 0x03, 0xF0, 0x33, 0x05, 0xE0, 0x8C, 0x03, 0xBC, 0xE8, 0xCF, 0xF0, 0x11, 0x03, 0x30, 0x67, 0x08, 0x20,  // 务
    0x40, 0x05, 0xFC, 0x44, 0x0F, 0xF8, 0xF4, 0x8C, 0x4E, 0x50, 0x04, 0xF8, 0x48, 0x84, 0x88, 0x4F, 0x84, 0x88,  // 悟
    0x00, 0x04, 0xF8, 0x68, 0x80, 0xF8, 0xC8, 0x85, 0xFC, 0x42, 0x05, 0xFC, 0x57, 0x06, 0x50, 0x4C, 0xC3, 0x04,  // 误
    0x13, 0x03, 0x30, 0xFF, 0xC3, 0x30, 0x33, 0x4F, 0xFC, 0x3F, 0x82, 0x10, 0x3F, 0x02, 0x10, 0x3F, 0x02, 0x10,  // 昔
    0x00, 0x0F, 0xFC, 0xD2, 0xCF, 0xAC, 0xEB, 0xCF, 0xA0, 0xD2, 0x4D, 0xFE, 0xF9, 0x85, 0x48, 0x96, 0xC9, 0x04,  // 熙
    0x60, 0x04, 0xFC, 0x5C, 0x0F, 0xC0, 0x4F, 0xCF, 0xD8, 0xFD, 0x8C, 0xD8, 0x49, 0x84, 0x98, 0x71, 0x86, 0x10,  // 析
    0x00, 0x4F, 0xFC, 0x1A, 0x07, 0xFC, 0x5E, 0xC5, 0x2C, 0x52, 0xC7, 0x3C, 0x60, 0xC4, 0x0C, 0x40, 0xC0, 0x00,  // 西
    0x00, 0x0F, 0xFC, 0x47, 0x04, 0xF4, 0xFF, 0xCE, 0xD4, 0xED, 0x4E, 0xDC, 0xE8, 0x4E, 0x84, 0xCF, 0xC0, 0x80,  // 硒
    0x03, 0x0F, 0xA0, 0x62, 0x44, 0x66, 0x54, 0x4F, 0xEC, 0xDB, 0x85, 0x18, 0x51, 0x07, 0x20, 0x4C, 0x01, 0x00,  // 矽
    0x08, 0x0A, 0x9C, 0xEB, 0x0B, 0xF0, 0xBB, 0xEF, 0xF8, 0xBE, 0x8B, 0xA8, 0xEA, 0x8E, 0xA8, 0x8E, 0x80, 0xC8,  // 晰
    0x02, 0x0B, 0xFC, 0xA2, 0x4A, 0xFC, 0xAF, 0x8A, 0xF8, 0xAD, 0x8E, 0x5E, 0xB8, 0xC8, 0xFC, 0x0F, 0xC0, 0x88,  // 嘻
    0x00, 0x8B, 0xD8, 0xAD, 0x0A, 0xD0, 0xAF, 0xCA, 0xC8, 0xAD, 0x8E, 0xB0, 0x9B, 0x01, 0x38, 0x2C, 0xE5, 0x04,  // 吸
    0x60, 0x04, 0x7C, 0x74, 0xCC, 0x4C, 0xF7, 0xCC, 0x60, 0x7F, 0xE7, 0xBE, 0x57, 0x47, 0xF4, 0x67, 0xC4, 0x88,  // 锡
    0x40, 0x0F, 0xFE, 0xC7, 0x0F, 0x74, 0xFF, 0xC4, 0xD4, 0x7D, 0x4C, 0xDC, 0x48, 0xC4, 0x84, 0x6F, 0xC4, 0x84,  // 牺
    0x00, 0x8F, 0x78, 0x67, 0x87, 0xA8, 0xFF, 0xE6, 0x70, 0xFF, 0xCF, 0xBC, 0x6B, 0x46, 0xBC, 0x6B, 0xC4, 0x20,  // 稀
    0x08, 0x03, 0xF0, 0x21, 0x03, 0xF0, 0x21, 0x03, 0xF0, 0x21, 0x02, 0x90, 0x3C, 0x86, 0x54, 0xB1, 0x41, 0xF0,  // 息
    0x03, 0x03, 0xE0, 0x1F, 0x07, 0x98, 0xD8, 0xC3, 0xC0, 0x3C, 0x86, 0xD8, 0xE4, 0x82, 0x58, 0x25, 0x80, 0x40,  // 希
    0x01, 0x07, 0xF0, 0x2F, 0x03, 0xE8, 0xFF, 0xC3, 0xF0, 0x6D, 0xCC, 0x84, 0x3C, 0x8F, 0x54, 0xBF, 0x41, 0xE0,  // 悉
    0x02, 0x0F, 0xFC, 0xA7, 0x8E, 0xEC, 0xFA, 0x4A, 0x58, 0xFA, 0xEB, 0xF8, 0xA7, 0x0B, 0xFC, 0xFA, 0x42, 0x20,  // 膝
    0x08, 0x00, 0x80, 0x1F, 0xC1, 0x8C, 0x10, 0x82, 0xD8, 0x6D, 0x0C, 0x70, 0x86, 0x00, 0xC0, 0x30, 0x0C, 0x00,  // 夕
    0x45, 0x04, 0x50, 0x5F, 0xCF, 0x50, 0xCD, 0x4D, 0xFC, 0x4F, 0x84, 0x88, 0x4F, 0x84, 0x88, 0x4F, 0x84, 0x88,  // 惜
    0x42, 0x06, 0xAC, 0x5F, 0xC7, 0xFC, 0xE8, 0xCC, 0xFC, 0xCF, 0xC4, 0xA0, 0x7F, 0xC5, 0xD6, 0x94, 0x81, 0x78,  // 熄
    0x40, 0x84, 0xF8, 0x53, 0x87, 0xC8, 0xFE, 0x6C, 0xF0, 0x4B, 0xC5, 0xBC, 0x6A, 0xCE, 0xBC, 0x8A, 0x80, 0x20,  // 烯
    0x43, 0xC7, 0x64, 0x1A, 0xCA, 0xF8, 0xED, 0x84, 0xF0, 0x5F, 0xCD, 0xE4, 0xFF, 0xEC, 0x50, 0xD8, 0xE2, 0x04,  // 溪
    0x02, 0x04, 0x60, 0x74, 0x49, 0xFC, 0xE8, 0xC7, 0xC8, 0x76, 0x86, 0x30, 0xC3, 0x0C, 0x60, 0xCC, 0x07, 0x00,  // 汐
    0x00, 0x07, 0xFC, 0x40, 0xC7, 0xE8, 0x5F, 0x85, 0xF8, 0x74, 0x45, 0x68, 0x7F, 0xCF, 0xFE, 0x86, 0x00, 0x40,  // 犀
    0x48, 0x84, 0x98, 0x5F, 0x0F, 0xFE, 0x57, 0xCF, 0xF8, 0xFF, 0x8D, 0xD8, 0x5D, 0x85, 0x58, 0x5E, 0x46, 0x44,  // 檄
    0x06, 0x01, 0xBC, 0x1D, 0x81, 0x7C, 0x3C, 0x44, 0xFC, 0x0C, 0x4F, 0xFC, 0x37, 0x87, 0x20, 0x9D, 0xC1, 0x0C,  // 袭
    0x04, 0x07, 0xFC, 0x5B, 0x05, 0xB4, 0x7B, 0x0C, 0xB0, 0xCE, 0x0F, 0xF8, 0xB4, 0x8B, 0x48, 0x35, 0x80, 0x40,  // 席
    0x00, 0x07, 0xFC, 0x00, 0x81, 0x88, 0x08, 0x80, 0x88, 0x0E, 0x83, 0x88, 0xE0, 0x80, 0x18, 0x03, 0x80, 0x00,  // 习
    0x42, 0x04, 0xBC, 0x4C, 0xCF, 0xFC, 0x7C, 0xCF, 0xFC, 0xEF, 0xCA, 0xA0, 0xEF, 0xC7, 0xCE, 0x94, 0x80, 0x78,  // 媳
    0x00, 0x00, 0xCC, 0x0D, 0x87, 0xF8, 0x3F, 0x82, 0x10, 0x3F, 0x01, 0xF4, 0x7F, 0x83, 0xF8, 0x3F, 0x82, 0x10,  // 喜
    0x40, 0x04, 0x70, 0x7F, 0x8C, 0xFC, 0xFB, 0x07, 0xB4, 0x7F, 0x8F, 0x50, 0x55, 0x07, 0x50, 0x69, 0xE7, 0x1C,  // 铣
    0x02, 0x04, 0xA0, 0x6A, 0xCB, 0xFC, 0xF2, 0x07, 0x26, 0x4F, 0x04, 0x50, 0xCD, 0x04, 0x92, 0xD9, 0xE6, 0x1C,  // 洗
    0x01, 0x87, 0xF8, 0x09, 0x01, 0x30, 0x3E, 0x00, 0x90, 0x33, 0x87, 0xE8, 0x35, 0x02, 0x4C, 0xDC, 0x40, 0x80,  // 系
    0x02, 0x0F, 0xE8, 0xBA, 0x4F, 0xFC, 0xE8, 0x8E, 0xF8, 0xA8, 0x8E, 0xF8, 0xEB, 0x89, 0xAC, 0xB6, 0x6C, 0x20,  // 隙
    0x04, 0x00, 0x58, 0xF6, 0x83, 0x64, 0xBF, 0x86, 0x28, 0x63, 0x83, 0x30, 0x53, 0x0D, 0x7C, 0x88, 0xC0, 0x06,  // 戏
    0x00, 0x06, 0x84, 0x4F, 0x4D, 0x94, 0xF9, 0x4E, 0x94, 0x4F, 0xCF, 0x94, 0x89, 0x47, 0x94, 0xCF, 0xC0, 0x84,  // 细
    0x02, 0x0F, 0xFC, 0xB2, 0xCB, 0xF8, 0xE2, 0x8A, 0xF8, 0xFF, 0xCE, 0x68, 0xAF, 0x8E, 0x88, 0xAF, 0x80, 0x88,  // 瞎
    0x60, 0x06, 0xFE, 0x73, 0x0F, 0x30, 0xD3, 0x0D, 0x3C, 0xF3, 0x4F, 0x34, 0x53, 0x0F, 0xB0, 0x83, 0x00, 0x20,  // 虾
    0x00, 0x0F, 0xFC, 0xC0, 0x8F, 0xF8, 0xF4, 0x8F, 0xF8, 0xF4, 0x8F, 0xF8, 0xC4, 0x0C, 0x40, 0xC6, 0x48, 0x00,  // 匣
    0x01, 0x07, 0xF4, 0xFF, 0xCF, 0xF8, 0x7F, 0x8F, 0xF8, 0xDF, 0x8D, 0x08, 0xFF, 0x8F, 0xB0, 0xC7, 0xC9, 0x0C,  // 霞
    0x62, 0x04, 0xB4, 0xFB, 0xCC, 0xBC, 0xE3, 0x8F, 0x7C, 0xAB, 0x62, 0xFC, 0xE7, 0xC2, 0x4C, 0x27, 0xC2, 0x44,  // 辖
    0x00, 0x0F, 0xFC, 0xB4, 0xCB, 0xFC, 0xF4, 0x0B, 0xFC, 0xBA, 0xCB, 0x78, 0xFD, 0x89, 0x18, 0x12, 0xC1, 0x84,  // 暇
    0x02, 0x04, 0x20, 0x7F, 0xCF, 0x20, 0xFA, 0xCF, 0xF8, 0xFF, 0x4F, 0xF0, 0xF7, 0x08, 0x58, 0x18, 0xE3, 0x04,  // 峡
    0x22, 0x06, 0x20, 0x7F, 0xC5, 0x28, 0xDA, 0x8C, 0xF0, 0x4F, 0x44, 0x70, 0x45, 0x04, 0x58, 0x48, 0xE7, 0x04,  // 侠
    0x02, 0x0B, 0x20, 0x7F, 0xCE, 0x28, 0xBA, 0x86, 0xF8, 0x6F, 0x4B, 0xFC, 0x25, 0x02, 0xD8, 0xE8, 0xC6, 0x04,  // 狭
    0x00, 0x0F, 0xFC, 0x08, 0x00, 0x80, 0x0C, 0x00, 0xF0, 0x09, 0x80, 0x80, 0x08, 0x00, 0x80, 0x08, 0x00, 0x80,  // 下
    0x40, 0x47, 0xFC, 0x7F, 0xC5, 0xF8, 0x5F, 0x85, 0xF8, 0x5F, 0x85, 0xC8, 0xDF, 0x8A, 0x70, 0x0F, 0xC7, 0x0C,  // 厦
    0x00, 0x4F, 0xFC, 0x7F, 0x86, 0x10, 0x61, 0x07, 0xF0, 0x7F, 0x03, 0xF0, 0x33, 0x04, 0xE0, 0x9F, 0xCE, 0x0C,  // 夏
    0x00, 0x4B, 0xFE, 0xB2, 0x0A, 0x20, 0xA3, 0x0A, 0x2C, 0xA2, 0x4F, 0x24, 0xA2, 0x00, 0x20, 0x02, 0x00, 0x20,  // 吓
    0x41, 0x05, 0xF8, 0x71, 0x0F, 0x1E, 0x5F, 0x47, 0x78, 0xD5, 0x8D, 0x58, 0x55, 0x85, 0x7C, 0xE6, 0x4C, 0x44,  // 掀
    0x41, 0x8D, 0xF0, 0xF9, 0x49, 0x36, 0xFF, 0xC5, 0xD8, 0xFD, 0x85, 0x58, 0x55, 0x87, 0x6C, 0xE4, 0x60, 0x84,  // 锨
    0x0C, 0x02, 0xC0, 0x6C, 0x86, 0xC0, 0x4C, 0x0F, 0xFC, 0x16, 0x01, 0x60, 0x36, 0x42, 0x64, 0x67, 0xE8, 0x38,  // 先
    0x22, 0x02, 0x20, 0x62, 0x05, 0xA4, 0xFA, 0x4D, 0xA4, 0x5A, 0x45, 0xA4, 0x5A, 0x45, 0xA4, 0x5F, 0xC4, 0x04,  // 仙
    0x60, 0x87, 0x68, 0xF3, 0xCB, 0xFC, 0xF9, 0x0F, 0xFC, 0xF9, 0x0F, 0x94, 0xDF, 0xC3, 0x90, 0xE1, 0x00, 0x10,  // 鲜
    0x20, 0x86, 0x7C, 0x53, 0x09, 0x30, 0xE3, 0x07, 0xFE, 0xC3, 0x0F, 0x30, 0x03, 0x0F, 0x30, 0x83, 0x00, 0x30,  // 纤
    0x03, 0x00, 0x28, 0x7F, 0xC4, 0x20, 0x7E, 0xC4, 0x28, 0x7E, 0x86, 0xF8, 0xED, 0x0B, 0xFA, 0x84, 0xE1, 0x86,  // 咸
    0x10, 0x0D, 0xF8, 0xD5, 0x0D, 0x30, 0xD7, 0xCF, 0x9C, 0x7F, 0x86, 0xD0, 0x69, 0x06, 0xD0, 0x3B, 0x8E, 0x0C,  // 贤
    0x28, 0x06, 0x9C, 0xCE, 0x0B, 0x00, 0x7F, 0xE6, 0x88, 0xDE, 0x84, 0x88, 0x4A, 0x84, 0xE8, 0x4D, 0x84, 0x08,  // 衔
    0x22, 0x07, 0x14, 0xFF, 0xEF, 0x30, 0xF2, 0xCF, 0x48, 0xFF, 0x8F, 0x10, 0xF2, 0x89, 0x6C, 0xBF, 0x41, 0x04,  // 舷
    0x00, 0x02, 0xFC, 0xEC, 0xCC, 0xCC, 0xFF, 0xCC, 0xCC, 0xDC, 0xCD, 0xFC, 0xED, 0xCC, 0xCC, 0xC9, 0xC8, 0x08,  // 闲
    0x00, 0x4F, 0xBC, 0x59, 0x8B, 0x38, 0xF3, 0xC7, 0xF8, 0x4B, 0x8D, 0xB8, 0x9F, 0xC9, 0x80, 0xE7, 0xE4, 0x0C,  // 涎
    0x02, 0x0F, 0x24, 0x3F, 0xC2, 0x60, 0xE4, 0x88, 0xD8, 0xAF, 0x0A, 0x20, 0x27, 0x02, 0x48, 0xEF, 0xCC, 0x04,  // 弦
    0x41, 0x04, 0x54, 0x5F, 0xCF, 0x78, 0xE7, 0xCB, 0xFE, 0xA5, 0x8F, 0xF8, 0x6D, 0x87, 0x5C, 0xA7, 0x40, 0x40,  // 嫌
    0x00, 0x07, 0xF8, 0x61, 0x87, 0xF8, 0x61, 0x87, 0xF8, 0x1E, 0xC5, 0xE8, 0x7F, 0x07, 0xF0, 0x1E, 0x60, 0x00,  // 显
    0x06, 0x0F, 0x60, 0xAF, 0x0E, 0x98, 0xD1, 0xCE, 0xF0, 0xA5, 0x8B, 0xF8, 0xEF, 0x08, 0xB0, 0x83, 0xC8, 0x00,  // 险
    0x00, 0x0F, 0xFC, 0x6E, 0xC6, 0xFC, 0x7E, 0xCF, 0xEC, 0x6E, 0xC6, 0xF0, 0x77, 0x2C, 0x52, 0x19, 0xE2, 0x0C,  // 现
    0x21, 0x02, 0x18, 0xFD, 0x42, 0x14, 0xFF, 0xCF, 0x98, 0xF9, 0x8A, 0xB8, 0xFA, 0x8A, 0xAC, 0xBE, 0x68, 0x84,  // 献
    0x01, 0x03, 0xF0, 0x21, 0x03, 0xF0, 0x21, 0x03, 0xF0, 0x21, 0x4F, 0xFE, 0x1A, 0x03, 0x18, 0x7F, 0x86, 0x08,  // 县
    0x02, 0x0F, 0xEC, 0xBC, 0xCB, 0xFC, 0xFC, 0xCB, 0xFC, 0xF7, 0x4B, 0xFC, 0xB7, 0x8B, 0xBC, 0x77, 0x62, 0x20,  // 腺
    0x42, 0x04, 0x24, 0x77, 0xCD, 0xC8, 0xE9, 0x04, 0xFC, 0x48, 0x44, 0xA4, 0x5F, 0xC6, 0x84, 0x6F, 0xC4, 0x84,  // 馅
    0x13, 0x01, 0x24, 0x7F, 0xC7, 0xF8, 0x0C, 0x4F, 0xFC, 0x5C, 0xC7, 0xEC, 0x76, 0x04, 0x50, 0x4D, 0xC7, 0x04,  // 羡
    0x08, 0x04, 0xC4, 0x7F, 0xCF, 0xC8, 0x3D, 0x86, 0xC0, 0x4C, 0x4F, 0xFC, 0x16, 0x01, 0x64, 0x26, 0xCC, 0x3C,  // 宪
    0x02, 0x0F, 0x68, 0xA7, 0xCA, 0x98, 0xD1, 0x0B, 0xFC, 0xB8, 0x4B, 0x84, 0xEF, 0xC8, 0x84, 0x8F, 0xC8, 0x84,  // 陷
    0x00, 0x8F, 0xF8, 0xA8, 0x8A, 0xF8, 0xE8, 0x8A, 0xF8, 0x9A, 0xCB, 0xB8, 0xEB, 0x08, 0x98, 0x8E, 0xE8, 0x80,  // 限
    0x05, 0x06, 0x68, 0x54, 0x8B, 0x7C, 0xEE, 0x06, 0x7C, 0x5E, 0x8E, 0x38, 0x93, 0x06, 0x74, 0x8D, 0xC1, 0x06,  // 线
    0x20, 0x02, 0x7C, 0x24, 0x4F, 0xC4, 0x67, 0xC7, 0x44, 0x7C, 0x4A, 0x7C, 0xA4, 0x42, 0x44, 0x27, 0xC2, 0x44,  // 相
    0x00, 0x4F, 0xFC, 0xDA, 0x0D, 0x3C, 0xFE, 0x4D, 0x3C, 0xFE, 0x4F, 0x7C, 0xD2, 0xC9, 0x24, 0x93, 0xC1, 0x20,  // 厢
    0x42, 0x05, 0xFC, 0xFF, 0xC8, 0xF4, 0xFD, 0xC5, 0xFC, 0x7F, 0xCF, 0xDC, 0x5F, 0xC7, 0xD8, 0xFE, 0xC4, 0xC4,  // 镶
    0x03, 0x07, 0xE0, 0x0C, 0x4F, 0xFC, 0x3F, 0x06, 0xDC, 0xFF, 0xC2, 0x10, 0x3F, 0x02, 0x10, 0x3F, 0x02, 0x10,  // 香
    0x22, 0x07, 0xFC, 0xD5, 0x0B, 0x90, 0x27, 0xCF, 0xCC, 0x67, 0xC7, 0xCC, 0xA7, 0xCA, 0x4C, 0x27, 0xC2, 0x48,  // 箱
    0x0C, 0x0F, 0xFC, 0x7F, 0x87, 0xE8, 0x76, 0x87, 0xFC, 0x7F, 0x87, 0x24, 0xBD, 0x83, 0x38, 0xDF, 0xC3, 0x0C,  // 襄
    0x08, 0x04, 0xBC, 0x6B, 0x43, 0xE4, 0xDB, 0xCD, 0xA4, 0x5E, 0x4F, 0xBC, 0xEA, 0x4C, 0xA4, 0xCB, 0xCC, 0xA4,  // 湘
    0x04, 0x00, 0xC0, 0x19, 0x83, 0x30, 0x3E, 0x00, 0xC8, 0x11, 0x83, 0xF0, 0x03, 0x00, 0x60, 0x1C, 0x0E, 0x00,  // 乡
    0x10, 0x07, 0xFC, 0xFA, 0x46, 0xB4, 0x3F, 0xCF, 0xE4, 0x22, 0xCF, 0xFC, 0x4A, 0x44, 0x24, 0xCE, 0xC0, 0x04,  // 翔
    0x40, 0x86, 0x58, 0x25, 0x4F, 0xFC, 0x22, 0x06, 0xFC, 0xF2, 0x0D, 0x34, 0x5F, 0xC4, 0x20, 0x42, 0x04, 0x20,  // 祥
    0x08, 0x86, 0x58, 0x45, 0x41, 0xFC, 0xE2, 0x05, 0xFC, 0x42, 0x04, 0x24, 0x5A, 0x07, 0x20, 0x62, 0x00, 0x20,  // 详
    0x20, 0x02, 0x7C, 0xFC, 0xC6, 0x7C, 0x77, 0xCF, 0xCC, 0xA7, 0xC2, 0x40, 0x7C, 0x87, 0x54, 0xB3, 0x61, 0xF0,  // 想
    0x02, 0x00, 0x20, 0xFF, 0xCB, 0x84, 0xB9, 0x4B, 0xFC, 0xBD, 0x4F, 0xFC, 0xBF, 0x48, 0x84, 0x09, 0xC0, 0x8C,  // 响
    0x08, 0x00, 0xC4, 0xFF, 0xC3, 0xF8, 0x21, 0x03, 0xF0, 0x7F, 0x80, 0x60, 0xFF, 0xE0, 0xC0, 0x1C, 0x00, 0x80,  // 享
    0x00, 0x41, 0xB0, 0xFA, 0x04, 0xFC, 0x4F, 0x44, 0xF4, 0x4E, 0x47, 0xE4, 0xCE, 0x40, 0x78, 0x0C, 0xC3, 0x04,  // 项
    0x12, 0x01, 0x28, 0xFF, 0xC1, 0x24, 0xFF, 0xC3, 0x30, 0x3F, 0x8E, 0x2E, 0xBE, 0x02, 0x28, 0x31, 0x81, 0xF8,  // 巷
    0x44, 0x04, 0x78, 0x49, 0x8F, 0xFC, 0x4E, 0xCF, 0xC8, 0xFF, 0x87, 0xF0, 0x57, 0x84, 0xFC, 0x7E, 0x44, 0x60,  // 橡
    0x24, 0x06, 0xF8, 0x5B, 0x87, 0xFC, 0xDA, 0xCD, 0xF8, 0x4C, 0xC5, 0x70, 0x5F, 0x84, 0xFC, 0x52, 0x44, 0x60,  // 像
    0x08, 0x01, 0x80, 0x7F, 0xC4, 0x0C, 0x52, 0xC5, 0xEC, 0x52, 0xC5, 0x2C, 0x5E, 0xC5, 0x0C, 0xC1, 0xC4, 0x08,  // 向
    0x10, 0x03, 0xF0, 0x64, 0x8F, 0xF8, 0x6C, 0x87, 0xF8, 0x39, 0x8F, 0xE0, 0x6D, 0x09, 0x5C, 0x7C, 0xC0, 0xC0,  // 象
    0x12, 0x0F, 0xFC, 0x1E, 0x07, 0xF8, 0x0D, 0xC8, 0xD8, 0x7F, 0x87, 0xC8, 0x7E, 0x86, 0xF8, 0x6C, 0x88, 0x88,  // 萧
    0x01, 0x01, 0x96, 0x67, 0xC6, 0x58, 0x47, 0xCF, 0xC4, 0xD7, 0xCD, 0x44, 0x57, 0xC7, 0x44, 0x54, 0xC0, 0x44,  // 硝
    0x00, 0x87, 0xFC, 0xFF, 0xEB, 0xF8, 0x7F, 0x82, 0xD8, 0x7F, 0x86, 0x18, 0x7F, 0x87, 0xF8, 0x63, 0x84, 0x10,  // 霄
    0x30, 0x4B, 0x44, 0xFB, 0x47, 0xB4, 0xFF, 0x4C, 0xB4, 0xFB, 0x4C, 0xB4, 0xFB, 0x4C, 0x84, 0xD9, 0xC8, 0x88,  // 削
    0x06, 0x0A, 0x7C, 0xFF, 0x8A, 0x7C, 0xBF, 0xEA, 0x78, 0xAD, 0x8F, 0xB0, 0xBF, 0xE4, 0x20, 0x02, 0x00, 0x20,  // 哮
    0x40, 0x85, 0xE8, 0x7F, 0x8F, 0xFC, 0x59, 0x86, 0xD8, 0x7D, 0x87, 0x1C, 0xF7, 0xC5, 0xE8, 0x7F, 0x84, 0x48,  // 嚣
    0x41, 0x04, 0xB4, 0xFF, 0xC8, 0x7C, 0xFF, 0xC4, 0xC4, 0x5F, 0xCF, 0xC4, 0x4F, 0xC7, 0xC4, 0x6D, 0xC4, 0x88,  // 销
    0x02, 0x06, 0xAC, 0x2E, 0x89, 0xB0, 0xEF, 0xC2, 0x84, 0x2F, 0xC4, 0x84, 0x4F, 0xC4, 0x84, 0x49, 0xC4, 0x88,  // 消
    0x08, 0x08, 0xC4, 0x8D, 0xCA, 0xF8, 0x3E, 0x07, 0xF8, 0x61, 0x87, 0xF8, 0x61, 0x86, 0x18, 0x63, 0x84, 0x10,  // 宵
    0x00, 0x84, 0x70, 0x67, 0x83, 0x6C, 0xFF, 0xC4, 0xC8, 0x5F, 0x8F, 0xF8, 0xEC, 0x8C, 0xC8, 0xC9, 0x88, 0x98,  // 淆
    0x04, 0x0E, 0x4C, 0xBF, 0x8A, 0x38, 0xA3, 0x4F, 0xFC, 0xB0, 0xCB, 0xFC, 0xA7, 0x0E, 0xF0, 0x1B, 0xE2, 0x1C,  // 晓
    0x04, 0x00, 0xC0, 0x0C, 0x00, 0xC0, 0x3D, 0x06, 0xC8, 0x4C, 0xCC, 0xC6, 0x8C, 0x60, 0xC0, 0x1C, 0x00, 0x80,  // 小
    0x08, 0x00, 0x98, 0x7F, 0x00, 0xA4, 0xFF, 0xC0, 0xD0, 0x3B, 0x02, 0x60, 0xFF, 0xC0, 0x40, 0x0C, 0x00, 0xC0,  // 孝
    0x62, 0x06, 0x30, 0x7F, 0xEF, 0x50, 0x64, 0x8F, 0xDC, 0xFD, 0x8E, 0x50, 0x63, 0x06, 0x30, 0x65, 0xE7, 0x04,  // 校
    0x0C, 0x06, 0xCC, 0x2D, 0x02, 0xE8, 0x7F, 0x86, 0x08, 0x7F, 0x86, 0x08, 0x7F, 0x86, 0x08, 0x63, 0x84, 0x10,  // 肖
    0x02, 0x08, 0xF8, 0xE2, 0xCB, 0xFE, 0xAF, 0x8B, 0x28, 0xBF, 0xCF, 0xFC, 0x9B, 0xC1, 0xAC, 0x22, 0xC4, 0x24,  // 啸
    0x23, 0x06, 0xA4, 0x7F, 0xCB, 0xD8, 0x1F, 0x07, 0xE0, 0x08, 0x4F, 0xFC, 0x1A, 0x01, 0x30, 0x31, 0xEC, 0x04,  // 笑
    0x21, 0x02, 0x30, 0xFE, 0x45, 0x3E, 0x5C, 0x89, 0xE8, 0xDA, 0x83, 0x38, 0x33, 0x05, 0xB8, 0x8C, 0xC1, 0x04,  // 效
    0x48, 0x04, 0xFC, 0x5D, 0x4F, 0xD4, 0x4D, 0x4F, 0xFC, 0xEE, 0xC4, 0x64, 0x5F, 0xE4, 0x50, 0x4D, 0xC7, 0x04,  // 楔
    0x12, 0x01, 0x20, 0x52, 0xC5, 0xF0, 0x52, 0x45, 0xE4, 0xF3, 0xCC, 0x00, 0x7F, 0x80, 0x00, 0xFF, 0xC0, 0x00,  // 些
    0x01, 0x0F, 0xB0, 0xFB, 0x4C, 0xB6, 0xFD, 0xC7, 0xD0, 0xAD, 0x0E, 0xB8, 0xDA, 0x8F, 0xAC, 0x3C, 0x61, 0x84,  // 歇
    0x60, 0x06, 0xCC, 0xFF, 0xCF, 0xCC, 0xFF, 0xCF, 0x64, 0xFF, 0xEF, 0xF4, 0x7F, 0xCF, 0xDC, 0x81, 0xC0, 0x0C,  // 蝎
    0x51, 0x0D, 0x90, 0xFF, 0xC7, 0x10, 0xF1, 0x4F, 0xFC, 0xB9, 0x0F, 0xFC, 0xF9, 0x02, 0x10, 0x2F, 0xE2, 0x00,  // 鞋
    0x42, 0x04, 0x20, 0x42, 0x07, 0xF8, 0xE6, 0x85, 0x68, 0x54, 0xC5, 0x5E, 0x45, 0x84, 0x98, 0x5B, 0x06, 0x10,  // 协
    0x42, 0x04, 0x20, 0x7F, 0xCF, 0x28, 0x4A, 0xC7, 0xF8, 0xEF, 0x44, 0x70, 0x47, 0x04, 0x58, 0xC8, 0xC7, 0x04,  // 挟
    0x46, 0x04, 0xD4, 0x6F, 0xCF, 0xFC, 0x6F, 0xC6, 0xB4, 0xCF, 0xE5, 0xF8, 0x45, 0xC4, 0xD4, 0xC9, 0xC7, 0x08,  // 携
    0x00, 0x0F, 0xFE, 0x53, 0x45, 0x3C, 0xFF, 0x83, 0xB8, 0x33, 0x47, 0x34, 0x53, 0x69, 0x3C, 0x33, 0x01, 0x20,  // 邪
    0x20, 0x87, 0x08, 0x5E, 0x8C, 0xA8, 0xF8, 0x82, 0x28, 0xFA, 0xE2, 0x1E, 0xEE, 0x8A, 0x88, 0x60, 0x86, 0x08,  // 斜
    0x02, 0x0F, 0x20, 0xB2, 0x0F, 0xFC, 0xF2, 0x8B, 0xEC, 0xFE, 0xEB, 0xCA, 0xB4, 0x8B, 0x48, 0xFB, 0x83, 0x10,  // 胁
    0x01, 0x05, 0xB4, 0x5F, 0xC1, 0xB0, 0xFF, 0x65, 0xFC, 0x4E, 0x85, 0x88, 0x6F, 0x86, 0x88, 0x4F, 0x80, 0x88,  // 谐
    0x00, 0x07, 0xFC, 0xF0, 0x8B, 0x08, 0x3F, 0x82, 0x00, 0x3F, 0xC0, 0x08, 0xFE, 0x80, 0x18, 0x07, 0x80, 0x30,  // 写
    0x41, 0x04, 0x1C, 0x61, 0x4F, 0xFC, 0x4F, 0x4E, 0xDC, 0xDF, 0xC4, 0xD8, 0x4D, 0x85, 0xFA, 0x56, 0xE6, 0xC6,  // 械
    0x60, 0x04, 0xA4, 0x7F, 0x49, 0x24, 0xB6, 0x4F, 0x24, 0x52, 0x45, 0xE4, 0x53, 0xCF, 0xEC, 0xC2, 0x00, 0x20,  // 卸
    0x60, 0x07, 0xBC, 0xFB, 0x87, 0xF8, 0x7F, 0xC7, 0xD4, 0xB9, 0x08, 0xD0, 0x7F, 0x87, 0xF8, 0x6F, 0x8C, 0x0C,  // 蟹
    0x00, 0x0D, 0xBC, 0xDD, 0x4E, 0x9C, 0xFE, 0x8F, 0xF8, 0xFF, 0xCF, 0xE8, 0xEF, 0xEE, 0xC8, 0xEC, 0x8C, 0x48,  // 懈
    0x04, 0x8D, 0xD8, 0x75, 0x83, 0x5C, 0xFF, 0xE5, 0x58, 0x55, 0x8D, 0x58, 0xD7, 0x8D, 0x40, 0xDF, 0xC0, 0x00,  // 泄
    0x00, 0x45, 0xFC, 0x5C, 0x8A, 0x40, 0xEF, 0xC2, 0xC0, 0x4F, 0xCC, 0x1C, 0x7F, 0xC4, 0x0C, 0x41, 0x80, 0x00,  // 泻
    0x08, 0x8C, 0x8C, 0x5E, 0xC1, 0x6E, 0xD6, 0xCD, 0xEC, 0xD7, 0xCF, 0xDC, 0xEC, 0xCD, 0x4C, 0xED, 0xC0, 0x48,  // 谢
    0x40, 0x84, 0x0C, 0x7F, 0xC4, 0x68, 0x5E, 0xC5, 0xFC, 0x50, 0xC5, 0xFC, 0x50, 0xCD, 0xFC, 0x91, 0xC1, 0x08,  // 屑
    0x12, 0x0F, 0xFE, 0x32, 0x02, 0xFC, 0xFA, 0x07, 0xE4, 0xFF, 0xEF, 0xE8, 0x7A, 0x8E, 0xE8, 0x64, 0x82, 0x88,  // 薪
    0x02, 0x01, 0x34, 0xFF, 0xE1, 0x30, 0x1A, 0x00, 0x40, 0x34, 0x87, 0x4C, 0xF1, 0x4B, 0x14, 0x9F, 0x01, 0xE0,  // 芯
    0x42, 0x04, 0x34, 0xFF, 0xC8, 0x48, 0xF7, 0x84, 0xFC, 0x73, 0x06, 0x34, 0x4F, 0xC7, 0x30, 0x63, 0x04, 0x30,  // 锌
    0x02, 0x0F, 0xA0, 0xC2, 0x4C, 0x7C, 0xFF, 0x8F, 0x30, 0xF3, 0x0F, 0x30, 0xB6, 0x8B, 0x48, 0x38, 0xE1, 0x00,  // 欣
    0x08, 0x00, 0xCC, 0x7F, 0x81, 0x30, 0x12, 0x0F, 0xFE, 0x0C, 0x00, 0xC8, 0xFF, 0xC0, 0xC0, 0x0C, 0x00, 0xC0,  // 辛
    0x20, 0x03, 0xBC, 0xDA, 0x05, 0xA0, 0x7F, 0xE3, 0x28, 0xBA, 0x87, 0x28, 0x7E, 0x8A, 0xC8, 0x6C, 0x82, 0x08,  // 新
    0x40, 0x84, 0xFC, 0x48, 0x0F, 0x80, 0xFF, 0xEC, 0xD8, 0x49, 0x84, 0x98, 0x49, 0x85, 0x98, 0x51, 0x86, 0x10,  // 忻
    0x00, 0x00, 0xC0, 0x04, 0x03, 0x40, 0x30, 0x03, 0x08, 0xB0, 0xCB, 0x04, 0xB1, 0x03, 0x10, 0x1F, 0x00, 0x00,  // 心
    0x22, 0x02, 0x20, 0x7F, 0xE4, 0x00, 0xDF, 0xCC, 0x08, 0x4F, 0x84, 0xF8, 0x48, 0xC4, 0x88, 0x4F, 0x84, 0x88,  // 信
    0x21, 0x02, 0x54, 0xFD, 0x4F, 0xF8, 0xF9, 0xCF, 0x90, 0xF9, 0x0F, 0xFE, 0xF9, 0x0E, 0x10, 0x01, 0x00, 0x10,  // 衅
    0x00, 0x86, 0x18, 0x7F, 0x86, 0x08, 0x7F, 0x86, 0xC0, 0x7F, 0xC4, 0xC0, 0xCD, 0x88, 0xC0, 0x0C, 0x4F, 0xFC,  // 星
    0x00, 0x0F, 0xFC, 0xBF, 0xCF, 0xCC, 0xFF, 0xCB, 0xB0, 0xFF, 0xCB, 0xB0, 0xBF, 0xCB, 0x30, 0x73, 0x62, 0x00,  // 腥
    0x00, 0x0F, 0xFC, 0x6F, 0xCE, 0xCC, 0x2F, 0xC6, 0xB0, 0x6F, 0xCB, 0xB0, 0x3F, 0xC2, 0x30, 0xE3, 0x64, 0x00,  // 猩
    0x40, 0x04, 0xFC, 0x48, 0x86, 0x88, 0xFF, 0x8C, 0xA0, 0x4F, 0xC5, 0xB0, 0x5F, 0xC4, 0x20, 0x42, 0x45, 0xFC,  // 惺
    0x00, 0x04, 0x8C, 0x6D, 0x82, 0xD0, 0x35, 0x02, 0x24, 0xFF, 0xE1, 0x00, 0x33, 0x02, 0x18, 0x40, 0xC8, 0x00,  // 兴
    0x00, 0x4F, 0xF4, 0x29, 0x42, 0x94, 0x2F, 0x4F, 0xF4, 0x69, 0x46, 0x94, 0x49, 0x44, 0x84, 0x89, 0xC0, 0x88,  // 刑
    0x04, 0x4F, 0xF4, 0x2B, 0x4F, 0xF4, 0x7B, 0x44, 0x84, 0xC9, 0xC8, 0xC8, 0x0D, 0x80, 0xC0, 0x0C, 0x4F, 0xFC,  // 型
    0x00, 0x8F, 0xEC, 0x69, 0x06, 0xA0, 0x6E, 0xCF, 0xC8, 0x6B, 0x06, 0xE6, 0x48, 0xC4, 0x98, 0x8E, 0x00, 0x80,  // 形
    0x00, 0x0F, 0xFE, 0x6B, 0x46, 0xB8, 0x7F, 0x8F, 0xF8, 0x4B, 0x44, 0xB6, 0x4B, 0xE4, 0xBC, 0x9B, 0x00, 0x20,  // 邢
    0x20, 0x06, 0xFC, 0xC0, 0x0B, 0x00, 0x30, 0x46, 0x18, 0xE1, 0x06, 0x10, 0x61, 0x06, 0x10, 0x67, 0x06, 0x30,  // 行
    0x04, 0x0F, 0xFC, 0x67, 0xCF, 0xEC, 0xFF, 0xCF, 0xD0, 0xFF, 0x49, 0xD0, 0xFF, 0xC9, 0x90, 0xF9, 0x48, 0x00,  // 醒
    0x0C, 0x00, 0xC8, 0x7F, 0x80, 0xC4, 0xFF, 0xC1, 0x30, 0x57, 0x80, 0xC0, 0x8C, 0xC0, 0xC0, 0x0C, 0x00, 0xC0,  // 幸
    0x0C, 0x00, 0xC4, 0xFF, 0xC1, 0xE0, 0x3D, 0x86, 0xCE, 0x8C, 0x43, 0xF8, 0x21, 0x02, 0x10, 0x3F, 0x02, 0x10,  // 杏
    0x42, 0x04, 0xA0, 0x4A, 0x0F, 0xBC, 0xDB, 0x0D, 0x20, 0x52, 0x84, 0xFC, 0x42, 0x04, 0x20, 0x43, 0x64, 0x00,  // 性
    0x43, 0x04, 0xB0, 0x4F, 0x0F, 0xF4, 0xFB, 0x0F, 0xB0, 0xB3, 0x4A, 0xFC, 0xE3, 0x07, 0x30, 0xD3, 0x49, 0x80,  // 姓
    0x00, 0x07, 0xF8, 0x61, 0x86, 0x18, 0x61, 0x87, 0xF8, 0x76, 0x01, 0x60, 0x16, 0x43, 0x64, 0x63, 0xEC, 0x18,  // 兄
    0x00, 0x00, 0x30, 0xE2, 0xCD, 0x6C, 0xCC, 0xCC, 0xCC, 0xDE, 0xCD, 0x3C, 0xE3, 0xCC, 0x0C, 0xFF, 0xC0, 0x08,  // 凶
    0x04, 0x0F, 0x44, 0xEF, 0xEF, 0x94, 0xF7, 0x4F, 0xFC, 0xEF, 0xCE, 0xFC, 0xA9, 0xCB, 0xF4, 0xE1, 0xC2, 0x0C,  // 胸
    0x20, 0x02, 0x00, 0x7F, 0xC4, 0x44, 0xEC, 0x4F, 0xBC, 0x5A, 0xC5, 0xEC, 0x66, 0xC7, 0xEC, 0x02, 0x80, 0x18,  // 匈
    0x00, 0x04, 0x18, 0x59, 0x4B, 0xD4, 0xF7, 0x43, 0x24, 0x53, 0x45, 0x54, 0xDD, 0xC5, 0x84, 0xDF, 0xC4, 0x04,  // 汹
    0x27, 0x06, 0x78, 0x7F, 0xEE, 0xD0, 0x7D, 0x47, 0xFC, 0x75, 0x0A, 0x7C, 0xD5, 0x0F, 0xD0, 0x07, 0xE0, 0x40,  // 雄
    0x22, 0x07, 0x7C, 0xFF, 0x4C, 0xFC, 0xFB, 0x87, 0xEC, 0x7F, 0xCD, 0xE4, 0xDB, 0xC0, 0x48, 0x96, 0xC9, 0x04,  // 熊
    0x22, 0x02, 0x20, 0x62, 0x07, 0xFC, 0x67, 0x0C, 0xF0, 0x4B, 0x04, 0xA8, 0x52, 0xC6, 0x24, 0x42, 0x04, 0x20,  // 休
    0x26, 0x06, 0x68, 0x7F, 0xCF, 0xB8, 0xF3, 0x8D, 0xFE, 0x53, 0x05, 0x58, 0x73, 0xC4, 0xD8, 0x4E, 0x03, 0x80,  // 修
    0x13, 0x01, 0xA0, 0x7F, 0xC0, 0x90, 0x3F, 0x0F, 0xFC, 0x10, 0x03, 0xF8, 0x6D, 0x8B, 0xF0, 0x09, 0xC0, 0x00,  // 羞
    0x20, 0x02, 0xFE, 0x76, 0x0F, 0x60, 0x64, 0x07, 0x7C, 0xF0, 0x4A, 0x04, 0x20, 0xC2, 0x0C, 0x63, 0x82, 0x18,  // 朽
    0x02, 0x0A, 0xFC, 0xE8, 0xCA, 0xFC, 0xAF, 0xCA, 0x8C, 0xAF, 0x8E, 0x3C, 0xBF, 0xE8, 0x50, 0x0D, 0xC3, 0x0C,  // 嗅
    0x41, 0x84, 0xF0, 0x72, 0x49, 0xFC, 0xFF, 0x84, 0xAE, 0xFF, 0x84, 0x50, 0x55, 0xC6, 0xC4, 0x69, 0xC1, 0x08,  // 锈
    0x03, 0x07, 0xF0, 0x0C, 0x4F, 0xFC, 0x3F, 0x06, 0xDE, 0xFF, 0x01, 0x28, 0x17, 0xC3, 0x08, 0x67, 0x88, 0x30,  // 秀
    0x43, 0x06, 0x30, 0x23, 0x4F, 0xFC, 0x6B, 0x47, 0xB4, 0xEF, 0xCF, 0xB4, 0x7B, 0x44, 0xB4, 0x6F, 0xC4, 0x84,  // 袖
    0x00, 0x86, 0xF8, 0x42, 0x4B, 0xFC, 0xEF, 0x86, 0xAE, 0xFF, 0xCC, 0x50, 0x25, 0xCC, 0x8C, 0x1A, 0x82, 0x18,  // 绣
    0x42, 0x04, 0x3C, 0x4A, 0x67, 0xBE, 0xFF, 0xC4, 0xAC, 0x5B, 0xC7, 0xBC, 0xFF, 0xC9, 0xF8, 0x27, 0xE5, 0xFC,  // 墟
    0x04, 0x00, 0x50, 0x05, 0xC7, 0xFC, 0x44, 0x84, 0x58, 0x7F, 0x04, 0x30, 0x43, 0x0C, 0x72, 0x99, 0xC2, 0x06,  // 戌
    0x00, 0x80, 0xC4, 0xFF, 0xEB, 0xF8, 0x3F, 0x00, 0x84, 0xFF, 0xC7, 0xFC, 0x5E, 0x85, 0xE8, 0x5F, 0x84, 0x08,  // 需
    0x0C, 0x00, 0xF8, 0x4C, 0x47, 0xFC, 0x4F, 0x87, 0xCC, 0x4F, 0x86, 0xA8, 0x6B, 0x8F, 0xB0, 0x8A, 0x47, 0xFC,  // 虚
    0x02, 0x00, 0x3C, 0xFA, 0x4B, 0xEC, 0xBF, 0xCB, 0xEC, 0xBB, 0x8F, 0xB4, 0xBF, 0xC1, 0xF8, 0x23, 0x45, 0xFE,  // 嘘
    0x20, 0x42, 0xFC, 0x42, 0x0A, 0xFC, 0x3B, 0xC6, 0xBC, 0x8A, 0xC3, 0xAC, 0x6F, 0xC4, 0x6C, 0x8C, 0x40, 0x00,  // 须
    0x22, 0x06, 0x60, 0xCD, 0x03, 0x9C, 0x7F, 0xEE, 0x60, 0xDF, 0xC4, 0xE0, 0x4F, 0x85, 0x2C, 0x6E, 0x44, 0x60,  // 徐
    0x44, 0x06, 0xC0, 0x2F, 0xC0, 0xB0, 0xFB, 0x07, 0x34, 0x7F, 0xE6, 0x30, 0x73, 0x06, 0x30, 0x63, 0x00, 0x20,  // 许
    0x12, 0x0F, 0xFC, 0x1E, 0x4F, 0xFC, 0x3B, 0x03, 0xE0, 0x7F, 0x87, 0xDC, 0x7F, 0x87, 0xF8, 0x7F, 0x86, 0x10,  // 蓄
    0x08, 0x8F, 0xA8, 0xF6, 0xCF, 0xFC, 0xDD, 0x4D, 0xD4, 0x9D, 0xC9, 0xFC, 0x9E, 0xC9, 0xC4, 0x8F, 0xC8, 0x04,  // 酗
    0x30, 0x03, 0x84, 0x6F, 0xC4, 0xAC, 0xFA, 0xC3, 0x28, 0xFF, 0x87, 0x18, 0xF9, 0x8B, 0x7C, 0x64, 0xE3, 0x80,  // 叙
    0x40, 0x04, 0x78, 0x44, 0x8F, 0xC8, 0x56, 0x85, 0x68, 0x54, 0x85, 0x48, 0x57, 0xC9, 0x44, 0x9F, 0xC0, 0xF8,  // 旭
    0x04, 0x04, 0x64, 0x40, 0x85, 0xFC, 0x4D, 0x04, 0x60, 0x7F, 0xE4, 0x6C, 0xC6, 0x08, 0x60, 0x8E, 0x00, 0x40,  // 序
    0x08, 0x00, 0xCC, 0x19, 0x03, 0xF0, 0x3F, 0x07, 0xF8, 0x70, 0xC7, 0xF8, 0x6D, 0x86, 0xD8, 0x7F, 0x86, 0x18,  // 畜
    0x42, 0x04, 0x60, 0x54, 0xCF, 0xFC, 0xF7, 0xCD, 0x7C, 0x57, 0xC5, 0x7C, 0x57, 0xC5, 0x7C, 0x7F, 0xE4, 0x00,  // 恤
    0x10, 0x03, 0xBC, 0xEE, 0x47, 0xA4, 0x3F, 0xCD, 0x90, 0x3F, 0x01, 0xD8, 0x7F, 0x83, 0x70, 0x6C, 0xC8, 0xC0,  // 絮
    0x40, 0x04, 0xFE, 0x4F, 0xCF, 0xF8, 0x7F, 0xEF, 0x1C, 0xAF, 0xCE, 0xF8, 0x6C, 0x87, 0xF8, 0x9D, 0x80, 0xC8,  // 婿
    0x06, 0x06, 0x6C, 0x5F, 0xCB, 0x78, 0xFF, 0xEE, 0x20, 0x4F, 0x8F, 0xC8, 0x9F, 0x87, 0xC8, 0xCF, 0x80, 0xC8,  // 绪
    0x02, 0x06, 0x28, 0x4F, 0x8B, 0x24, 0xEF, 0xC4, 0x50, 0x4B, 0x0E, 0xB4, 0x1F, 0xCF, 0x70, 0x8C, 0xC3, 0x04,  // 续
    0x20, 0x06, 0xFC, 0xF9, 0x06, 0x10, 0xA1, 0x0F, 0x94, 0xA7, 0x02, 0x90, 0xF1, 0x0A, 0x10, 0x21, 0x02, 0x10,  // 轩
    0x02, 0x0A, 0xB4, 0xF8, 0xCB, 0x8C, 0xA8, 0x8A, 0xF8, 0xA8, 0x8E, 0xF8, 0xA8, 0x88, 0xF8, 0x08, 0x43, 0xFC,  // 喧
    0x08, 0x08, 0xC4, 0xFF, 0xCA, 0x18, 0x00, 0x03, 0xF0, 0x21, 0x03, 0xF0, 0x21, 0x03, 0xF0, 0x20, 0x4F, 0xFC,  // 宣
    0x21, 0x02, 0x10, 0x3F, 0x02, 0x10, 0x21, 0x4F, 0xFE, 0x33, 0x07, 0xF8, 0x2C, 0x8A, 0x5C, 0xB3, 0x41, 0xE0,  // 悬
    0x42, 0x06, 0x64, 0xFF, 0xC4, 0x80, 0x5F, 0xC5, 0x1C, 0x55, 0x05, 0x5C, 0x5D, 0x09, 0xF0, 0xFB, 0xC3, 0x0C,  // 旋
    0x08, 0x00, 0xC0, 0xFF, 0xC1, 0x80, 0x11, 0x03, 0x30, 0x7E, 0x00, 0xC0, 0x1A, 0x03, 0x10, 0x7F, 0x86, 0x08,  // 玄
    0x02, 0x04, 0xA0, 0x7F, 0xC1, 0x20, 0x12, 0x4F, 0xFC, 0x4F, 0x04, 0xF4, 0x4B, 0x47, 0x1C, 0xFF, 0xE0, 0xFC,  // 选
    0x04, 0x07, 0xFC, 0x5A, 0x4D, 0xD4, 0xFF, 0xC7, 0xF8, 0xFF, 0xC7, 0xC8, 0x7F, 0xEE, 0x48, 0xB8, 0x80, 0x08,  // 癣
    0x02, 0x0A, 0x20, 0xBF, 0xEA, 0x20, 0xE6, 0x8A, 0x58, 0xAF, 0x0E, 0x30, 0xA2, 0x0A, 0x48, 0xAF, 0xC8, 0x84,  // 眩
    0x44, 0x04, 0x40, 0x5F, 0xCB, 0x84, 0xFF, 0x44, 0x94, 0x4F, 0x4F, 0x94, 0x0F, 0x4E, 0x94, 0x81, 0xC0, 0x08,  // 绚
    0x51, 0x0F, 0xF0, 0xF5, 0x07, 0x54, 0xF5, 0xCF, 0xD8, 0xFD, 0x0F, 0x70, 0x7D, 0x06, 0x54, 0x25, 0xE2, 0x4C,  // 靴
    0x12, 0x0F, 0xFE, 0x32, 0x03, 0x34, 0xFF, 0xCD, 0x78, 0xFF, 0xED, 0x30, 0xDF, 0xCD, 0x30, 0xF3, 0x08, 0x30,  // 薛
    0x09, 0x82, 0xD0, 0x2F, 0x0F, 0xFC, 0x80, 0xCF, 0xF8, 0x02, 0x00, 0xC4, 0xFF, 0xC0, 0x40, 0x1C, 0x00, 0x80,  // 学
    0x08, 0x00, 0xC0, 0x7F, 0xCC, 0x0C, 0x86, 0x01, 0xA0, 0x12, 0x03, 0x20, 0x23, 0x06, 0x18, 0xC0, 0xC8, 0x04,  // 穴
    0x01, 0x07, 0xF8, 0xFF, 0xC8, 0xC4, 0xBF, 0x07, 0xF0, 0x08, 0x07, 0xF8, 0x01, 0x83, 0xF8, 0x7F, 0x80, 0x18,  // 雪
    0x0C, 0x00, 0x80, 0x48, 0x87, 0xF8, 0x5E, 0x85, 0xE8, 0x5E, 0x85, 0xE8, 0x5E, 0x85, 0xE8, 0xFF, 0xE0, 0x00,  // 血
    0x01, 0x0F, 0x90, 0xC9, 0x0F, 0xFC, 0xF9, 0x4A, 0x94, 0xAB, 0x4A, 0xB4, 0xAA, 0x4F, 0xEC, 0xCD, 0xC9, 0x18,  // 勋
    0x03, 0x07, 0xE0, 0xFF, 0xC7, 0xF8, 0x7F, 0x85, 0xE8, 0x7F, 0x87, 0xF8, 0x0C, 0x4F, 0xFC, 0xD2, 0xC9, 0x24,  // 熏
    0x20, 0x87, 0xF0, 0xD9, 0x0F, 0xFE, 0x79, 0x0D, 0x7C, 0xD4, 0xC5, 0x7C, 0x57, 0xC5, 0x44, 0x67, 0xC4, 0x44,  // 循
    0x20, 0x02, 0x00, 0x7F, 0xC4, 0x0C, 0xBE, 0xC2, 0x6C, 0x3E, 0xC2, 0x6C, 0x26, 0xC2, 0x68, 0x03, 0x80, 0x18,  // 旬
    0x04, 0x04, 0xC0, 0x4F, 0xC1, 0x04, 0xEF, 0x44, 0x94, 0x4F, 0x44, 0x94, 0x4B, 0x46, 0xB4, 0x41, 0xC0, 0x18,  // 询
    0x00, 0x07, 0xF8, 0x01, 0x87, 0xF8, 0x01, 0x87, 0xF8, 0x03, 0x4F, 0xFE, 0x33, 0x03, 0x30, 0x0F, 0x00, 0x20,  // 寻
    0x04, 0x4F, 0x54, 0xD5, 0x4F, 0x54, 0xB5, 0x4F, 0x54, 0x9D, 0x41, 0x54, 0xD5, 0x41, 0xD4, 0x78, 0x43, 0x04,  // 驯
    0x00, 0x06, 0xBC, 0x6A, 0x81, 0x68, 0x55, 0x0F, 0x50, 0x5A, 0x84, 0xAC, 0x4A, 0x46, 0x80, 0xBF, 0xE8, 0xFC,  // 巡
    0x04, 0x03, 0x40, 0x4F, 0xC4, 0x84, 0xFF, 0x4B, 0x94, 0xEF, 0x46, 0x94, 0x6F, 0x44, 0xD4, 0x81, 0xC0, 0x18,  // 殉
    0xC0, 0x87, 0xF8, 0x0D, 0x8A, 0xD8, 0xEF, 0x87, 0xF8, 0x4C, 0x8C, 0xC8, 0xCC, 0xAC, 0xCC, 0xCC, 0x40, 0x00,  // 汛
    0x08, 0x46, 0xA4, 0x6B, 0x40, 0xB4, 0xEB, 0x44, 0xB4, 0x4B, 0x44, 0xB4, 0x7B, 0x47, 0xA4, 0x50, 0x42, 0x04,  // 训
    0x00, 0x0D, 0xF8, 0x44, 0x80, 0x48, 0x44, 0x85, 0xF8, 0x44, 0x84, 0x48, 0x44, 0xA6, 0x4E, 0x4C, 0xE4, 0xC6,  // 讯
    0x01, 0x05, 0xF8, 0x4D, 0x80, 0xB8, 0x0B, 0xCD, 0xFC, 0x7D, 0xE4, 0xD8, 0x49, 0x07, 0xB0, 0xBF, 0xE0, 0xFC,  // 逊
    0x00, 0x05, 0xF8, 0x65, 0x80, 0x58, 0x0F, 0x0F, 0xF8, 0x45, 0x84, 0xCC, 0x4C, 0xC4, 0xC4, 0xF9, 0xE8, 0xFC,  // 迅
    0x00, 0x07, 0xFC, 0x44, 0x04, 0x40, 0x44, 0x07, 0xFC, 0x44, 0x04, 0x50, 0x45, 0x8C, 0x48, 0xFF, 0xE0, 0x00,  // 压
    0x40, 0x06, 0xFC, 0x7B, 0x4F, 0xB4, 0x6F, 0xC7, 0xB4, 0xEB, 0x4E, 0xFC, 0x63, 0x06, 0x30, 0xE3, 0x04, 0x30,  // 押
    0x01, 0x0F, 0xF0, 0x77, 0xCF, 0x7C, 0xFD, 0xCF, 0xD8, 0x76, 0xC7, 0x7C, 0xB1, 0xCB, 0x84, 0x71, 0xC2, 0x0C,  // 鸦
    0x01, 0x0F, 0xF8, 0xF6, 0xCF, 0x58, 0xF4, 0x8F, 0x58, 0xFD, 0x4F, 0x44, 0x61, 0xC6, 0x84, 0x60, 0xC6, 0x1C,  // 鸭
    0x00, 0x0B, 0xFC, 0xED, 0x8A, 0xD8, 0xA9, 0xCA, 0xFC, 0xA3, 0x8E, 0x58, 0xAD, 0x81, 0x98, 0x33, 0x84, 0x10,  // 呀
    0x00, 0x86, 0x18, 0x33, 0x01, 0x60, 0x0C, 0x00, 0xC0, 0x0C, 0x00, 0xC0, 0x0C, 0x00, 0xC0, 0x0C, 0x00, 0xC0,  // 丫
    0x02, 0x03, 0x34, 0x33, 0x02, 0x28, 0x7F, 0x82, 0x20, 0x62, 0xC4, 0xE0, 0x1A, 0x03, 0x20, 0xCE, 0x00, 0x60,  // 芽
    0x00, 0x07, 0xFC, 0x22, 0x02, 0x20, 0x62, 0x47, 0xFC, 0x0E, 0x01, 0xA0, 0x32, 0x06, 0x20, 0x8E, 0x00, 0x60,  // 牙
    0x20, 0x06, 0x7C, 0xF0, 0x8F, 0x68, 0xF4, 0x8F, 0x7E, 0xF3, 0x8F, 0x28, 0x76, 0x8F, 0xC8, 0x9B, 0x80, 0x18,  // 蚜
    0x04, 0x06, 0x48, 0x7F, 0x86, 0x0C, 0x46, 0x05, 0xF8, 0x44, 0x47, 0xFC, 0x44, 0x85, 0xF8, 0x86, 0x40, 0x00,  // 崖
    0x20, 0x07, 0xE4, 0xC9, 0x07, 0xE0, 0x4F, 0xED, 0xFC, 0xD2, 0x85, 0xE8, 0x52, 0x85, 0xE8, 0x52, 0x84, 0x18,  // 衙
    0x00, 0x45, 0xFC, 0x7B, 0x0B, 0xFC, 0xFB, 0x05, 0xB4, 0x5B, 0x0D, 0x34, 0xDF, 0xCF, 0x30, 0xE3, 0x44, 0x00,  // 涯
    0x07, 0x0F, 0xD8, 0xA7, 0xCA, 0xD0, 0xFD, 0x4F, 0xFC, 0x65, 0x06, 0x7C, 0xA5, 0x02, 0x54, 0x6F, 0xE2, 0x40,  // 雅
    0x00, 0x4F, 0xFC, 0xA5, 0x0A, 0x54, 0xB5, 0x4B, 0x5C, 0xBD, 0x8F, 0xD8, 0xA5, 0x00, 0x50, 0x3F, 0xE0, 0x00,  // 哑
    0x00, 0x0F, 0xFC, 0x16, 0x01, 0x68, 0x56, 0xC5, 0x68, 0x77, 0x87, 0x70, 0x16, 0x01, 0x60, 0xFF, 0xE0, 0x00,  // 亚
    0x00, 0x05, 0xFC, 0x45, 0x80, 0xD8, 0xE9, 0xC4, 0xFC, 0x43, 0x84, 0x78, 0x75, 0x87, 0x98, 0x73, 0x80, 0x10,  // 讶
    0x00, 0x87, 0xF8, 0x2F, 0x82, 0xC4, 0xFF, 0xC3, 0xF8, 0x20, 0x03, 0xFC, 0x2A, 0x4A, 0xFC, 0xA1, 0x80, 0x08,  // 焉
    0x00, 0x4B, 0xFC, 0xFB, 0x4B, 0xA4, 0xBF, 0xCB, 0xA4, 0xBB, 0x4F, 0xBC, 0xBC, 0xC8, 0x84, 0x0F, 0xC0, 0x84,  // 咽
    0x00, 0x02, 0xFC, 0xED, 0x4F, 0xFC, 0x9E, 0x4F, 0xFC, 0xFF, 0xCB, 0xE4, 0xBF, 0x48, 0xFC, 0x87, 0xC8, 0x08,  // 阉
    0x40, 0x04, 0xFC, 0x6B, 0x47, 0xB4, 0xEF, 0xCC, 0xA4, 0x4B, 0x44, 0xBC, 0x6E, 0xCF, 0xC4, 0x9F, 0xC0, 0x84,  // 烟
    0x04, 0x04, 0x44, 0x5F, 0xC2, 0xD0, 0xFF, 0x87, 0xFE, 0x74, 0x85, 0xF8, 0xD7, 0x8D, 0xF4, 0xC6, 0x44, 0x3C,  // 淹
    0x22, 0x02, 0x20, 0x3A, 0x02, 0x38, 0x22, 0xC3, 0xA4, 0xC2, 0x07, 0xF8, 0x5F, 0x85, 0x68, 0x7F, 0xC0, 0x00,  // 盐
    0x00, 0x45, 0xE8, 0x5A, 0x87, 0xB8, 0x3B, 0x47, 0xFC, 0x40, 0x04, 0x00, 0x40, 0x0C, 0x00, 0x80, 0x00, 0x00,  // 严
    0x00, 0x0F, 0xFC, 0x66, 0x84, 0x68, 0x56, 0x8F, 0xFC, 0xD7, 0x8D, 0x48, 0x54, 0x87, 0x48, 0xD8, 0x83, 0x08,  // 研
    0x40, 0x44, 0xFC, 0x44, 0x8F, 0x88, 0xFF, 0xCF, 0xE8, 0xF6, 0x8E, 0xE8, 0x7F, 0xEF, 0xC0, 0x93, 0xE2, 0x04,  // 蜒
    0x04, 0x06, 0xC8, 0x4C, 0x87, 0xF8, 0x00, 0xCF, 0xFE, 0x10, 0x03, 0xF8, 0x61, 0x8A, 0x18, 0x3F, 0x82, 0x18,  // 岩
    0x00, 0x8E, 0x3C, 0x2F, 0x04, 0x30, 0x4F, 0xCF, 0xB8, 0xAB, 0x0A, 0xB0, 0x6F, 0xC7, 0x00, 0x5F, 0xE0, 0x3C,  // 延
    0x08, 0x00, 0xC4, 0xFF, 0xC0, 0x10, 0x7F, 0x00, 0x10, 0x3F, 0x02, 0x10, 0x61, 0x86, 0x10, 0x7F, 0x06, 0x10,  // 言
    0x20, 0x02, 0xFC, 0x59, 0x07, 0x7C, 0xFF, 0x49, 0x7C, 0xB7, 0x4D, 0xF4, 0xBF, 0x4D, 0xB8, 0xE6, 0x48, 0xC4,  // 颜
    0x00, 0x02, 0xFC, 0xE8, 0x4D, 0xE4, 0xF6, 0x4F, 0xF4, 0xF3, 0x4F, 0xF4, 0xF3, 0x4F, 0xF4, 0xC1, 0xC8, 0x08,  // 阎
    0x08, 0x00, 0x98, 0x2B, 0x06, 0xE0, 0x1B, 0x86, 0xCC, 0x8D, 0x86, 0xF0, 0x5E, 0x01, 0x30, 0x31, 0xCC, 0x0C,  // 炎
    0x00, 0x04, 0xF8, 0x59, 0x0A, 0x90, 0xE9, 0xE7, 0x0C, 0x68, 0x8C, 0x88, 0xC8, 0x8C, 0x88, 0xCF, 0x80, 0x88,  // 沿
    0x08, 0x00, 0x8C, 0xFF, 0xC3, 0x30, 0x6D, 0xEF, 0xFC, 0x69, 0x07, 0xF0, 0x69, 0x07, 0xF4, 0x0C, 0x40, 0x7C,  // 奄
    0x42, 0x04, 0x64, 0x7F, 0xCE, 0xD0, 0x5E, 0xC7, 0xFE, 0xFE, 0x8D, 0xF8, 0x5E, 0x84, 0xE8, 0xC2, 0x64, 0x3C,  // 掩
    0x00, 0x8F, 0xFC, 0xBC, 0x8B, 0xF8, 0xFC, 0x8B, 0xC8, 0xFE, 0xCB, 0xFC, 0xBD, 0x0F, 0xD8, 0x9E, 0xC0, 0x84,  // 眼
    0x20, 0x06, 0xFC, 0xC4, 0x0B, 0x20, 0x6B, 0xE4, 0xC8, 0xC4, 0x84, 0x88, 0x48, 0x84, 0x88, 0x49, 0x84, 0x18,  // 衍
    0x02, 0x05, 0x24, 0x70, 0xE1, 0xF8, 0xA2, 0x0B, 0xFC, 0x5E, 0xC5, 0xEC, 0xDF, 0xC5, 0x00, 0xDD, 0xCF, 0x04,  // 演
    0x42, 0x04, 0x68, 0xF7, 0x86, 0x90, 0xFF, 0xC7, 0xF4, 0x7F, 0x4F, 0xFC, 0x4C, 0x04, 0xC4, 0x4F, 0xE4, 0x7C,  // 艳
    0x40, 0x05, 0xFC, 0x5F, 0xC5, 0xEC, 0xFC, 0xC5, 0xF8, 0x5F, 0xC5, 0xE8, 0xFF, 0x89, 0xBC, 0x1F, 0xE1, 0x00,  // 堰
    0x12, 0x01, 0x24, 0xFF, 0xC1, 0xF0, 0x71, 0x4F, 0xFC, 0x73, 0x8F, 0xF4, 0xF3, 0xC5, 0x48, 0x56, 0xC9, 0x24,  // 燕
    0x00, 0x07, 0xFC, 0x46, 0x04, 0x58, 0x44, 0x87, 0xFC, 0x46, 0x04, 0xE0, 0xCB, 0x09, 0x98, 0xB0, 0xE4, 0x04,  // 厌
    0x00, 0x0F, 0xFC, 0x4E, 0xC4, 0xEC, 0x7E, 0xCD, 0xEC, 0xDF, 0xCD, 0xF0, 0x75, 0x2D, 0xD2, 0x19, 0xE2, 0x00,  // 砚
    0x00, 0x47, 0xFE, 0x5F, 0x05, 0x5C, 0x7D, 0x07, 0xD4, 0x7F, 0xC7, 0x54, 0xF7, 0xCB, 0x50, 0xB7, 0xE3, 0x40,  // 雁
    0x02, 0x00, 0x24, 0xFF, 0xEA, 0x0C, 0xAF, 0xCA, 0x0C, 0xA8, 0x0E, 0xFC, 0xAC, 0xC8, 0x8C, 0x0F, 0xC0, 0x88,  // 唁
    0x0C, 0x07, 0xFC, 0x13, 0x01, 0x24, 0x7F, 0xC4, 0x70, 0x5C, 0x06, 0x38, 0x4E, 0x0F, 0x1C, 0x8F, 0x03, 0x80,  // 彦
    0x42, 0x06, 0x6C, 0x57, 0xC7, 0x98, 0xE1, 0x0C, 0xFC, 0x48, 0x44, 0xA4, 0x6E, 0xCF, 0x84, 0x8F, 0xC0, 0x84,  // 焰
    0x08, 0x04, 0xCC, 0x81, 0xCB, 0xF0, 0x3F, 0x02, 0x10, 0x3F, 0x01, 0x84, 0xB3, 0x03, 0xE0, 0x1F, 0x8F, 0x08,  // 宴
    0x02, 0x04, 0x34, 0x4D, 0x80, 0x58, 0xDF, 0xE5, 0x98, 0x5E, 0x85, 0x98, 0x7B, 0x47, 0x8C, 0x77, 0x02, 0x80,  // 谚
    0x02, 0x0F, 0x60, 0xA5, 0x0E, 0xC8, 0xA9, 0xCB, 0xF0, 0xFA, 0x81, 0xA8, 0xFF, 0x83, 0xF0, 0xE1, 0x44, 0x80,  // 验
    0x02, 0x01, 0x20, 0x4F, 0x84, 0xE8, 0xFA, 0x8B, 0xA8, 0xFE, 0xC6, 0x70, 0x67, 0x04, 0x58, 0x98, 0xC2, 0x04,  // 殃
    0x04, 0x00, 0xC0, 0x4C, 0x87, 0xF8, 0x6D, 0x86, 0xD8, 0x6D, 0xC0, 0xE0, 0x1A, 0x01, 0x30, 0x61, 0xC8, 0x0C,  // 央
    0x0C, 0x07, 0xF0, 0x69, 0x4F, 0xFC, 0x3B, 0x0F, 0x9C, 0x3B, 0x02, 0xF0, 0x3F, 0xC2, 0x2C, 0x83, 0x80, 0x18,  // 鸯
    0x02, 0x0F, 0x30, 0x6B, 0x87, 0xFC, 0xEA, 0x87, 0xA8, 0x7E, 0xCE, 0x70, 0xE7, 0x06, 0x58, 0x68, 0xC7, 0x04,  // 秧
    0x60, 0x06, 0xF8, 0x73, 0x0F, 0x20, 0x64, 0x07, 0xFE, 0xF5, 0x4E, 0x54, 0x6B, 0x47, 0x64, 0x6D, 0xC7, 0x18,  // 杨
    0x60, 0x06, 0xF8, 0x71, 0x0F, 0x20, 0x64, 0x07, 0xFE, 0xE5, 0x4E, 0x54, 0x6B, 0x47, 0x64, 0xED, 0xC7, 0x18,  // 扬
    0x29, 0x82, 0xD0, 0x65, 0x45, 0xFC, 0xC2, 0x0D, 0xFC, 0x42, 0x04, 0x64, 0x46, 0x04, 0x20, 0x42, 0x04, 0x20,  // 佯
    0x04, 0x02, 0x64, 0x60, 0x8F, 0xF8, 0xE3, 0x06, 0x60, 0xFF, 0xEE, 0x54, 0x4B, 0x45, 0xEC, 0xAD, 0xC3, 0x18,  // 疡
    0x21, 0x01, 0x30, 0x16, 0xC0, 0xC0, 0x0C, 0x07, 0xF8, 0x0C, 0x00, 0xC4, 0x0C, 0x00, 0xC0, 0x0C, 0x00, 0x80,  // 羊
    0x08, 0x86, 0x58, 0x35, 0x4B, 0xFC, 0xE2, 0x07, 0xFC, 0x42, 0x04, 0x24, 0xC6, 0x04, 0x20, 0xC2, 0x04, 0x20,  // 洋
    0x00, 0x0F, 0xFC, 0xDC, 0xCE, 0xCC, 0xEC, 0xCE, 0xFC, 0xDC, 0xCD, 0xCC, 0xFC, 0xCC, 0xFC, 0xCC, 0xC8, 0x80,  // 阳
    0x20, 0x07, 0xFC, 0x7F, 0x8C, 0x18, 0xFF, 0x82, 0xF8, 0xFF, 0x87, 0xD8, 0x13, 0x8F, 0xF8, 0x10, 0xC1, 0x06,  // 氧
    0x22, 0x03, 0xE4, 0x5B, 0xC5, 0xB4, 0xDB, 0x45, 0xB4, 0x5B, 0x45, 0xF4, 0x5B, 0xC5, 0x30, 0x43, 0x04, 0x20,  // 仰
    0x04, 0x04, 0x64, 0x7F, 0xCE, 0x98, 0xFF, 0xC6, 0x60, 0xFF, 0x8C, 0x60, 0x7F, 0xE4, 0x60, 0x86, 0x00, 0x60,  // 痒
    0x12, 0x01, 0x28, 0xFF, 0xC7, 0xF8, 0x08, 0x0F, 0xFC, 0x33, 0x07, 0x3C, 0xD2, 0x41, 0x20, 0x32, 0x04, 0x20,  // 养
    0x60, 0x86, 0x68, 0x65, 0x4F, 0xFC, 0x62, 0x0F, 0xFC, 0xF2, 0x0F, 0x36, 0x63, 0x06, 0x20, 0x63, 0x04, 0x20,  // 样
    0x09, 0x06, 0xF4, 0x56, 0x8B, 0xF8, 0xE6, 0x42, 0x60, 0x4E, 0xC4, 0xB8, 0xFB, 0x05, 0xAC, 0xF6, 0x60, 0x40,  // 漾
    0x08, 0x8D, 0xD8, 0x55, 0x41, 0xFE, 0x1E, 0xCC, 0xB8, 0x7E, 0x85, 0xE8, 0x55, 0xC6, 0xE4, 0xFF, 0xC9, 0xFC,  // 邀
    0x00, 0x4F, 0xFC, 0xAF, 0xCE, 0xD4, 0xAD, 0x4B, 0xFC, 0xE6, 0x4B, 0xFE, 0xAD, 0x0A, 0xF0, 0xE6, 0xC3, 0x00,  // 腰
    0x40, 0x04, 0x3C, 0x4E, 0x0F, 0x20, 0x52, 0x4F, 0xFE, 0xF3, 0x0A, 0x70, 0xE5, 0x87, 0x48, 0x18, 0xE3, 0x04,  // 妖
    0x00, 0x8F, 0xF8, 0x4A, 0xC4, 0xA8, 0x4D, 0x0E, 0xFC, 0x52, 0x45, 0xFE, 0x7A, 0x4C, 0xA4, 0x1B, 0xC0, 0x8C,  // 瑶
    0x40, 0x84, 0xF8, 0x6A, 0xCF, 0xA8, 0x4A, 0x87, 0xFC, 0xDA, 0x4F, 0xFC, 0x5A, 0x85, 0xAC, 0x5A, 0x8D, 0x88,  // 摇
    0x10, 0x01, 0x8C, 0xFF, 0x00, 0xB0, 0x0E, 0x47, 0xBC, 0x00, 0x8F, 0xF8, 0x16, 0x01, 0x64, 0x26, 0x6C, 0x3C,  // 尧
    0x00, 0x8D, 0xF8, 0x56, 0xC1, 0xB0, 0x4D, 0x8D, 0x60, 0x7F, 0xC5, 0x28, 0x5A, 0x85, 0xF8, 0xF9, 0xE0, 0xFC,  // 遥
    0x0C, 0x04, 0xC4, 0xD6, 0xEB, 0x38, 0xF1, 0x83, 0xF8, 0x4C, 0x0F, 0xFC, 0x4C, 0x84, 0xD8, 0x6D, 0x84, 0x18,  // 窑
    0x00, 0x84, 0xFC, 0x52, 0x41, 0xAC, 0x4E, 0x8C, 0xFC, 0x52, 0x05, 0xFE, 0x5A, 0xC7, 0xAC, 0x5A, 0xC4, 0x8C,  // 谣
    0x41, 0x06, 0x70, 0x47, 0x0F, 0xFC, 0x7F, 0x8F, 0xF0, 0xA7, 0x8B, 0xDC, 0x65, 0x07, 0x50, 0x99, 0xE1, 0x0C,  // 姚
    0x02, 0x00, 0x24, 0xFF, 0xCA, 0x50, 0xAC, 0xCA, 0x9C, 0xB5, 0x0A, 0x70, 0xE3, 0x08, 0x70, 0x0D, 0xC3, 0x04,  // 咬
    0x01, 0x8F, 0xF8, 0x48, 0x86, 0xD8, 0x37, 0x07, 0x7C, 0x40, 0x87, 0xF8, 0x40, 0x84, 0x08, 0x7F, 0x84, 0x08,  // 舀
    0x12, 0x0F, 0xFE, 0x32, 0x02, 0x20, 0x5E, 0xCF, 0x4C, 0xEC, 0xC4, 0xAC, 0xF2, 0xC0, 0x08, 0xF3, 0x88, 0x18,  // 药
    0x00, 0x4F, 0xFC, 0x5E, 0x85, 0xE8, 0x5A, 0x87, 0xF8, 0x18, 0x4F, 0xFC, 0x32, 0x01, 0xE0, 0x1B, 0x8E, 0x08,  // 要
    0x42, 0x45, 0xB4, 0xFE, 0xCE, 0xFC, 0x7F, 0x4F, 0xD4, 0x6F, 0xCF, 0xFC, 0xBD, 0x4B, 0xFC, 0x2F, 0xE0, 0x00,  // 耀
    0x40, 0x05, 0xFE, 0x7F, 0x4F, 0xF4, 0x5F, 0x8F, 0xF4, 0xDF, 0x65, 0xF2, 0x5F, 0xE5, 0x74, 0x47, 0x04, 0x10,  // 椰
    0x02, 0x0B, 0xFC, 0xE2, 0x8A, 0xFC, 0xBF, 0xEB, 0xF8, 0xA8, 0x8E, 0xC8, 0x8F, 0x80, 0xD8, 0x05, 0x40, 0x00,  // 噎
    0x06, 0x45, 0xBC, 0x4A, 0xC7, 0xA8, 0x4B, 0x87, 0xA8, 0x4A, 0x45, 0xE6, 0xFB, 0xC8, 0xAC, 0x0A, 0x00, 0xA0,  // 耶
    0x02, 0x03, 0x38, 0x56, 0x88, 0xC0, 0x1E, 0x02, 0x3C, 0xFF, 0x81, 0x98, 0x19, 0x81, 0xB0, 0x19, 0x01, 0x80,  // 爷
    0x88, 0x0F, 0xBC, 0xAB, 0x8F, 0x90, 0xA9, 0xCF, 0x96, 0xA1, 0x4F, 0x90, 0x21, 0x03, 0x90, 0xC7, 0x00, 0x30,  // 野
    0x02, 0x08, 0x60, 0xC4, 0x06, 0x8C, 0x3F, 0xC7, 0x84, 0x48, 0x8C, 0xFC, 0xC8, 0x8C, 0x88, 0x4F, 0x80, 0x88,  // 冶
    0x00, 0x00, 0xC0, 0x6D, 0x86, 0xF8, 0x6D, 0x87, 0xD8, 0xED, 0x86, 0xF8, 0x6D, 0x06, 0xC4, 0x61, 0xE3, 0xFC,  // 也
    0x00, 0x4F, 0xFC, 0x08, 0x07, 0xF8, 0x61, 0x86, 0xD8, 0x6D, 0x86, 0x98, 0x6D, 0x81, 0xB0, 0x31, 0x88, 0x08,  // 页
    0x42, 0x04, 0x24, 0x5F, 0xCF, 0xF0, 0x5B, 0xC7, 0xBC, 0xDF, 0x8E, 0xB8, 0x49, 0x04, 0xB8, 0xCE, 0xE4, 0xC4,  // 掖
    0x00, 0x01, 0xA0, 0x1A, 0x01, 0xAC, 0x5A, 0xC5, 0xA8, 0x7B, 0x87, 0xB0, 0x7B, 0x01, 0xA0, 0x1E, 0xC0, 0x00,  // 业
    0x03, 0x08, 0x30, 0xF3, 0x0B, 0x34, 0xBF, 0xCB, 0x30, 0xB3, 0x0F, 0x30, 0xB3, 0x08, 0x30, 0x03, 0x00, 0x20,  // 叶
    0x08, 0x00, 0x80, 0x7F, 0x84, 0x88, 0x7F, 0x84, 0x88, 0x7F, 0x84, 0xD0, 0x07, 0x00, 0xE0, 0x3B, 0xCC, 0x0E,  // 曳
    0x02, 0x0F, 0x24, 0xBF, 0xCA, 0xF0, 0xEB, 0xCB, 0xBC, 0xFF, 0x8A, 0xE8, 0xA9, 0x8A, 0x98, 0x6A, 0xC2, 0xC4,  // 腋
    0x08, 0x00, 0xC4, 0xFF, 0xC3, 0x60, 0x6F, 0x86, 0xC8, 0xFB, 0x07, 0x70, 0x66, 0x06, 0x60, 0x6B, 0xC6, 0x0C,  // 夜
    0x02, 0x04, 0x34, 0x7F, 0x0A, 0xF0, 0xEB, 0xC5, 0xBC, 0x5F, 0x8E, 0xB8, 0xC9, 0x0C, 0xB8, 0xCE, 0xE0, 0x84,  // 液
    0x00, 0x00, 0x00, 0x00, 0x00, 0x00, 0x00, 0x4F, 0xFE, 0x00, 0x00, 0x00, 0x00, 0x00, 0x00, 0x00, 0x00, 0x00,  // 一
    0x08, 0x00, 0xCC, 0x0D, 0x03, 0xF8, 0xFF, 0xC8, 0x1C, 0xBF, 0x03, 0xF0, 0x21, 0x03, 0xF0, 0x12, 0x4F, 0xFC,  // 壹
    0x00, 0x0F, 0xFC, 0xD8, 0x0D, 0xF8, 0xD4, 0x0E, 0x44, 0xFF, 0xCC, 0xC0, 0xCB, 0x0D, 0x18, 0xE0, 0xC8, 0x00,  // 医
    0x40, 0x04, 0xF8, 0x48, 0x8F, 0xF8, 0x5F, 0xC7, 0xC8, 0xEF, 0x8C, 0xD8, 0x4D, 0x87, 0xFE, 0xC0, 0x8C, 0x08,  // 揖
    0x42, 0x04, 0x30, 0x7F, 0xC8, 0x20, 0xF7, 0x44, 0x5C, 0x7D, 0x8F, 0xD0, 0x45, 0x87, 0x5C, 0x66, 0x64, 0x40,  // 铱
    0x24, 0x06, 0x60, 0x66, 0xC4, 0x60, 0xCE, 0x8C, 0xA8, 0x5B, 0x06, 0x90, 0x49, 0x84, 0xAC, 0x4C, 0xE4, 0x80,  // 依
    0x20, 0x02, 0xF8, 0x66, 0x84, 0x6C, 0xFF, 0xEC, 0x48, 0x46, 0x84, 0x48, 0x44, 0x04, 0x80, 0x58, 0x06, 0x00,  // 伊
    0x08, 0x00, 0xC0, 0x0C, 0xC0, 0xC0, 0x1C, 0x81, 0x58, 0x36, 0x07, 0x20, 0xB3, 0x03, 0x5C, 0x38, 0xE3, 0x00,  // 衣
    0x08, 0x4F, 0xFC, 0xB1, 0x4F, 0xFC, 0xFF, 0x4C, 0xF4, 0xFF, 0x4F, 0xF4, 0xB7, 0x4B, 0xB8, 0xFE, 0x40, 0x84,  // 颐
    0x04, 0x00, 0xC4, 0xFF, 0xC7, 0xF8, 0x0C, 0x87, 0xF8, 0x48, 0x47, 0xFC, 0x0F, 0xC1, 0x38, 0x31, 0xCC, 0x0C,  // 夷
    0x02, 0x04, 0xF8, 0x6A, 0x80, 0xF8, 0x1F, 0xEE, 0x88, 0x4A, 0x84, 0xE8, 0x4F, 0x86, 0xD8, 0xF8, 0xE8, 0xFC,  // 遗
    0x12, 0x0F, 0x64, 0x27, 0xC2, 0xF8, 0xFB, 0x06, 0x60, 0x7B, 0x4F, 0x6C, 0xAE, 0xC2, 0x38, 0x23, 0x03, 0xC0,  // 移
    0x20, 0x02, 0x68, 0x66, 0x84, 0x98, 0xE9, 0x8C, 0x90, 0x47, 0x04, 0x70, 0x46, 0x04, 0x70, 0x49, 0xC7, 0x04,  // 仪
    0x02, 0x0F, 0x24, 0xBF, 0xCF, 0xFC, 0xE2, 0xCA, 0xFC, 0xFA, 0x4B, 0xFE, 0xA5, 0xCA, 0x58, 0xF8, 0xC3, 0x04,  // 胰
    0x00, 0x0F, 0x7C, 0xD3, 0x0F, 0x94, 0x6F, 0xEF, 0x50, 0xE5, 0xCF, 0xD0, 0x6D, 0x07, 0xF0, 0x9B, 0xE2, 0x0C,  // 疑
    0x00, 0x86, 0xFC, 0x68, 0x02, 0x80, 0xEF, 0xC6, 0x98, 0x49, 0x04, 0x90, 0xD9, 0x0D, 0x90, 0xF1, 0x06, 0x10,  // 沂
    0x08, 0x00, 0xC4, 0xFF, 0xEA, 0x1C, 0xBF, 0x02, 0x10, 0x3F, 0x02, 0x10, 0x3F, 0x02, 0x10, 0x33, 0x40, 0x00,  // 宜
    0x42, 0x04, 0x34, 0x5F, 0xCF, 0xFC, 0x72, 0xCF, 0xFC, 0xBA, 0x4E, 0xFC, 0x67, 0xC7, 0x58, 0x98, 0xC3, 0x04,  // 姨
    0x10, 0x03, 0xF0, 0x3F, 0x4F, 0xFC, 0x7F, 0x8F, 0xFC, 0x77, 0xCA, 0xD4, 0x1B, 0x4F, 0xFC, 0x33, 0x0C, 0x20,  // 彝
    0x42, 0x04, 0x28, 0x5F, 0x8F, 0x70, 0xCC, 0x8F, 0xFE, 0xFA, 0x84, 0xA8, 0x4A, 0x84, 0xE8, 0x43, 0x84, 0x18,  // 椅
    0x22, 0x06, 0x2C, 0xA7, 0xCF, 0xC8, 0xB4, 0x8B, 0x58, 0xF3, 0x0F, 0x30, 0x33, 0x07, 0xF8, 0xC8, 0xE1, 0x04,  // 蚁
    0x22, 0x02, 0x64, 0x7F, 0xC4, 0x70, 0xC9, 0x8F, 0xFE, 0x5E, 0x85, 0xA8, 0x5A, 0x85, 0xA8, 0x40, 0x84, 0x18,  // 倚
    0x00, 0x0F, 0xF8, 0x01, 0x84, 0x18, 0x41, 0x87, 0xF8, 0x40, 0x04, 0x00, 0x40, 0x44, 0x04, 0x7F, 0xC0, 0x00,  // 已
    0x00, 0x07, 0xF0, 0x06, 0x00, 0xC0, 0x08, 0x01, 0x00, 0x30, 0x06, 0x04, 0x40, 0x4C, 0x0C, 0x7F, 0xC0, 0x00,  // 乙
    0x0C, 0x01, 0xA0, 0x31, 0x87, 0xF8, 0x31, 0x07, 0xF8, 0x48, 0x0F, 0xFC, 0x1E, 0x01, 0x30, 0x61, 0xCC, 0x0C,  // 矣
    0x00, 0x84, 0x88, 0x4C, 0x84, 0xC8, 0x41, 0x84, 0x18, 0x45, 0x84, 0x90, 0x73, 0x86, 0x2C, 0x4C, 0x43, 0x00,  // 以
    0x12, 0x03, 0x24, 0xFF, 0xE3, 0x20, 0x02, 0x07, 0xF0, 0x0C, 0x01, 0x80, 0x20, 0x46, 0x04, 0x7D, 0xC3, 0xF8,  // 艺
    0x63, 0x04, 0xE4, 0x79, 0xCF, 0x94, 0x49, 0x47, 0x94, 0xE9, 0x4C, 0xF4, 0x4D, 0xC4, 0x90, 0xC1, 0x04, 0x10,  // 抑
    0x01, 0x03, 0xF0, 0x3F, 0x02, 0x10, 0x3F, 0x03, 0x00, 0x3F, 0xC5, 0xAC, 0xB6, 0x86, 0xC8, 0x1B, 0x86, 0x10,  // 易
    0x01, 0x03, 0xF0, 0x21, 0x03, 0xF0, 0x7F, 0x84, 0xD8, 0x4C, 0x87, 0xF8, 0x40, 0x44, 0x04, 0x7F, 0xC3, 0xF8,  // 邑
    0x22, 0x06, 0x60, 0x67, 0xEF, 0x40, 0xF8, 0x8F, 0xF8, 0xF1, 0x0F, 0x20, 0xF6, 0x2F, 0x42, 0x17, 0xE0, 0x1C,  // 屹
    0x20, 0x02, 0x18, 0x61, 0x84, 0x30, 0xE2, 0x0C, 0x60, 0x44, 0x04, 0xC0, 0x48, 0x45, 0x84, 0x4F, 0xC4, 0x00,  // 亿
    0x20, 0x06, 0xF8, 0xCD, 0x03, 0xDC, 0x68, 0xC7, 0xF8, 0xC5, 0x84, 0x50, 0x47, 0x04, 0x70, 0x4D, 0xC7, 0x04,  // 役
    0x02, 0x0F, 0xFC, 0xA7, 0x8B, 0x76, 0xFF, 0xCA, 0xFC, 0xEF, 0xCA, 0xFC, 0xAE, 0x0A, 0xFC, 0xFC, 0xA2, 0x78,  // 臆
    0x04, 0x04, 0xF0, 0x5B, 0x03, 0xF8, 0x34, 0x8F, 0xF8, 0x57, 0x84, 0xEC, 0x4A, 0x47, 0x3C, 0xFB, 0xE8, 0xFC,  // 逸
    0x02, 0x0F, 0x28, 0xE7, 0xCD, 0xFE, 0xF2, 0xCD, 0xFC, 0xF2, 0x87, 0xFC, 0x62, 0x47, 0xFC, 0x92, 0x00, 0x20,  // 肄
    0x04, 0x04, 0x44, 0x79, 0x0E, 0xF0, 0xE9, 0x07, 0x9C, 0xF1, 0x0C, 0xB0, 0x47, 0x04, 0x60, 0x8F, 0xE7, 0x0C,  // 疫
    0x08, 0x00, 0xC4, 0xFF, 0xE1, 0xA0, 0x5A, 0x07, 0x28, 0x52, 0xCD, 0x24, 0x92, 0x43, 0x20, 0x6E, 0x08, 0x60,  // 亦
    0x08, 0x0F, 0xFC, 0x35, 0x87, 0x30, 0xBD, 0xC7, 0x9C, 0x5E, 0x85, 0x38, 0x7E, 0x85, 0xE8, 0x53, 0x84, 0x18,  // 裔
    0x0C, 0x07, 0xF8, 0x13, 0x0F, 0xFE, 0x21, 0x83, 0xF8, 0x3F, 0x83, 0xF8, 0x3C, 0x87, 0x5C, 0xBF, 0x61, 0xE0,  // 意
    0x20, 0x03, 0xB8, 0xDA, 0x85, 0x2C, 0xFE, 0xE6, 0x7C, 0xEA, 0xC7, 0x38, 0xBD, 0x85, 0x58, 0xF6, 0xE2, 0x84,  // 毅
    0x60, 0x06, 0xFC, 0x61, 0x8F, 0x10, 0xF2, 0x0E, 0x60, 0x64, 0x06, 0xC0, 0x68, 0x06, 0x84, 0x6F, 0xE4, 0x00,  // 忆
    0x10, 0x00, 0xD8, 0x2D, 0x82, 0x10, 0x23, 0x01, 0x20, 0x16, 0x00, 0xC0, 0x0C, 0x01, 0xF0, 0x61, 0xC8, 0x0C,  // 义
    0x01, 0x01, 0x30, 0x12, 0x4F, 0xFC, 0x12, 0x07, 0x18, 0xE0, 0xCF, 0xF8, 0x7F, 0x87, 0xF8, 0x7F, 0xCF, 0xFC,  // 益
    0x09, 0x84, 0xD0, 0x6D, 0x4B, 0xFC, 0xED, 0x85, 0x8C, 0x7F, 0xCD, 0xE8, 0x96, 0x89, 0x68, 0xFF, 0xE8, 0x00,  // 溢
    0x08, 0x06, 0x9C, 0x6E, 0x40, 0x84, 0xEF, 0xE4, 0x00, 0x4F, 0xC4, 0x8C, 0x7F, 0xC6, 0x8C, 0x6F, 0xC0, 0x88,  // 诣
    0x04, 0x06, 0x68, 0x6E, 0x80, 0x98, 0xE9, 0x84, 0x90, 0x45, 0x04, 0x70, 0x56, 0x06, 0x70, 0x59, 0xC6, 0x04,  // 议
    0x02, 0x0C, 0x24, 0x5F, 0xE1, 0x08, 0x4F, 0x84, 0x88, 0x4F, 0x84, 0x88, 0x5F, 0x86, 0x88, 0x48, 0xC3, 0xFC,  // 谊
    0x00, 0x05, 0xF8, 0x45, 0x00, 0x70, 0xCF, 0xC5, 0xAC, 0x4F, 0xC5, 0x20, 0x7F, 0xE4, 0x20, 0x42, 0x00, 0x20,  // 译
    0x00, 0x07, 0xF8, 0x61, 0x07, 0xFC, 0x60, 0x43, 0xFC, 0x13, 0x01, 0x34, 0xFF, 0xC3, 0x30, 0x23, 0x0C, 0x30,  // 异
    0x08, 0x87, 0xAC, 0x7F, 0xCC, 0xC8, 0x3F, 0x83, 0xF8, 0x7F, 0x87, 0xFC, 0x12, 0x4F, 0xFC, 0x71, 0x8C, 0x08,  // 翼
    0x00, 0x0F, 0xFC, 0x5A, 0x87, 0xB8, 0x7E, 0x8D, 0xC8, 0x0C, 0xCF, 0xFC, 0x13, 0x01, 0x20, 0x16, 0x40, 0x00,  // 翌
    0x00, 0x06, 0xF8, 0x55, 0x8B, 0x70, 0xE7, 0xC5, 0xAC, 0xC2, 0x8E, 0x20, 0x1F, 0xCE, 0x20, 0x82, 0x00, 0x20,  // 绎
    0x12, 0x0F, 0xFE, 0x13, 0x07, 0x28, 0x4C, 0x84, 0xD8, 0x7F, 0x84, 0xC8, 0x5A, 0x87, 0x18, 0x7F, 0x84, 0x08,  // 茵
    0x12, 0x0F, 0xFC, 0x12, 0x0F, 0x78, 0xF4, 0x8E, 0x78, 0xE4, 0x8D, 0x48, 0xF4, 0x8E, 0xC8, 0xD9, 0x8B, 0x08,  // 荫
    0x00, 0x07, 0xFC, 0x4C, 0xC4, 0xCC, 0x7F, 0xC4, 0x8C, 0x4C, 0xC5, 0xAC, 0x53, 0xC6, 0x1C, 0x7F, 0xC4, 0x08,  // 因
    0x10, 0x0F, 0x38, 0xDA, 0x8D, 0xAC, 0x7C, 0xE5, 0xFC, 0xFA, 0xCF, 0xA8, 0xDB, 0x89, 0x38, 0xB6, 0xE1, 0x84,  // 殷
    0x08, 0x00, 0xC8, 0xFF, 0x83, 0x30, 0x12, 0x4F, 0xFC, 0x3F, 0x02, 0x10, 0x3F, 0x02, 0x10, 0x3F, 0x02, 0x10,  // 音
    0x00, 0x0F, 0xFC, 0xD4, 0xCE, 0x4C, 0xE7, 0xCD, 0x4C, 0xD4, 0xCF, 0x4C, 0xE4, 0xCC, 0x8C, 0xD9, 0xCE, 0x08,  // 阴
    0x40, 0x04, 0xFC, 0x4B, 0x4F, 0xB4, 0x7F, 0xCE, 0xA4, 0xAA, 0x4A, 0xB4, 0xEE, 0xC6, 0xCC, 0x9F, 0xC0, 0x84,  // 姻
    0x02, 0x02, 0x70, 0xE5, 0x0A, 0xD8, 0xAE, 0xEB, 0x24, 0xA2, 0x8E, 0xF8, 0xA1, 0x88, 0x10, 0x03, 0x00, 0x20,  // 吟
    0x40, 0x04, 0xFC, 0x7C, 0x88, 0xF8, 0xFC, 0x84, 0xF8, 0x5E, 0xCF, 0xFC, 0x4D, 0x07, 0xD8, 0x6E, 0xE4, 0xC4,  // 银
    0x00, 0xC7, 0xFC, 0x52, 0xCB, 0xA8, 0xEA, 0x86, 0xFC, 0x42, 0x04, 0x24, 0xD6, 0x04, 0x20, 0xC6, 0xC4, 0x00,  // 淫
    0x08, 0x00, 0xC4, 0xC1, 0xEF, 0xF8, 0x0C, 0x07, 0xF8, 0x6D, 0x87, 0xF8, 0x6D, 0x87, 0x70, 0x73, 0x8C, 0x0C,  // 寅
    0x22, 0x06, 0x60, 0x46, 0x4F, 0xFC, 0xDF, 0x86, 0xB0, 0x43, 0x04, 0x30, 0x4F, 0x87, 0x48, 0x68, 0xC3, 0x04,  // 饮
    0x00, 0x0F, 0xF8, 0x19, 0x81, 0x9C, 0xFF, 0xE1, 0x18, 0xFF, 0x81, 0x18, 0x30, 0x02, 0x00, 0x60, 0x08, 0x00,  // 尹
    0x00, 0x8F, 0xC8, 0x08, 0x84, 0xC8, 0x48, 0x8C, 0x08, 0xFC, 0x80, 0xC8, 0x08, 0x80, 0x88, 0x78, 0x81, 0x08,  // 引
    0x02, 0x0F, 0x78, 0xBD, 0x8A, 0xFC, 0xF0, 0x4A, 0xFC, 0xBF, 0xCF, 0x2C, 0xB7, 0x49, 0x4E, 0xB5, 0xA8, 0x70,  // 隐
    0x08, 0x07, 0xEC, 0x46, 0xC4, 0x6C, 0x56, 0xC7, 0x6C, 0x46, 0xC4, 0x6C, 0xF7, 0xCC, 0x68, 0x06, 0x00, 0x60,  // 印
    0x12, 0x0F, 0xFC, 0x1A, 0x01, 0xE0, 0x7F, 0x86, 0xD8, 0x69, 0x8F, 0xFE, 0x1C, 0x01, 0x30, 0x61, 0xC8, 0x04,  // 英
    0x40, 0x05, 0xFC, 0x7F, 0xCF, 0xFC, 0x5F, 0xCE, 0xDC, 0xF7, 0x47, 0xFE, 0x4D, 0x04, 0xF0, 0x47, 0x87, 0x08,  // 樱
    0x00, 0x07, 0xFC, 0x7F, 0x86, 0xF8, 0x6F, 0x87, 0x38, 0xCC, 0xCF, 0xFC, 0x13, 0x03, 0xE0, 0x0F, 0x8F, 0x08,  // 婴
    0x04, 0x07, 0xFC, 0x5F, 0xC7, 0xF8, 0x7F, 0x87, 0xFC, 0x5F, 0x8D, 0x78, 0x95, 0x49, 0x1C, 0x3F, 0xC0, 0x08,  // 鹰
    0x08, 0x00, 0x44, 0x7F, 0xC4, 0x00, 0x44, 0x87, 0x58, 0x57, 0x85, 0x50, 0x53, 0x08, 0x20, 0xFF, 0xE0, 0x00,  // 应
    0x40, 0x05, 0xFC, 0xDF, 0xCB, 0xFC, 0xFF, 0xC4, 0xDC, 0x93, 0x4F, 0x64, 0x0D, 0x8E, 0xF0, 0x87, 0x83, 0x8C,  // 缨
    0x12, 0x01, 0x24, 0xFF, 0xC1, 0x20, 0xFF, 0xC8, 0x18, 0xFF, 0x00, 0x90, 0x7F, 0x00, 0xB0, 0x09, 0x48, 0x00,  // 莹
    0x12, 0x03, 0x34, 0xB3, 0x01, 0x24, 0xFF, 0xEC, 0xC8, 0x3F, 0x82, 0xD0, 0x3F, 0x82, 0xD0, 0x7F, 0xCF, 0x04,  // 萤
    0x12, 0x0F, 0xFE, 0x12, 0x07, 0xFC, 0xA1, 0xCB, 0xF0, 0x21, 0x02, 0x10, 0x7F, 0x84, 0x18, 0x7F, 0x84, 0x10,  // 营
    0x12, 0x0F, 0xFC, 0x12, 0x01, 0x20, 0x7F, 0xCC, 0xC8, 0xAD, 0x82, 0xF0, 0x4A, 0x01, 0x30, 0x61, 0xC8, 0x00,  // 荧
    0x40, 0x84, 0xFC, 0x4C, 0x8F, 0xF8, 0xFF, 0xCF, 0xBC, 0xFF, 0xCC, 0xA4, 0x6F, 0xC7, 0xA2, 0x93, 0x60, 0x1C,  // 蝇
    0x04, 0x05, 0xFC, 0x72, 0xC1, 0x24, 0x12, 0x4F, 0x24, 0x5E, 0x45, 0xBC, 0x42, 0x86, 0x20, 0xFF, 0xE0, 0xFC,  // 迎
    0x08, 0x0F, 0xFC, 0x7F, 0x87, 0xF8, 0x7F, 0x86, 0x18, 0xFF, 0xCF, 0xF8, 0xFF, 0x8B, 0xFC, 0xAE, 0xE3, 0x44,  // 赢
    0x00, 0x07, 0xF0, 0x33, 0xC3, 0xFC, 0x3C, 0x86, 0xE8, 0xD3, 0x8E, 0x18, 0x7F, 0x85, 0xE8, 0x7F, 0xE8, 0x00,  // 盈
    0x44, 0xC4, 0xC8, 0x4D, 0x07, 0xE4, 0x36, 0xCF, 0xC8, 0x7D, 0x07, 0xE6, 0x78, 0xCF, 0xD8, 0xF7, 0x02, 0xC0,  // 影
    0x80, 0x4F, 0xFE, 0xC3, 0x0F, 0xFC, 0x35, 0x4F, 0x54, 0x2D, 0x4F, 0x54, 0x77, 0x4E, 0x38, 0x24, 0xC3, 0x84,  // 颖
    0x00, 0x4F, 0xB0, 0x4B, 0x44, 0xFC, 0xFB, 0xCF, 0xFC, 0xFF, 0xCF, 0xFC, 0xF6, 0x0F, 0x60, 0xCF, 0xE3, 0x04,  // 硬
    0x02, 0x08, 0x20, 0xFB, 0xCA, 0xBC, 0xAA, 0x8E, 0xA8, 0xBA, 0xEB, 0x70, 0xA7, 0x0E, 0x58, 0x88, 0xC3, 0x04,  // 映
    0x08, 0x00, 0xD8, 0xE9, 0x4B, 0x76, 0xBE, 0x4A, 0xE4, 0xA9, 0x4F, 0xD4, 0xA0, 0x49, 0xE4, 0x11, 0xC0, 0x08,  // 哟
    0x40, 0x04, 0xFC, 0x4A, 0x4F, 0xA4, 0x4F, 0xC7, 0xA4, 0xEB, 0x4C, 0xBC, 0x5A, 0x45, 0x24, 0xF3, 0xC6, 0x2C,  // 拥
    0x20, 0x02, 0xFC, 0x6A, 0x44, 0xA4, 0xCF, 0xCC, 0xA4, 0x4B, 0x44, 0xFC, 0x5A, 0x45, 0x24, 0x73, 0xC6, 0x2C,  // 佣
    0x02, 0x0F, 0x36, 0xAB, 0x8A, 0xB8, 0xFF, 0xCB, 0xE8, 0xEF, 0xCB, 0xEC, 0xA7, 0xCA, 0xA8, 0xBB, 0xE6, 0x20,  // 臃
    0x04, 0x07, 0xFC, 0x60, 0x0F, 0xFC, 0xF2, 0xC7, 0xFC, 0xF2, 0xC5, 0xEC, 0x52, 0xC5, 0x2C, 0xB3, 0xC2, 0x28,  // 痈
    0x04, 0x04, 0xCC, 0x46, 0x87, 0xF8, 0x7F, 0xE7, 0xF8, 0x7F, 0x8F, 0x68, 0xFF, 0x8B, 0xF8, 0xB5, 0x82, 0x48,  // 庸
    0x0C, 0x0F, 0xFC, 0x67, 0x04, 0xD0, 0xBF, 0xCF, 0x90, 0x7F, 0xCF, 0x90, 0xEF, 0xC2, 0x90, 0x4F, 0xE8, 0x80,  // 雍
    0x00, 0x4F, 0xFC, 0x93, 0x0F, 0xFC, 0xFB, 0x4E, 0xF4, 0xFB, 0x4E, 0xB4, 0xEF, 0x4F, 0xB4, 0xEB, 0xC0, 0x8C,  // 踊
    0x20, 0x06, 0xFC, 0xF3, 0x8F, 0x94, 0xFF, 0x4F, 0xD4, 0xFF, 0xCF, 0xD4, 0x7F, 0xC7, 0xD4, 0x9D, 0xC0, 0x8C,  // 蛹
    0x06, 0x00, 0x20, 0xEE, 0x0A, 0x2C, 0xA3, 0xCB, 0xF0, 0xAF, 0x0E, 0xB0, 0xBA, 0x83, 0x2C, 0x4E, 0x40, 0x40,  // 咏
    0x06, 0x04, 0x20, 0x62, 0x0A, 0xE4, 0xE2, 0xC7, 0xF0, 0x4F, 0x04, 0xB0, 0xDA, 0x8D, 0x2C, 0xEE, 0x4C, 0x60,  // 泳
    0x00, 0x07, 0xFC, 0x37, 0x0B, 0xB4, 0xFA, 0x43, 0xA4, 0x5B, 0xC5, 0xA4, 0xDB, 0xCD, 0xA4, 0xDB, 0xC5, 0x2C,  // 涌
    0x08, 0x00, 0x40, 0x04, 0x03, 0xC8, 0x0C, 0xCF, 0xF0, 0x3E, 0x02, 0xF0, 0x6D, 0x04, 0xCC, 0x9C, 0xC0, 0x80,  // 永
    0x00, 0x87, 0xF8, 0x4E, 0x87, 0xF8, 0x7F, 0x87, 0xF8, 0x4C, 0x84, 0xD8, 0x2C, 0x8A, 0x54, 0xBF, 0x41, 0xF0,  // 恿
    0x00, 0x85, 0xF8, 0x0C, 0x87, 0xF8, 0x7F, 0x84, 0xC8, 0x4C, 0x84, 0x88, 0xFF, 0xC1, 0x08, 0x37, 0x8C, 0x30,  // 勇
    0x00, 0x87, 0xFC, 0x44, 0x86, 0xC8, 0x6C, 0x84, 0x48, 0x7F, 0x84, 0x48, 0x44, 0x8C, 0x48, 0x85, 0x80, 0x08,  // 用
    0x00, 0x00, 0xC0, 0xBD, 0x4A, 0xF4, 0xBE, 0xCF, 0xF4, 0xAD, 0x4B, 0xF4, 0xFF, 0xCC, 0xCC, 0xFF, 0xC8, 0x04,  // 幽
    0x26, 0x02, 0x78, 0x64, 0x84, 0x64, 0xE7, 0x0C, 0x70, 0x47, 0x04, 0xF0, 0x4B, 0x44, 0xB4, 0x53, 0xE6, 0x18,  // 优
    0x22, 0x06, 0x64, 0x77, 0xCF, 0xD8, 0xDB, 0x07, 0x30, 0x77, 0xC5, 0x8C, 0x6C, 0x8B, 0x5C, 0xB3, 0x41, 0xF0,  // 悠
    0x46, 0x04, 0x78, 0x46, 0x8F, 0x6C, 0xD7, 0x0C, 0x70, 0x47, 0x04, 0x50, 0x4D, 0x04, 0x90, 0x51, 0xE6, 0x1C,  // 忧
    0x08, 0x00, 0xB0, 0x09, 0x0F, 0xFC, 0x1E, 0x01, 0xE0, 0x16, 0x01, 0x60, 0x36, 0x42, 0x64, 0x47, 0xE8, 0x38,  // 尤
    0x04, 0x00, 0xC0, 0x0C, 0x07, 0xFC, 0x4C, 0xC4, 0xC8, 0x4C, 0x84, 0xC8, 0x4C, 0x84, 0xCC, 0x7F, 0xC4, 0x08,  // 由
    0x30, 0x03, 0x3E, 0xFF, 0x4F, 0xFC, 0xFF, 0x8F, 0xF8, 0xFF, 0x4F, 0xF4, 0xFF, 0x6F, 0xFC, 0xCF, 0x00, 0x20,  // 邮
    0x41, 0x04, 0x10, 0x79, 0x4C, 0xFC, 0xF9, 0x4C, 0x94, 0x7F, 0xCF, 0xB4, 0x49, 0x47, 0x94, 0x6F, 0xC4, 0x84,  // 铀
    0x16, 0x0B, 0x78, 0x66, 0x8E, 0x64, 0x27, 0x06, 0x70, 0x67, 0x0A, 0x50, 0x2D, 0x02, 0x94, 0xF1, 0xC6, 0x1C,  // 犹
    0x02, 0x04, 0x20, 0x72, 0x03, 0xFC, 0xBA, 0xCF, 0xAC, 0x5F, 0xC5, 0xAC, 0xDA, 0xCD, 0xAC, 0xDF, 0xC5, 0x04,  // 油
    0x01, 0x0D, 0x90, 0x6B, 0xE3, 0xE0, 0xD3, 0xCD, 0xC8, 0x54, 0x8D, 0x7E, 0x9C, 0x8A, 0xC8, 0xFD, 0x8C, 0x98,  // 游
    0x00, 0x4F, 0xFC, 0x1E, 0x07, 0xFC, 0x56, 0x85, 0x68, 0x53, 0x86, 0x08, 0x7F, 0x84, 0x08, 0x7F, 0x84, 0x08,  // 酉
    0x0C, 0x00, 0x84, 0xFF, 0xE1, 0x00, 0x3F, 0x83, 0x18, 0x7F, 0x89, 0x18, 0x1F, 0x81, 0x18, 0x13, 0x81, 0x10,  // 有
    0x18, 0x01, 0x80, 0xFF, 0xC1, 0x00, 0x11, 0x03, 0xF8, 0x2B, 0x02, 0xF0, 0x46, 0x04, 0xF0, 0xB9, 0xC4, 0x00,  // 友
    0x08, 0x00, 0x80, 0x18, 0xC9, 0x80, 0x10, 0x03, 0x00, 0x3F, 0x87, 0x08, 0xB0, 0x83, 0x08, 0x3F, 0x83, 0x08,  // 右
    0x22, 0x06, 0x60, 0x46, 0x47, 0xFC, 0xCC, 0x0C, 0x88, 0x4F, 0xC5, 0xC8, 0x6C, 0x84, 0xC8, 0x4F, 0x84, 0x88,  // 佑
    0x11, 0x0F, 0x10, 0xB9, 0x0F, 0xFE, 0xFD, 0x4F, 0xD4, 0x7F, 0xCF, 0xD4, 0xAD, 0x42, 0xD4, 0x6F, 0xC6, 0xC4,  // 釉
    0x01, 0x85, 0xF8, 0x42, 0x41, 0xFC, 0xCF, 0x84, 0xAC, 0x7F, 0xC4, 0x50, 0x55, 0xC6, 0xCC, 0xC9, 0x83, 0x18,  // 诱
    0x00, 0x07, 0xF8, 0x21, 0x01, 0x30, 0x13, 0x01, 0x20, 0x0E, 0x00, 0xC0, 0x1E, 0x03, 0x38, 0x61, 0xC0, 0x00,  // 又
    0x23, 0x02, 0x30, 0x63, 0x05, 0xFC, 0x92, 0x4F, 0x24, 0x22, 0x45, 0x24, 0xDE, 0x4F, 0xCC, 0x09, 0xC3, 0x08,  // 幼
    0x00, 0x05, 0xFC, 0x62, 0x00, 0x20, 0x1F, 0xEE, 0x20, 0x42, 0x04, 0x20, 0x42, 0x06, 0x60, 0xFF, 0xE8, 0x7C,  // 迂
    0x08, 0x04, 0x98, 0x4F, 0x8B, 0x98, 0x9E, 0x4D, 0xE6, 0x55, 0x8D, 0x48, 0xD4, 0x0A, 0xF0, 0xF8, 0xC4, 0x80,  // 淤
    0x00, 0x07, 0xFC, 0x0C, 0x00, 0xC0, 0x0C, 0x4F, 0xFC, 0x0C, 0x00, 0xC0, 0x0C, 0x00, 0xC0, 0x1C, 0x00, 0x80,  // 于
    0x00, 0x84, 0xC0, 0x04, 0x4F, 0xFC, 0x04, 0x01, 0xC0, 0x4C, 0x87, 0xF8, 0x56, 0x85, 0x68, 0xFF, 0xE0, 0x00,  // 盂
    0x46, 0x04, 0x60, 0x4D, 0x8F, 0xFC, 0x74, 0x4F, 0xFC, 0xFD, 0xC5, 0x5C, 0x5D, 0xC5, 0x5C, 0x5D, 0xC5, 0x48,  // 榆
    0x08, 0x00, 0xF8, 0x7F, 0xE5, 0xFC, 0x6F, 0x85, 0xF8, 0x5F, 0x85, 0xF8, 0xFF, 0xCF, 0xFC, 0x99, 0xC7, 0x0C,  // 虞
    0x00, 0x07, 0xF8, 0x7F, 0x86, 0xD8, 0x6D, 0x87, 0xFC, 0x4F, 0x47, 0x1C, 0x68, 0x83, 0x5C, 0xB1, 0x69, 0xF0,  // 愚
    0x0C, 0x07, 0xBC, 0x5E, 0xC7, 0xD8, 0x5E, 0x86, 0xC8, 0x7F, 0x84, 0xCC, 0xFF, 0xE3, 0x38, 0x60, 0xC8, 0x04,  // 舆
    0x0C, 0x01, 0xC0, 0x12, 0x02, 0x18, 0x63, 0xE8, 0xC0, 0x0C, 0x87, 0xF8, 0x3F, 0x06, 0xD8, 0xDC, 0xC0, 0x80,  // 余
    0x0C, 0x01, 0xE0, 0x33, 0x86, 0x3E, 0x88, 0x47, 0xA8, 0x4A, 0x87, 0xA8, 0x5A, 0x85, 0xA8, 0x5B, 0x85, 0x98,  // 俞
    0x06, 0x0C, 0xF0, 0x59, 0xC3, 0xFC, 0x34, 0x8D, 0x78, 0x5F, 0x85, 0xF8, 0x57, 0x85, 0xD8, 0xFD, 0xC0, 0xFC,  // 逾
    0x18, 0x01, 0x20, 0x36, 0x06, 0x40, 0xFF, 0x86, 0x48, 0x7F, 0x86, 0x48, 0x6D, 0x87, 0xF8, 0x00, 0x40, 0x00,  // 鱼
    0x42, 0x04, 0x60, 0x4D, 0x0E, 0x9E, 0xD4, 0x4D, 0xDC, 0x55, 0xC5, 0xDC, 0x5D, 0xC5, 0x5C, 0x5D, 0xC5, 0x48,  // 愉
    0x06, 0x04, 0x60, 0x6D, 0x8B, 0xBE, 0xF4, 0x47, 0xDC, 0x55, 0xCD, 0x5C, 0xDD, 0xCD, 0x5C, 0xDD, 0xC1, 0x48,  // 渝
    0x04, 0x04, 0x78, 0x7D, 0x8A, 0x90, 0xFF, 0xC7, 0xA4, 0x4F, 0xC4, 0xA4, 0xCA, 0xCC, 0xFC, 0xC0, 0x65, 0x00,  // 渔
    0x00, 0x0F, 0xFC, 0xAF, 0xCA, 0xFC, 0xCF, 0xCA, 0xBC, 0xBF, 0xCF, 0xB4, 0xAF, 0xC8, 0xCC, 0x98, 0xC8, 0x84,  // 隅
    0x00, 0x07, 0xF8, 0x16, 0x00, 0xC0, 0x04, 0x4F, 0xFC, 0x0C, 0x80, 0xC0, 0x0C, 0x00, 0xC0, 0x3C, 0x00, 0x80,  // 予
    0x40, 0x04, 0xFC, 0x4C, 0x8F, 0xF8, 0x7C, 0x8F, 0xFC, 0xA2, 0x0B, 0xFE, 0x63, 0x07, 0x78, 0x8C, 0xC1, 0x04,  // 娱
    0x00, 0x0F, 0xFE, 0x0C, 0x0F, 0xFC, 0xCC, 0xCE, 0xEC, 0xDF, 0xCE, 0xEC, 0xDF, 0xCC, 0xCC, 0xCD, 0xC0, 0x08,  // 雨
    0x30, 0x03, 0x00, 0x3F, 0xC3, 0x00, 0x20, 0x03, 0xFC, 0x00, 0x80, 0x28, 0xFE, 0x80, 0x08, 0x07, 0x80, 0x10,  // 与
    0x22, 0x02, 0x60, 0x26, 0x6F, 0xE0, 0xBE, 0x0B, 0xFC, 0xB8, 0x4B, 0x9C, 0xBF, 0xCF, 0x84, 0x01, 0xC0, 0x08,  // 屿
    0x01, 0x87, 0xF8, 0x2D, 0x03, 0xF8, 0x2D, 0x83, 0xF8, 0x7F, 0xCC, 0xC4, 0xCF, 0x4F, 0x9C, 0xC1, 0xC4, 0x08,  // 禹
    0x0C, 0x04, 0xC4, 0x7F, 0xC8, 0x08, 0x7F, 0x80, 0xC0, 0x0C, 0x4F, 0xFC, 0x0C, 0x00, 0xC0, 0x0C, 0x00, 0xC0,  // 宇
    0x00, 0x0D, 0xFC, 0x42, 0x00, 0xF8, 0x44, 0x84, 0x4C, 0x5F, 0xC4, 0xF8, 0x48, 0x86, 0x88, 0x4F, 0x84, 0x88,  // 语
    0x00, 0x0F, 0xFC, 0x0C, 0xC4, 0xAC, 0x6B, 0xC3, 0x8C, 0x3B, 0xCC, 0xEC, 0x8C, 0xC0, 0x8C, 0x39, 0xC1, 0x08,  // 羽
    0x00, 0x0F, 0xFC, 0x0C, 0x00, 0xC0, 0x0C, 0x07, 0xFC, 0x0C, 0x00, 0xD0, 0x0D, 0x80, 0xC4, 0xFF, 0xC0, 0x00,  // 玉
    0x43, 0x04, 0x3C, 0x43, 0x47, 0x30, 0xFF, 0x45, 0xFC, 0x5D, 0x85, 0xD8, 0x71, 0x8D, 0xFA, 0x36, 0xE0, 0x86,  // 域
    0x13, 0x0F, 0xFC, 0x33, 0x01, 0x20, 0x7F, 0x80, 0xC0, 0x0C, 0x4F, 0xFC, 0x0C, 0x00, 0xC0, 0x1C, 0x00, 0x80,  // 芋
    0x30, 0x02, 0x7E, 0xFF, 0x44, 0xBC, 0x7F, 0x8C, 0xB8, 0xFB, 0x44, 0xB6, 0x6B, 0x64, 0xBC, 0x5B, 0x04, 0xA0,  // 郁
    0x00, 0x0F, 0xFC, 0xA3, 0x0A, 0x30, 0xA3, 0x6B, 0xFE, 0xA3, 0x0E, 0x30, 0xA3, 0x00, 0x30, 0x0F, 0x00, 0x60,  // 吁
    0x00, 0x05, 0xF8, 0x5F, 0x81, 0xA8, 0x5F, 0x8D, 0xFC, 0x53, 0xC5, 0x7C, 0x5D, 0xCD, 0x1C, 0xBF, 0xC0, 0xFC,  // 遇
    0x02, 0x00, 0x70, 0xE9, 0x8F, 0xBE, 0xF0, 0x4F, 0xFC, 0xF5, 0xCF, 0xD4, 0x9D, 0x41, 0x54, 0x15, 0xC1, 0x48,  // 喻
    0x40, 0x04, 0x48, 0x4E, 0xCF, 0xB4, 0xF7, 0x0F, 0x48, 0xFC, 0xEF, 0xFC, 0xF4, 0x8F, 0x48, 0x07, 0x80, 0xC8,  // 峪
    0x28, 0x06, 0xB4, 0xDF, 0xCB, 0x54, 0x7F, 0x45, 0xD4, 0xDF, 0x45, 0x74, 0x55, 0xC5, 0xFC, 0x51, 0x04, 0x10,  // 御
    0x0C, 0x01, 0xE0, 0x33, 0x87, 0xCC, 0xFA, 0x87, 0xA8, 0x7A, 0x84, 0xB8, 0x79, 0x83, 0x54, 0xB1, 0x41, 0xF0,  // 愈
    0x03, 0x05, 0xA0, 0x8A, 0x0A, 0x7E, 0x77, 0x44, 0xB0, 0x9B, 0x0F, 0xB0, 0x52, 0x85, 0xE8, 0xFC, 0xE5, 0x84,  // 欲
    0x01, 0x0B, 0x98, 0x69, 0xCC, 0x14, 0x7F, 0xC6, 0xB8, 0x6B, 0x8E, 0xE8, 0x6A, 0x87, 0xEC, 0xCC, 0x65, 0x84,  // 狱
    0x08, 0x0F, 0xFC, 0x1A, 0x03, 0x38, 0x7F, 0x83, 0xF0, 0x21, 0x03, 0xF0, 0x21, 0x02, 0x10, 0x27, 0x02, 0x30,  // 育
    0x09, 0x82, 0xD0, 0x2F, 0xC3, 0xB0, 0x2D, 0x07, 0xFC, 0xA3, 0x43, 0xF0, 0x3F, 0x03, 0xF0, 0x21, 0x02, 0x10,  // 誉
    0x00, 0x06, 0xD8, 0x7A, 0xCB, 0x60, 0xE7, 0x02, 0x9C, 0x58, 0xEE, 0xF8, 0xC8, 0x8C, 0x88, 0xCF, 0x84, 0x88,  // 浴
    0x0C, 0x07, 0xFC, 0xC1, 0xCB, 0xF8, 0x3F, 0x02, 0xD0, 0x3F, 0x07, 0xFC, 0x4E, 0xC7, 0xFC, 0xC1, 0xCC, 0x08,  // 寓
    0x44, 0x06, 0x4C, 0x2E, 0x4F, 0xB0, 0x77, 0x07, 0x4C, 0xEC, 0xC7, 0xFC, 0x54, 0x84, 0x48, 0x47, 0x84, 0x48,  // 裕
    0x10, 0x4B, 0xB0, 0x62, 0x46, 0x7C, 0xFD, 0x47, 0xD4, 0x65, 0x46, 0x74, 0x67, 0x46, 0x3C, 0xEC, 0x45, 0x00,  // 预
    0x06, 0x0F, 0x78, 0xAF, 0xC5, 0xBC, 0xFF, 0xC7, 0xE4, 0x4E, 0xC5, 0xF8, 0x57, 0x84, 0xDC, 0xD7, 0x44, 0x20,  // 豫
    0x10, 0x0D, 0xFC, 0x54, 0xCD, 0x08, 0xD2, 0x8F, 0xB8, 0xDB, 0x03, 0xB0, 0xDB, 0x81, 0x6C, 0x7C, 0xE1, 0x00,  // 驭
    0x20, 0x03, 0xF8, 0x5F, 0x8F, 0x5C, 0x3F, 0xE7, 0xF0, 0xB9, 0x02, 0xF0, 0x3F, 0xCB, 0x3C, 0x03, 0xC0, 0x18,  // 鸳
    0x12, 0x45, 0xA4, 0x5B, 0xCB, 0xF4, 0xF3, 0x45, 0xFC, 0x56, 0x4D, 0x7C, 0xDA, 0xCF, 0x24, 0xE2, 0x44, 0x04,  // 渊
    0x00, 0x0F, 0xFC, 0x9A, 0x83, 0xF0, 0x66, 0x8F, 0xF8, 0x68, 0x87, 0xF8, 0x1D, 0x01, 0x54, 0x27, 0xEC, 0x3C,  // 冤
    0x00, 0x07, 0xF8, 0x00, 0x00, 0x00, 0xFF, 0xC1, 0x60, 0x16, 0x01, 0x60, 0x36, 0x42, 0x66, 0xC3, 0xC0, 0x00,  // 元
    0x40, 0x05, 0xFC, 0x40, 0x07, 0xFC, 0xF8, 0x84, 0x88, 0x4F, 0x84, 0x88, 0x7F, 0x8C, 0x88, 0x00, 0x40, 0x00,  // 垣
    0x0C, 0x00, 0xC8, 0x7F, 0xCF, 0xFC, 0x21, 0x02, 0x10, 0x21, 0x03, 0xD8, 0x37, 0x87, 0x30, 0x9D, 0xC3, 0x04,  // 袁
    0x00, 0x47, 0xFC, 0x46, 0x05, 0xF8, 0x50, 0x85, 0xF8, 0x58, 0x85, 0x68, 0x5F, 0x8B, 0x6C, 0xEE, 0x40, 0x40,  // 原
    0x40, 0xC4, 0xFC, 0x7A, 0xCF, 0xB8, 0x4F, 0xC6, 0x64, 0xDF, 0xC4, 0x78, 0x4D, 0x85, 0xB0, 0xE7, 0xC5, 0x84,  // 援
    0x42, 0x04, 0x38, 0xFF, 0x4D, 0xFE, 0xEF, 0x8F, 0xC8, 0xFF, 0x86, 0x7C, 0xF5, 0xCF, 0xD8, 0x66, 0xE6, 0x44,  // 辕
    0x80, 0x0F, 0xFC, 0xBE, 0xC8, 0x0C, 0xFF, 0xCD, 0x4C, 0x94, 0xC9, 0x5C, 0xF7, 0xCC, 0x3C, 0xFF, 0xC8, 0x00,  // 园
    0x01, 0x03, 0xF8, 0x21, 0x03, 0xF0, 0x20, 0x87, 0xF8, 0x6C, 0x86, 0xC8, 0x68, 0x85, 0xF0, 0x31, 0x8C, 0x08,  // 员
    0x80, 0x0F, 0x2C, 0xDE, 0xCD, 0xEC, 0xD2, 0xCF, 0xFC, 0xFF, 0xCF, 0xAC, 0xDE, 0xCF, 0x3C, 0xFF, 0xC8, 0x00,  // 圆
    0x02, 0x0B, 0x38, 0x6B, 0x47, 0xFE, 0xAF, 0x86, 0x88, 0x6F, 0x8A, 0xEC, 0x2D, 0x83, 0xD8, 0xE6, 0xE4, 0xC4,  // 猿
    0x40, 0x47, 0xFC, 0x12, 0x0B, 0x7C, 0xF4, 0xC5, 0x7C, 0x57, 0xCD, 0x78, 0x57, 0x8F, 0x94, 0xF7, 0x44, 0x20,  // 源
    0x04, 0x06, 0x78, 0x4D, 0x8B, 0xF0, 0xFF, 0xE4, 0x6C, 0x5F, 0xCF, 0xF0, 0x17, 0x8F, 0xEC, 0xB2, 0x60, 0x60,  // 缘
    0x00, 0x04, 0xF8, 0x60, 0x00, 0x04, 0x1F, 0xCE, 0xF0, 0x4F, 0x04, 0xB4, 0x5B, 0xC7, 0x1C, 0xBF, 0xE0, 0xFC,  // 远
    0x12, 0x03, 0x34, 0x33, 0x03, 0x20, 0x6F, 0x87, 0xC8, 0x5C, 0x8B, 0x68, 0x37, 0xC2, 0x44, 0x47, 0xC8, 0x00,  // 苑
    0x00, 0x47, 0xFC, 0x5F, 0x85, 0xF8, 0x50, 0x85, 0xF8, 0x5F, 0x86, 0xEC, 0xD4, 0x8B, 0x7C, 0x5F, 0x40, 0xF0,  // 愿
    0x20, 0x03, 0xFC, 0x7E, 0x85, 0xE8, 0xF7, 0x83, 0x64, 0x67, 0xC8, 0xC0, 0x34, 0x87, 0x54, 0x93, 0x41, 0xF0,  // 怨
    0x02, 0x0F, 0x20, 0xAF, 0xCB, 0x88, 0xDF, 0x8A, 0x00, 0xBF, 0xCB, 0x70, 0xEF, 0x08, 0xB4, 0x9B, 0xCA, 0x1C,  // 院
    0x00, 0x07, 0xF8, 0x40, 0xC4, 0x08, 0x40, 0x87, 0xF8, 0x40, 0x84, 0x08, 0x40, 0x87, 0xF8, 0x40, 0x80, 0x00,  // 曰
    0x22, 0x06, 0x20, 0x46, 0x4D, 0xCC, 0xF8, 0x42, 0xC4, 0x42, 0x4F, 0x24, 0x00, 0xC7, 0x0C, 0xC3, 0x80, 0x18,  // 约
    0x22, 0x02, 0x38, 0xFB, 0xC2, 0x7E, 0x2F, 0xCF, 0xD8, 0xE5, 0x8F, 0xFC, 0xEF, 0xCE, 0x64, 0xBF, 0xE0, 0x7C,  // 越
    0x00, 0x8F, 0xFC, 0x93, 0x09, 0x30, 0xF2, 0x4A, 0xFC, 0xFB, 0x0B, 0x30, 0xA6, 0x8F, 0xCC, 0xD8, 0x60, 0x00,  // 跃
    0x40, 0x04, 0x7C, 0x7C, 0x48, 0x44, 0xF7, 0xC6, 0x44, 0xFC, 0x46, 0x7C, 0x6C, 0x47, 0x84, 0x79, 0xC2, 0x08,  // 钥
    0x01, 0x07, 0xF0, 0x60, 0x07, 0xFC, 0x64, 0x06, 0x44, 0xFF, 0xE0, 0xC8, 0x4C, 0x84, 0xC8, 0x7F, 0x84, 0x08,  // 岳
    0x18, 0x07, 0xF8, 0x5E, 0x85, 0xF8, 0x7F, 0x87, 0xF8, 0x7F, 0x8F, 0xFC, 0x31, 0x03, 0xF8, 0x01, 0x00, 0x60,  // 粤
    0x01, 0x03, 0xF8, 0x21, 0x03, 0xF0, 0x21, 0x02, 0x10, 0x3F, 0x02, 0x10, 0x21, 0x06, 0x10, 0xC7, 0x08, 0x30,  // 月
    0x48, 0x84, 0x58, 0x65, 0x8F, 0xFC, 0xD8, 0x8C, 0x88, 0x4F, 0x84, 0x70, 0x45, 0x04, 0xD2, 0x49, 0xE7, 0x00,  // 悦
    0x40, 0x02, 0xFC, 0xD2, 0xCC, 0xCC, 0xFF, 0xCF, 0x3C, 0xFF, 0xCD, 0xCC, 0xD5, 0xCF, 0x7C, 0xE1, 0xC8, 0x08,  // 阅
    0x60, 0x07, 0x7C, 0xF0, 0x0F, 0x00, 0x60, 0x4F, 0xFE, 0x63, 0x07, 0x20, 0xF6, 0x86, 0x4C, 0x6F, 0xC6, 0x04,  // 耘
    0x00, 0x03, 0xF8, 0x00, 0x00, 0x00, 0x00, 0xCF, 0xFC, 0x08, 0x01, 0x20, 0x21, 0x07, 0xF8, 0x70, 0x80, 0x00,  // 云
    0x00, 0x07, 0xFE, 0x4A, 0x47, 0xA8, 0xFF, 0x8E, 0xF8, 0xBE, 0x4A, 0xE6, 0xAF, 0x63, 0xBC, 0x4F, 0x08, 0x20,  // 郧
    0x20, 0x02, 0x00, 0x7F, 0xC4, 0x08, 0x98, 0x80, 0x88, 0x08, 0x80, 0xE8, 0x78, 0x84, 0x08, 0x03, 0x80, 0x10,  // 匀
    0x00, 0x0F, 0xFC, 0xAC, 0x8A, 0xF8, 0xE8, 0x4A, 0xFC, 0xBB, 0x4F, 0xA4, 0xEA, 0x48, 0xFC, 0x8C, 0xCB, 0x04,  // 陨
    0x08, 0x00, 0xC0, 0x12, 0x02, 0x18, 0xFF, 0x85, 0x60, 0x16, 0x01, 0x60, 0x36, 0x42, 0x64, 0x67, 0xE8, 0x3C,  // 允
    0x00, 0x06, 0xFC, 0x60, 0x00, 0x04, 0x5F, 0xCE, 0x60, 0x45, 0x04, 0x88, 0x5F, 0xC6, 0x04, 0xBF, 0xE0, 0x1C,  // 运
    0x12, 0x0F, 0xFC, 0x12, 0x06, 0xF8, 0x7D, 0x8B, 0xD8, 0xEF, 0x84, 0x98, 0xFF, 0x81, 0xD8, 0xFF, 0xC3, 0xFC,  // 蕴
    0x00, 0x0F, 0xFC, 0xF0, 0x0F, 0x80, 0xF8, 0x4D, 0xD8, 0xD9, 0x08, 0xB0, 0xFA, 0x88, 0xE4, 0xFF, 0xC8, 0x00,  // 酝
    0x01, 0x06, 0x18, 0x7F, 0x87, 0xF8, 0xFF, 0xC9, 0x8C, 0x7F, 0x82, 0x48, 0x7F, 0x8F, 0xFC, 0x04, 0x00, 0x40,  // 晕
    0x22, 0x02, 0xA0, 0xFF, 0xC5, 0x44, 0x7E, 0x49, 0x34, 0xF9, 0x4D, 0x9C, 0xFE, 0x4D, 0xC4, 0xFB, 0xC8, 0x08,  // 韵
    0x00, 0x07, 0xF0, 0x33, 0x43, 0x3C, 0x3E, 0x44, 0x2C, 0x85, 0x80, 0x44, 0xFF, 0xC0, 0x40, 0x0C, 0x00, 0xC0,  // 孕
    0x00, 0x07, 0xFC, 0x44, 0x04, 0x48, 0x5F, 0x85, 0x48, 0x54, 0x85, 0x48, 0x77, 0x84, 0x40, 0xC4, 0x47, 0xFC,  // 匝
    0x00, 0x0F, 0xFC, 0x49, 0x04, 0xD4, 0xEF, 0xCE, 0xD4, 0xED, 0x4E, 0xD4, 0xED, 0xCE, 0x90, 0x89, 0x40, 0x80,  // 砸
    0x18, 0x01, 0xA0, 0x7F, 0x01, 0x34, 0x33, 0xC6, 0xDC, 0x8C, 0x4F, 0xFC, 0x3F, 0x06, 0xD8, 0xDC, 0xC0, 0x80,  // 杂
    0x02, 0x03, 0x38, 0xFE, 0x83, 0x24, 0xFF, 0xC3, 0x28, 0xFE, 0xC7, 0x18, 0x79, 0x0F, 0x3C, 0xB6, 0xC3, 0x86,  // 栽
    0x32, 0x03, 0x38, 0xFE, 0x83, 0x20, 0x36, 0xC0, 0x20, 0x7A, 0xC4, 0xB8, 0x4B, 0x07, 0xB0, 0x4C, 0xC1, 0x86,  // 哉
    0x08, 0x00, 0xC0, 0xFF, 0xC8, 0xC8, 0x8D, 0x02, 0xD8, 0x6F, 0x04, 0xE0, 0x1A, 0x03, 0x30, 0x61, 0xC8, 0x04,  // 灾
    0x08, 0x04, 0xCC, 0xCC, 0xC8, 0xC8, 0x7F, 0x81, 0x30, 0x16, 0x4F, 0xFC, 0x0C, 0x87, 0xF8, 0x0C, 0x00, 0xC0,  // 宰
    0x32, 0x03, 0xA8, 0xFA, 0xCF, 0xFE, 0x22, 0x8F, 0xE8, 0x73, 0x8F, 0xF0, 0x11, 0x0F, 0xBA, 0x14, 0xE1, 0x86,  // 载
    0x00, 0x0F, 0xFC, 0x0C, 0x07, 0xF8, 0x6D, 0x87, 0xF8, 0x6D, 0x86, 0xDE, 0x61, 0x86, 0x18, 0x63, 0x84, 0x10,  // 再
    0x0C, 0x00, 0x80, 0xFF, 0xE1, 0x20, 0x72, 0x06, 0x20, 0x7F, 0xCE, 0x20, 0x62, 0x06, 0x20, 0x7F, 0xE6, 0x00,  // 在
    0x03, 0x00, 0x20, 0xFF, 0xCB, 0x84, 0xBC, 0xCB, 0xCC, 0xB8, 0x4F, 0xFC, 0xF8, 0x48, 0x84, 0x0F, 0xC0, 0x84,  // 咱
    0x40, 0x85, 0xF8, 0x5F, 0xCF, 0xFE, 0x5F, 0x87, 0x6E, 0xEF, 0x8C, 0xA8, 0x4A, 0x84, 0xA8, 0xC5, 0xC5, 0x84,  // 攒
    0x20, 0x06, 0xFC, 0xF6, 0x0F, 0xFC, 0x35, 0x8F, 0x58, 0x29, 0x83, 0xF8, 0x21, 0x03, 0xF0, 0x3F, 0x06, 0x10,  // 暂
    0x21, 0x0E, 0x74, 0xFF, 0xCF, 0xFE, 0x7B, 0x0F, 0xDE, 0xBF, 0x82, 0xD0, 0x29, 0x02, 0xF0, 0x31, 0x8C, 0x04,  // 赞
    0x03, 0x0F, 0x14, 0x97, 0xCF, 0x50, 0xF5, 0x0F, 0x54, 0xFF, 0xCD, 0xD0, 0xE9, 0x07, 0x90, 0x9F, 0xE0, 0x00,  // 赃
    0x02, 0x0F, 0x14, 0xBF, 0xCB, 0x90, 0xF9, 0x0B, 0x90, 0xFF, 0xCF, 0x90, 0xB9, 0x0B, 0x90, 0xF9, 0x63, 0x00,  // 脏
    0x12, 0x0F, 0xFE, 0x12, 0x4F, 0xFC, 0x7F, 0x8F, 0xA4, 0x33, 0xCD, 0x30, 0xFF, 0xE1, 0x20, 0x23, 0x0C, 0x20,  // 葬
    0x05, 0x05, 0xFC, 0x75, 0xC1, 0x7C, 0x1F, 0xCD, 0xFC, 0x5F, 0x84, 0x88, 0x4F, 0x84, 0xF8, 0xBB, 0xE0, 0xFC,  // 遭
    0x43, 0x04, 0x7C, 0xFF, 0x4E, 0xFC, 0x7F, 0xCF, 0xF4, 0x6F, 0xCF, 0xF8, 0xCC, 0xC4, 0xF8, 0x4F, 0x84, 0x88,  // 糟
    0x14, 0x05, 0xC8, 0x77, 0x03, 0xF4, 0x16, 0x05, 0xE8, 0x7F, 0x84, 0xC8, 0x7F, 0x84, 0xC8, 0x7F, 0x84, 0x08,  // 凿
    0x12, 0x0F, 0xFE, 0x13, 0x06, 0xF8, 0xAF, 0x0F, 0xFC, 0x7F, 0xC5, 0xEC, 0xFF, 0xCC, 0xF0, 0xF6, 0xC4, 0x60,  // 藻
    0x0C, 0x0F, 0xFC, 0x4C, 0x87, 0xF8, 0x4C, 0x85, 0xE8, 0x2F, 0x0C, 0x9E, 0x0C, 0x00, 0x40, 0x1E, 0x00, 0x20,  // 枣
    0x00, 0x07, 0xF8, 0x61, 0x87, 0xF8, 0x61, 0x87, 0xF8, 0x6D, 0x00, 0xC4, 0xFF, 0xC0, 0xC0, 0x0C, 0x00, 0xC0,  // 早
    0x08, 0x84, 0x98, 0x6F, 0x8A, 0x94, 0xFF, 0xC7, 0x54, 0x5F, 0xCC, 0x66, 0xCF, 0x0C, 0xB8, 0xF2, 0xE0, 0x20,  // 澡
    0x00, 0x07, 0xF8, 0x1F, 0x00, 0xE0, 0x1F, 0x0E, 0xDC, 0x7F, 0x86, 0xD0, 0x7F, 0x00, 0xD0, 0xFF, 0x84, 0x00,  // 蚤
    0x84, 0x8F, 0x48, 0xA7, 0x8B, 0x5C, 0xFF, 0xC5, 0xF4, 0xFF, 0x4D, 0xFE, 0xC7, 0x0F, 0xEC, 0x9A, 0x60, 0x20,  // 躁
    0x00, 0x0E, 0xF8, 0xED, 0x8E, 0xF8, 0xFF, 0xCF, 0x54, 0xFF, 0xCF, 0x64, 0xBF, 0xC0, 0xF8, 0x12, 0xE2, 0x20,  // 噪
    0x02, 0x0C, 0xA0, 0x6F, 0xC5, 0x20, 0x12, 0x4F, 0xFC, 0x6F, 0x84, 0x88, 0x48, 0x84, 0xF8, 0xF8, 0xE8, 0xFC,  // 造
    0x08, 0x06, 0xD8, 0x61, 0x86, 0x18, 0x61, 0x86, 0x18, 0x59, 0x80, 0x8E, 0xFE, 0x00, 0x84, 0x0F, 0xC0, 0xF8,  // 皂
    0x02, 0x06, 0x30, 0x62, 0x07, 0xA0, 0xF3, 0x4E, 0xB0, 0xC2, 0x04, 0x20, 0x62, 0x05, 0x20, 0x9B, 0x60, 0x00,  // 灶
    0x40, 0x84, 0xF8, 0x4F, 0x87, 0xD8, 0xFF, 0xCD, 0x54, 0x5F, 0xC5, 0x26, 0x7F, 0x8E, 0xF8, 0x9A, 0xE2, 0x20,  // 燥
    0x0C, 0x00, 0xCC, 0x0D, 0x87, 0xF8, 0xFF, 0xC0, 0x10, 0x3F, 0x82, 0xD0, 0x29, 0x03, 0xF0, 0x31, 0x8C, 0x08,  // 责
    0x40, 0x04, 0xF8, 0x55, 0x0F, 0x30, 0x47, 0xC7, 0xAC, 0xE2, 0x8C, 0xA0, 0x43, 0x44, 0x20, 0xC2, 0x04, 0x20,  // 择
    0x00, 0x4F, 0xC4, 0xCD, 0x4F, 0xD4, 0xFD, 0x4F, 0xD4, 0xFD, 0x4E, 0xD4, 0xBB, 0x46, 0x84, 0xCD, 0xC0, 0x08,  // 则
    0x00, 0x85, 0xF8, 0x47, 0x0A, 0x60, 0xAF, 0xE7, 0x6C, 0x5F, 0x8C, 0x20, 0xFF, 0xCC, 0x60, 0xC6, 0x00, 0x60,  // 泽
    0x01, 0x0F, 0x1C, 0x93, 0x6F, 0xFC, 0xF5, 0x0F, 0x54, 0xFF, 0xCD, 0x58, 0xE5, 0x87, 0xBA, 0x9E, 0xE0, 0x02,  // 贼
    0x10, 0x03, 0x0C, 0x3F, 0xC4, 0x98, 0x8F, 0x88, 0xFC, 0x08, 0x00, 0x80, 0x74, 0x8F, 0x5C, 0xB1, 0x49, 0xF0,  // 怎
    0x44, 0x84, 0x58, 0x4F, 0xC4, 0xFC, 0xFF, 0xC4, 0xFC, 0x48, 0x44, 0xFC, 0x7C, 0xCC, 0xCC, 0x0F, 0xC0, 0x88,  // 增
    0x48, 0x84, 0x58, 0x5F, 0xC7, 0xAC, 0xFF, 0xCD, 0xF4, 0x58, 0xC4, 0xFC, 0x4C, 0x84, 0x88, 0x4F, 0x84, 0x88,  // 憎
    0x23, 0x01, 0x20, 0xFF, 0xCE, 0xDC, 0xDE, 0xCF, 0xFC, 0xC1, 0x03, 0xF8, 0x21, 0x02, 0x10, 0x3F, 0x02, 0x10,  // 曾
    0x04, 0xCF, 0x68, 0x9F, 0xEF, 0xDE, 0xFF, 0xEF, 0xFE, 0xF8, 0x4F, 0x7C, 0xE4, 0xC7, 0x4C, 0x97, 0xC0, 0x44,  // 赠
    0x22, 0x02, 0x20, 0x2A, 0x0F, 0xA0, 0x22, 0x03, 0xA0, 0xF2, 0x0A, 0x20, 0x22, 0x42, 0x24, 0xE3, 0xC6, 0x1C,  // 扎
    0x02, 0x0A, 0x2C, 0xFF, 0x0A, 0xF8, 0xAA, 0xCB, 0xAC, 0xAF, 0x8A, 0xF8, 0xA8, 0x80, 0xF8, 0x08, 0x43, 0xFC,  // 喳
    0x02, 0x06, 0x24, 0x5F, 0xCA, 0xF0, 0xEA, 0xC3, 0xAE, 0x7F, 0x84, 0xF8, 0xC8, 0x8C, 0xF8, 0xC8, 0x47, 0xFC,  // 渣
    0x22, 0x02, 0x20, 0x2A, 0x0F, 0xA0, 0x62, 0x07, 0x20, 0x6A, 0x0A, 0x20, 0xA2, 0x02, 0x24, 0x23, 0xE2, 0x18,  // 札
    0x20, 0x06, 0x30, 0xFE, 0x04, 0x20, 0xF2, 0x0B, 0xA0, 0xFA, 0x03, 0xA0, 0xF2, 0x0F, 0x24, 0x33, 0xE2, 0x1C,  // 轧
    0x40, 0x47, 0xF4, 0xFB, 0xCB, 0xFC, 0xFF, 0xC5, 0xFC, 0xFF, 0xC5, 0xFC, 0x5F, 0xC6, 0xE4, 0x53, 0xC2, 0x04,  // 铡
    0x60, 0x02, 0xFC, 0xE0, 0x4F, 0xF4, 0xF5, 0x4F, 0xF4, 0xF5, 0x4F, 0xF4, 0xF5, 0x4C, 0x44, 0xC5, 0xC0, 0x08,  // 闸
    0x00, 0x8F, 0x7C, 0xB2, 0x0A, 0x20, 0xFF, 0x8B, 0x18, 0xA1, 0x0E, 0x20, 0xA6, 0x0B, 0x40, 0xBF, 0xC8, 0x1C,  // 眨
    0x40, 0x05, 0xFC, 0x5D, 0xCF, 0xDC, 0xDD, 0xCF, 0xFE, 0xFD, 0xCD, 0x7C, 0x57, 0xC5, 0x6C, 0x6E, 0xC6, 0x48,  // 栅
    0x42, 0x04, 0xA4, 0x7F, 0xE7, 0xD8, 0x4C, 0xCF, 0x64, 0xFF, 0xC4, 0xB8, 0x52, 0x04, 0x3C, 0x42, 0x04, 0x20,  // 榨
    0x04, 0x0A, 0x40, 0xAF, 0xEA, 0xE0, 0xB6, 0x0B, 0x7C, 0xA6, 0x0E, 0x64, 0xA7, 0xC0, 0x60, 0x06, 0x00, 0x60,  // 咋
    0x10, 0x03, 0x00, 0x3F, 0xE6, 0x80, 0x48, 0x08, 0xF8, 0x08, 0x00, 0x84, 0x0F, 0xC0, 0x80, 0x08, 0x00, 0x80,  // 乍
    0x02, 0x06, 0x60, 0x66, 0x67, 0xE0, 0xEA, 0x0F, 0x3C, 0xC2, 0x06, 0x24, 0x73, 0xE5, 0xA0, 0x82, 0x00, 0x20,  // 炸
    0x04, 0x06, 0xC0, 0x2F, 0xE0, 0xE0, 0xF6, 0x07, 0x7C, 0x66, 0x04, 0x64, 0x77, 0xC6, 0x60, 0x66, 0x00, 0x60,  // 诈
    0x42, 0x04, 0x34, 0x5D, 0x8F, 0x50, 0x5F, 0xC7, 0xA4, 0xDF, 0xCD, 0xF4, 0x5D, 0x45, 0xF4, 0xD9, 0xC5, 0x8C,  // 摘
    0x08, 0x0F, 0xFC, 0x17, 0x00, 0xC0, 0x1F, 0x8E, 0x1C, 0x7F, 0x87, 0xF8, 0x56, 0x85, 0x68, 0x57, 0x84, 0x18,  // 斋
    0x0C, 0x00, 0x44, 0xFF, 0xEC, 0x38, 0x0F, 0x07, 0x80, 0x08, 0xC1, 0xF0, 0xC8, 0x00, 0x84, 0x08, 0xC0, 0xFC,  // 宅
    0x08, 0x07, 0xFC, 0x96, 0xCB, 0x38, 0x71, 0x83, 0xFC, 0x68, 0x0C, 0xF8, 0x88, 0x80, 0xFC, 0x08, 0x00, 0x80,  // 窄
    0x22, 0x07, 0xFC, 0x42, 0x84, 0xFC, 0xFF, 0xEC, 0x88, 0x4F, 0xC4, 0xA8, 0x4A, 0x84, 0xE8, 0x4D, 0xC7, 0x84,  // 债
    0x0C, 0x0F, 0xFC, 0x92, 0xC7, 0xF8, 0x3F, 0x81, 0x24, 0x3F, 0x06, 0xFC, 0xFE, 0xC3, 0x70, 0x7D, 0x88, 0x80,  // 寨
    0x06, 0x0E, 0x78, 0xA9, 0xCB, 0xFC, 0xEF, 0xCA, 0xFE, 0xAF, 0xCA, 0xCC, 0xBC, 0xCF, 0x7C, 0xB6, 0xC2, 0x4C,  // 瞻
    0x02, 0x03, 0x20, 0xC3, 0xC4, 0x20, 0x72, 0x0C, 0xF8, 0x5C, 0x8F, 0xC8, 0x4F, 0x84, 0xCC, 0x69, 0xE3, 0xFC,  // 毡
    0x18, 0x01, 0xF0, 0x3F, 0xC6, 0xD8, 0xF6, 0xC7, 0xFC, 0x5F, 0x84, 0x08, 0x50, 0x85, 0xF8, 0x99, 0x81, 0x08,  // 詹
    0x22, 0x02, 0x30, 0xBB, 0x0F, 0x3E, 0xFB, 0x06, 0x30, 0x7F, 0xC7, 0xCC, 0xAC, 0xC2, 0xCC, 0x2F, 0xC2, 0xC4,  // 粘
    0x00, 0x06, 0x60, 0x36, 0x48, 0x7C, 0xE6, 0x02, 0x60, 0x7F, 0xC5, 0x88, 0xD8, 0x85, 0x88, 0xDF, 0x85, 0x08,  // 沾
    0x16, 0x01, 0x38, 0xFE, 0x40, 0xFC, 0xFD, 0x80, 0xF4, 0x7F, 0xC4, 0x1C, 0x7F, 0x85, 0xE8, 0x5F, 0xCF, 0xFC,  // 盏
    0x40, 0x04, 0x7C, 0xFE, 0x0C, 0x40, 0xE4, 0x4B, 0xFC, 0xA5, 0x82, 0x58, 0xF5, 0x8A, 0x58, 0x29, 0x83, 0x18,  // 斩
    0x40, 0x04, 0xFC, 0xF8, 0xCC, 0xFC, 0xEB, 0xCF, 0xFC, 0x6B, 0xC7, 0xFC, 0xED, 0xC7, 0x58, 0x76, 0xC6, 0x44,  // 辗
    0x0C, 0x04, 0xC8, 0x7F, 0x86, 0x08, 0x6F, 0xC7, 0x60, 0xFF, 0xCF, 0xF8, 0x3D, 0x8E, 0x58, 0x29, 0x83, 0x18,  // 崭
    0x00, 0x87, 0xF8, 0x40, 0x87, 0xF8, 0x4B, 0x07, 0xFC, 0x4A, 0x47, 0xFC, 0x55, 0x89, 0x30, 0x9D, 0xC1, 0x0C,  // 展
    0x12, 0x0F, 0xFC, 0x12, 0x0F, 0xB4, 0xF7, 0xCF, 0xFC, 0xFD, 0x4D, 0xFC, 0xFF, 0xE9, 0xC0, 0xFF, 0xC8, 0xC0,  // 蘸
    0x42, 0x06, 0x78, 0x76, 0x8F, 0x7C, 0x6E, 0x0E, 0x3C, 0xFE, 0x8E, 0x38, 0x63, 0x06, 0x72, 0x7C, 0xE6, 0x06,  // 栈
    0x08, 0x00, 0xC0, 0x08, 0x40, 0xFC, 0x08, 0x00, 0x80, 0x7F, 0x84, 0x08, 0x40, 0x84, 0x08, 0x7F, 0x84, 0x08,  // 占
    0x02, 0x06, 0x78, 0x66, 0xC7, 0xEC, 0x6F, 0x06, 0x2C, 0xFA, 0x89, 0x38, 0x93, 0x09, 0x3C, 0x94, 0xC8, 0x86,  // 战
    0x41, 0x06, 0x30, 0x2B, 0x4F, 0xBE, 0x13, 0x09, 0x30, 0x57, 0xC7, 0x44, 0x6C, 0x4F, 0x4C, 0xC7, 0xC0, 0x44,  // 站
    0x09, 0x8C, 0x9C, 0x7F, 0xC2, 0xF8, 0xE9, 0x8C, 0xF8, 0x49, 0xCF, 0xFC, 0xD5, 0x8D, 0x88, 0xDF, 0xC0, 0x00,  // 湛
    0x02, 0x06, 0x30, 0x4F, 0xCB, 0x8C, 0xEF, 0xCC, 0x30, 0x4F, 0x0E, 0xBC, 0x8B, 0x0F, 0xF0, 0x97, 0xC2, 0x0C,  // 绽
    0x42, 0x04, 0x3C, 0x6D, 0x8F, 0x5C, 0x5F, 0xCE, 0xFC, 0xEF, 0x84, 0x88, 0x4A, 0xC5, 0xFE, 0x42, 0x04, 0x20,  // 樟
    0x08, 0x07, 0xF8, 0x13, 0x01, 0xA4, 0x61, 0x83, 0xF8, 0x3F, 0x82, 0x18, 0x3F, 0x0F, 0xFC, 0x0C, 0x00, 0xC0,  // 章
    0x20, 0x0F, 0xCC, 0x49, 0x83, 0x50, 0xFE, 0xCF, 0xC8, 0xF9, 0x0C, 0xE6, 0xFC, 0xCF, 0xD8, 0x23, 0x02, 0xC0,  // 彰
    0x02, 0x05, 0xFC, 0x4D, 0x8A, 0x56, 0xBF, 0xC2, 0xF8, 0x4F, 0x84, 0x88, 0xDF, 0x87, 0xFE, 0xC2, 0x04, 0x20,  // 漳
    0x04, 0x0F, 0x48, 0x35, 0x83, 0x70, 0xF6, 0x08, 0xCC, 0xFF, 0x02, 0x50, 0x25, 0x02, 0x58, 0xE6, 0xC4, 0xC0,  // 张
    0x0C, 0x03, 0xD0, 0x7F, 0xCF, 0xFC, 0xB3, 0x03, 0xF0, 0x7F, 0x80, 0xD8, 0x0C, 0x4F, 0xFC, 0x0C, 0x01, 0x80,  // 掌
    0x02, 0x07, 0xE4, 0x4A, 0xCB, 0xB8, 0xFB, 0x07, 0x7E, 0x7B, 0x0C, 0xA8, 0xCA, 0x8C, 0xAC, 0xFB, 0x69, 0x20,  // 涨
    0x61, 0x06, 0x10, 0x71, 0x0F, 0xFE, 0x61, 0x0F, 0x50, 0xF5, 0x0E, 0x70, 0x62, 0x06, 0x70, 0x6D, 0xC7, 0x04,  // 杖
    0x00, 0x00, 0x60, 0x06, 0x4F, 0xFC, 0x26, 0x02, 0x40, 0x14, 0x01, 0x40, 0x0C, 0x01, 0xE0, 0x73, 0xC8, 0x0C,  // 丈
    0x44, 0x04, 0x48, 0x75, 0x8F, 0x70, 0xD4, 0x0D, 0x44, 0xDF, 0xCD, 0x70, 0xF5, 0x04, 0x58, 0x4E, 0xC4, 0xC0,  // 帐
    0x04, 0x0F, 0x48, 0xB5, 0x8F, 0x70, 0xB6, 0x0B, 0xFC, 0xF5, 0x0F, 0x50, 0xF5, 0x85, 0x7C, 0x9E, 0x40, 0x40,  // 账
    0x21, 0x02, 0x30, 0x61, 0x45, 0xFE, 0xC9, 0x0C, 0xB0, 0x4B, 0x04, 0x60, 0x46, 0x04, 0x70, 0x49, 0xC7, 0x00,  // 仗
    0x14, 0x0F, 0x4C, 0xD5, 0x8F, 0x70, 0xF6, 0x0D, 0xFE, 0xF5, 0x09, 0x50, 0x95, 0x89, 0x5C, 0x76, 0x62, 0x40,  // 胀
    0x04, 0x07, 0xFC, 0x66, 0x0F, 0xFC, 0xEF, 0xC7, 0xF8, 0xFF, 0x8D, 0xF8, 0x5F, 0x87, 0xFE, 0x86, 0x00, 0x60,  // 瘴
    0x02, 0x0F, 0xFC, 0xA5, 0x8E, 0x54, 0xDF, 0xCA, 0xFC, 0xAF, 0x8E, 0xF8, 0xEA, 0xC9, 0xFE, 0x82, 0x08, 0x20,  // 障
    0x20, 0x02, 0xFC, 0x32, 0x4F, 0xA4, 0x26, 0xC3, 0xD8, 0x6C, 0xCE, 0x7C, 0x24, 0x42, 0x44, 0xE7, 0xC6, 0x44,  // 招
    0x00, 0x0F, 0xFC, 0xB6, 0x4B, 0x64, 0xB5, 0xCF, 0x88, 0xBC, 0xCB, 0x4C, 0xF4, 0xCB, 0x4C, 0x87, 0xC0, 0x44,  // 昭
    0x22, 0x02, 0x78, 0x26, 0x8F, 0xE4, 0x2F, 0x83, 0xA8, 0x63, 0x8E, 0x30, 0x23, 0x02, 0x74, 0x68, 0xC6, 0x06,  // 找
    0x00, 0x07, 0xFC, 0x34, 0xC8, 0x4C, 0xED, 0x86, 0x98, 0x7D, 0x84, 0x8C, 0xC8, 0xC4, 0x8C, 0x4F, 0xC4, 0x88,  // 沼
    0x20, 0x02, 0x0C, 0xFC, 0x82, 0x28, 0x3D, 0x8F, 0x90, 0x73, 0x8F, 0xA8, 0xF4, 0xCF, 0x88, 0xBF, 0xE0, 0xFC,  // 赵
    0x00, 0x07, 0xFC, 0x56, 0x45, 0x5C, 0x7C, 0xC5, 0x7C, 0x54, 0xCF, 0x7C, 0x44, 0x85, 0x2C, 0xD2, 0x48, 0x00,  // 照
    0x40, 0x85, 0xEC, 0x5E, 0xC4, 0xC8, 0x0F, 0x87, 0xF8, 0x7F, 0x86, 0x18, 0x2D, 0xCF, 0xFE, 0x0C, 0x00, 0xC0,  // 罩
    0x14, 0x01, 0x60, 0x14, 0x85, 0x78, 0x56, 0x01, 0x60, 0x37, 0x8D, 0x48, 0xB4, 0x42, 0x44, 0x47, 0xC8, 0x38,  // 兆
    0x22, 0x07, 0xFC, 0x5F, 0x87, 0xB8, 0x9E, 0xEB, 0xF8, 0xFF, 0xC3, 0xF8, 0x2D, 0x03, 0xF4, 0xFF, 0xC0, 0x80,  // 肇
    0x00, 0x0F, 0xFC, 0x18, 0x81, 0x08, 0x37, 0x86, 0x30, 0xFF, 0x82, 0x08, 0x20, 0x82, 0x08, 0x3F, 0x82, 0x00,  // 召
    0x02, 0x05, 0x3C, 0x57, 0x81, 0x5C, 0x5F, 0xCD, 0x58, 0x57, 0x85, 0x58, 0x6D, 0xC7, 0xD4, 0xB0, 0xE1, 0xFC,  // 遮
    0x60, 0x86, 0xFC, 0x6C, 0x0F, 0xC0, 0x6C, 0xC7, 0xD8, 0xE9, 0x8E, 0x98, 0x69, 0x86, 0x98, 0xF1, 0x86, 0x10,  // 折
    0x20, 0x02, 0x78, 0xFC, 0x02, 0xFC, 0xED, 0x8A, 0xD8, 0x69, 0x85, 0x10, 0x7F, 0x86, 0x10, 0x7F, 0x06, 0x10,  // 哲
    0x22, 0x02, 0x28, 0xFF, 0x87, 0xE8, 0xE6, 0x86, 0xAC, 0x6C, 0x67, 0xF8, 0x6D, 0x87, 0xF8, 0xFF, 0x8E, 0x0C,  // 蛰
    0x48, 0x84, 0xA8, 0xFF, 0x0C, 0xDE, 0xDF, 0x4F, 0xF4, 0xD7, 0xC7, 0xF8, 0xFE, 0x85, 0x78, 0x5F, 0x45, 0x64,  // 辙
    0x08, 0x00, 0x98, 0x7F, 0x00, 0xA0, 0xFF, 0xC0, 0x80, 0x3F, 0x07, 0x10, 0xFF, 0x02, 0x10, 0x3F, 0x02, 0x10,  // 者
    0x42, 0x04, 0x24, 0xFF, 0xC8, 0x38, 0xFF, 0xE4, 0x30, 0x57, 0xCF, 0xCC, 0x57, 0xC7, 0x4C, 0x67, 0xC4, 0x48,  // 锗
    0x12, 0x0F, 0xFE, 0x1F, 0x05, 0xFC, 0x5B, 0x05, 0xB4, 0x7F, 0xC5, 0xB0, 0x5B, 0x0E, 0xA8, 0xAF, 0x42, 0x84,  // 蔗
    0x04, 0x0C, 0x60, 0x7F, 0xC0, 0x18, 0x09, 0x0E, 0x70, 0x63, 0x06, 0x78, 0x69, 0x87, 0x08, 0xFF, 0xE8, 0xFC,  // 这
    0x08, 0x05, 0xBC, 0x7A, 0x03, 0xE0, 0xDB, 0xED, 0xE8, 0x7A, 0x8F, 0xA8, 0xDA, 0x8D, 0xE8, 0xFC, 0x81, 0x88,  // 浙
    0x02, 0x0F, 0x70, 0x45, 0x04, 0xCC, 0x6A, 0x6F, 0x60, 0x4D, 0x85, 0x34, 0x74, 0xCD, 0xB8, 0x06, 0x03, 0x80,  // 珍
    0x40, 0x85, 0xE8, 0xFE, 0x85, 0x88, 0x5E, 0x87, 0xA8, 0x5C, 0xCF, 0xDC, 0xFE, 0x8C, 0x88, 0xFC, 0x80, 0x08,  // 斟
    0x0C, 0x00, 0xCC, 0x0D, 0x03, 0xF0, 0x3F, 0x02, 0x10, 0x3F, 0x03, 0xF0, 0x21, 0x4F, 0xFC, 0x73, 0x8C, 0x0C,  // 真
    0x08, 0x47, 0x30, 0xFE, 0x0F, 0xFC, 0xFE, 0x8F, 0xF8, 0xA3, 0x8F, 0xE8, 0x26, 0x83, 0xFC, 0xE6, 0xE0, 0x00,  // 甄
    0x03, 0x0F, 0xB0, 0x43, 0x64, 0x3E, 0x53, 0x0F, 0x30, 0xDF, 0xCD, 0xC4, 0x5C, 0x47, 0xC4, 0xDF, 0xC0, 0xC4,  // 砧
    0x02, 0x0F, 0xFC, 0x42, 0x8A, 0xFC, 0xFF, 0xC4, 0x58, 0xFF, 0xC5, 0x2C, 0x4F, 0x8E, 0xF8, 0x1A, 0xC0, 0x20,  // 臻
    0x08, 0x00, 0xCC, 0x0C, 0x06, 0xD8, 0x6D, 0x86, 0xC8, 0x6C, 0x86, 0xC8, 0x68, 0x81, 0xB0, 0x31, 0xCC, 0x04,  // 贞
    0x63, 0x05, 0x30, 0xF3, 0x08, 0x30, 0xFF, 0xE6, 0x30, 0xFB, 0x06, 0x30, 0x63, 0x07, 0x30, 0x63, 0x00, 0x30,  // 针
    0x22, 0x02, 0x24, 0x63, 0xC5, 0xEC, 0xDA, 0xCD, 0xAC, 0x5A, 0xC5, 0xAC, 0x5E, 0x84, 0x58, 0x48, 0xC7, 0x04,  // 侦
    0x42, 0x06, 0x20, 0x6A, 0x4F, 0xFC, 0x7A, 0x87, 0x70, 0xF7, 0x0E, 0x70, 0x65, 0x06, 0x90, 0x79, 0xE6, 0x1C,  // 枕
    0x04, 0x00, 0x44, 0x7F, 0xCE, 0x60, 0xE9, 0x87, 0x2E, 0xE4, 0x0E, 0xB0, 0x56, 0xC5, 0x98, 0x86, 0x03, 0x80,  // 疹
    0x02, 0x04, 0x60, 0x65, 0x00, 0x9C, 0x52, 0xC6, 0x60, 0x49, 0x04, 0x30, 0x5C, 0xC7, 0x38, 0x46, 0x03, 0x80,  // 诊
    0x01, 0x84, 0xC4, 0xFF, 0xCB, 0xF8, 0x3F, 0x07, 0xF8, 0x5F, 0x05, 0xFC, 0x75, 0x8D, 0x70, 0xBF, 0xC3, 0x0C,  // 震
    0x40, 0x04, 0xFC, 0x78, 0x0F, 0xF8, 0x48, 0x06, 0xFC, 0xCD, 0x44, 0xDC, 0x55, 0x85, 0x58, 0xE6, 0xEC, 0x40,  // 振
    0x42, 0x04, 0xFC, 0xF2, 0x08, 0xFC, 0xFF, 0x84, 0xC8, 0x5F, 0x8F, 0xF8, 0x5C, 0xC7, 0xFC, 0x6C, 0xC5, 0x04,  // 镇
    0x02, 0x0F, 0x24, 0xBF, 0xCA, 0x40, 0xCF, 0x0A, 0xBC, 0xBF, 0x8E, 0x34, 0xFF, 0xE8, 0x30, 0x83, 0x08, 0x20,  // 阵
    0x12, 0x03, 0x24, 0x32, 0x07, 0xF0, 0x06, 0x8F, 0xD8, 0x2B, 0x05, 0x9C, 0xC9, 0x47, 0x50, 0x56, 0xC9, 0x24,  // 蒸
    0x42, 0x04, 0x68, 0x4D, 0x8F, 0x98, 0x5F, 0xC7, 0x2C, 0xFF, 0xC4, 0x28, 0x5F, 0x84, 0x20, 0xCE, 0x04, 0x60,  // 挣
    0x06, 0x0F, 0x78, 0xAD, 0x8B, 0xB8, 0xF6, 0xCA, 0x2C, 0xBF, 0xCA, 0x2C, 0xAF, 0x8E, 0x20, 0xA6, 0x00, 0x60,  // 睁
    0x20, 0x07, 0x0C, 0xC3, 0x0A, 0x20, 0x6A, 0x04, 0xBC, 0xCB, 0x04, 0xA0, 0x4A, 0x04, 0xA0, 0x7F, 0xE4, 0x00,  // 征
    0x04, 0x0B, 0xD8, 0x69, 0x85, 0xB8, 0xFF, 0xC6, 0x2C, 0x7F, 0xCA, 0x28, 0x3F, 0x82, 0x20, 0xEE, 0x04, 0x60,  // 狰
    0x10, 0x03, 0xF0, 0x66, 0x07, 0xF8, 0x8D, 0x80, 0xCC, 0xFF, 0xC0, 0xC8, 0x7F, 0x80, 0xC0, 0x0C, 0x01, 0x80,  // 争
    0x40, 0x04, 0xFC, 0x43, 0x06, 0x30, 0xFB, 0x0C, 0xBC, 0x4B, 0x04, 0xB0, 0x4B, 0x04, 0xB0, 0x7F, 0xE4, 0x00,  // 怔
    0x22, 0x0F, 0xA4, 0xBB, 0xCF, 0xE8, 0xFB, 0x07, 0xB8, 0xAE, 0xC3, 0xD8, 0x2D, 0x02, 0xF8, 0x2C, 0x4F, 0xFC,  // 整
    0x40, 0x04, 0xFC, 0x51, 0x8F, 0x30, 0x5F, 0xC7, 0xF8, 0xEB, 0x8C, 0xA8, 0x52, 0xE6, 0x60, 0xC2, 0x45, 0xFC,  // 拯
    0x00, 0x07, 0xFC, 0x04, 0x00, 0x40, 0x24, 0x02, 0x78, 0x24, 0x02, 0x40, 0x24, 0x02, 0x40, 0xFF, 0xE0, 0x00,  // 正
    0x02, 0x0F, 0xA0, 0x22, 0x42, 0x7C, 0xEC, 0x8B, 0xE8, 0xAB, 0x8A, 0x30, 0xBB, 0x0F, 0x38, 0x8C, 0xC3, 0x04,  // 政
    0x42, 0x06, 0x34, 0xF3, 0xEF, 0xBC, 0xFF, 0xCF, 0xFC, 0xFF, 0xCF, 0xFC, 0xFE, 0xC6, 0x78, 0x6C, 0xC7, 0x84,  // 帧
    0x04, 0x00, 0x64, 0x3F, 0xCE, 0x04, 0xFF, 0xC2, 0x20, 0xFA, 0x4E, 0xBC, 0x4A, 0x04, 0xA0, 0x9A, 0x60, 0x00,  // 症
    0x08, 0x05, 0xBE, 0x5A, 0xCF, 0xE8, 0x22, 0x82, 0x68, 0xFE, 0x42, 0x26, 0x7B, 0xE4, 0xAC, 0x82, 0x00, 0x20,  // 郑
    0x00, 0x05, 0xFC, 0x43, 0x00, 0x30, 0xCB, 0x04, 0xBC, 0x4B, 0x04, 0xB0, 0x6B, 0x06, 0xB0, 0xFF, 0xE0, 0x00,  // 证
    0x13, 0x03, 0x34, 0xFF, 0xE3, 0xB0, 0x0C, 0x8F, 0xF8, 0x02, 0x00, 0xC0, 0x18, 0x0F, 0x00, 0x9F, 0xC0, 0x7C,  // 芝
    0x62, 0x06, 0x20, 0x7F, 0xCF, 0x20, 0x62, 0x07, 0xFC, 0xF4, 0x8E, 0x58, 0x63, 0x06, 0x30, 0x6D, 0xC7, 0x04,  // 枝
    0x04, 0x00, 0xC0, 0xFF, 0xC0, 0xC0, 0x0C, 0x07, 0xF8, 0x13, 0x01, 0xA0, 0x0C, 0x00, 0xE0, 0x33, 0xCC, 0x0C,  // 支
    0x02, 0x00, 0x20, 0xF3, 0xCA, 0x20, 0xA2, 0x0A, 0xF8, 0xA5, 0x8E, 0x50, 0xA3, 0x08, 0x70, 0x0D, 0xC3, 0x0C,  // 吱
    0x44, 0x04, 0xC0, 0x6B, 0xCF, 0xD4, 0xF5, 0x4F, 0x74, 0xFF, 0x4C, 0x54, 0x6D, 0x4F, 0xFC, 0x91, 0x42, 0x00,  // 蜘
    0x60, 0x04, 0x00, 0x7F, 0xCA, 0x24, 0xA2, 0x4B, 0xE4, 0x22, 0x42, 0x24, 0x3A, 0xC6, 0xAC, 0xCA, 0x40, 0x00,  // 知
    0x02, 0x0F, 0x30, 0xD3, 0xCD, 0x30, 0xF2, 0x0D, 0xF8, 0xD4, 0x8F, 0x50, 0x93, 0x09, 0x30, 0xF5, 0xC3, 0x04,  // 肢
    0x00, 0x0F, 0xDC, 0x9F, 0x0D, 0xC4, 0xFF, 0xE9, 0x00, 0xFF, 0xCF, 0xCC, 0x9F, 0xC9, 0xCC, 0xFF, 0xC2, 0x4C,  // 脂
    0x02, 0x06, 0x20, 0x22, 0x0A, 0x20, 0xFF, 0xE6, 0x20, 0x42, 0x04, 0x20, 0xC2, 0x04, 0x20, 0xC2, 0x04, 0x20,  // 汁
    0x08, 0x00, 0xC0, 0x04, 0x8F, 0xF8, 0x03, 0x00, 0x60, 0x0C, 0x01, 0x80, 0x60, 0x0B, 0x00, 0x1F, 0xC0, 0x00,  // 之
    0x20, 0x06, 0x7C, 0x5C, 0xC9, 0xCC, 0xE4, 0xC6, 0x4C, 0x4F, 0xCE, 0x50, 0x06, 0x8F, 0xCC, 0x98, 0x61, 0x00,  // 织
    0x08, 0x0D, 0x7C, 0xD4, 0x4F, 0x44, 0xD4, 0x4D, 0x7C, 0xD4, 0x4D, 0xB8, 0xF2, 0xC9, 0x44, 0x1C, 0x61, 0x00,  // 职
    0x04, 0x00, 0xCC, 0xFF, 0xC2, 0xD0, 0x21, 0x03, 0xF0, 0x21, 0x03, 0xF0, 0x21, 0x03, 0xF0, 0x21, 0xC8, 0x00,  // 直
    0x42, 0x04, 0x24, 0x5F, 0xCF, 0x28, 0x4F, 0x8E, 0xC8, 0xFC, 0x8C, 0xF8, 0x48, 0x84, 0xF8, 0x4C, 0xE4, 0x00,  // 植
    0x02, 0x0F, 0x24, 0x4F, 0xC4, 0xA8, 0xFC, 0x8B, 0xF8, 0xEC, 0x86, 0xF8, 0x68, 0x84, 0xF8, 0x8C, 0xE2, 0x00,  // 殖
    0x46, 0x04, 0x60, 0x74, 0x0F, 0xF8, 0x44, 0x87, 0x48, 0xEC, 0x8C, 0x68, 0x4E, 0xA4, 0x8A, 0xF0, 0xE6, 0x02,  // 执
    0x22, 0x06, 0x64, 0x7F, 0xC4, 0xE8, 0xC8, 0x8C, 0xF8, 0x48, 0x84, 0xF8, 0x48, 0x84, 0xF8, 0x59, 0xE4, 0x00,  // 值
    0x20, 0x03, 0xFC, 0x46, 0x04, 0x58, 0xCC, 0xCC, 0xFC, 0x42, 0x04, 0x2C, 0x42, 0x04, 0x20, 0x7F, 0xE4, 0x00,  // 侄
    0x42, 0x04, 0x30, 0x43, 0x04, 0xB0, 0xFB, 0x44, 0xBC, 0x4B, 0x04, 0xB0, 0x5B, 0x0E, 0xB0, 0xBF, 0xE0, 0x00,  // 址
    0x64, 0x06, 0xCC, 0x7F, 0x4F, 0xC4, 0x6F, 0xC7, 0x00, 0xEF, 0xCE, 0xCC, 0x6F, 0xC6, 0xCC, 0xEF, 0xC4, 0xCC,  // 指
    0x04, 0x00, 0x40, 0x04, 0x02, 0x40, 0x24, 0x82, 0x78, 0x24, 0x02, 0x40, 0x24, 0x02, 0x40, 0xFF, 0xC0, 0x00,  // 止
    0x01, 0x0F, 0x10, 0x91, 0x09, 0x50, 0xF5, 0x4A, 0x5C, 0xF5, 0x0B, 0x50, 0xA5, 0x0B, 0xD0, 0xFF, 0xE0, 0x00,  // 趾
    0x00, 0x83, 0xF8, 0x21, 0x82, 0x18, 0x21, 0x83, 0xF8, 0x21, 0x81, 0x20, 0x31, 0x86, 0x0C, 0xC0, 0x40, 0x00,  // 只
    0x40, 0x04, 0x78, 0x7C, 0x04, 0x0C, 0x7F, 0xC0, 0x00, 0x7F, 0x86, 0x18, 0x7F, 0x86, 0x18, 0x7F, 0x86, 0x18,  // 旨
    0x00, 0x06, 0xFC, 0x4B, 0x0B, 0x90, 0xE9, 0x4E, 0xFC, 0x49, 0x0F, 0x90, 0x09, 0x0E, 0xBA, 0x8C, 0xE0, 0x86,  // 纸
    0x0C, 0x00, 0xC0, 0x0C, 0x48, 0xC0, 0x0C, 0x07, 0xF8, 0x08, 0x03, 0xC8, 0xF4, 0xCB, 0x16, 0xB1, 0x01, 0xF0,  // 志
    0x22, 0x0F, 0xF8, 0x3E, 0x8E, 0x68, 0xA6, 0xC7, 0x9C, 0x7F, 0x83, 0xF8, 0x0C, 0x4F, 0xFC, 0x1C, 0x00, 0x80,  // 挚
    0x42, 0x04, 0xFE, 0x4D, 0x4F, 0xF4, 0x49, 0x47, 0xF8, 0xDF, 0x4C, 0x96, 0x4D, 0x65, 0xFE, 0xD3, 0x46, 0x10,  // 掷
    0x00, 0x0F, 0xFC, 0x08, 0x01, 0x30, 0x31, 0x87, 0xC8, 0x0C, 0x07, 0xF8, 0x0C, 0x00, 0xC0, 0xFF, 0xE0, 0x00,  // 至
    0x03, 0x0F, 0xA0, 0x62, 0x45, 0x6C, 0xFE, 0x8E, 0xF8, 0x2B, 0x8F, 0xB0, 0x23, 0x03, 0xB8, 0xCC, 0xC1, 0x00,  // 致
    0x40, 0x85, 0xEC, 0x7F, 0x84, 0xCC, 0xFF, 0xC3, 0xF0, 0x21, 0x02, 0x10, 0x3F, 0x03, 0xF0, 0x21, 0xE0, 0x00,  // 置
    0x60, 0x04, 0x7C, 0xFC, 0x8F, 0x48, 0xD4, 0x8D, 0x48, 0xD4, 0x8D, 0x40, 0xF6, 0x84, 0xCC, 0x58, 0x44, 0x00,  // 帜
    0x42, 0x04, 0x20, 0x4F, 0xCD, 0x20, 0xD2, 0x4D, 0xFC, 0xD1, 0xCD, 0xFC, 0xF5, 0x8F, 0x58, 0x01, 0x80, 0x10,  // 峙
    0x10, 0x45, 0x04, 0xFD, 0x49, 0x14, 0xB7, 0x41, 0x14, 0xFD, 0x4D, 0x54, 0xD5, 0x4D, 0x44, 0xDD, 0xC1, 0x08,  // 制
    0x60, 0x07, 0xFC, 0xB2, 0x4F, 0xE4, 0x32, 0x46, 0xA4, 0xEB, 0x02, 0x10, 0x3F, 0x02, 0x10, 0x3F, 0x02, 0x10,  // 智
    0x03, 0x07, 0x70, 0x6F, 0x07, 0xFC, 0xFB, 0x06, 0x24, 0xFF, 0xCE, 0x30, 0x67, 0x86, 0x48, 0x68, 0xE7, 0x04,  // 秩
    0x05, 0x0F, 0x50, 0x6F, 0xC7, 0xD0, 0xFD, 0x47, 0xFC, 0x7D, 0x0F, 0xFC, 0xED, 0x06, 0xD4, 0x6F, 0xE6, 0xC0,  // 稚
    0x01, 0x87, 0xF8, 0x46, 0x47, 0xFE, 0x44, 0x05, 0xF8, 0x56, 0x85, 0x48, 0xD4, 0x89, 0xF8, 0x98, 0xC6, 0x04,  // 质
    0x08, 0x01, 0xF8, 0x39, 0x87, 0xE0, 0x1C, 0x03, 0xC8, 0xED, 0x82, 0xF0, 0x6A, 0x01, 0xB0, 0x31, 0xC8, 0x04,  // 炙
    0x04, 0x06, 0x64, 0x66, 0x0E, 0x68, 0xFF, 0x86, 0x64, 0xE1, 0x8F, 0xFC, 0x49, 0x84, 0xD8, 0x83, 0x80, 0x10,  // 痔
    0x0A, 0x8C, 0xA8, 0x7F, 0xEA, 0xA8, 0xBA, 0xC7, 0xFE, 0x7E, 0x8D, 0xE8, 0xDA, 0x8D, 0xB8, 0xDB, 0x80, 0x20,  // 滞
    0x03, 0x06, 0x30, 0x26, 0x09, 0xCC, 0xFF, 0xE6, 0x86, 0x28, 0xC4, 0x8C, 0xC8, 0xC4, 0x8C, 0x4F, 0xC4, 0x8C,  // 治
    0x08, 0x04, 0xC4, 0xDE, 0xCB, 0x38, 0x61, 0xC1, 0xA0, 0x33, 0x07, 0xD8, 0x0C, 0x87, 0xF8, 0x0C, 0x4F, 0xFC,  // 窒
    0x0C, 0x00, 0xC0, 0x0C, 0x0F, 0xFC, 0xCC, 0xCC, 0xCC, 0xFF, 0xCC, 0xC8, 0x0C, 0x00, 0xC0, 0x0C, 0x00, 0xC0,  // 中
    0x08, 0x04, 0xC8, 0x7F, 0x84, 0xC8, 0x7F, 0x84, 0xC8, 0x0C, 0x07, 0xF8, 0x52, 0x85, 0x28, 0x5E, 0xC8, 0x00,  // 盅
    0x04, 0x00, 0xC8, 0x7F, 0x84, 0xC8, 0x6D, 0x86, 0xD8, 0x0C, 0x02, 0x80, 0x7C, 0xCF, 0x54, 0xB3, 0x41, 0xF0,  // 忠
    0x61, 0x06, 0x10, 0x79, 0x0C, 0xFE, 0xFD, 0x44, 0xD4, 0x7F, 0x46, 0xD4, 0x41, 0x07, 0x10, 0x61, 0x04, 0x10,  // 钟
    0x08, 0x00, 0xC4, 0x8C, 0x87, 0xF8, 0x4C, 0x87, 0xF8, 0x4C, 0x81, 0xD8, 0x32, 0x0F, 0x30, 0x3D, 0xE3, 0x04,  // 衷
    0x24, 0x06, 0x48, 0x5F, 0x8B, 0xD8, 0xF3, 0x04, 0x30, 0xD5, 0xCF, 0xAC, 0x03, 0x0F, 0x00, 0x87, 0x00, 0x18,  // 终
    0x01, 0x0F, 0x10, 0x61, 0x47, 0xFE, 0xFD, 0x46, 0xD4, 0x7F, 0xCF, 0xD4, 0xE1, 0x06, 0x10, 0x61, 0x06, 0x10,  // 种
    0x01, 0x0F, 0x10, 0xD1, 0x4F, 0xFE, 0xFD, 0x4D, 0xD4, 0xFF, 0xCD, 0xD4, 0x91, 0x09, 0x10, 0xB1, 0x02, 0x10,  // 肿
    0x03, 0x07, 0xC0, 0xFF, 0xC0, 0xD0, 0x7F, 0x86, 0xD8, 0x6D, 0x87, 0xF8, 0x0C, 0x87, 0xF8, 0xFF, 0xC0, 0x00,  // 重
    0x22, 0x02, 0x20, 0x62, 0x45, 0xFC, 0x7A, 0x4F, 0xA4, 0x7F, 0xC7, 0xB4, 0x62, 0x06, 0x20, 0x62, 0x04, 0x20,  // 仲
    0x0C, 0x01, 0xC0, 0x16, 0x03, 0x3C, 0xE3, 0xC2, 0x30, 0x23, 0x03, 0x30, 0x7F, 0x04, 0xC8, 0x8C, 0xE3, 0x00,  // 众
    0x0C, 0x00, 0x80, 0x3F, 0x82, 0x90, 0x2D, 0x02, 0x54, 0xFF, 0xC2, 0x90, 0x2D, 0x06, 0x10, 0xC7, 0x08, 0x30,  // 舟
    0x00, 0x07, 0xFC, 0x44, 0xC5, 0xFC, 0x45, 0xC7, 0xFC, 0x5E, 0xC5, 0x2C, 0x5E, 0xCD, 0xAC, 0x81, 0x80, 0x08,  // 周
    0x20, 0x02, 0x6C, 0x24, 0xC2, 0x4C, 0xB7, 0xCF, 0xFC, 0xAD, 0xC2, 0x4C, 0x24, 0xC4, 0x4C, 0xC4, 0xC0, 0x0C,  // 州
    0x08, 0x04, 0xB4, 0x6B, 0x4A, 0xB4, 0xFF, 0x47, 0xFC, 0x7F, 0xC4, 0xB4, 0xCB, 0x4D, 0x34, 0xF3, 0x4E, 0x04,  // 洲
    0x06, 0x06, 0x48, 0x2F, 0x80, 0x90, 0x53, 0x4E, 0xFC, 0x40, 0x44, 0xFC, 0x50, 0x47, 0x04, 0x7F, 0xC4, 0x04,  // 诌
    0x08, 0x0E, 0x9C, 0x3E, 0x4B, 0xD4, 0xFD, 0xCB, 0xF0, 0xA9, 0x4F, 0xF4, 0x7E, 0x46, 0x84, 0xC9, 0xCC, 0x88,  // 粥
    0x41, 0x04, 0x10, 0xF9, 0x4C, 0xFC, 0xED, 0x4F, 0xD4, 0xFF, 0xC2, 0xF4, 0xED, 0x4A, 0xD4, 0x2F, 0xC2, 0x84,  // 轴
    0x00, 0x8F, 0x18, 0xD1, 0x8D, 0xFE, 0xD1, 0x8D, 0x58, 0xF7, 0x89, 0x38, 0x91, 0x89, 0x18, 0x33, 0x80, 0x10,  // 肘
    0x01, 0x03, 0xF8, 0x3F, 0x00, 0x10, 0x01, 0x0F, 0xFE, 0xCD, 0x87, 0xF8, 0x6D, 0x86, 0xD8, 0x6F, 0x00, 0x80,  // 帚
    0x00, 0x07, 0xBC, 0x5A, 0x85, 0xA8, 0x7B, 0x80, 0x20, 0x3E, 0x03, 0x20, 0x32, 0x02, 0x24, 0x63, 0xE8, 0x3C,  // 咒
    0x41, 0x04, 0x10, 0xF7, 0xEB, 0x54, 0xB5, 0x0F, 0xFC, 0x16, 0x8F, 0x78, 0x1D, 0x81, 0x98, 0x1A, 0xE1, 0x84,  // 皱
    0x08, 0x00, 0xC4, 0xFF, 0xC8, 0xC8, 0x8C, 0x07, 0xF8, 0x4C, 0x87, 0xF8, 0x4D, 0x84, 0xC8, 0x7F, 0x84, 0x08,  // 宙
    0x00, 0x83, 0xF8, 0x21, 0x86, 0x78, 0x62, 0x06, 0x3C, 0x61, 0xCB, 0xF0, 0x21, 0x03, 0xF0, 0x21, 0xC0, 0x00,  // 昼
    0x00, 0x0F, 0xAC, 0xEF, 0xCA, 0xEC, 0xAF, 0x6B, 0xB8, 0xF7, 0x43, 0xFC, 0xFF, 0x82, 0xFC, 0x7B, 0x60, 0x20,  // 骤
    0x02, 0x01, 0xE0, 0xFA, 0xC4, 0xFC, 0x52, 0x0F, 0x34, 0x47, 0x04, 0x78, 0x7B, 0x8D, 0xAC, 0xB2, 0x40, 0x20,  // 珠
    0x42, 0x04, 0xE0, 0x4E, 0x8F, 0xF8, 0x4A, 0x0F, 0xFC, 0xF7, 0x0C, 0x78, 0x4B, 0x85, 0xAC, 0x62, 0x44, 0x20,  // 株
    0x42, 0x04, 0x70, 0x4F, 0xCF, 0xF0, 0xFB, 0x0F, 0xFC, 0xF7, 0x0E, 0x78, 0x7F, 0x8F, 0xBC, 0x93, 0x40, 0x20,  // 蛛
    0x0C, 0x02, 0xC0, 0x6D, 0x86, 0xC0, 0x4C, 0x0F, 0xFC, 0x1E, 0x01, 0xF0, 0x2D, 0x84, 0xCE, 0x8C, 0x40, 0xC0,  // 朱
    0x02, 0x0B, 0x24, 0x6F, 0xC6, 0x28, 0xBF, 0xE6, 0x20, 0x6F, 0x8A, 0xC8, 0x3F, 0x82, 0xC8, 0xEF, 0x84, 0xC8,  // 猪
    0x06, 0x04, 0x64, 0x7F, 0xC0, 0x78, 0xFF, 0xE4, 0x60, 0x4F, 0xC5, 0x88, 0x7F, 0x86, 0x88, 0x6F, 0xC0, 0x88,  // 诸
    0x02, 0x04, 0xA0, 0x6A, 0x81, 0xF8, 0xD2, 0x07, 0xFC, 0x47, 0x04, 0xF0, 0x5A, 0x87, 0xAC, 0x72, 0x40, 0x20,  // 诛
    0x00, 0x0D, 0xFC, 0x46, 0x00, 0xCC, 0x17, 0x8E, 0xF0, 0x57, 0x84, 0xFC, 0x5B, 0x44, 0x60, 0xF7, 0xE9, 0xFC,  // 逐
    0x22, 0x06, 0x20, 0x46, 0x47, 0xFE, 0xA9, 0x8A, 0x98, 0x21, 0x82, 0x18, 0x21, 0x82, 0x18, 0x23, 0x82, 0x10,  // 竹
    0x63, 0x06, 0x30, 0x7B, 0x47, 0xFC, 0xEB, 0x4E, 0xB4, 0x4F, 0xC6, 0xB4, 0x73, 0x85, 0x34, 0x9F, 0xE0, 0x02,  // 烛
    0x08, 0x00, 0xA8, 0x2B, 0x0F, 0xFC, 0x0C, 0x03, 0xF8, 0x71, 0x0B, 0xF0, 0x3F, 0x01, 0x08, 0xDA, 0xC9, 0xA4,  // 煮
    0x40, 0x06, 0x20, 0x62, 0x4F, 0xFC, 0x62, 0x07, 0x20, 0xEB, 0xCE, 0x30, 0x62, 0x06, 0x20, 0xE3, 0x45, 0xFC,  // 拄
    0x00, 0x0F, 0xFC, 0xBF, 0xCB, 0xBC, 0xFF, 0x4B, 0xFC, 0xFF, 0xCB, 0xFC, 0xBF, 0xCF, 0xFC, 0xAC, 0xC0, 0x84,  // 瞩
    0x00, 0x0F, 0xFC, 0xBF, 0xCB, 0x1C, 0xBF, 0x8B, 0xFC, 0xBF, 0xCF, 0xFC, 0x9B, 0xC2, 0xFC, 0x28, 0xC4, 0x8C,  // 嘱
    0x08, 0x00, 0xC0, 0x04, 0xCF, 0xFC, 0x0C, 0x00, 0xC0, 0x0D, 0x80, 0xC0, 0x0C, 0x00, 0xC0, 0xFF, 0xE0, 0x00,  // 主
    0x12, 0x0F, 0xFE, 0x3B, 0x00, 0xA0, 0x7F, 0x80, 0xF4, 0xFF, 0xC3, 0xF8, 0x71, 0x0B, 0xF0, 0x3F, 0x03, 0x10,  // 著
    0x62, 0x06, 0x30, 0x62, 0x4F, 0xFC, 0x63, 0x07, 0x30, 0xFF, 0xCE, 0x30, 0x63, 0x06, 0x30, 0x63, 0x64, 0x00,  // 柱
    0x03, 0x0F, 0xB0, 0xDB, 0x0D, 0xFC, 0xFB, 0x4D, 0xA4, 0xDA, 0x4D, 0xA4, 0xDE, 0x4F, 0xCC, 0xC9, 0x81, 0x08,  // 助
    0x02, 0x06, 0x30, 0x71, 0x4F, 0xF0, 0xF1, 0x0F, 0x10, 0xFF, 0xCF, 0x30, 0x71, 0x0F, 0x90, 0x8F, 0xE0, 0x00,  // 蛀
    0x02, 0x0F, 0x30, 0x91, 0x4F, 0xFE, 0xF8, 0xCF, 0x00, 0xF0, 0x0D, 0x00, 0xD0, 0x06, 0x04, 0x9F, 0xC0, 0x00,  // 贮
    0x41, 0x04, 0x34, 0xFF, 0xC8, 0x2C, 0xF6, 0x44, 0xFC, 0xF4, 0x84, 0xFE, 0x54, 0x87, 0x68, 0x63, 0x80, 0x18,  // 铸
    0x62, 0x06, 0xA4, 0xFF, 0xCB, 0x58, 0x19, 0x0F, 0xF8, 0x2D, 0x82, 0xF8, 0x2F, 0x8F, 0x9A, 0x99, 0xE2, 0x0C,  // 筑
    0x26, 0x02, 0x20, 0x72, 0xC4, 0x20, 0xE2, 0x0C, 0x20, 0x5F, 0xC4, 0x20, 0x42, 0x04, 0x20, 0x66, 0xE4, 0x00,  // 住
    0x04, 0x06, 0x60, 0x32, 0x4B, 0xFC, 0xE2, 0x06, 0x20, 0x5F, 0xC4, 0x20, 0xC2, 0x04, 0x20, 0xC6, 0x64, 0x00,  // 注
    0x40, 0x06, 0xFC, 0x68, 0xCF, 0x8C, 0x68, 0xC6, 0xFC, 0xF7, 0x0D, 0x50, 0x45, 0x04, 0x52, 0x49, 0xE7, 0x0C,  // 祝
    0x02, 0x0F, 0x30, 0x7F, 0xCF, 0x30, 0xE3, 0x0B, 0x34, 0xFF, 0xC3, 0x30, 0xD3, 0x01, 0x30, 0x7F, 0xE2, 0x00,  // 驻
    0x40, 0x04, 0x3C, 0x7E, 0x8F, 0xA8, 0x4A, 0x87, 0xA8, 0xEA, 0x8C, 0xA8, 0x5A, 0xC5, 0x2C, 0xF2, 0x66, 0x20,  // 抓
    0x00, 0x00, 0xF8, 0x7E, 0x06, 0xA0, 0x69, 0x06, 0x90, 0x69, 0x04, 0x90, 0x49, 0x84, 0x8C, 0x88, 0xE0, 0x80,  // 爪
    0x42, 0x04, 0x20, 0x6F, 0xCF, 0xAC, 0x4F, 0xC7, 0xAC, 0xEF, 0xCC, 0xBC, 0x41, 0x84, 0x32, 0xCC, 0xEC, 0x06,  // 拽
    0x0C, 0x00, 0x80, 0x7F, 0x81, 0x80, 0x18, 0x4F, 0xFC, 0x31, 0x03, 0xF8, 0x02, 0x03, 0xC0, 0x0E, 0x00, 0x20,  // 专
    0x03, 0x0F, 0x30, 0x6F, 0xC4, 0x20, 0x42, 0x4F, 0xFE, 0xF6, 0x0F, 0x7C, 0xF0, 0x8F, 0x70, 0xF3, 0x80, 0x18,  // 砖
    0x21, 0x06, 0x30, 0xFF, 0xC4, 0x20, 0xE2, 0x4F, 0xFC, 0xA6, 0x03, 0xFC, 0xE1, 0x82, 0x70, 0x21, 0x82, 0x08,  // 转
    0x40, 0x05, 0xFC, 0x7F, 0x4F, 0xFC, 0x5F, 0xE6, 0x58, 0xDD, 0xCC, 0xD0, 0x7F, 0xE4, 0xD0, 0xD8, 0xCE, 0x04,  // 撰
    0x00, 0x0F, 0x54, 0xBF, 0xCE, 0x58, 0xFF, 0xCF, 0xFE, 0xE5, 0xCF, 0xFC, 0xED, 0x86, 0xDC, 0x95, 0x60, 0x50,  // 赚
    0x22, 0x07, 0xFC, 0x55, 0x0B, 0xF0, 0x33, 0x03, 0xFC, 0x39, 0x07, 0xF0, 0x3F, 0x07, 0x5C, 0xFC, 0xC0, 0xC0,  // 篆
    0x42, 0x04, 0x30, 0x4F, 0xCF, 0x90, 0x49, 0x0E, 0x90, 0xFF, 0xCC, 0x90, 0x49, 0x04, 0x90, 0x71, 0x46, 0x00,  // 桩
    0x0C, 0x00, 0x44, 0x7F, 0xC4, 0x60, 0x44, 0x04, 0x48, 0x7F, 0x84, 0x40, 0x44, 0x08, 0x40, 0xFF, 0xC0, 0x00,  // 庄
    0x32, 0x0B, 0x20, 0x7F, 0xC3, 0x20, 0xF2, 0x8B, 0xF8, 0x2C, 0xCF, 0xFC, 0x37, 0x8F, 0x30, 0x39, 0xC3, 0x00,  // 装
    0x22, 0x02, 0x60, 0x26, 0x0A, 0x44, 0xFF, 0xE2, 0x58, 0x2D, 0x8E, 0x90, 0xA7, 0x02, 0x38, 0x24, 0xC3, 0x84,  // 妆
    0x42, 0x04, 0xFC, 0x45, 0x8F, 0x54, 0x5F, 0xC6, 0xFC, 0xCF, 0xCC, 0xAC, 0x4F, 0xC4, 0xFC, 0xC2, 0x4D, 0xFC,  // 撞
    0x23, 0x02, 0x20, 0xA2, 0x0E, 0x24, 0xFF, 0xE2, 0x20, 0x62, 0x0E, 0x20, 0xA2, 0x02, 0x24, 0x2F, 0xC2, 0x00,  // 壮
    0x22, 0x02, 0x38, 0x22, 0x8A, 0x2C, 0xFF, 0xC2, 0x70, 0x27, 0x0E, 0x50, 0xA5, 0x8A, 0xC8, 0x28, 0xE3, 0x04,  // 状
    0x44, 0x06, 0x50, 0x6D, 0x4F, 0xF0, 0x79, 0x4F, 0xFC, 0xF9, 0x0E, 0xFC, 0x69, 0x06, 0x94, 0x6F, 0xE4, 0x80,  // 椎
    0x47, 0x04, 0x50, 0xFF, 0xE8, 0xD0, 0xFD, 0x44, 0xFC, 0x7D, 0x04, 0xFC, 0x5D, 0x06, 0xD4, 0x4F, 0xE0, 0x00,  // 锥
    0x02, 0x04, 0x60, 0x6F, 0x80, 0x88, 0x0F, 0x8E, 0x88, 0x4F, 0x84, 0x88, 0x48, 0x87, 0x88, 0xFF, 0xE0, 0xFC,  // 追
    0x20, 0x0F, 0xA4, 0xFF, 0xCF, 0xF8, 0x79, 0x05, 0xFC, 0xBD, 0xC3, 0xF8, 0x29, 0x06, 0xD0, 0x33, 0x8C, 0x08,  // 赘
    0x92, 0x0F, 0x20, 0xA3, 0x0B, 0x70, 0xD5, 0x8F, 0xCC, 0x98, 0xEA, 0xC0, 0x4D, 0x80, 0xC0, 0x0C, 0x40, 0x00,  // 坠
    0x40, 0x05, 0xFC, 0xCD, 0x8B, 0xD8, 0xFD, 0x45, 0x64, 0xDF, 0xCF, 0xD8, 0x0D, 0x8F, 0xD8, 0xB3, 0xE0, 0x40,  // 缀
    0x06, 0x04, 0x24, 0x5F, 0xC0, 0xF8, 0xC8, 0x84, 0xF8, 0x4F, 0xC4, 0x30, 0x7F, 0xE6, 0x20, 0x42, 0x00, 0x60,  // 谆
    0x0E, 0x08, 0xB0, 0xFF, 0xC7, 0xB0, 0x7B, 0x47, 0xFC, 0xDB, 0x0D, 0xFC, 0xDB, 0x0D, 0xB4, 0x9F, 0xC1, 0x00,  // 准
    0x60, 0x06, 0xFC, 0x7C, 0x8F, 0xC8, 0x6F, 0xC7, 0xA0, 0xEA, 0x0E, 0xBC, 0x6A, 0x07, 0xE0, 0xF7, 0xE6, 0x1C,  // 捉
    0x63, 0x06, 0x30, 0x6B, 0x4F, 0xB4, 0x6B, 0x47, 0xFC, 0xE3, 0x4E, 0xB4, 0x6B, 0x46, 0xB4, 0xFF, 0xC4, 0x04,  // 拙
    0x0C, 0x00, 0xFC, 0x0C, 0x03, 0xF8, 0x21, 0x83, 0xF8, 0x21, 0x83, 0xF8, 0x0C, 0x48, 0xC0, 0x0C, 0x00, 0xC0,  // 卓
    0x08, 0x00, 0xFC, 0x0C, 0x07, 0xF8, 0x7F, 0x86, 0x18, 0x7F, 0x82, 0xC4, 0xBE, 0x03, 0xF0, 0x6D, 0xE8, 0xC4,  // 桌
    0x00, 0x4F, 0xFC, 0x44, 0x44, 0xCC, 0x77, 0x8F, 0xF8, 0x4F, 0x85, 0x78, 0xEF, 0xC9, 0x36, 0x26, 0x00, 0x20,  // 琢
    0x22, 0x03, 0x34, 0x3B, 0x02, 0xF0, 0x6C, 0x84, 0xC8, 0x7F, 0x84, 0xC8, 0x4C, 0x84, 0xC8, 0xFF, 0x80, 0x08,  // 茁
    0x01, 0x0F, 0xF0, 0x73, 0xCF, 0xA4, 0xFA, 0x4D, 0xE4, 0xDD, 0x48, 0x94, 0xF8, 0x48, 0x84, 0xF9, 0xC8, 0x88,  // 酌
    0x00, 0x4F, 0xFC, 0xE6, 0x0A, 0xCC, 0xB7, 0x8B, 0xF0, 0xBF, 0x8E, 0xF8, 0xAB, 0xC1, 0x36, 0x26, 0x00, 0x60,  // 啄
    0x12, 0x01, 0x2C, 0xFF, 0xC7, 0xF8, 0x18, 0x4F, 0xFC, 0x3F, 0x87, 0x10, 0xF1, 0x03, 0xF0, 0x3F, 0x02, 0x10,  // 着
    0x22, 0x02, 0x60, 0x2F, 0xC3, 0xC4, 0xAC, 0x4A, 0xA4, 0xF3, 0x46, 0x34, 0x70, 0x45, 0x8C, 0x83, 0xC0, 0x08,  // 灼
    0x02, 0x06, 0x20, 0x72, 0x03, 0xFC, 0xFA, 0xC7, 0xAC, 0x5A, 0xC5, 0xA8, 0xC2, 0x8C, 0x24, 0xDF, 0xC5, 0x04,  // 浊
    0x23, 0x01, 0x20, 0x16, 0x62, 0x30, 0x22, 0x05, 0xE8, 0xF5, 0x8E, 0x70, 0x23, 0x05, 0x28, 0xFF, 0xC0, 0x40,  // 兹
    0x0C, 0x0D, 0xCC, 0x7E, 0xC7, 0x60, 0xE6, 0x08, 0x98, 0xB1, 0xC7, 0xF0, 0x61, 0x06, 0x10, 0x7F, 0x06, 0x10,  // 咨
    0x00, 0x0C, 0xC8, 0x3E, 0xC7, 0x60, 0xCD, 0x8F, 0x9C, 0xFF, 0x06, 0xD0, 0x69, 0x07, 0x90, 0x33, 0x8C, 0x08,  // 资
    0x04, 0x05, 0xC8, 0x3E, 0xC7, 0x60, 0x4F, 0x05, 0x9C, 0x78, 0xCF, 0xFC, 0x32, 0x03, 0xE0, 0x1F, 0x0E, 0x18,  // 姿
    0x09, 0x84, 0xD0, 0x6F, 0x6A, 0x98, 0xED, 0x45, 0x74, 0x5F, 0xCD, 0xB8, 0xC9, 0x8D, 0x54, 0xFF, 0xE0, 0x00,  // 滋
    0x0A, 0x04, 0xAC, 0x74, 0x8B, 0x68, 0xEA, 0xC4, 0x84, 0x5F, 0xCD, 0x2C, 0xDF, 0xCD, 0x2C, 0xDF, 0xC5, 0x04,  // 淄
    0x02, 0x0F, 0xE0, 0x1E, 0x42, 0x7C, 0x24, 0x83, 0xD8, 0xEB, 0x8A, 0x30, 0x23, 0x02, 0x38, 0xEC, 0xE7, 0x04,  // 孜
    0x12, 0x05, 0x2C, 0x5F, 0x85, 0x24, 0xFF, 0xED, 0x90, 0x3F, 0x03, 0xD0, 0x7F, 0x83, 0x70, 0x6C, 0x88, 0xC0,  // 紫
    0x20, 0x03, 0xFC, 0x61, 0x84, 0x30, 0xC3, 0x0C, 0x34, 0x7F, 0xC4, 0x20, 0x42, 0x04, 0x20, 0x4E, 0x04, 0x60,  // 仔
    0x20, 0x03, 0xFC, 0xF0, 0x8F, 0x10, 0xF9, 0x06, 0x34, 0x7B, 0x0F, 0x10, 0xA1, 0x02, 0x10, 0x67, 0x06, 0x20,  // 籽
    0x02, 0x05, 0x24, 0x76, 0xEB, 0x20, 0xFF, 0xC4, 0xD8, 0x4D, 0x65, 0x64, 0xC2, 0xC5, 0x60, 0xC2, 0x04, 0x20,  // 滓
    0x00, 0x07, 0xF8, 0x03, 0x00, 0xC0, 0x0C, 0x00, 0xCE, 0x0C, 0x00, 0xC0, 0x0C, 0x00, 0xC0, 0x1C, 0x00, 0x80,  // 子
    0x08, 0x00, 0x80, 0x7F, 0x86, 0x18, 0x61, 0x87, 0xF8, 0x61, 0x87, 0xF8, 0x61, 0x86, 0x18, 0x7F, 0x86, 0x10,  // 自
    0x02, 0x05, 0xFC, 0x72, 0x8A, 0xFC, 0xBF, 0xC6, 0x88, 0x4F, 0xC4, 0xA8, 0xCA, 0x8C, 0xE8, 0xC4, 0xC7, 0x84,  // 渍
    0x08, 0x00, 0xC4, 0xFF, 0xC8, 0x08, 0x7F, 0x00, 0x20, 0x0C, 0x4F, 0xFC, 0x0C, 0x00, 0xC0, 0x1C, 0x00, 0x80,  // 字
    0x00, 0x87, 0xF8, 0x7C, 0xC7, 0xF0, 0x79, 0xCF, 0xE0, 0x7F, 0xCF, 0xFC, 0xA0, 0xC3, 0xF0, 0x6D, 0xC8, 0xC4,  // 鬃
    0x42, 0x04, 0x34, 0x4F, 0xEF, 0x88, 0x4F, 0x8E, 0x00, 0xFF, 0xCC, 0xB0, 0x4F, 0x85, 0xB4, 0x77, 0x44, 0x20,  // 棕
    0x02, 0x0F, 0x34, 0x9C, 0x69, 0x80, 0xF7, 0xCA, 0x00, 0xFF, 0xEE, 0x10, 0xEF, 0xCF, 0xD4, 0xDF, 0x40, 0x30,  // 踪
    0x08, 0x04, 0xC4, 0x7F, 0xCC, 0x08, 0x3F, 0x00, 0x00, 0xFF, 0xC3, 0x40, 0x35, 0x86, 0x4C, 0xDC, 0x40, 0xC0,  // 宗
    0x42, 0x04, 0xA4, 0xCF, 0xEB, 0x88, 0xEF, 0x84, 0x00, 0xDF, 0xCE, 0x30, 0x0F, 0xCF, 0xB4, 0x97, 0x40, 0x20,  // 综
    0x21, 0x03, 0x30, 0x16, 0x07, 0xF8, 0x61, 0x86, 0x18, 0x7F, 0x82, 0x88, 0xB5, 0xCB, 0x54, 0xBF, 0x01, 0xE0,  // 总
    0x01, 0x86, 0xD8, 0x4D, 0x8B, 0x98, 0xE9, 0x86, 0x98, 0xCD, 0x8E, 0xF8, 0x0E, 0x8F, 0x2C, 0xB4, 0x62, 0x80,  // 纵
    0x20, 0x06, 0xBC, 0x5A, 0xCD, 0x28, 0xFE, 0x80, 0xA8, 0x0A, 0xCF, 0xA4, 0x0A, 0x40, 0xAC, 0x0A, 0x00, 0xA0,  // 邹
    0x0C, 0x00, 0xC8, 0x7F, 0x80, 0xC0, 0xFF, 0xC0, 0xC0, 0x2C, 0x06, 0xF8, 0x6C, 0x05, 0xC0, 0x8F, 0xE0, 0x0C,  // 走
    0x0C, 0x00, 0xC8, 0x09, 0x87, 0xF8, 0x18, 0x4B, 0x30, 0x33, 0x05, 0xDC, 0xFF, 0xC1, 0xC0, 0x33, 0x04, 0x08,  // 奏
    0x42, 0x04, 0x24, 0x5F, 0xCF, 0xF8, 0x54, 0x47, 0xFC, 0xC9, 0x85, 0xFE, 0x76, 0xC4, 0x70, 0xCD, 0x8D, 0x8C,  // 揍
    0x10, 0x0F, 0x78, 0x64, 0x87, 0x48, 0xFF, 0x86, 0x48, 0xF4, 0x8F, 0x78, 0x64, 0x86, 0x48, 0x6C, 0xC7, 0x00,  // 租
    0x01, 0x02, 0x18, 0x21, 0x02, 0x10, 0x7F, 0x02, 0xD0, 0x2C, 0x86, 0xF8, 0x6C, 0x07, 0xC0, 0x9F, 0xC0, 0x00,  // 足
    0x08, 0x00, 0xC8, 0x7F, 0x83, 0x30, 0x33, 0x05, 0xD8, 0x4C, 0x88, 0xC4, 0xFF, 0xC0, 0xC0, 0x0C, 0x00, 0xC0,  // 卒
    0x42, 0x02, 0x64, 0xFF, 0xC4, 0xE0, 0x56, 0xC7, 0x7C, 0x5B, 0x45, 0xFE, 0xD3, 0x8B, 0x28, 0xA4, 0xE1, 0x84,  // 族
    0x40, 0x06, 0xFC, 0x2C, 0x8F, 0xC8, 0x2F, 0x86, 0xC8, 0xFC, 0x84, 0xF8, 0x4C, 0x84, 0xC8, 0x6C, 0xE6, 0x00,  // 祖
    0x00, 0x86, 0xFC, 0x68, 0x80, 0x88, 0xEF, 0x84, 0x88, 0x48, 0x84, 0xF8, 0x78, 0x86, 0x88, 0x6C, 0xE0, 0x00,  // 诅
    0x00, 0x8F, 0xF8, 0xAC, 0x8A, 0xC8, 0xEF, 0x8A, 0xC8, 0xBC, 0x8B, 0xF8, 0xAC, 0x88, 0xC8, 0x8C, 0xE8, 0x00,  // 阻
    0x20, 0x06, 0xF8, 0x5C, 0x89, 0xC8, 0xEF, 0x86, 0xC8, 0x4C, 0x8F, 0xF8, 0x0C, 0x87, 0xC8, 0xCC, 0xE1, 0x00,  // 组
    0x42, 0x05, 0x30, 0x7B, 0x08, 0x3E, 0xF3, 0x04, 0x30, 0x7F, 0xC6, 0xCC, 0x4C, 0xC7, 0xCC, 0x6F, 0xC4, 0xC4,  // 钻
    0x42, 0x07, 0xFC, 0xBF, 0x83, 0xF0, 0x3F, 0x03, 0xF0, 0xFF, 0xC7, 0xFC, 0xFE, 0xC3, 0xF0, 0x7F, 0x88, 0xC8,  // 纂
    0x05, 0x0B, 0xD4, 0xFF, 0xCB, 0xD6, 0xBD, 0xCA, 0xF8, 0xBF, 0xCF, 0xFC, 0xAF, 0xC0, 0xAC, 0x13, 0xC2, 0x08,  // 嘴
    0x03, 0x0F, 0x94, 0x67, 0xCF, 0xE8, 0xFF, 0xCF, 0xF4, 0xF9, 0x09, 0xB4, 0xFB, 0x09, 0x90, 0xF9, 0x08, 0x10,  // 醉
    0x01, 0x06, 0x18, 0x7F, 0x07, 0xF8, 0x61, 0x4F, 0xFC, 0x7F, 0x87, 0xA8, 0x4B, 0x0F, 0xF8, 0x8E, 0xE0, 0x80,  // 最
    0x00, 0x07, 0xFC, 0x52, 0xC7, 0xFC, 0x1E, 0x0F, 0x7C, 0x16, 0x07, 0x7C, 0x16, 0x0F, 0x7C, 0x16, 0x01, 0x60,  // 罪
    0x13, 0x01, 0x24, 0xFF, 0xC7, 0xF8, 0x57, 0x87, 0x38, 0x7F, 0x87, 0xF8, 0xFF, 0xE1, 0x10, 0x17, 0x00, 0x20,  // 尊
    0x09, 0x04, 0x74, 0x7F, 0xC1, 0xFC, 0x1F, 0x8F, 0xF8, 0x5F, 0xC7, 0x9C, 0x7F, 0xC6, 0x70, 0xFF, 0xE0, 0xFC,  // 遵
    0x06, 0x0F, 0x60, 0xF7, 0xEB, 0xE0, 0xBA, 0x0F, 0x3C, 0xB2, 0x0B, 0x24, 0xF3, 0xEB, 0x20, 0x02, 0x00, 0x20,  // 昨
    0x08, 0x00, 0x80, 0xFF, 0xC1, 0x80, 0x10, 0x03, 0x08, 0x3F, 0xC6, 0x60, 0x46, 0x08, 0x60, 0xFF, 0xE0, 0x00,  // 左
    0x24, 0x06, 0x40, 0x44, 0x47, 0xFC, 0xCC, 0x0C, 0x80, 0x4F, 0xC5, 0x30, 0x53, 0x06, 0x30, 0x63, 0xE4, 0x00,  // 佐
    0x66, 0x04, 0x40, 0x7F, 0xEF, 0xE0, 0x6A, 0x0F, 0x3C, 0xF2, 0x0C, 0x24, 0x43, 0xC4, 0x20, 0x42, 0x04, 0x20,  // 柞
    0x41, 0x06, 0x90, 0x49, 0x07, 0xFE, 0xCA, 0xCC, 0xA8, 0x7D, 0x87, 0x58, 0x75, 0x87, 0xD8, 0x76, 0xE4, 0x84,  // 做
    0x24, 0x02, 0x40, 0x6C, 0x44, 0xE0, 0xF6, 0x0F, 0x7C, 0x66, 0x06, 0x60, 0x67, 0xC6, 0x60, 0x66, 0x04, 0x60,  // 作
    0x00, 0x02, 0xD8, 0x6D, 0x86, 0xD0, 0x6F, 0x8B, 0xEC, 0x9E, 0x40, 0xC8, 0x7F, 0x80, 0xC0, 0x0C, 0x40, 0x00,  // 坐
    0x04, 0x04, 0x44, 0x7F, 0xC5, 0x68, 0x55, 0x85, 0x58, 0x6F, 0xC6, 0xE4, 0x5F, 0x88, 0x40, 0x86, 0x47, 0xFC,  // 座
};

#define FONT_WIDTH 12
#define FONT_HEIGHT 12
#define FONT_CHAR_COUNT 3755
#endif
