#include "OLEDDisplayFontsCN.h"

const uint8_t ArialMT_Plain_12_EN[] PROGMEM = {
    0x0C, 0x0C, 0x00, 0x20, 0x00, 0x5F,  // Width, Height, First Char high, low, Num Chars high, low
    // Jump Table:
    0xFF, 0xFF, 0x00, 0x08,  // 0x0020 " "
    0x00, 0x00, 0x09, 0x09,  // 0x0021 "!"
    0x00, 0x12, 0x0A, 0x0B,  // 0x0022 """
    0x00, 0x26, 0x12, 0x13,  // 0x0023 "#"
    0x00, 0x4A, 0x0E, 0x0F,  // 0x0024 "$"
    0x00, 0x66, 0x15, 0x16,  // 0x0025 "%"
    0x00, 0x90, 0x11, 0x12,  // 0x0026 "&"
    0x00, 0xB2, 0x06, 0x07,  // 0x0027 "'"
    0x00, 0xBE, 0x08, 0x09,  // 0x0028 "("
    0x00, 0xCE, 0x08, 0x09,  // 0x0029 ")"
    0x00, 0xDE, 0x0B, 0x0C,  // 0x002A "*"
    0x00, 0xF4, 0x12, 0x13,  // 0x002B "+"
    0x01, 0x18, 0x07, 0x07,  // 0x002C ","
    0x01, 0x26, 0x08, 0x09,  // 0x002D "-"
    0x01, 0x36, 0x07, 0x07,  // 0x002E "."
    0x01, 0x44, 0x07, 0x08,  // 0x002F "/"
    0x01, 0x52, 0x0E, 0x0F,  // 0x0030 "0"
    0x01, 0x6E, 0x0E, 0x0F,  // 0x0031 "1"
    0x01, 0x8A, 0x0E, 0x0F,  // 0x0032 "2"
    0x01, 0xA6, 0x0E, 0x0F,  // 0x0033 "3"
    0x01, 0xC2, 0x0E, 0x0F,  // 0x0034 "4"
    0x01, 0xDE, 0x0E, 0x0F,  // 0x0035 "5"
    0x01, 0xFA, 0x0E, 0x0F,  // 0x0036 "6"
    0x02, 0x16, 0x0E, 0x0F,  // 0x0037 "7"
    0x02, 0x32, 0x0E, 0x0F,  // 0x0038 "8"
    0x02, 0x4E, 0x0E, 0x0F,  // 0x0039 "9"
    0x02, 0x6A, 0x07, 0x08,  // 0x003A ":"
    0x02, 0x78, 0x07, 0x08,  // 0x003B ";"
    0x02, 0x86, 0x12, 0x13,  // 0x003C "<"
    0x02, 0xAA, 0x12, 0x13,  // 0x003D "="
    0x02, 0xCE, 0x12, 0x13,  // 0x003E ">"
    0x02, 0xF2, 0x0B, 0x0C,  // 0x003F "?"
    0x03, 0x08, 0x16, 0x17,  // 0x0040 "@"
    0x03, 0x34, 0x0F, 0x10,  // 0x0041 "A"
    0x03, 0x52, 0x0F, 0x10,  // 0x0042 "B"
    0x03, 0x70, 0x0F, 0x10,  // 0x0043 "C"
    0x03, 0x8E, 0x11, 0x12,  // 0x0044 "D"
    0x03, 0xB0, 0x0E, 0x0E,  // 0x0045 "E"
    0x03, 0xCC, 0x0C, 0x0D,  // 0x0046 "F"
    0x03, 0xE4, 0x11, 0x12,  // 0x0047 "G"
    0x04, 0x06, 0x10, 0x11,  // 0x0048 "H"
    0x04, 0x26, 0x06, 0x07,  // 0x0049 "I"
    0x04, 0x32, 0x06, 0x07,  // 0x004A "J"
    0x04, 0x3E, 0x0E, 0x0F,  // 0x004B "K"
    0x04, 0x5A, 0x0C, 0x0D,  // 0x004C "L"
    0x04, 0x72, 0x13, 0x14,  // 0x004D "M"
    0x04, 0x98, 0x10, 0x11,  // 0x004E "N"
    0x04, 0xB8, 0x11, 0x12,  // 0x004F "O"
    0x04, 0xDA, 0x0D, 0x0E,  // 0x0050 "P"
    0x04, 0xF4, 0x11, 0x12,  // 0x0051 "Q"
    0x05, 0x16, 0x0F, 0x10,  // 0x0052 "R"
    0x05, 0x34, 0x0E, 0x0F,  // 0x0053 "S"
    0x05, 0x50, 0x0D, 0x0E,  // 0x0054 "T"
    0x05, 0x6A, 0x10, 0x11,  // 0x0055 "U"
    0x05, 0x8A, 0x0F, 0x10,  // 0x0056 "V"
    0x05, 0xA8, 0x16, 0x16,  // 0x0057 "W"
    0x05, 0xD4, 0x0F, 0x10,  // 0x0058 "X"
    0x05, 0xF2, 0x0D, 0x0E,  // 0x0059 "Y"
    0x06, 0x0C, 0x0F, 0x10,  // 0x005A "Z"
    0x06, 0x2A, 0x08, 0x09,  // 0x005B "["
    0x06, 0x3A, 0x07, 0x08,  // 0x005C "\"
    0x06, 0x48, 0x08, 0x09,  // 0x005D "]"
    0x06, 0x58, 0x12, 0x13,  // 0x005E "^"
    0x06, 0x7C, 0x0B, 0x0B,  // 0x005F "_"
    0x06, 0x92, 0x0B, 0x0C,  // 0x0060 "`"
    0x06, 0xA8, 0x0D, 0x0E,  // 0x0061 "a"
    0x06, 0xC2, 0x0E, 0x0F,  // 0x0062 "b"
    0x06, 0xDE, 0x0C, 0x0D,  // 0x0063 "c"
    0x06, 0xF6, 0x0E, 0x0F,  // 0x0064 "d"
    0x07, 0x12, 0x0D, 0x0E,  // 0x0065 "e"
    0x07, 0x2C, 0x07, 0x08,  // 0x0066 "f"
    0x07, 0x3A, 0x0E, 0x0F,  // 0x0067 "g"
    0x07, 0x56, 0x0E, 0x0F,  // 0x0068 "h"
    0x07, 0x72, 0x06, 0x07,  // 0x0069 "i"
    0x07, 0x7E, 0x06, 0x07,  // 0x006A "j"
    0x07, 0x8A, 0x0C, 0x0D,  // 0x006B "k"
    0x07, 0xA2, 0x06, 0x07,  // 0x006C "l"
    0x07, 0xAE, 0x15, 0x16,  // 0x006D "m"
    0x07, 0xD8, 0x0E, 0x0F,  // 0x006E "n"
    0x07, 0xF4, 0x0D, 0x0E,  // 0x006F "o"
    0x08, 0x0E, 0x0E, 0x0F,  // 0x0070 "p"
    0x08, 0x2A, 0x0E, 0x0F,  // 0x0071 "q"
    0x08, 0x46, 0x09, 0x0A,  // 0x0072 "r"
    0x08, 0x58, 0x0B, 0x0C,  // 0x0073 "s"
    0x08, 0x6E, 0x08, 0x09,  // 0x0074 "t"
    0x08, 0x7E, 0x0E, 0x0F,  // 0x0075 "u"
    0x08, 0x9A, 0x0D, 0x0E,  // 0x0076 "v"
    0x08, 0xB4, 0x12, 0x13,  // 0x0077 "w"
    0x08, 0xD8, 0x0D, 0x0E,  // 0x0078 "x"
    0x08, 0xF2, 0x0D, 0x0E,  // 0x0079 "y"
    0x09, 0x0C, 0x0B, 0x0C,  // 0x007A "z"
    0x09, 0x22, 0x0E, 0x0F,  // 0x007B "{"
    0x09, 0x3E, 0x07, 0x08,  // 0x007C "|"
    0x09, 0x4C, 0x0E, 0x0F,  // 0x007D "}"
    0x09, 0x68, 0x12, 0x13,  // 0x007E "~"
    // Bitmap Data:
    0x00, 0x00, 0x00, 0x00, 0x00, 0x00, 0xE7, 0x00, 0xE7, 0x00, 0xE7, 0x00, 0x00, 0x00, 0x00, 0x00,
    0x00, 0x00, 0x00, 0x00, 0x00, 0x00, 0x00, 0x00, 0x00, 0x00, 0x00, 0x00, 0x00, 0x00, 0x00, 0x00,
    0x00, 0x00, 0x00, 0x00, 0x00, 0x00, 0x00, 0x00, 0x00, 0x00, 0x04, 0x00, 0x0C, 0x00, 0x0C, 0x00,
    0xEC, 0x00, 0xFE, 0x00, 0x3F, 0x00, 0x0F, 0x00, 0x0C, 0x00, 0xEC, 0x00, 0xFE, 0x00, 0x3F, 0x00,
    0x0F, 0x00, 0x0C, 0x00, 0x0C, 0x00, 0x0C, 0x00, 0x00, 0x00, 0x00, 0x00, 0x00, 0x00, 0x00, 0x00,
    0xE0, 0x00, 0xC1, 0x00, 0xC3, 0x00, 0xC3, 0x00, 0xFF, 0x07, 0xFF, 0x07, 0xC3, 0x00, 0xE7, 0x00,
    0xFE, 0x00, 0x7E, 0x00, 0x18, 0x00, 0x00, 0x00, 0x00, 0x00, 0x00, 0x00, 0x01, 0x00, 0x01, 0x00,
    0xC1, 0x00, 0xE1, 0x00, 0x78, 0x00, 0x1E, 0x00, 0x0F, 0x00, 0x03, 0x00, 0x00, 0x00, 0x3C, 0x00,
    0x7E, 0x00, 0xE7, 0x00, 0xC3, 0x00, 0xC3, 0x00, 0xE3, 0x00, 0xFF, 0x00, 0x7E, 0x00, 0x00, 0x00,
    0x00, 0x00, 0x1E, 0x00, 0x3F, 0x00, 0x7F, 0x00, 0xE1, 0x00, 0xC0, 0x00, 0xC1, 0x00, 0xC3, 0x00,
    0xC7, 0x00, 0xCE, 0x00, 0xFC, 0x00, 0x78, 0x00, 0x78, 0x00, 0xFF, 0x00, 0xCF, 0x00, 0x83, 0x00,
    0x00, 0x00, 0x00, 0x00, 0x00, 0x00, 0x00, 0x00, 0x00, 0x00, 0x00, 0x00, 0x00, 0x00, 0x00, 0x00,
    0x00, 0x00, 0x00, 0x00, 0x3F, 0x00, 0xFF, 0x01, 0xF0, 0x03, 0x00, 0x07, 0x00, 0x04, 0x00, 0x00,
    0x00, 0x00, 0x00, 0x00, 0x00, 0x06, 0x80, 0x07, 0xFF, 0x03, 0xFF, 0x00, 0x1F, 0x00, 0x00, 0x00,
    0x00, 0x00, 0x00, 0x00, 0x00, 0x00, 0x00, 0x00, 0x00, 0x00, 0x03, 0x00, 0x03, 0x00, 0x00, 0x00,
    0x00, 0x00, 0x00, 0x00, 0x00, 0x00, 0x00, 0x00, 0x03, 0x00, 0x03, 0x00, 0x03, 0x00, 0x03, 0x00,
    0x03, 0x00, 0x03, 0x00, 0xFF, 0x00, 0xFF, 0x00, 0xFF, 0x00, 0x03, 0x00, 0x03, 0x00, 0x03, 0x00,
    0x03, 0x00, 0x03, 0x00, 0x02, 0x00, 0x00, 0x00, 0x00, 0x00, 0x00, 0x00, 0x00, 0x00, 0xE0, 0x03,
    0xE0, 0x03, 0xE0, 0x00, 0x00, 0x00, 0x00, 0x00, 0x06, 0x00, 0x06, 0x00, 0x06, 0x00, 0x06, 0x00,
    0x06, 0x00, 0x06, 0x00, 0x00, 0x00, 0x00, 0x00, 0x00, 0x00, 0xE0, 0x00, 0xE0, 0x00, 0xE0, 0x00,
    0x00, 0x00, 0x00, 0x00, 0x00, 0x07, 0xE0, 0x07, 0xFC, 0x01, 0x3F, 0x00, 0x07, 0x00, 0x00, 0x00,
    0x00, 0x00, 0x00, 0x00, 0x00, 0x00, 0x07, 0x00, 0x3F, 0x00, 0x7F, 0x00, 0xF0, 0x00, 0xC0, 0x00,
    0xC0, 0x00, 0xC0, 0x00, 0xC0, 0x00, 0xF0, 0x00, 0x7F, 0x00, 0x3F, 0x00, 0x0F, 0x00, 0x00, 0x00,
    0x00, 0x00, 0x80, 0x00, 0xC0, 0x00, 0xC0, 0x00, 0xC0, 0x00, 0xFF, 0x00, 0xFF, 0x00, 0xFF, 0x00,
    0xC0, 0x00, 0xC0, 0x00, 0xC0, 0x00, 0x00, 0x00, 0x00, 0x00, 0x00, 0x00, 0x00, 0x00, 0xC0, 0x00,
    0xE0, 0x00, 0xF0, 0x00, 0xF8, 0x00, 0xDC, 0x00, 0xCE, 0x00, 0xC7, 0x00, 0xC3, 0x00, 0xC1, 0x00,
    0xC0, 0x00, 0xC0, 0x00, 0x00, 0x00, 0x00, 0x00, 0x00, 0x00, 0x40, 0x00, 0xE0, 0x00, 0xC0, 0x00,
    0xC0, 0x00, 0xC0, 0x00, 0xC0, 0x00, 0xC0, 0x00, 0xC1, 0x00, 0xE1, 0x00, 0x7F, 0x00, 0x3F, 0x00,
    0x0C, 0x00, 0x00, 0x00, 0x0E, 0x00, 0x0F, 0x00, 0x0F, 0x00, 0x0C, 0x00, 0x0C, 0x00, 0x0C, 0x00,
    0x0C, 0x00, 0xFF, 0x00, 0xFF, 0x00, 0xFF, 0x00, 0x0C, 0x00, 0x0C, 0x00, 0x00, 0x00, 0x00, 0x00,
    0x00, 0x00, 0x40, 0x00, 0xE0, 0x00, 0xC0, 0x00, 0xC0, 0x00, 0xC0, 0x00, 0xC0, 0x00, 0xC0, 0x00,
    0xE0, 0x00, 0xF1, 0x00, 0x7F, 0x00, 0x3F, 0x00, 0x04, 0x00, 0x00, 0x00, 0x00, 0x00, 0x07, 0x00,
    0x3F, 0x00, 0x7F, 0x00, 0xF3, 0x00, 0xE0, 0x00, 0xC0, 0x00, 0xC0, 0x00, 0xC0, 0x00, 0xE0, 0x00,
    0x7F, 0x00, 0x7F, 0x00, 0x1F, 0x00, 0x00, 0x00, 0x00, 0x00, 0x00, 0x00, 0x00, 0x00, 0x00, 0x00,
    0xC0, 0x00, 0xF0, 0x00, 0xFE, 0x00, 0x3F, 0x00, 0x07, 0x00, 0x01, 0x00, 0x00, 0x00, 0x00, 0x00,
    0x00, 0x00, 0x00, 0x00, 0x00, 0x00, 0x1C, 0x00, 0x7F, 0x00, 0x7F, 0x00, 0xE1, 0x00, 0xC1, 0x00,
    0xC0, 0x00, 0xC0, 0x00, 0xC1, 0x00, 0xE1, 0x00, 0x7F, 0x00, 0x7F, 0x00, 0x1E, 0x00, 0x00, 0x00,
    0x00, 0x00, 0xC1, 0x00, 0xC3, 0x00, 0xC7, 0x00, 0xC7, 0x00, 0xC6, 0x00, 0xC6, 0x00, 0xE3, 0x00,
    0x73, 0x00, 0x3F, 0x00, 0x1F, 0x00, 0x07, 0x00, 0x00, 0x00, 0x00, 0x00, 0x00, 0x00, 0x00, 0x00,
    0xE0, 0x00, 0xE0, 0x00, 0xE0, 0x00, 0x00, 0x00, 0x00, 0x00, 0x00, 0x00, 0x00, 0x00, 0xE0, 0x03,
    0xE0, 0x03, 0xE0, 0x00, 0x00, 0x00, 0x00, 0x00, 0x00, 0x00, 0x03, 0x00, 0x07, 0x00, 0x07, 0x00,
    0x0F, 0x00, 0x0F, 0x00, 0x0D, 0x00, 0x1C, 0x00, 0x18, 0x00, 0x18, 0x00, 0x38, 0x00, 0x30, 0x00,
    0x30, 0x00, 0x70, 0x00, 0x60, 0x00, 0x60, 0x00, 0x00, 0x00, 0x00, 0x00, 0x00, 0x00, 0x0C, 0x00,
    0x0C, 0x00, 0x0C, 0x00, 0x0C, 0x00, 0x0C, 0x00, 0x0C, 0x00, 0x0C, 0x00, 0x0C, 0x00, 0x0C, 0x00,
    0x0C, 0x00, 0x0C, 0x00, 0x0C, 0x00, 0x0C, 0x00, 0x0C, 0x00, 0x08, 0x00, 0x00, 0x00, 0x00, 0x00,
    0x00, 0x00, 0x60, 0x00, 0x70, 0x00, 0x70, 0x00, 0x30, 0x00, 0x38, 0x00, 0x38, 0x00, 0x18, 0x00,
    0x1C, 0x00, 0x0D, 0x00, 0x0D, 0x00, 0x0F, 0x00, 0x07, 0x00, 0x07, 0x00, 0x07, 0x00, 0x02, 0x00,
    0x00, 0x00, 0x00, 0x00, 0x00, 0x00, 0x00, 0x00, 0x00, 0x00, 0x00, 0x00, 0xEF, 0x00, 0xEF, 0x00,
    0xEF, 0x00, 0x00, 0x00, 0x00, 0x00, 0x00, 0x00, 0x00, 0x00, 0x00, 0x00, 0x1F, 0x00, 0x7F, 0x00,
    0xF1, 0x01, 0x80, 0x03, 0x00, 0x07, 0x0E, 0x06, 0x3F, 0x0E, 0x7F, 0x0C, 0xE1, 0x0C, 0xC0, 0x0C,
    0xC0, 0x0C, 0xE0, 0x0C, 0x73, 0x0C, 0xFF, 0x0C, 0xFF, 0x06, 0xE0, 0x06, 0x60, 0x00, 0x78, 0x00,
    0x3F, 0x00, 0x0F, 0x00, 0xC0, 0x00, 0xF0, 0x00, 0xFE, 0x00, 0x3F, 0x00, 0x0F, 0x00, 0x0D, 0x00,
    0x0C, 0x00, 0x0C, 0x00, 0x0C, 0x00, 0x0C, 0x00, 0x0F, 0x00, 0x1F, 0x00, 0xFE, 0x00, 0xF8, 0x00,
    0xC0, 0x00, 0x00, 0x00, 0x00, 0x00, 0xFF, 0x00, 0xFF, 0x00, 0xFF, 0x00, 0xC1, 0x00, 0xC1, 0x00,
    0xC1, 0x00, 0xC1, 0x00, 0xC1, 0x00, 0xE3, 0x00, 0xFF, 0x00, 0x7E, 0x00, 0x3C, 0x00, 0x00, 0x00,
    0x00, 0x00, 0x07, 0x00, 0x1F, 0x00, 0x3F, 0x00, 0x78, 0x00, 0xE0, 0x00, 0xE0, 0x00, 0xC0, 0x00,
    0xC0, 0x00, 0xC0, 0x00, 0xC0, 0x00, 0xC0, 0x00, 0xE0, 0x00, 0x60, 0x00, 0x20, 0x00, 0x00, 0x00,
    0x00, 0x00, 0xFF, 0x00, 0xFF, 0x00, 0xFF, 0x00, 0xC0, 0x00, 0xC0, 0x00, 0xC0, 0x00, 0xC0, 0x00,
    0xC0, 0x00, 0xE0, 0x00, 0x60, 0x00, 0x78, 0x00, 0x3F, 0x00, 0x1F, 0x00, 0x07, 0x00, 0x00, 0x00,
    0x00, 0x00, 0x00, 0x00, 0xFF, 0x00, 0xFF, 0x00, 0xFF, 0x00, 0xC1, 0x00, 0xC1, 0x00, 0xC1, 0x00,
    0xC1, 0x00, 0xC1, 0x00, 0xC1, 0x00, 0xC1, 0x00, 0xC0, 0x00, 0x00, 0x00, 0x00, 0x00, 0x00, 0x00,
    0xFF, 0x00, 0xFF, 0x00, 0xFF, 0x00, 0x01, 0x00, 0x01, 0x00, 0x01, 0x00, 0x01, 0x00, 0x01, 0x00,
    0x01, 0x00, 0x00, 0x00, 0x00, 0x00, 0x07, 0x00, 0x1F, 0x00, 0x3F, 0x00, 0x78, 0x00, 0xE0, 0x00,
    0xE0, 0x00, 0xC0, 0x00, 0xC0, 0x00, 0xC1, 0x00, 0xC1, 0x00, 0xC1, 0x00, 0xC1, 0x00, 0xFF, 0x00,
    0x7F, 0x00, 0x3F, 0x00, 0x00, 0x00, 0x00, 0x00, 0x00, 0x00, 0xFF, 0x00, 0xFF, 0x00, 0xFF, 0x00,
    0x01, 0x00, 0x01, 0x00, 0x01, 0x00, 0x01, 0x00, 0x01, 0x00, 0x01, 0x00, 0x01, 0x00, 0xFF, 0x00,
    0xFF, 0x00, 0xFF, 0x00, 0x00, 0x00, 0x00, 0x00, 0x00, 0x00, 0xFF, 0x00, 0xFF, 0x00, 0xFF, 0x00,
    0x00, 0x00, 0x00, 0x0C, 0x00, 0x0C, 0x00, 0x0E, 0xFF, 0x0F, 0xFF, 0x07, 0xFF, 0x00, 0x00, 0x00,
    0x00, 0x00, 0xFF, 0x00, 0xFF, 0x00, 0xFF, 0x00, 0x03, 0x00, 0x07, 0x00, 0x0F, 0x00, 0x1E, 0x00,
    0x3C, 0x00, 0x78, 0x00, 0xF0, 0x00, 0xE0, 0x00, 0xC0, 0x00, 0x00, 0x00, 0x00, 0x00, 0xFF, 0x00,
    0xFF, 0x00, 0xFF, 0x00, 0xC0, 0x00, 0xC0, 0x00, 0xC0, 0x00, 0xC0, 0x00, 0xC0, 0x00, 0xC0, 0x00,
    0xC0, 0x00, 0x00, 0x00, 0x00, 0x00, 0xFF, 0x00, 0xFF, 0x00, 0xFF, 0x00, 0x00, 0x00, 0x01, 0x00,
    0x07, 0x00, 0x1F, 0x00, 0x1C, 0x00, 0x1F, 0x00, 0x07, 0x00, 0x01, 0x00, 0x00, 0x00, 0x00, 0x00,
    0xFF, 0x00, 0xFF, 0x00, 0x00, 0x00, 0x00, 0x00, 0x00, 0x00, 0x00, 0x00, 0xFF, 0x00, 0xFF, 0x00,
    0xFF, 0x00, 0x00, 0x00, 0x00, 0x00, 0x01, 0x00, 0x07, 0x00, 0x1F, 0x00, 0x7C, 0x00, 0xF8, 0x00,
    0xFF, 0x00, 0xFF, 0x00, 0xFF, 0x00, 0x00, 0x00, 0x00, 0x00, 0x07, 0x00, 0x1F, 0x00, 0x3F, 0x00,
    0x78, 0x00, 0xE0, 0x00, 0xC0, 0x00, 0xC0, 0x00, 0xC0, 0x00, 0xC0, 0x00, 0xC0, 0x00, 0xE0, 0x00,
    0x70, 0x00, 0x7E, 0x00, 0x3F, 0x00, 0x0F, 0x00, 0x00, 0x00, 0x00, 0x00, 0x00, 0x00, 0xFF, 0x00,
    0xFF, 0x00, 0xFF, 0x00, 0x03, 0x00, 0x03, 0x00, 0x03, 0x00, 0x03, 0x00, 0x03, 0x00, 0x01, 0x00,
    0x00, 0x00, 0x00, 0x00, 0x00, 0x00, 0x07, 0x00, 0x1F, 0x00, 0x3F, 0x00, 0x78, 0x00, 0xE0, 0x00,
    0xC0, 0x00, 0xC0, 0x00, 0xC0, 0x00, 0xC0, 0x00, 0xC0, 0x01, 0xE0, 0x03, 0x70, 0x07, 0x7E, 0x06,
    0x3F, 0x00, 0x0F, 0x00, 0x01, 0x00, 0x00, 0x00, 0x00, 0x00, 0xFF, 0x00, 0xFF, 0x00, 0xFF, 0x00,
    0x03, 0x00, 0x03, 0x00, 0x03, 0x00, 0x03, 0x00, 0x07, 0x00, 0x1F, 0x00, 0x7C, 0x00, 0xF8, 0x00,
    0xE0, 0x00, 0x80, 0x00, 0x00, 0x00, 0x00, 0x00, 0x60, 0x00, 0xE0, 0x00, 0xE0, 0x00, 0xC0, 0x00,
    0xC1, 0x00, 0xC1, 0x00, 0xC1, 0x00, 0xC1, 0x00, 0xE3, 0x00, 0xFF, 0x00, 0x7F, 0x00, 0x3E, 0x00,
    0x00, 0x00, 0x00, 0x00, 0x00, 0x00, 0x00, 0x00, 0x00, 0x00, 0xFF, 0x00, 0xFF, 0x00, 0xFF, 0x00,
    0x00, 0x00, 0x00, 0x00, 0x00, 0x00, 0x00, 0x00, 0x00, 0x00, 0x00, 0x00, 0x00, 0x00, 0x00, 0x00,
    0x3F, 0x00, 0x7F, 0x00, 0x78, 0x00, 0xE0, 0x00, 0xC0, 0x00, 0xC0, 0x00, 0xC0, 0x00, 0xC0, 0x00,
    0xE0, 0x00, 0xF0, 0x00, 0x7F, 0x00, 0x3F, 0x00, 0x07, 0x00, 0x00, 0x00, 0x00, 0x00, 0x00, 0x00,
    0x01, 0x00, 0x0F, 0x00, 0x3F, 0x00, 0xFC, 0x00, 0xF0, 0x00, 0xFC, 0x00, 0x7F, 0x00, 0x0F, 0x00,
    0x03, 0x00, 0x00, 0x00, 0x00, 0x00, 0x00, 0x00, 0x00, 0x00, 0x00, 0x00, 0x00, 0x00, 0x00, 0x00,
    0x0F, 0x00, 0xFF, 0x00, 0xFE, 0x00, 0xF0, 0x00, 0xFF, 0x00, 0x1F, 0x00, 0x01, 0x00, 0x00, 0x00,
    0x00, 0x00, 0x01, 0x00, 0x1F, 0x00, 0xFF, 0x00, 0xF0, 0x00, 0xFE, 0x00, 0xFF, 0x00, 0x0F, 0x00,
    0x00, 0x00, 0x00, 0x00, 0x00, 0x00, 0x00, 0x00, 0xC0, 0x00, 0xE0, 0x00, 0xF8, 0x00, 0x3C, 0x00,
    0x1F, 0x00, 0x07, 0x00, 0x03, 0x00, 0x07, 0x00, 0x0F, 0x00, 0x3C, 0x00, 0x78, 0x00, 0xE0, 0x00,
    0xC0, 0x00, 0x00, 0x00, 0x00, 0x00, 0x00, 0x00, 0x00, 0x00, 0x00, 0x00, 0xFF, 0x00, 0xFF, 0x00,
    0xFF, 0x00, 0x00, 0x00, 0x00, 0x00, 0x00, 0x00, 0x00, 0x00, 0x00, 0x00, 0x00, 0x00, 0xC0, 0x00,
    0xF0, 0x00, 0xF8, 0x00, 0xFC, 0x00, 0xDF, 0x00, 0xC7, 0x00, 0xC3, 0x00, 0xC1, 0x00, 0xC0, 0x00,
    0xC0, 0x00, 0xC0, 0x00, 0xC0, 0x00, 0xC0, 0x00, 0x80, 0x00, 0x00, 0x00, 0x00, 0x00, 0x00, 0x00,
    0xFF, 0x07, 0xFF, 0x07, 0x00, 0x06, 0x00, 0x06, 0x00, 0x06, 0x00, 0x00, 0x00, 0x00, 0x03, 0x00,
    0x1F, 0x00, 0xFF, 0x00, 0xF8, 0x03, 0x80, 0x07, 0x00, 0x00, 0x00, 0x00, 0x00, 0x06, 0x00, 0x06,
    0xFF, 0x07, 0xFF, 0x07, 0xFF, 0x07, 0x00, 0x00, 0x00, 0x00, 0x00, 0x00, 0x00, 0x00, 0x00, 0x00,
    0x00, 0x00, 0x00, 0x00, 0x00, 0x00, 0x00, 0x00, 0x00, 0x00, 0x00, 0x00, 0x00, 0x00, 0x00, 0x00,
    0x00, 0x00, 0x00, 0x00, 0x00, 0x00, 0x00, 0x00, 0x00, 0x00, 0x00, 0x00, 0x00, 0x08, 0x00, 0x0C,
    0x00, 0x0C, 0x00, 0x0C, 0x00, 0x0C, 0x00, 0x0C, 0x00, 0x0C, 0x00, 0x0C, 0x00, 0x0C, 0x00, 0x0C,
    0x00, 0x0C, 0x00, 0x00, 0x00, 0x00, 0x00, 0x00, 0x00, 0x00, 0x00, 0x00, 0x00, 0x00, 0x00, 0x00,
    0x00, 0x00, 0x00, 0x00, 0x00, 0x00, 0x00, 0x00, 0x00, 0x00, 0x38, 0x00, 0x7E, 0x00, 0xFE, 0x00,
    0xC7, 0x00, 0xC3, 0x00, 0xC3, 0x00, 0xC3, 0x00, 0x63, 0x00, 0xFF, 0x00, 0xFF, 0x00, 0xFF, 0x00,
    0x00, 0x00, 0x00, 0x00, 0x00, 0x00, 0xFF, 0x00, 0xFF, 0x00, 0x70, 0x00, 0xE0, 0x00, 0xC0, 0x00,
    0xC0, 0x00, 0xC0, 0x00, 0xE0, 0x00, 0xFF, 0x00, 0x7F, 0x00, 0x1F, 0x00, 0x00, 0x00, 0x00, 0x00,
    0x1F, 0x00, 0x3F, 0x00, 0x7F, 0x00, 0xE0, 0x00, 0xC0, 0x00, 0xC0, 0x00, 0xC0, 0x00, 0xC0, 0x00,
    0xC0, 0x00, 0xE0, 0x00, 0x00, 0x00, 0x00, 0x00, 0x1F, 0x00, 0x7F, 0x00, 0x7F, 0x00, 0xE0, 0x00,
    0xC0, 0x00, 0xC0, 0x00, 0xC0, 0x00, 0xC0, 0x00, 0x70, 0x00, 0xFF, 0x00, 0xFF, 0x00, 0x00, 0x00,
    0x00, 0x00, 0x00, 0x00, 0x1F, 0x00, 0x3F, 0x00, 0x7F, 0x00, 0xE6, 0x00, 0xC6, 0x00, 0xC6, 0x00,
    0xC6, 0x00, 0xC6, 0x00, 0xC6, 0x00, 0xC7, 0x00, 0xE7, 0x00, 0x07, 0x00, 0x00, 0x00, 0x00, 0x00,
    0xFF, 0x00, 0xFF, 0x00, 0xFF, 0x00, 0x00, 0x00, 0x00, 0x00, 0x00, 0x00, 0x1F, 0x00, 0x7F, 0x04,
    0x7F, 0x0C, 0xE0, 0x0C, 0xC0, 0x0C, 0xC0, 0x0C, 0xC0, 0x0C, 0xC0, 0x0C, 0x70, 0x0F, 0xFF, 0x07,
    0xFF, 0x03, 0x00, 0x00, 0x00, 0x00, 0x00, 0x00, 0x00, 0x00, 0xFF, 0x00, 0xFF, 0x00, 0x00, 0x00,
    0x00, 0x00, 0x00, 0x00, 0x00, 0x00, 0x00, 0x00, 0x00, 0x00, 0xFF, 0x00, 0xFF, 0x00, 0xFF, 0x00,
    0x00, 0x00, 0x00, 0x00, 0x00, 0x00, 0xFF, 0x00, 0xFF, 0x00, 0x00, 0x00, 0x00, 0x00, 0x00, 0x0C,
    0x00, 0x0C, 0x00, 0x0C, 0xFF, 0x0F, 0xFF, 0x07, 0x00, 0x00, 0x00, 0x00, 0x00, 0x00, 0xFF, 0x00,
    0xFF, 0x00, 0x07, 0x00, 0x0F, 0x00, 0x1F, 0x00, 0x39, 0x00, 0x70, 0x00, 0xE0, 0x00, 0xE0, 0x00,
    0xC0, 0x00, 0x00, 0x00, 0x00, 0x00, 0xFF, 0x00, 0xFF, 0x00, 0x00, 0x00, 0x00, 0x00, 0x00, 0x00,
    0x00, 0x00, 0xFF, 0x00, 0xFF, 0x00, 0x00, 0x00, 0x00, 0x00, 0x00, 0x00, 0x00, 0x00, 0x00, 0x00,
    0x00, 0x00, 0xFF, 0x00, 0xFF, 0x00, 0x00, 0x00, 0x00, 0x00, 0x00, 0x00, 0x00, 0x00, 0x00, 0x00,
    0xFF, 0x00, 0xFF, 0x00, 0xFF, 0x00, 0x00, 0x00, 0x00, 0x00, 0x00, 0x00, 0xFF, 0x00, 0xFF, 0x00,
    0x00, 0x00, 0x00, 0x00, 0x00, 0x00, 0x00, 0x00, 0x00, 0x00, 0x00, 0x00, 0xFF, 0x00, 0xFF, 0x00,
    0xFF, 0x00, 0x00, 0x00, 0x00, 0x00, 0x1F, 0x00, 0x3F, 0x00, 0x7F, 0x00, 0xE0, 0x00, 0xC0, 0x00,
    0xC0, 0x00, 0xC0, 0x00, 0xC0, 0x00, 0xF0, 0x00, 0x7F, 0x00, 0x3F, 0x00, 0x0F, 0x00, 0x00, 0x00,
    0x00, 0x00, 0xFF, 0x0F, 0xFF, 0x0F, 0x70, 0x00, 0xE0, 0x00, 0xC0, 0x00, 0xC0, 0x00, 0xC0, 0x00,
    0xE0, 0x00, 0xFF, 0x00, 0x7F, 0x00, 0x1F, 0x00, 0x00, 0x00, 0x00, 0x00, 0x1F, 0x00, 0x7F, 0x00,
    0x7F, 0x00, 0xE0, 0x00, 0xC0, 0x00, 0xC0, 0x00, 0xC0, 0x00, 0xC0, 0x00, 0x70, 0x00, 0xFF, 0x0F,
    0xFF, 0x0F, 0x00, 0x00, 0x00, 0x00, 0x00, 0x00, 0x00, 0x00, 0xFF, 0x00, 0xFF, 0x00, 0x00, 0x00,
    0x00, 0x00, 0x00, 0x00, 0x00, 0x00, 0x00, 0x00, 0x00, 0x00, 0xE1, 0x00, 0xC3, 0x00, 0xC3, 0x00,
    0xC7, 0x00, 0xC6, 0x00, 0xC6, 0x00, 0xCE, 0x00, 0xFC, 0x00, 0x7C, 0x00, 0x38, 0x00, 0x00, 0x00,
    0x00, 0x00, 0x00, 0x00, 0x7F, 0x00, 0xFF, 0x00, 0xE0, 0x00, 0xC0, 0x00, 0xC0, 0x00, 0x00, 0x00,
    0x00, 0x00, 0x00, 0x00, 0x3F, 0x00, 0xFF, 0x00, 0xE0, 0x00, 0xC0, 0x00, 0xC0, 0x00, 0xC0, 0x00,
    0xC0, 0x00, 0x70, 0x00, 0xFF, 0x00, 0xFF, 0x00, 0x00, 0x00, 0x00, 0x00, 0x00, 0x00, 0x00, 0x00,
    0x03, 0x00, 0x0F, 0x00, 0x7F, 0x00, 0xFC, 0x00, 0xE0, 0x00, 0xF8, 0x00, 0x7F, 0x00, 0x1F, 0x00,
    0x03, 0x00, 0x00, 0x00, 0x00, 0x00, 0x00, 0x00, 0x00, 0x00, 0x07, 0x00, 0x7F, 0x00, 0xFE, 0x00,
    0xF0, 0x00, 0xFF, 0x00, 0x1F, 0x00, 0x01, 0x00, 0x01, 0x00, 0x0F, 0x00, 0xFF, 0x00, 0xF8, 0x00,
    0xFC, 0x00, 0x7F, 0x00, 0x0F, 0x00, 0x00, 0x00, 0x00, 0x00, 0x00, 0x00, 0xC0, 0x00, 0xE0, 0x00,
    0xF0, 0x00, 0x3D, 0x00, 0x1F, 0x00, 0x0F, 0x00, 0x1F, 0x00, 0x3D, 0x00, 0xF0, 0x00, 0xE0, 0x00,
    0xC0, 0x00, 0x00, 0x00, 0x00, 0x00, 0x00, 0x08, 0x01, 0x0C, 0x07, 0x0C, 0x3F, 0x0E, 0xFC, 0x0F,
    0xF0, 0x07, 0xFC, 0x01, 0x3F, 0x00, 0x0F, 0x00, 0x01, 0x00, 0x00, 0x00, 0x00, 0x00, 0xE0, 0x00,
    0xF0, 0x00, 0xF8, 0x00, 0xDC, 0x00, 0xCE, 0x00, 0xC7, 0x00, 0xC3, 0x00, 0xC1, 0x00, 0xC0, 0x00,
    0xC0, 0x00, 0x00, 0x00, 0x00, 0x00, 0x00, 0x00, 0x02, 0x00, 0x06, 0x00, 0x06, 0x00, 0x0F, 0x00,
    0xFF, 0x07, 0xFD, 0x0F, 0x00, 0x0E, 0x00, 0x0C, 0x00, 0x0C, 0x00, 0x08, 0x00, 0x00, 0x00, 0x00,
    0x00, 0x00, 0x00, 0x00, 0x00, 0x00, 0xFF, 0x0F, 0xFF, 0x0F, 0x00, 0x00, 0x00, 0x00, 0x00, 0x00,
    0x00, 0x00, 0x00, 0x00, 0x00, 0x0C, 0x00, 0x0C, 0x00, 0x0E, 0xF9, 0x0F, 0xFF, 0x07, 0x0F, 0x00,
    0x06, 0x00, 0x06, 0x00, 0x06, 0x00, 0x00, 0x00, 0x00, 0x00, 0x00, 0x00, 0x06, 0x00, 0x06, 0x00,
    0x03, 0x00, 0x03, 0x00, 0x03, 0x00, 0x03, 0x00, 0x03, 0x00, 0x07, 0x00, 0x06, 0x00, 0x06, 0x00,
    0x06, 0x00, 0x06, 0x00, 0x06, 0x00, 0x03, 0x00, 0x01, 0x00, 0x00, 0x00,
};
const uint8_t SimSun_Plain_12_CN[] PROGMEM = {
    0x0C, 0x0C, 0x55, 0x4A, 0x0E, 0xAB,  // Width, Height, First Char high, low, Num Chars high, low
    // Jump Table:
    0x00, 0x00, 0x0C, 0x0C,  // 0x554A "啊"
    0x00, 0x18, 0x0C, 0x0C,  // 0x554B "阿"
    0x00, 0x30, 0x0C, 0x0C,  // 0x554C "埃"
    0x00, 0x48, 0x0C, 0x0C,  // 0x554D "挨"
    0x00, 0x60, 0x0C, 0x0C,  // 0x554E "哎"
    0x00, 0x78, 0x0C, 0x0C,  // 0x554F "唉"
    0x00, 0x90, 0x0C, 0x0C,  // 0x5550 "哀"
    0x00, 0xA8, 0x0C, 0x0C,  // 0x5551 "皑"
    0x00, 0xC0, 0x0C, 0x0C,  // 0x5552 "癌"
    0x00, 0xD8, 0x0C, 0x0C,  // 0x5553 "蔼"
    0x00, 0xF0, 0x0C, 0x0C,  // 0x5554 "矮"
    0x01, 0x08, 0x0C, 0x0C,  // 0x5555 "艾"
    0x01, 0x20, 0x0C, 0x0C,  // 0x5556 "碍"
    0x01, 0x38, 0x0C, 0x0C,  // 0x5557 "爱"
    0x01, 0x50, 0x0C, 0x0C,  // 0x5558 "隘"
    0x01, 0x68, 0x0C, 0x0C,  // 0x5559 "鞍"
    0x01, 0x80, 0x0C, 0x0C,  // 0x555A "氨"
    0x01, 0x98, 0x0C, 0x0C,  // 0x555B "安"
    0x01, 0xB0, 0x0C, 0x0C,  // 0x555C "俺"
    0x01, 0xC8, 0x0C, 0x0C,  // 0x555D "按"
    0x01, 0xE0, 0x0C, 0x0C,  // 0x555E "暗"
    0x01, 0xF8, 0x0C, 0x0C,  // 0x555F "岸"
    0x02, 0x10, 0x0C, 0x0C,  // 0x5560 "胺"
    0x02, 0x28, 0x0C, 0x0C,  // 0x5561 "案"
    0x02, 0x40, 0x0C, 0x0C,  // 0x5562 "肮"
    0x02, 0x58, 0x0C, 0x0C,  // 0x5563 "昂"
    0x02, 0x70, 0x0C, 0x0C,  // 0x5564 "盎"
    0x02, 0x88, 0x0C, 0x0C,  // 0x5565 "凹"
    0x02, 0xA0, 0x0C, 0x0C,  // 0x5566 "敖"
    0x02, 0xB8, 0x0C, 0x0C,  // 0x5567 "熬"
    0x02, 0xD0, 0x0C, 0x0C,  // 0x5568 "翱"
    0x02, 0xE8, 0x0C, 0x0C,  // 0x5569 "袄"
    0x03, 0x00, 0x0C, 0x0C,  // 0x556A "傲"
    0x03, 0x18, 0x0C, 0x0C,  // 0x556B "奥"
    0x03, 0x30, 0x0C, 0x0C,  // 0x556C "懊"
    0x03, 0x48, 0x0C, 0x0C,  // 0x556D "澳"
    0x03, 0x60, 0x0C, 0x0C,  // 0x556E "芭"
    0x03, 0x78, 0x0C, 0x0C,  // 0x556F "捌"
    0x03, 0x90, 0x0C, 0x0C,  // 0x5570 "扒"
    0x03, 0xA8, 0x0C, 0x0C,  // 0x5571 "叭"
    0x03, 0xC0, 0x0C, 0x0C,  // 0x5572 "吧"
    0x03, 0xD8, 0x0C, 0x0C,  // 0x5573 "笆"
    0x03, 0xF0, 0x0C, 0x0C,  // 0x5574 "八"
    0x04, 0x08, 0x0C, 0x0C,  // 0x5575 "疤"
    0x04, 0x20, 0x0C, 0x0C,  // 0x5576 "巴"
    0x04, 0x38, 0x0C, 0x0C,  // 0x5577 "拔"
    0x04, 0x50, 0x0C, 0x0C,  // 0x5578 "跋"
    0x04, 0x68, 0x0C, 0x0C,  // 0x5579 "靶"
    0x04, 0x80, 0x0C, 0x0C,  // 0x557A "把"
    0x04, 0x98, 0x0C, 0x0C,  // 0x557B "耙"
    0x04, 0xB0, 0x0C, 0x0C,  // 0x557C "坝"
    0x04, 0xC8, 0x0C, 0x0C,  // 0x557D "霸"
    0x04, 0xE0, 0x0C, 0x0C,  // 0x557E "罢"
    0x04, 0xF8, 0x0C, 0x0C,  // 0x557F "爸"
    0x05, 0x10, 0x0C, 0x0C,  // 0x5580 "白"
    0x05, 0x28, 0x0C, 0x0C,  // 0x5581 "柏"
    0x05, 0x40, 0x0C, 0x0C,  // 0x5582 "百"
    0x05, 0x58, 0x0C, 0x0C,  // 0x5583 "摆"
    0x05, 0x70, 0x0C, 0x0C,  // 0x5584 "佰"
    0x05, 0x88, 0x0C, 0x0C,  // 0x5585 "败"
    0x05, 0xA0, 0x0C, 0x0C,  // 0x5586 "拜"
    0x05, 0xB8, 0x0C, 0x0C,  // 0x5587 "稗"
    0x05, 0xD0, 0x0C, 0x0C,  // 0x5588 "斑"
    0x05, 0xE8, 0x0C, 0x0C,  // 0x5589 "班"
    0x06, 0x00, 0x0C, 0x0C,  // 0x558A "搬"
    0x06, 0x18, 0x0C, 0x0C,  // 0x558B "扳"
    0x06, 0x30, 0x0C, 0x0C,  // 0x558C "般"
    0x06, 0x48, 0x0C, 0x0C,  // 0x558D "颁"
    0x06, 0x60, 0x0C, 0x0C,  // 0x558E "板"
    0x06, 0x78, 0x0C, 0x0C,  // 0x558F "版"
    0x06, 0x90, 0x0C, 0x0C,  // 0x5590 "扮"
    0x06, 0xA8, 0x0C, 0x0C,  // 0x5591 "拌"
    0x06, 0xC0, 0x0C, 0x0C,  // 0x5592 "伴"
    0x06, 0xD8, 0x0C, 0x0C,  // 0x5593 "瓣"
    0x06, 0xF0, 0x0C, 0x0C,  // 0x5594 "半"
    0x07, 0x08, 0x0C, 0x0C,  // 0x5595 "办"
    0x07, 0x20, 0x0C, 0x0C,  // 0x5596 "绊"
    0x07, 0x38, 0x0C, 0x0C,  // 0x5597 "邦"
    0x07, 0x50, 0x0C, 0x0C,  // 0x5598 "帮"
    0x07, 0x68, 0x0C, 0x0C,  // 0x5599 "梆"
    0x07, 0x80, 0x0C, 0x0C,  // 0x559A "榜"
    0x07, 0x98, 0x0C, 0x0C,  // 0x559B "膀"
    0x07, 0xB0, 0x0C, 0x0C,  // 0x559C "绑"
    0x07, 0xC8, 0x0C, 0x0C,  // 0x559D "棒"
    0x07, 0xE0, 0x0C, 0x0C,  // 0x559E "磅"
    0x07, 0xF8, 0x0C, 0x0C,  // 0x559F "蚌"
    0x08, 0x10, 0x0C, 0x0C,  // 0x55A0 "镑"
    0x08, 0x28, 0x0C, 0x0C,  // 0x55A1 "傍"
    0x08, 0x40, 0x0C, 0x0C,  // 0x55A2 "谤"
    0x08, 0x58, 0x0C, 0x0C,  // 0x55A3 "苞"
    0x08, 0x70, 0x0C, 0x0C,  // 0x55A4 "胞"
    0x08, 0x88, 0x0C, 0x0C,  // 0x55A5 "包"
    0x08, 0xA0, 0x0C, 0x0C,  // 0x55A6 "褒"
    0x08, 0xB8, 0x0C, 0x0C,  // 0x55A7 "剥"
    0x08, 0xD0, 0x0C, 0x0C,  // 0x55A8 "薄"
    0x08, 0xE8, 0x0C, 0x0C,  // 0x55A9 "雹"
    0x09, 0x00, 0x0C, 0x0C,  // 0x55AA "保"
    0x09, 0x18, 0x0C, 0x0C,  // 0x55AB "堡"
    0x09, 0x30, 0x0C, 0x0C,  // 0x55AC "饱"
    0x09, 0x48, 0x0C, 0x0C,  // 0x55AD "宝"
    0x09, 0x60, 0x0C, 0x0C,  // 0x55AE "抱"
    0x09, 0x78, 0x0C, 0x0C,  // 0x55AF "报"
    0x09, 0x90, 0x0C, 0x0C,  // 0x55B0 "暴"
    0x09, 0xA8, 0x0C, 0x0C,  // 0x55B1 "豹"
    0x09, 0xC0, 0x0C, 0x0C,  // 0x55B2 "鲍"
    0x09, 0xD8, 0x0C, 0x0C,  // 0x55B3 "爆"
    0x09, 0xF0, 0x0C, 0x0C,  // 0x55B4 "杯"
    0x0A, 0x08, 0x0C, 0x0C,  // 0x55B5 "碑"
    0x0A, 0x20, 0x0C, 0x0C,  // 0x55B6 "悲"
    0x0A, 0x38, 0x0C, 0x0C,  // 0x55B7 "卑"
    0x0A, 0x50, 0x0C, 0x0C,  // 0x55B8 "北"
    0x0A, 0x68, 0x0C, 0x0C,  // 0x55B9 "辈"
    0x0A, 0x80, 0x0C, 0x0C,  // 0x55BA "背"
    0x0A, 0x98, 0x0C, 0x0C,  // 0x55BB "贝"
    0x0A, 0xB0, 0x0C, 0x0C,  // 0x55BC "钡"
    0x0A, 0xC8, 0x0C, 0x0C,  // 0x55BD "倍"
    0x0A, 0xE0, 0x0C, 0x0C,  // 0x55BE "狈"
    0x0A, 0xF8, 0x0C, 0x0C,  // 0x55BF "备"
    0x0B, 0x10, 0x0C, 0x0C,  // 0x55C0 "惫"
    0x0B, 0x28, 0x0C, 0x0C,  // 0x55C1 "焙"
    0x0B, 0x40, 0x0C, 0x0C,  // 0x55C2 "被"
    0x0B, 0x58, 0x0C, 0x0C,  // 0x55C3 "奔"
    0x0B, 0x70, 0x0C, 0x0C,  // 0x55C4 "苯"
    0x0B, 0x88, 0x0C, 0x0C,  // 0x55C5 "本"
    0x0B, 0xA0, 0x0C, 0x0C,  // 0x55C6 "笨"
    0x0B, 0xB8, 0x0C, 0x0C,  // 0x55C7 "崩"
    0x0B, 0xD0, 0x0C, 0x0C,  // 0x55C8 "绷"
    0x0B, 0xE8, 0x0C, 0x0C,  // 0x55C9 "甭"
    0x0C, 0x00, 0x0C, 0x0C,  // 0x55CA "泵"
    0x0C, 0x18, 0x0C, 0x0C,  // 0x55CB "蹦"
    0x0C, 0x30, 0x0C, 0x0C,  // 0x55CC "迸"
    0x0C, 0x48, 0x0C, 0x0C,  // 0x55CD "逼"
    0x0C, 0x60, 0x0C, 0x0C,  // 0x55CE "鼻"
    0x0C, 0x78, 0x0C, 0x0C,  // 0x55CF "比"
    0x0C, 0x90, 0x0C, 0x0C,  // 0x55D0 "鄙"
    0x0C, 0xA8, 0x0C, 0x0C,  // 0x55D1 "笔"
    0x0C, 0xC0, 0x0C, 0x0C,  // 0x55D2 "彼"
    0x0C, 0xD8, 0x0C, 0x0C,  // 0x55D3 "碧"
    0x0C, 0xF0, 0x0C, 0x0C,  // 0x55D4 "蓖"
    0x0D, 0x08, 0x0C, 0x0C,  // 0x55D5 "蔽"
    0x0D, 0x20, 0x0C, 0x0C,  // 0x55D6 "毕"
    0x0D, 0x38, 0x0C, 0x0C,  // 0x55D7 "毙"
    0x0D, 0x50, 0x0C, 0x0C,  // 0x55D8 "毖"
    0x0D, 0x68, 0x0C, 0x0C,  // 0x55D9 "币"
    0x0D, 0x80, 0x0C, 0x0C,  // 0x55DA "庇"
    0x0D, 0x98, 0x0C, 0x0C,  // 0x55DB "痹"
    0x0D, 0xB0, 0x0C, 0x0C,  // 0x55DC "闭"
    0x0D, 0xC8, 0x0C, 0x0C,  // 0x55DD "敝"
    0x0D, 0xE0, 0x0C, 0x0C,  // 0x55DE "弊"
    0x0D, 0xF8, 0x0C, 0x0C,  // 0x55DF "必"
    0x0E, 0x10, 0x0C, 0x0C,  // 0x55E0 "辟"
    0x0E, 0x28, 0x0C, 0x0C,  // 0x55E1 "壁"
    0x0E, 0x40, 0x0C, 0x0C,  // 0x55E2 "臂"
    0x0E, 0x58, 0x0C, 0x0C,  // 0x55E3 "避"
    0x0E, 0x70, 0x0C, 0x0C,  // 0x55E4 "陛"
    0x0E, 0x88, 0x0C, 0x0C,  // 0x55E5 "鞭"
    0x0E, 0xA0, 0x0C, 0x0C,  // 0x55E6 "边"
    0x0E, 0xB8, 0x0C, 0x0C,  // 0x55E7 "编"
    0x0E, 0xD0, 0x0C, 0x0C,  // 0x55E8 "贬"
    0x0E, 0xE8, 0x0C, 0x0C,  // 0x55E9 "扁"
    0x0F, 0x00, 0x0C, 0x0C,  // 0x55EA "便"
    0x0F, 0x18, 0x0C, 0x0C,  // 0x55EB "变"
    0x0F, 0x30, 0x0C, 0x0C,  // 0x55EC "卞"
    0x0F, 0x48, 0x0C, 0x0C,  // 0x55ED "辨"
    0x0F, 0x60, 0x0C, 0x0C,  // 0x55EE "辩"
    0x0F, 0x78, 0x0C, 0x0C,  // 0x55EF "辫"
    0x0F, 0x90, 0x0C, 0x0C,  // 0x55F0 "遍"
    0x0F, 0xA8, 0x0C, 0x0C,  // 0x55F1 "标"
    0x0F, 0xC0, 0x0C, 0x0C,  // 0x55F2 "彪"
    0x0F, 0xD8, 0x0C, 0x0C,  // 0x55F3 "膘"
    0x0F, 0xF0, 0x0C, 0x0C,  // 0x55F4 "表"
    0x10, 0x08, 0x0C, 0x0C,  // 0x55F5 "鳖"
    0x10, 0x20, 0x0C, 0x0C,  // 0x55F6 "憋"
    0x10, 0x38, 0x0C, 0x0C,  // 0x55F7 "别"
    0x10, 0x50, 0x0C, 0x0C,  // 0x55F8 "瘪"
    0x10, 0x68, 0x0C, 0x0C,  // 0x55F9 "彬"
    0x10, 0x80, 0x0C, 0x0C,  // 0x55FA "斌"
    0x10, 0x98, 0x0C, 0x0C,  // 0x55FB "濒"
    0x10, 0xB0, 0x0C, 0x0C,  // 0x55FC "滨"
    0x10, 0xC8, 0x0C, 0x0C,  // 0x55FD "宾"
    0x10, 0xE0, 0x0C, 0x0C,  // 0x55FE "摈"
    0x10, 0xF8, 0x0C, 0x0C,  // 0x55FF "兵"
    0x11, 0x10, 0x0C, 0x0C,  // 0x5600 "冰"
    0x11, 0x28, 0x0C, 0x0C,  // 0x5601 "柄"
    0x11, 0x40, 0x0C, 0x0C,  // 0x5602 "丙"
    0x11, 0x58, 0x0C, 0x0C,  // 0x5603 "秉"
    0x11, 0x70, 0x0C, 0x0C,  // 0x5604 "饼"
    0x11, 0x88, 0x0C, 0x0C,  // 0x5605 "炳"
    0x11, 0xA0, 0x0C, 0x0C,  // 0x5606 "病"
    0x11, 0xB8, 0x0C, 0x0C,  // 0x5607 "并"
    0x11, 0xD0, 0x0C, 0x0C,  // 0x5608 "玻"
    0x11, 0xE8, 0x0C, 0x0C,  // 0x5609 "菠"
    0x12, 0x00, 0x0C, 0x0C,  // 0x560A "播"
    0x12, 0x18, 0x0C, 0x0C,  // 0x560B "拨"
    0x12, 0x30, 0x0C, 0x0C,  // 0x560C "钵"
    0x12, 0x48, 0x0C, 0x0C,  // 0x560D "波"
    0x12, 0x60, 0x0C, 0x0C,  // 0x560E "博"
    0x12, 0x78, 0x0C, 0x0C,  // 0x560F "勃"
    0x12, 0x90, 0x0C, 0x0C,  // 0x5610 "搏"
    0x12, 0xA8, 0x0C, 0x0C,  // 0x5611 "铂"
    0x12, 0xC0, 0x0C, 0x0C,  // 0x5612 "箔"
    0x12, 0xD8, 0x0C, 0x0C,  // 0x5613 "伯"
    0x12, 0xF0, 0x0C, 0x0C,  // 0x5614 "帛"
    0x13, 0x08, 0x0C, 0x0C,  // 0x5615 "舶"
    0x13, 0x20, 0x0C, 0x0C,  // 0x5616 "脖"
    0x13, 0x38, 0x0C, 0x0C,  // 0x5617 "膊"
    0x13, 0x50, 0x0C, 0x0C,  // 0x5618 "渤"
    0x13, 0x68, 0x0C, 0x0C,  // 0x5619 "泊"
    0x13, 0x80, 0x0C, 0x0C,  // 0x561A "驳"
    0x13, 0x98, 0x0C, 0x0C,  // 0x561B "捕"
    0x13, 0xB0, 0x0C, 0x0C,  // 0x561C "卜"
    0x13, 0xC8, 0x0C, 0x0C,  // 0x561D "哺"
    0x13, 0xE0, 0x0C, 0x0C,  // 0x561E "补"
    0x13, 0xF8, 0x0C, 0x0C,  // 0x561F "埠"
    0x14, 0x10, 0x0C, 0x0C,  // 0x5620 "不"
    0x14, 0x28, 0x0C, 0x0C,  // 0x5621 "布"
    0x14, 0x40, 0x0C, 0x0C,  // 0x5622 "步"
    0x14, 0x58, 0x0C, 0x0C,  // 0x5623 "簿"
    0x14, 0x70, 0x0C, 0x0C,  // 0x5624 "部"
    0x14, 0x88, 0x0C, 0x0C,  // 0x5625 "怖"
    0x14, 0xA0, 0x0C, 0x0C,  // 0x5626 "擦"
    0x14, 0xB8, 0x0C, 0x0C,  // 0x5627 "猜"
    0x14, 0xD0, 0x0C, 0x0C,  // 0x5628 "裁"
    0x14, 0xE8, 0x0C, 0x0C,  // 0x5629 "材"
    0x15, 0x00, 0x0C, 0x0C,  // 0x562A "才"
    0x15, 0x18, 0x0C, 0x0C,  // 0x562B "财"
    0x15, 0x30, 0x0C, 0x0C,  // 0x562C "睬"
    0x15, 0x48, 0x0C, 0x0C,  // 0x562D "踩"
    0x15, 0x60, 0x0C, 0x0C,  // 0x562E "采"
    0x15, 0x78, 0x0C, 0x0C,  // 0x562F "彩"
    0x15, 0x90, 0x0C, 0x0C,  // 0x5630 "菜"
    0x15, 0xA8, 0x0C, 0x0C,  // 0x5631 "蔡"
    0x15, 0xC0, 0x0C, 0x0C,  // 0x5632 "餐"
    0x15, 0xD8, 0x0C, 0x0C,  // 0x5633 "参"
    0x15, 0xF0, 0x0C, 0x0C,  // 0x5634 "蚕"
    0x16, 0x08, 0x0C, 0x0C,  // 0x5635 "残"
    0x16, 0x20, 0x0C, 0x0C,  // 0x5636 "惭"
    0x16, 0x38, 0x0C, 0x0C,  // 0x5637 "惨"
    0x16, 0x50, 0x0C, 0x0C,  // 0x5638 "灿"
    0x16, 0x68, 0x0C, 0x0C,  // 0x5639 "苍"
    0x16, 0x80, 0x0C, 0x0C,  // 0x563A "舱"
    0x16, 0x98, 0x0C, 0x0C,  // 0x563B "仓"
    0x16, 0xB0, 0x0C, 0x0C,  // 0x563C "沧"
    0x16, 0xC8, 0x0C, 0x0C,  // 0x563D "藏"
    0x16, 0xE0, 0x0C, 0x0C,  // 0x563E "操"
    0x16, 0xF8, 0x0C, 0x0C,  // 0x563F "糙"
    0x17, 0x10, 0x0C, 0x0C,  // 0x5640 "槽"
    0x17, 0x28, 0x0C, 0x0C,  // 0x5641 "曹"
    0x17, 0x40, 0x0C, 0x0C,  // 0x5642 "草"
    0x17, 0x58, 0x0C, 0x0C,  // 0x5643 "厕"
    0x17, 0x70, 0x0C, 0x0C,  // 0x5644 "策"
    0x17, 0x88, 0x0C, 0x0C,  // 0x5645 "侧"
    0x17, 0xA0, 0x0C, 0x0C,  // 0x5646 "册"
    0x17, 0xB8, 0x0C, 0x0C,  // 0x5647 "测"
    0x17, 0xD0, 0x0C, 0x0C,  // 0x5648 "层"
    0x17, 0xE8, 0x0C, 0x0C,  // 0x5649 "蹭"
    0x18, 0x00, 0x0C, 0x0C,  // 0x564A "插"
    0x18, 0x18, 0x0C, 0x0C,  // 0x564B "叉"
    0x18, 0x30, 0x0C, 0x0C,  // 0x564C "茬"
    0x18, 0x48, 0x0C, 0x0C,  // 0x564D "茶"
    0x18, 0x60, 0x0C, 0x0C,  // 0x564E "查"
    0x18, 0x78, 0x0C, 0x0C,  // 0x564F "碴"
    0x18, 0x90, 0x0C, 0x0C,  // 0x5650 "搽"
    0x18, 0xA8, 0x0C, 0x0C,  // 0x5651 "察"
    0x18, 0xC0, 0x0C, 0x0C,  // 0x5652 "岔"
    0x18, 0xD8, 0x0C, 0x0C,  // 0x5653 "差"
    0x18, 0xF0, 0x0C, 0x0C,  // 0x5654 "诧"
    0x19, 0x08, 0x0C, 0x0C,  // 0x5655 "拆"
    0x19, 0x20, 0x0C, 0x0C,  // 0x5656 "柴"
    0x19, 0x38, 0x0C, 0x0C,  // 0x5657 "豺"
    0x19, 0x50, 0x0C, 0x0C,  // 0x5658 "搀"
    0x19, 0x68, 0x0C, 0x0C,  // 0x5659 "掺"
    0x19, 0x80, 0x0C, 0x0C,  // 0x565A "蝉"
    0x19, 0x98, 0x0C, 0x0C,  // 0x565B "馋"
    0x19, 0xB0, 0x0C, 0x0C,  // 0x565C "谗"
    0x19, 0xC8, 0x0C, 0x0C,  // 0x565D "缠"
    0x19, 0xE0, 0x0C, 0x0C,  // 0x565E "铲"
    0x19, 0xF8, 0x0C, 0x0C,  // 0x565F "产"
    0x1A, 0x10, 0x0C, 0x0C,  // 0x5660 "阐"
    0x1A, 0x28, 0x0C, 0x0C,  // 0x5661 "颤"
    0x1A, 0x40, 0x0C, 0x0C,  // 0x5662 "昌"
    0x1A, 0x58, 0x0C, 0x0C,  // 0x5663 "猖"
    0x1A, 0x70, 0x0C, 0x0C,  // 0x5664 "场"
    0x1A, 0x88, 0x0C, 0x0C,  // 0x5665 "尝"
    0x1A, 0xA0, 0x0C, 0x0C,  // 0x5666 "常"
    0x1A, 0xB8, 0x0C, 0x0C,  // 0x5667 "长"
    0x1A, 0xD0, 0x0C, 0x0C,  // 0x5668 "偿"
    0x1A, 0xE8, 0x0C, 0x0C,  // 0x5669 "肠"
    0x1B, 0x00, 0x0C, 0x0C,  // 0x566A "厂"
    0x1B, 0x18, 0x0C, 0x0C,  // 0x566B "敞"
    0x1B, 0x30, 0x0C, 0x0C,  // 0x566C "畅"
    0x1B, 0x48, 0x0C, 0x0C,  // 0x566D "唱"
    0x1B, 0x60, 0x0C, 0x0C,  // 0x566E "倡"
    0x1B, 0x78, 0x0C, 0x0C,  // 0x566F "超"
    0x1B, 0x90, 0x0C, 0x0C,  // 0x5670 "抄"
    0x1B, 0xA8, 0x0C, 0x0C,  // 0x5671 "钞"
    0x1B, 0xC0, 0x0C, 0x0C,  // 0x5672 "朝"
    0x1B, 0xD8, 0x0C, 0x0C,  // 0x5673 "嘲"
    0x1B, 0xF0, 0x0C, 0x0C,  // 0x5674 "潮"
    0x1C, 0x08, 0x0C, 0x0C,  // 0x5675 "巢"
    0x1C, 0x20, 0x0C, 0x0C,  // 0x5676 "吵"
    0x1C, 0x38, 0x0C, 0x0C,  // 0x5677 "炒"
    0x1C, 0x50, 0x0C, 0x0C,  // 0x5678 "车"
    0x1C, 0x68, 0x0C, 0x0C,  // 0x5679 "扯"
    0x1C, 0x80, 0x0C, 0x0C,  // 0x567A "撤"
    0x1C, 0x98, 0x0C, 0x0C,  // 0x567B "掣"
    0x1C, 0xB0, 0x0C, 0x0C,  // 0x567C "彻"
    0x1C, 0xC8, 0x0C, 0x0C,  // 0x567D "澈"
    0x1C, 0xE0, 0x0C, 0x0C,  // 0x567E "郴"
    0x1C, 0xF8, 0x0C, 0x0C,  // 0x567F "臣"
    0x1D, 0x10, 0x0C, 0x0C,  // 0x5680 "辰"
    0x1D, 0x28, 0x0C, 0x0C,  // 0x5681 "尘"
    0x1D, 0x40, 0x0C, 0x0C,  // 0x5682 "晨"
    0x1D, 0x58, 0x0C, 0x0C,  // 0x5683 "忱"
    0x1D, 0x70, 0x0C, 0x0C,  // 0x5684 "沉"
    0x1D, 0x88, 0x0C, 0x0C,  // 0x5685 "陈"
    0x1D, 0xA0, 0x0C, 0x0C,  // 0x5686 "趁"
    0x1D, 0xB8, 0x0C, 0x0C,  // 0x5687 "衬"
    0x1D, 0xD0, 0x0C, 0x0C,  // 0x5688 "撑"
    0x1D, 0xE8, 0x0C, 0x0C,  // 0x5689 "称"
    0x1E, 0x00, 0x0C, 0x0C,  // 0x568A "城"
    0x1E, 0x18, 0x0C, 0x0C,  // 0x568B "橙"
    0x1E, 0x30, 0x0C, 0x0C,  // 0x568C "成"
    0x1E, 0x48, 0x0C, 0x0C,  // 0x568D "呈"
    0x1E, 0x60, 0x0C, 0x0C,  // 0x568E "乘"
    0x1E, 0x78, 0x0C, 0x0C,  // 0x568F "程"
    0x1E, 0x90, 0x0C, 0x0C,  // 0x5690 "惩"
    0x1E, 0xA8, 0x0C, 0x0C,  // 0x5691 "澄"
    0x1E, 0xC0, 0x0C, 0x0C,  // 0x5692 "诚"
    0x1E, 0xD8, 0x0C, 0x0C,  // 0x5693 "承"
    0x1E, 0xF0, 0x0C, 0x0C,  // 0x5694 "逞"
    0x1F, 0x08, 0x0C, 0x0C,  // 0x5695 "骋"
    0x1F, 0x20, 0x0C, 0x0C,  // 0x5696 "秤"
    0x1F, 0x38, 0x0C, 0x0C,  // 0x5697 "吃"
    0x1F, 0x50, 0x0C, 0x0C,  // 0x5698 "痴"
    0x1F, 0x68, 0x0C, 0x0C,  // 0x5699 "持"
    0x1F, 0x80, 0x0C, 0x0C,  // 0x569A "匙"
    0x1F, 0x98, 0x0C, 0x0C,  // 0x569B "池"
    0x1F, 0xB0, 0x0C, 0x0C,  // 0x569C "迟"
    0x1F, 0xC8, 0x0C, 0x0C,  // 0x569D "弛"
    0x1F, 0xE0, 0x0C, 0x0C,  // 0x569E "驰"
    0x1F, 0xF8, 0x0C, 0x0C,  // 0x569F "耻"
    0x20, 0x10, 0x0C, 0x0C,  // 0x56A0 "齿"
    0x20, 0x28, 0x0C, 0x0C,  // 0x56A1 "侈"
    0x20, 0x40, 0x0C, 0x0C,  // 0x56A2 "尺"
    0x20, 0x58, 0x0C, 0x0C,  // 0x56A3 "赤"
    0x20, 0x70, 0x0C, 0x0C,  // 0x56A4 "翅"
    0x20, 0x88, 0x0C, 0x0C,  // 0x56A5 "斥"
    0x20, 0xA0, 0x0C, 0x0C,  // 0x56A6 "炽"
    0x20, 0xB8, 0x0C, 0x0C,  // 0x56A7 "充"
    0x20, 0xD0, 0x0C, 0x0C,  // 0x56A8 "冲"
    0x20, 0xE8, 0x0C, 0x0C,  // 0x56A9 "虫"
    0x21, 0x00, 0x0C, 0x0C,  // 0x56AA "崇"
    0x21, 0x18, 0x0C, 0x0C,  // 0x56AB "宠"
    0x21, 0x30, 0x0C, 0x0C,  // 0x56AC "抽"
    0x21, 0x48, 0x0C, 0x0C,  // 0x56AD "酬"
    0x21, 0x60, 0x0C, 0x0C,  // 0x56AE "畴"
    0x21, 0x78, 0x0C, 0x0C,  // 0x56AF "踌"
    0x21, 0x90, 0x0C, 0x0C,  // 0x56B0 "稠"
    0x21, 0xA8, 0x0C, 0x0C,  // 0x56B1 "愁"
    0x21, 0xC0, 0x0C, 0x0C,  // 0x56B2 "筹"
    0x21, 0xD8, 0x0C, 0x0C,  // 0x56B3 "仇"
    0x21, 0xF0, 0x0C, 0x0C,  // 0x56B4 "绸"
    0x22, 0x08, 0x0C, 0x0C,  // 0x56B5 "瞅"
    0x22, 0x20, 0x0C, 0x0C,  // 0x56B6 "丑"
    0x22, 0x38, 0x0C, 0x0C,  // 0x56B7 "臭"
    0x22, 0x50, 0x0C, 0x0C,  // 0x56B8 "初"
    0x22, 0x68, 0x0C, 0x0C,  // 0x56B9 "出"
    0x22, 0x80, 0x0C, 0x0C,  // 0x56BA "橱"
    0x22, 0x98, 0x0C, 0x0C,  // 0x56BB "厨"
    0x22, 0xB0, 0x0C, 0x0C,  // 0x56BC "躇"
    0x22, 0xC8, 0x0C, 0x0C,  // 0x56BD "锄"
    0x22, 0xE0, 0x0C, 0x0C,  // 0x56BE "雏"
    0x22, 0xF8, 0x0C, 0x0C,  // 0x56BF "滁"
    0x23, 0x10, 0x0C, 0x0C,  // 0x56C0 "除"
    0x23, 0x28, 0x0C, 0x0C,  // 0x56C1 "楚"
    0x23, 0x40, 0x0C, 0x0C,  // 0x56C2 "础"
    0x23, 0x58, 0x0C, 0x0C,  // 0x56C3 "储"
    0x23, 0x70, 0x0C, 0x0C,  // 0x56C4 "矗"
    0x23, 0x88, 0x0C, 0x0C,  // 0x56C5 "搐"
    0x23, 0xA0, 0x0C, 0x0C,  // 0x56C6 "触"
    0x23, 0xB8, 0x0C, 0x0C,  // 0x56C7 "处"
    0x23, 0xD0, 0x0C, 0x0C,  // 0x56C8 "揣"
    0x23, 0xE8, 0x0C, 0x0C,  // 0x56C9 "川"
    0x24, 0x00, 0x0C, 0x0C,  // 0x56CA "穿"
    0x24, 0x18, 0x0C, 0x0C,  // 0x56CB "椽"
    0x24, 0x30, 0x0C, 0x0C,  // 0x56CC "传"
    0x24, 0x48, 0x0C, 0x0C,  // 0x56CD "船"
    0x24, 0x60, 0x0C, 0x0C,  // 0x56CE "喘"
    0x24, 0x78, 0x0C, 0x0C,  // 0x56CF "串"
    0x24, 0x90, 0x0C, 0x0C,  // 0x56D0 "疮"
    0x24, 0xA8, 0x0C, 0x0C,  // 0x56D1 "窗"
    0x24, 0xC0, 0x0C, 0x0C,  // 0x56D2 "幢"
    0x24, 0xD8, 0x0C, 0x0C,  // 0x56D3 "床"
    0x24, 0xF0, 0x0C, 0x0C,  // 0x56D4 "闯"
    0x25, 0x08, 0x0C, 0x0C,  // 0x56D5 "创"
    0x25, 0x20, 0x0C, 0x0C,  // 0x56D6 "吹"
    0x25, 0x38, 0x0C, 0x0C,  // 0x56D7 "炊"
    0x25, 0x50, 0x0C, 0x0C,  // 0x56D8 "捶"
    0x25, 0x68, 0x0C, 0x0C,  // 0x56D9 "锤"
    0x25, 0x80, 0x0C, 0x0C,  // 0x56DA "垂"
    0x25, 0x98, 0x0C, 0x0C,  // 0x56DB "春"
    0x25, 0xB0, 0x0C, 0x0C,  // 0x56DC "椿"
    0x25, 0xC8, 0x0C, 0x0C,  // 0x56DD "醇"
    0x25, 0xE0, 0x0C, 0x0C,  // 0x56DE "唇"
    0x25, 0xF8, 0x0C, 0x0C,  // 0x56DF "淳"
    0x26, 0x10, 0x0C, 0x0C,  // 0x56E0 "纯"
    0x26, 0x28, 0x0C, 0x0C,  // 0x56E1 "蠢"
    0x26, 0x40, 0x0C, 0x0C,  // 0x56E2 "戳"
    0x26, 0x58, 0x0C, 0x0C,  // 0x56E3 "绰"
    0x26, 0x70, 0x0C, 0x0C,  // 0x56E4 "疵"
    0x26, 0x88, 0x0C, 0x0C,  // 0x56E5 "茨"
    0x26, 0xA0, 0x0C, 0x0C,  // 0x56E6 "磁"
    0x26, 0xB8, 0x0C, 0x0C,  // 0x56E7 "雌"
    0x26, 0xD0, 0x0C, 0x0C,  // 0x56E8 "辞"
    0x26, 0xE8, 0x0C, 0x0C,  // 0x56E9 "慈"
    0x27, 0x00, 0x0C, 0x0C,  // 0x56EA "瓷"
    0x27, 0x18, 0x0C, 0x0C,  // 0x56EB "词"
    0x27, 0x30, 0x0C, 0x0C,  // 0x56EC "此"
    0x27, 0x48, 0x0C, 0x0C,  // 0x56ED "刺"
    0x27, 0x60, 0x0C, 0x0C,  // 0x56EE "赐"
    0x27, 0x78, 0x0C, 0x0C,  // 0x56EF "次"
    0x27, 0x90, 0x0C, 0x0C,  // 0x56F0 "聪"
    0x27, 0xA8, 0x0C, 0x0C,  // 0x56F1 "葱"
    0x27, 0xC0, 0x0C, 0x0C,  // 0x56F2 "囱"
    0x27, 0xD8, 0x0C, 0x0C,  // 0x56F3 "匆"
    0x27, 0xF0, 0x0C, 0x0C,  // 0x56F4 "从"
    0x28, 0x08, 0x0C, 0x0C,  // 0x56F5 "丛"
    0x28, 0x20, 0x0C, 0x0C,  // 0x56F6 "凑"
    0x28, 0x38, 0x0C, 0x0C,  // 0x56F7 "粗"
    0x28, 0x50, 0x0C, 0x0C,  // 0x56F8 "醋"
    0x28, 0x68, 0x0C, 0x0C,  // 0x56F9 "簇"
    0x28, 0x80, 0x0C, 0x0C,  // 0x56FA "促"
    0x28, 0x98, 0x0C, 0x0C,  // 0x56FB "蹿"
    0x28, 0xB0, 0x0C, 0x0C,  // 0x56FC "篡"
    0x28, 0xC8, 0x0C, 0x0C,  // 0x56FD "窜"
    0x28, 0xE0, 0x0C, 0x0C,  // 0x56FE "摧"
    0x28, 0xF8, 0x0C, 0x0C,  // 0x56FF "崔"
    0x29, 0x10, 0x0C, 0x0C,  // 0x5700 "催"
    0x29, 0x28, 0x0C, 0x0C,  // 0x5701 "脆"
    0x29, 0x40, 0x0C, 0x0C,  // 0x5702 "瘁"
    0x29, 0x58, 0x0C, 0x0C,  // 0x5703 "粹"
    0x29, 0x70, 0x0C, 0x0C,  // 0x5704 "淬"
    0x29, 0x88, 0x0C, 0x0C,  // 0x5705 "翠"
    0x29, 0xA0, 0x0C, 0x0C,  // 0x5706 "村"
    0x29, 0xB8, 0x0C, 0x0C,  // 0x5707 "存"
    0x29, 0xD0, 0x0C, 0x0C,  // 0x5708 "寸"
    0x29, 0xE8, 0x0C, 0x0C,  // 0x5709 "磋"
    0x2A, 0x00, 0x0C, 0x0C,  // 0x570A "撮"
    0x2A, 0x18, 0x0C, 0x0C,  // 0x570B "搓"
    0x2A, 0x30, 0x0C, 0x0C,  // 0x570C "措"
    0x2A, 0x48, 0x0C, 0x0C,  // 0x570D "挫"
    0x2A, 0x60, 0x0C, 0x0C,  // 0x570E "错"
    0x2A, 0x78, 0x0C, 0x0C,  // 0x570F "搭"
    0x2A, 0x90, 0x0C, 0x0C,  // 0x5710 "达"
    0x2A, 0xA8, 0x0C, 0x0C,  // 0x5711 "答"
    0x2A, 0xC0, 0x0C, 0x0C,  // 0x5712 "瘩"
    0x2A, 0xD8, 0x0C, 0x0C,  // 0x5713 "打"
    0x2A, 0xF0, 0x0C, 0x0C,  // 0x5714 "大"
    0x2B, 0x08, 0x0C, 0x0C,  // 0x5715 "呆"
    0x2B, 0x20, 0x0C, 0x0C,  // 0x5716 "歹"
    0x2B, 0x38, 0x0C, 0x0C,  // 0x5717 "傣"
    0x2B, 0x50, 0x0C, 0x0C,  // 0x5718 "戴"
    0x2B, 0x68, 0x0C, 0x0C,  // 0x5719 "带"
    0x2B, 0x80, 0x0C, 0x0C,  // 0x571A "殆"
    0x2B, 0x98, 0x0C, 0x0C,  // 0x571B "代"
    0x2B, 0xB0, 0x0C, 0x0C,  // 0x571C "贷"
    0x2B, 0xC8, 0x0C, 0x0C,  // 0x571D "袋"
    0x2B, 0xE0, 0x0C, 0x0C,  // 0x571E "待"
    0x2B, 0xF8, 0x0C, 0x0C,  // 0x571F "逮"
    0x2C, 0x10, 0x0C, 0x0C,  // 0x5720 "怠"
    0x2C, 0x28, 0x0C, 0x0C,  // 0x5721 "耽"
    0x2C, 0x40, 0x0C, 0x0C,  // 0x5722 "担"
    0x2C, 0x58, 0x0C, 0x0C,  // 0x5723 "丹"
    0x2C, 0x70, 0x0C, 0x0C,  // 0x5724 "单"
    0x2C, 0x88, 0x0C, 0x0C,  // 0x5725 "郸"
    0x2C, 0xA0, 0x0C, 0x0C,  // 0x5726 "掸"
    0x2C, 0xB8, 0x0C, 0x0C,  // 0x5727 "胆"
    0x2C, 0xD0, 0x0C, 0x0C,  // 0x5728 "旦"
    0x2C, 0xE8, 0x0C, 0x0C,  // 0x5729 "氮"
    0x2D, 0x00, 0x0C, 0x0C,  // 0x572A "但"
    0x2D, 0x18, 0x0C, 0x0C,  // 0x572B "惮"
    0x2D, 0x30, 0x0C, 0x0C,  // 0x572C "淡"
    0x2D, 0x48, 0x0C, 0x0C,  // 0x572D "诞"
    0x2D, 0x60, 0x0C, 0x0C,  // 0x572E "弹"
    0x2D, 0x78, 0x0C, 0x0C,  // 0x572F "蛋"
    0x2D, 0x90, 0x0C, 0x0C,  // 0x5730 "当"
    0x2D, 0xA8, 0x0C, 0x0C,  // 0x5731 "挡"
    0x2D, 0xC0, 0x0C, 0x0C,  // 0x5732 "党"
    0x2D, 0xD8, 0x0C, 0x0C,  // 0x5733 "荡"
    0x2D, 0xF0, 0x0C, 0x0C,  // 0x5734 "档"
    0x2E, 0x08, 0x0C, 0x0C,  // 0x5735 "刀"
    0x2E, 0x20, 0x0C, 0x0C,  // 0x5736 "捣"
    0x2E, 0x38, 0x0C, 0x0C,  // 0x5737 "蹈"
    0x2E, 0x50, 0x0C, 0x0C,  // 0x5738 "倒"
    0x2E, 0x68, 0x0C, 0x0C,  // 0x5739 "岛"
    0x2E, 0x80, 0x0C, 0x0C,  // 0x573A "祷"
    0x2E, 0x98, 0x0C, 0x0C,  // 0x573B "导"
    0x2E, 0xB0, 0x0C, 0x0C,  // 0x573C "到"
    0x2E, 0xC8, 0x0C, 0x0C,  // 0x573D "稻"
    0x2E, 0xE0, 0x0C, 0x0C,  // 0x573E "悼"
    0x2E, 0xF8, 0x0C, 0x0C,  // 0x573F "道"
    0x2F, 0x10, 0x0C, 0x0C,  // 0x5740 "盗"
    0x2F, 0x28, 0x0C, 0x0C,  // 0x5741 "德"
    0x2F, 0x40, 0x0C, 0x0C,  // 0x5742 "得"
    0x2F, 0x58, 0x0C, 0x0C,  // 0x5743 "的"
    0x2F, 0x70, 0x0C, 0x0C,  // 0x5744 "蹬"
    0x2F, 0x88, 0x0C, 0x0C,  // 0x5745 "灯"
    0x2F, 0xA0, 0x0C, 0x0C,  // 0x5746 "登"
    0x2F, 0xB8, 0x0C, 0x0C,  // 0x5747 "等"
    0x2F, 0xD0, 0x0C, 0x0C,  // 0x5748 "瞪"
    0x2F, 0xE8, 0x0C, 0x0C,  // 0x5749 "凳"
    0x30, 0x00, 0x0C, 0x0C,  // 0x574A "邓"
    0x30, 0x18, 0x0C, 0x0C,  // 0x574B "堤"
    0x30, 0x30, 0x0C, 0x0C,  // 0x574C "低"
    0x30, 0x48, 0x0C, 0x0C,  // 0x574D "滴"
    0x30, 0x60, 0x0C, 0x0C,  // 0x574E "迪"
    0x30, 0x78, 0x0C, 0x0C,  // 0x574F "敌"
    0x30, 0x90, 0x0C, 0x0C,  // 0x5750 "笛"
    0x30, 0xA8, 0x0C, 0x0C,  // 0x5751 "狄"
    0x30, 0xC0, 0x0C, 0x0C,  // 0x5752 "涤"
    0x30, 0xD8, 0x0C, 0x0C,  // 0x5753 "翟"
    0x30, 0xF0, 0x0C, 0x0C,  // 0x5754 "嫡"
    0x31, 0x08, 0x0C, 0x0C,  // 0x5755 "抵"
    0x31, 0x20, 0x0C, 0x0C,  // 0x5756 "底"
    0x31, 0x38, 0x0C, 0x0C,  // 0x5757 "地"
    0x31, 0x50, 0x0C, 0x0C,  // 0x5758 "蒂"
    0x31, 0x68, 0x0C, 0x0C,  // 0x5759 "第"
    0x31, 0x80, 0x0C, 0x0C,  // 0x575A "帝"
    0x31, 0x98, 0x0C, 0x0C,  // 0x575B "弟"
    0x31, 0xB0, 0x0C, 0x0C,  // 0x575C "递"
    0x31, 0xC8, 0x0C, 0x0C,  // 0x575D "缔"
    0x31, 0xE0, 0x0C, 0x0C,  // 0x575E "颠"
    0x31, 0xF8, 0x0C, 0x0C,  // 0x575F "掂"
    0x32, 0x10, 0x0C, 0x0C,  // 0x5760 "滇"
    0x32, 0x28, 0x0C, 0x0C,  // 0x5761 "碘"
    0x32, 0x40, 0x0C, 0x0C,  // 0x5762 "点"
    0x32, 0x58, 0x0C, 0x0C,  // 0x5763 "典"
    0x32, 0x70, 0x0C, 0x0C,  // 0x5764 "靛"
    0x32, 0x88, 0x0C, 0x0C,  // 0x5765 "垫"
    0x32, 0xA0, 0x0C, 0x0C,  // 0x5766 "电"
    0x32, 0xB8, 0x0C, 0x0C,  // 0x5767 "佃"
    0x32, 0xD0, 0x0C, 0x0C,  // 0x5768 "甸"
    0x32, 0xE8, 0x0C, 0x0C,  // 0x5769 "店"
    0x33, 0x00, 0x0C, 0x0C,  // 0x576A "惦"
    0x33, 0x18, 0x0C, 0x0C,  // 0x576B "奠"
    0x33, 0x30, 0x0C, 0x0C,  // 0x576C "淀"
    0x33, 0x48, 0x0C, 0x0C,  // 0x576D "殿"
    0x33, 0x60, 0x0C, 0x0C,  // 0x576E "碉"
    0x33, 0x78, 0x0C, 0x0C,  // 0x576F "叼"
    0x33, 0x90, 0x0C, 0x0C,  // 0x5770 "雕"
    0x33, 0xA8, 0x0C, 0x0C,  // 0x5771 "凋"
    0x33, 0xC0, 0x0C, 0x0C,  // 0x5772 "刁"
    0x33, 0xD8, 0x0C, 0x0C,  // 0x5773 "掉"
    0x33, 0xF0, 0x0C, 0x0C,  // 0x5774 "吊"
    0x34, 0x08, 0x0C, 0x0C,  // 0x5775 "钓"
    0x34, 0x20, 0x0C, 0x0C,  // 0x5776 "调"
    0x34, 0x38, 0x0C, 0x0C,  // 0x5777 "跌"
    0x34, 0x50, 0x0C, 0x0C,  // 0x5778 "爹"
    0x34, 0x68, 0x0C, 0x0C,  // 0x5779 "碟"
    0x34, 0x80, 0x0C, 0x0C,  // 0x577A "蝶"
    0x34, 0x98, 0x0C, 0x0C,  // 0x577B "迭"
    0x34, 0xB0, 0x0C, 0x0C,  // 0x577C "谍"
    0x34, 0xC8, 0x0C, 0x0C,  // 0x577D "叠"
    0x34, 0xE0, 0x0C, 0x0C,  // 0x577E "丁"
    0x34, 0xF8, 0x0C, 0x0C,  // 0x577F "盯"
    0x35, 0x10, 0x0C, 0x0C,  // 0x5780 "叮"
    0x35, 0x28, 0x0C, 0x0C,  // 0x5781 "钉"
    0x35, 0x40, 0x0C, 0x0C,  // 0x5782 "顶"
    0x35, 0x58, 0x0C, 0x0C,  // 0x5783 "鼎"
    0x35, 0x70, 0x0C, 0x0C,  // 0x5784 "锭"
    0x35, 0x88, 0x0C, 0x0C,  // 0x5785 "定"
    0x35, 0xA0, 0x0C, 0x0C,  // 0x5786 "订"
    0x35, 0xB8, 0x0C, 0x0C,  // 0x5787 "丢"
    0x35, 0xD0, 0x0C, 0x0C,  // 0x5788 "东"
    0x35, 0xE8, 0x0C, 0x0C,  // 0x5789 "冬"
    0x36, 0x00, 0x0C, 0x0C,  // 0x578A "董"
    0x36, 0x18, 0x0C, 0x0C,  // 0x578B "懂"
    0x36, 0x30, 0x0C, 0x0C,  // 0x578C "动"
    0x36, 0x48, 0x0C, 0x0C,  // 0x578D "栋"
    0x36, 0x60, 0x0C, 0x0C,  // 0x578E "侗"
    0x36, 0x78, 0x0C, 0x0C,  // 0x578F "恫"
    0x36, 0x90, 0x0C, 0x0C,  // 0x5790 "冻"
    0x36, 0xA8, 0x0C, 0x0C,  // 0x5791 "洞"
    0x36, 0xC0, 0x0C, 0x0C,  // 0x5792 "兜"
    0x36, 0xD8, 0x0C, 0x0C,  // 0x5793 "抖"
    0x36, 0xF0, 0x0C, 0x0C,  // 0x5794 "斗"
    0x37, 0x08, 0x0C, 0x0C,  // 0x5795 "陡"
    0x37, 0x20, 0x0C, 0x0C,  // 0x5796 "豆"
    0x37, 0x38, 0x0C, 0x0C,  // 0x5797 "逗"
    0x37, 0x50, 0x0C, 0x0C,  // 0x5798 "痘"
    0x37, 0x68, 0x0C, 0x0C,  // 0x5799 "都"
    0x37, 0x80, 0x0C, 0x0C,  // 0x579A "督"
    0x37, 0x98, 0x0C, 0x0C,  // 0x579B "毒"
    0x37, 0xB0, 0x0C, 0x0C,  // 0x579C "犊"
    0x37, 0xC8, 0x0C, 0x0C,  // 0x579D "独"
    0x37, 0xE0, 0x0C, 0x0C,  // 0x579E "读"
    0x37, 0xF8, 0x0C, 0x0C,  // 0x579F "堵"
    0x38, 0x10, 0x0C, 0x0C,  // 0x57A0 "睹"
    0x38, 0x28, 0x0C, 0x0C,  // 0x57A1 "赌"
    0x38, 0x40, 0x0C, 0x0C,  // 0x57A2 "杜"
    0x38, 0x58, 0x0C, 0x0C,  // 0x57A3 "镀"
    0x38, 0x70, 0x0C, 0x0C,  // 0x57A4 "肚"
    0x38, 0x88, 0x0C, 0x0C,  // 0x57A5 "度"
    0x38, 0xA0, 0x0C, 0x0C,  // 0x57A6 "渡"
    0x38, 0xB8, 0x0C, 0x0C,  // 0x57A7 "妒"
    0x38, 0xD0, 0x0C, 0x0C,  // 0x57A8 "端"
    0x38, 0xE8, 0x0C, 0x0C,  // 0x57A9 "短"
    0x39, 0x00, 0x0C, 0x0C,  // 0x57AA "锻"
    0x39, 0x18, 0x0C, 0x0C,  // 0x57AB "段"
    0x39, 0x30, 0x0C, 0x0C,  // 0x57AC "断"
    0x39, 0x48, 0x0C, 0x0C,  // 0x57AD "缎"
    0x39, 0x60, 0x0C, 0x0C,  // 0x57AE "堆"
    0x39, 0x78, 0x0C, 0x0C,  // 0x57AF "兑"
    0x39, 0x90, 0x0C, 0x0C,  // 0x57B0 "队"
    0x39, 0xA8, 0x0C, 0x0C,  // 0x57B1 "对"
    0x39, 0xC0, 0x0C, 0x0C,  // 0x57B2 "墩"
    0x39, 0xD8, 0x0C, 0x0C,  // 0x57B3 "吨"
    0x39, 0xF0, 0x0C, 0x0C,  // 0x57B4 "蹲"
    0x3A, 0x08, 0x0C, 0x0C,  // 0x57B5 "敦"
    0x3A, 0x20, 0x0C, 0x0C,  // 0x57B6 "顿"
    0x3A, 0x38, 0x0C, 0x0C,  // 0x57B7 "囤"
    0x3A, 0x50, 0x0C, 0x0C,  // 0x57B8 "钝"
    0x3A, 0x68, 0x0C, 0x0C,  // 0x57B9 "盾"
    0x3A, 0x80, 0x0C, 0x0C,  // 0x57BA "遁"
    0x3A, 0x98, 0x0C, 0x0C,  // 0x57BB "掇"
    0x3A, 0xB0, 0x0C, 0x0C,  // 0x57BC "哆"
    0x3A, 0xC8, 0x0C, 0x0C,  // 0x57BD "多"
    0x3A, 0xE0, 0x0C, 0x0C,  // 0x57BE "夺"
    0x3A, 0xF8, 0x0C, 0x0C,  // 0x57BF "垛"
    0x3B, 0x10, 0x0C, 0x0C,  // 0x57C0 "躲"
    0x3B, 0x28, 0x0C, 0x0C,  // 0x57C1 "朵"
    0x3B, 0x40, 0x0C, 0x0C,  // 0x57C2 "跺"
    0x3B, 0x58, 0x0C, 0x0C,  // 0x57C3 "舵"
    0x3B, 0x70, 0x0C, 0x0C,  // 0x57C4 "剁"
    0x3B, 0x88, 0x0C, 0x0C,  // 0x57C5 "惰"
    0x3B, 0xA0, 0x0C, 0x0C,  // 0x57C6 "堕"
    0x3B, 0xB8, 0x0C, 0x0C,  // 0x57C7 "蛾"
    0x3B, 0xD0, 0x0C, 0x0C,  // 0x57C8 "峨"
    0x3B, 0xE8, 0x0C, 0x0C,  // 0x57C9 "鹅"
    0x3C, 0x00, 0x0C, 0x0C,  // 0x57CA "俄"
    0x3C, 0x18, 0x0C, 0x0C,  // 0x57CB "额"
    0x3C, 0x30, 0x0C, 0x0C,  // 0x57CC "讹"
    0x3C, 0x48, 0x0C, 0x0C,  // 0x57CD "娥"
    0x3C, 0x60, 0x0C, 0x0C,  // 0x57CE "恶"
    0x3C, 0x78, 0x0C, 0x0C,  // 0x57CF "厄"
    0x3C, 0x90, 0x0C, 0x0C,  // 0x57D0 "扼"
    0x3C, 0xA8, 0x0C, 0x0C,  // 0x57D1 "遏"
    0x3C, 0xC0, 0x0C, 0x0C,  // 0x57D2 "鄂"
    0x3C, 0xD8, 0x0C, 0x0C,  // 0x57D3 "饿"
    0x3C, 0xF0, 0x0C, 0x0C,  // 0x57D4 "恩"
    0x3D, 0x08, 0x0C, 0x0C,  // 0x57D5 "而"
    0x3D, 0x20, 0x0C, 0x0C,  // 0x57D6 "儿"
    0x3D, 0x38, 0x0C, 0x0C,  // 0x57D7 "耳"
    0x3D, 0x50, 0x0C, 0x0C,  // 0x57D8 "尔"
    0x3D, 0x68, 0x0C, 0x0C,  // 0x57D9 "饵"
    0x3D, 0x80, 0x0C, 0x0C,  // 0x57DA "洱"
    0x3D, 0x98, 0x0C, 0x0C,  // 0x57DB "二"
    0x3D, 0xB0, 0x0C, 0x0C,  // 0x57DC "贰"
    0x3D, 0xC8, 0x0C, 0x0C,  // 0x57DD "发"
    0x3D, 0xE0, 0x0C, 0x0C,  // 0x57DE "罚"
    0x3D, 0xF8, 0x0C, 0x0C,  // 0x57DF "筏"
    0x3E, 0x10, 0x0C, 0x0C,  // 0x57E0 "伐"
    0x3E, 0x28, 0x0C, 0x0C,  // 0x57E1 "乏"
    0x3E, 0x40, 0x0C, 0x0C,  // 0x57E2 "阀"
    0x3E, 0x58, 0x0C, 0x0C,  // 0x57E3 "法"
    0x3E, 0x70, 0x0C, 0x0C,  // 0x57E4 "珐"
    0x3E, 0x88, 0x0C, 0x0C,  // 0x57E5 "藩"
    0x3E, 0xA0, 0x0C, 0x0C,  // 0x57E6 "帆"
    0x3E, 0xB8, 0x0C, 0x0C,  // 0x57E7 "番"
    0x3E, 0xD0, 0x0C, 0x0C,  // 0x57E8 "翻"
    0x3E, 0xE8, 0x0C, 0x0C,  // 0x57E9 "樊"
    0x3F, 0x00, 0x0C, 0x0C,  // 0x57EA "矾"
    0x3F, 0x18, 0x0C, 0x0C,  // 0x57EB "钒"
    0x3F, 0x30, 0x0C, 0x0C,  // 0x57EC "繁"
    0x3F, 0x48, 0x0C, 0x0C,  // 0x57ED "凡"
    0x3F, 0x60, 0x0C, 0x0C,  // 0x57EE "烦"
    0x3F, 0x78, 0x0C, 0x0C,  // 0x57EF "反"
    0x3F, 0x90, 0x0C, 0x0C,  // 0x57F0 "返"
    0x3F, 0xA8, 0x0C, 0x0C,  // 0x57F1 "范"
    0x3F, 0xC0, 0x0C, 0x0C,  // 0x57F2 "贩"
    0x3F, 0xD8, 0x0C, 0x0C,  // 0x57F3 "犯"
    0x3F, 0xF0, 0x0C, 0x0C,  // 0x57F4 "饭"
    0x40, 0x08, 0x0C, 0x0C,  // 0x57F5 "泛"
    0x40, 0x20, 0x0C, 0x0C,  // 0x57F6 "坊"
    0x40, 0x38, 0x0C, 0x0C,  // 0x57F7 "芳"
    0x40, 0x50, 0x0C, 0x0C,  // 0x57F8 "方"
    0x40, 0x68, 0x0C, 0x0C,  // 0x57F9 "肪"
    0x40, 0x80, 0x0C, 0x0C,  // 0x57FA "房"
    0x40, 0x98, 0x0C, 0x0C,  // 0x57FB "防"
    0x40, 0xB0, 0x0C, 0x0C,  // 0x57FC "妨"
    0x40, 0xC8, 0x0C, 0x0C,  // 0x57FD "仿"
    0x40, 0xE0, 0x0C, 0x0C,  // 0x57FE "访"
    0x40, 0xF8, 0x0C, 0x0C,  // 0x57FF "纺"
    0x41, 0x10, 0x0C, 0x0C,  // 0x5800 "放"
    0x41, 0x28, 0x0C, 0x0C,  // 0x5801 "菲"
    0x41, 0x40, 0x0C, 0x0C,  // 0x5802 "非"
    0x41, 0x58, 0x0C, 0x0C,  // 0x5803 "啡"
    0x41, 0x70, 0x0C, 0x0C,  // 0x5804 "飞"
    0x41, 0x88, 0x0C, 0x0C,  // 0x5805 "肥"
    0x41, 0xA0, 0x0C, 0x0C,  // 0x5806 "匪"
    0x41, 0xB8, 0x0C, 0x0C,  // 0x5807 "诽"
    0x41, 0xD0, 0x0C, 0x0C,  // 0x5808 "吠"
    0x41, 0xE8, 0x0C, 0x0C,  // 0x5809 "肺"
    0x42, 0x00, 0x0C, 0x0C,  // 0x580A "废"
    0x42, 0x18, 0x0C, 0x0C,  // 0x580B "沸"
    0x42, 0x30, 0x0C, 0x0C,  // 0x580C "费"
    0x42, 0x48, 0x0C, 0x0C,  // 0x580D "芬"
    0x42, 0x60, 0x0C, 0x0C,  // 0x580E "酚"
    0x42, 0x78, 0x0C, 0x0C,  // 0x580F "吩"
    0x42, 0x90, 0x0C, 0x0C,  // 0x5810 "氛"
    0x42, 0xA8, 0x0C, 0x0C,  // 0x5811 "分"
    0x42, 0xC0, 0x0C, 0x0C,  // 0x5812 "纷"
    0x42, 0xD8, 0x0C, 0x0C,  // 0x5813 "坟"
    0x42, 0xF0, 0x0C, 0x0C,  // 0x5814 "焚"
    0x43, 0x08, 0x0C, 0x0C,  // 0x5815 "汾"
    0x43, 0x20, 0x0C, 0x0C,  // 0x5816 "粉"
    0x43, 0x38, 0x0C, 0x0C,  // 0x5817 "奋"
    0x43, 0x50, 0x0C, 0x0C,  // 0x5818 "份"
    0x43, 0x68, 0x0C, 0x0C,  // 0x5819 "忿"
    0x43, 0x80, 0x0C, 0x0C,  // 0x581A "愤"
    0x43, 0x98, 0x0C, 0x0C,  // 0x581B "粪"
    0x43, 0xB0, 0x0C, 0x0C,  // 0x581C "丰"
    0x43, 0xC8, 0x0C, 0x0C,  // 0x581D "封"
    0x43, 0xE0, 0x0C, 0x0C,  // 0x581E "枫"
    0x43, 0xF8, 0x0C, 0x0C,  // 0x581F "蜂"
    0x44, 0x10, 0x0C, 0x0C,  // 0x5820 "峰"
    0x44, 0x28, 0x0C, 0x0C,  // 0x5821 "锋"
    0x44, 0x40, 0x0C, 0x0C,  // 0x5822 "风"
    0x44, 0x58, 0x0C, 0x0C,  // 0x5823 "疯"
    0x44, 0x70, 0x0C, 0x0C,  // 0x5824 "烽"
    0x44, 0x88, 0x0C, 0x0C,  // 0x5825 "逢"
    0x44, 0xA0, 0x0C, 0x0C,  // 0x5826 "冯"
    0x44, 0xB8, 0x0C, 0x0C,  // 0x5827 "缝"
    0x44, 0xD0, 0x0C, 0x0C,  // 0x5828 "讽"
    0x44, 0xE8, 0x0C, 0x0C,  // 0x5829 "奉"
    0x45, 0x00, 0x0C, 0x0C,  // 0x582A "凤"
    0x45, 0x18, 0x0C, 0x0C,  // 0x582B "佛"
    0x45, 0x30, 0x0C, 0x0C,  // 0x582C "否"
    0x45, 0x48, 0x0C, 0x0C,  // 0x582D "夫"
    0x45, 0x60, 0x0C, 0x0C,  // 0x582E "敷"
    0x45, 0x78, 0x0C, 0x0C,  // 0x582F "肤"
    0x45, 0x90, 0x0C, 0x0C,  // 0x5830 "孵"
    0x45, 0xA8, 0x0C, 0x0C,  // 0x5831 "扶"
    0x45, 0xC0, 0x0C, 0x0C,  // 0x5832 "拂"
    0x45, 0xD8, 0x0C, 0x0C,  // 0x5833 "辐"
    0x45, 0xF0, 0x0C, 0x0C,  // 0x5834 "幅"
    0x46, 0x08, 0x0C, 0x0C,  // 0x5835 "氟"
    0x46, 0x20, 0x0C, 0x0C,  // 0x5836 "符"
    0x46, 0x38, 0x0C, 0x0C,  // 0x5837 "伏"
    0x46, 0x50, 0x0C, 0x0C,  // 0x5838 "俘"
    0x46, 0x68, 0x0C, 0x0C,  // 0x5839 "服"
    0x46, 0x80, 0x0C, 0x0C,  // 0x583A "浮"
    0x46, 0x98, 0x0C, 0x0C,  // 0x583B "涪"
    0x46, 0xB0, 0x0C, 0x0C,  // 0x583C "福"
    0x46, 0xC8, 0x0C, 0x0C,  // 0x583D "袱"
    0x46, 0xE0, 0x0C, 0x0C,  // 0x583E "弗"
    0x46, 0xF8, 0x0C, 0x0C,  // 0x583F "甫"
    0x47, 0x10, 0x0C, 0x0C,  // 0x5840 "抚"
    0x47, 0x28, 0x0C, 0x0C,  // 0x5841 "辅"
    0x47, 0x40, 0x0C, 0x0C,  // 0x5842 "俯"
    0x47, 0x58, 0x0C, 0x0C,  // 0x5843 "釜"
    0x47, 0x70, 0x0C, 0x0C,  // 0x5844 "斧"
    0x47, 0x88, 0x0C, 0x0C,  // 0x5845 "脯"
    0x47, 0xA0, 0x0C, 0x0C,  // 0x5846 "腑"
    0x47, 0xB8, 0x0C, 0x0C,  // 0x5847 "府"
    0x47, 0xD0, 0x0C, 0x0C,  // 0x5848 "腐"
    0x47, 0xE8, 0x0C, 0x0C,  // 0x5849 "赴"
    0x48, 0x00, 0x0C, 0x0C,  // 0x584A "副"
    0x48, 0x18, 0x0C, 0x0C,  // 0x584B "覆"
    0x48, 0x30, 0x0C, 0x0C,  // 0x584C "赋"
    0x48, 0x48, 0x0C, 0x0C,  // 0x584D "复"
    0x48, 0x60, 0x0C, 0x0C,  // 0x584E "傅"
    0x48, 0x78, 0x0C, 0x0C,  // 0x584F "付"
    0x48, 0x90, 0x0C, 0x0C,  // 0x5850 "阜"
    0x48, 0xA8, 0x0C, 0x0C,  // 0x5851 "父"
    0x48, 0xC0, 0x0C, 0x0C,  // 0x5852 "腹"
    0x48, 0xD8, 0x0C, 0x0C,  // 0x5853 "负"
    0x48, 0xF0, 0x0C, 0x0C,  // 0x5854 "富"
    0x49, 0x08, 0x0C, 0x0C,  // 0x5855 "讣"
    0x49, 0x20, 0x0C, 0x0C,  // 0x5856 "附"
    0x49, 0x38, 0x0C, 0x0C,  // 0x5857 "妇"
    0x49, 0x50, 0x0C, 0x0C,  // 0x5858 "缚"
    0x49, 0x68, 0x0C, 0x0C,  // 0x5859 "咐"
    0x49, 0x80, 0x0C, 0x0C,  // 0x585A "噶"
    0x49, 0x98, 0x0C, 0x0C,  // 0x585B "嘎"
    0x49, 0xB0, 0x0C, 0x0C,  // 0x585C "该"
    0x49, 0xC8, 0x0C, 0x0C,  // 0x585D "改"
    0x49, 0xE0, 0x0C, 0x0C,  // 0x585E "概"
    0x49, 0xF8, 0x0C, 0x0C,  // 0x585F "钙"
    0x4A, 0x10, 0x0C, 0x0C,  // 0x5860 "盖"
    0x4A, 0x28, 0x0C, 0x0C,  // 0x5861 "溉"
    0x4A, 0x40, 0x0C, 0x0C,  // 0x5862 "干"
    0x4A, 0x58, 0x0C, 0x0C,  // 0x5863 "甘"
    0x4A, 0x70, 0x0C, 0x0C,  // 0x5864 "杆"
    0x4A, 0x88, 0x0C, 0x0C,  // 0x5865 "柑"
    0x4A, 0xA0, 0x0C, 0x0C,  // 0x5866 "竿"
    0x4A, 0xB8, 0x0C, 0x0C,  // 0x5867 "肝"
    0x4A, 0xD0, 0x0C, 0x0C,  // 0x5868 "赶"
    0x4A, 0xE8, 0x0C, 0x0C,  // 0x5869 "感"
    0x4B, 0x00, 0x0C, 0x0C,  // 0x586A "秆"
    0x4B, 0x18, 0x0C, 0x0C,  // 0x586B "敢"
    0x4B, 0x30, 0x0C, 0x0C,  // 0x586C "赣"
    0x4B, 0x48, 0x0C, 0x0C,  // 0x586D "冈"
    0x4B, 0x60, 0x0C, 0x0C,  // 0x586E "刚"
    0x4B, 0x78, 0x0C, 0x0C,  // 0x586F "钢"
    0x4B, 0x90, 0x0C, 0x0C,  // 0x5870 "缸"
    0x4B, 0xA8, 0x0C, 0x0C,  // 0x5871 "肛"
    0x4B, 0xC0, 0x0C, 0x0C,  // 0x5872 "纲"
    0x4B, 0xD8, 0x0C, 0x0C,  // 0x5873 "岗"
    0x4B, 0xF0, 0x0C, 0x0C,  // 0x5874 "港"
    0x4C, 0x08, 0x0C, 0x0C,  // 0x5875 "杠"
    0x4C, 0x20, 0x0C, 0x0C,  // 0x5876 "篙"
    0x4C, 0x38, 0x0C, 0x0C,  // 0x5877 "皋"
    0x4C, 0x50, 0x0C, 0x0C,  // 0x5878 "高"
    0x4C, 0x68, 0x0C, 0x0C,  // 0x5879 "膏"
    0x4C, 0x80, 0x0C, 0x0C,  // 0x587A "羔"
    0x4C, 0x98, 0x0C, 0x0C,  // 0x587B "糕"
    0x4C, 0xB0, 0x0C, 0x0C,  // 0x587C "搞"
    0x4C, 0xC8, 0x0C, 0x0C,  // 0x587D "镐"
    0x4C, 0xE0, 0x0C, 0x0C,  // 0x587E "稿"
    0x4C, 0xF8, 0x0C, 0x0C,  // 0x587F "告"
    0x4D, 0x10, 0x0C, 0x0C,  // 0x5880 "哥"
    0x4D, 0x28, 0x0C, 0x0C,  // 0x5881 "歌"
    0x4D, 0x40, 0x0C, 0x0C,  // 0x5882 "搁"
    0x4D, 0x58, 0x0C, 0x0C,  // 0x5883 "戈"
    0x4D, 0x70, 0x0C, 0x0C,  // 0x5884 "鸽"
    0x4D, 0x88, 0x0C, 0x0C,  // 0x5885 "胳"
    0x4D, 0xA0, 0x0C, 0x0C,  // 0x5886 "疙"
    0x4D, 0xB8, 0x0C, 0x0C,  // 0x5887 "割"
    0x4D, 0xD0, 0x0C, 0x0C,  // 0x5888 "革"
    0x4D, 0xE8, 0x0C, 0x0C,  // 0x5889 "葛"
    0x4E, 0x00, 0x0C, 0x0C,  // 0x588A "格"
    0x4E, 0x18, 0x0C, 0x0C,  // 0x588B "蛤"
    0x4E, 0x30, 0x0C, 0x0C,  // 0x588C "阁"
    0x4E, 0x48, 0x0C, 0x0C,  // 0x588D "隔"
    0x4E, 0x60, 0x0C, 0x0C,  // 0x588E "铬"
    0x4E, 0x78, 0x0C, 0x0C,  // 0x588F "个"
    0x4E, 0x90, 0x0C, 0x0C,  // 0x5890 "各"
    0x4E, 0xA8, 0x0C, 0x0C,  // 0x5891 "给"
    0x4E, 0xC0, 0x0C, 0x0C,  // 0x5892 "根"
    0x4E, 0xD8, 0x0C, 0x0C,  // 0x5893 "跟"
    0x4E, 0xF0, 0x0C, 0x0C,  // 0x5894 "耕"
    0x4F, 0x08, 0x0C, 0x0C,  // 0x5895 "更"
    0x4F, 0x20, 0x0C, 0x0C,  // 0x5896 "庚"
    0x4F, 0x38, 0x0C, 0x0C,  // 0x5897 "羹"
    0x4F, 0x50, 0x0C, 0x0C,  // 0x5898 "埂"
    0x4F, 0x68, 0x0C, 0x0C,  // 0x5899 "耿"
    0x4F, 0x80, 0x0C, 0x0C,  // 0x589A "梗"
    0x4F, 0x98, 0x0C, 0x0C,  // 0x589B "工"
    0x4F, 0xB0, 0x0C, 0x0C,  // 0x589C "攻"
    0x4F, 0xC8, 0x0C, 0x0C,  // 0x589D "功"
    0x4F, 0xE0, 0x0C, 0x0C,  // 0x589E "恭"
    0x4F, 0xF8, 0x0C, 0x0C,  // 0x589F "龚"
    0x50, 0x10, 0x0C, 0x0C,  // 0x58A0 "供"
    0x50, 0x28, 0x0C, 0x0C,  // 0x58A1 "躬"
    0x50, 0x40, 0x0C, 0x0C,  // 0x58A2 "公"
    0x50, 0x58, 0x0C, 0x0C,  // 0x58A3 "宫"
    0x50, 0x70, 0x0C, 0x0C,  // 0x58A4 "弓"
    0x50, 0x88, 0x0C, 0x0C,  // 0x58A5 "巩"
    0x50, 0xA0, 0x0C, 0x0C,  // 0x58A6 "汞"
    0x50, 0xB8, 0x0C, 0x0C,  // 0x58A7 "拱"
    0x50, 0xD0, 0x0C, 0x0C,  // 0x58A8 "贡"
    0x50, 0xE8, 0x0C, 0x0C,  // 0x58A9 "共"
    0x51, 0x00, 0x0C, 0x0C,  // 0x58AA "钩"
    0x51, 0x18, 0x0C, 0x0C,  // 0x58AB "勾"
    0x51, 0x30, 0x0C, 0x0C,  // 0x58AC "沟"
    0x51, 0x48, 0x0C, 0x0C,  // 0x58AD "苟"
    0x51, 0x60, 0x0C, 0x0C,  // 0x58AE "狗"
    0x51, 0x78, 0x0C, 0x0C,  // 0x58AF "垢"
    0x51, 0x90, 0x0C, 0x0C,  // 0x58B0 "构"
    0x51, 0xA8, 0x0C, 0x0C,  // 0x58B1 "购"
    0x51, 0xC0, 0x0C, 0x0C,  // 0x58B2 "够"
    0x51, 0xD8, 0x0C, 0x0C,  // 0x58B3 "辜"
    0x51, 0xF0, 0x0C, 0x0C,  // 0x58B4 "菇"
    0x52, 0x08, 0x0C, 0x0C,  // 0x58B5 "咕"
    0x52, 0x20, 0x0C, 0x0C,  // 0x58B6 "箍"
    0x52, 0x38, 0x0C, 0x0C,  // 0x58B7 "估"
    0x52, 0x50, 0x0C, 0x0C,  // 0x58B8 "沽"
    0x52, 0x68, 0x0C, 0x0C,  // 0x58B9 "孤"
    0x52, 0x80, 0x0C, 0x0C,  // 0x58BA "姑"
    0x52, 0x98, 0x0C, 0x0C,  // 0x58BB "鼓"
    0x52, 0xB0, 0x0C, 0x0C,  // 0x58BC "古"
    0x52, 0xC8, 0x0C, 0x0C,  // 0x58BD "蛊"
    0x52, 0xE0, 0x0C, 0x0C,  // 0x58BE "骨"
    0x52, 0xF8, 0x0C, 0x0C,  // 0x58BF "谷"
    0x53, 0x10, 0x0C, 0x0C,  // 0x58C0 "股"
    0x53, 0x28, 0x0C, 0x0C,  // 0x58C1 "故"
    0x53, 0x40, 0x0C, 0x0C,  // 0x58C2 "顾"
    0x53, 0x58, 0x0C, 0x0C,  // 0x58C3 "固"
    0x53, 0x70, 0x0C, 0x0C,  // 0x58C4 "雇"
    0x53, 0x88, 0x0C, 0x0C,  // 0x58C5 "刮"
    0x53, 0xA0, 0x0C, 0x0C,  // 0x58C6 "瓜"
    0x53, 0xB8, 0x0C, 0x0C,  // 0x58C7 "剐"
    0x53, 0xD0, 0x0C, 0x0C,  // 0x58C8 "寡"
    0x53, 0xE8, 0x0C, 0x0C,  // 0x58C9 "挂"
    0x54, 0x00, 0x0C, 0x0C,  // 0x58CA "褂"
    0x54, 0x18, 0x0C, 0x0C,  // 0x58CB "乖"
    0x54, 0x30, 0x0C, 0x0C,  // 0x58CC "拐"
    0x54, 0x48, 0x0C, 0x0C,  // 0x58CD "怪"
    0x54, 0x60, 0x0C, 0x0C,  // 0x58CE "棺"
    0x54, 0x78, 0x0C, 0x0C,  // 0x58CF "关"
    0x54, 0x90, 0x0C, 0x0C,  // 0x58D0 "官"
    0x54, 0xA8, 0x0C, 0x0C,  // 0x58D1 "冠"
    0x54, 0xC0, 0x0C, 0x0C,  // 0x58D2 "观"
    0x54, 0xD8, 0x0C, 0x0C,  // 0x58D3 "管"
    0x54, 0xF0, 0x0C, 0x0C,  // 0x58D4 "馆"
    0x55, 0x08, 0x0C, 0x0C,  // 0x58D5 "罐"
    0x55, 0x20, 0x0C, 0x0C,  // 0x58D6 "惯"
    0x55, 0x38, 0x0C, 0x0C,  // 0x58D7 "灌"
    0x55, 0x50, 0x0C, 0x0C,  // 0x58D8 "贯"
    0x55, 0x68, 0x0C, 0x0C,  // 0x58D9 "光"
    0x55, 0x80, 0x0C, 0x0C,  // 0x58DA "广"
    0x55, 0x98, 0x0C, 0x0C,  // 0x58DB "逛"
    0x55, 0xB0, 0x0C, 0x0C,  // 0x58DC "瑰"
    0x55, 0xC8, 0x0C, 0x0C,  // 0x58DD "规"
    0x55, 0xE0, 0x0C, 0x0C,  // 0x58DE "圭"
    0x55, 0xF8, 0x0C, 0x0C,  // 0x58DF "硅"
    0x56, 0x10, 0x0C, 0x0C,  // 0x58E0 "归"
    0x56, 0x28, 0x0C, 0x0C,  // 0x58E1 "龟"
    0x56, 0x40, 0x0C, 0x0C,  // 0x58E2 "闺"
    0x56, 0x58, 0x0C, 0x0C,  // 0x58E3 "轨"
    0x56, 0x70, 0x0C, 0x0C,  // 0x58E4 "鬼"
    0x56, 0x88, 0x0C, 0x0C,  // 0x58E5 "诡"
    0x56, 0xA0, 0x0C, 0x0C,  // 0x58E6 "癸"
    0x56, 0xB8, 0x0C, 0x0C,  // 0x58E7 "桂"
    0x56, 0xD0, 0x0C, 0x0C,  // 0x58E8 "柜"
    0x56, 0xE8, 0x0C, 0x0C,  // 0x58E9 "跪"
    0x57, 0x00, 0x0C, 0x0C,  // 0x58EA "贵"
    0x57, 0x18, 0x0C, 0x0C,  // 0x58EB "刽"
    0x57, 0x30, 0x0C, 0x0C,  // 0x58EC "辊"
    0x57, 0x48, 0x0C, 0x0C,  // 0x58ED "滚"
    0x57, 0x60, 0x0C, 0x0C,  // 0x58EE "棍"
    0x57, 0x78, 0x0C, 0x0C,  // 0x58EF "锅"
    0x57, 0x90, 0x0C, 0x0C,  // 0x58F0 "郭"
    0x57, 0xA8, 0x0C, 0x0C,  // 0x58F1 "国"
    0x57, 0xC0, 0x0C, 0x0C,  // 0x58F2 "果"
    0x57, 0xD8, 0x0C, 0x0C,  // 0x58F3 "裹"
    0x57, 0xF0, 0x0C, 0x0C,  // 0x58F4 "过"
    0x58, 0x08, 0x0C, 0x0C,  // 0x58F5 "哈"
    0x58, 0x20, 0x0C, 0x0C,  // 0x58F6 "骸"
    0x58, 0x38, 0x0C, 0x0C,  // 0x58F7 "孩"
    0x58, 0x50, 0x0C, 0x0C,  // 0x58F8 "海"
    0x58, 0x68, 0x0C, 0x0C,  // 0x58F9 "氦"
    0x58, 0x80, 0x0C, 0x0C,  // 0x58FA "亥"
    0x58, 0x98, 0x0C, 0x0C,  // 0x58FB "害"
    0x58, 0xB0, 0x0C, 0x0C,  // 0x58FC "骇"
    0x58, 0xC8, 0x0C, 0x0C,  // 0x58FD "酣"
    0x58, 0xE0, 0x0C, 0x0C,  // 0x58FE "憨"
    0x58, 0xF8, 0x0C, 0x0C,  // 0x58FF "邯"
    0x59, 0x10, 0x0C, 0x0C,  // 0x5900 "韩"
    0x59, 0x28, 0x0C, 0x0C,  // 0x5901 "含"
    0x59, 0x40, 0x0C, 0x0C,  // 0x5902 "涵"
    0x59, 0x58, 0x0C, 0x0C,  // 0x5903 "寒"
    0x59, 0x70, 0x0C, 0x0C,  // 0x5904 "函"
    0x59, 0x88, 0x0C, 0x0C,  // 0x5905 "喊"
    0x59, 0xA0, 0x0C, 0x0C,  // 0x5906 "罕"
    0x59, 0xB8, 0x0C, 0x0C,  // 0x5907 "翰"
    0x59, 0xD0, 0x0C, 0x0C,  // 0x5908 "撼"
    0x59, 0xE8, 0x0C, 0x0C,  // 0x5909 "捍"
    0x5A, 0x00, 0x0C, 0x0C,  // 0x590A "旱"
    0x5A, 0x18, 0x0C, 0x0C,  // 0x590B "憾"
    0x5A, 0x30, 0x0C, 0x0C,  // 0x590C "悍"
    0x5A, 0x48, 0x0C, 0x0C,  // 0x590D "焊"
    0x5A, 0x60, 0x0C, 0x0C,  // 0x590E "汗"
    0x5A, 0x78, 0x0C, 0x0C,  // 0x590F "汉"
    0x5A, 0x90, 0x0C, 0x0C,  // 0x5910 "夯"
    0x5A, 0xA8, 0x0C, 0x0C,  // 0x5911 "杭"
    0x5A, 0xC0, 0x0C, 0x0C,  // 0x5912 "航"
    0x5A, 0xD8, 0x0C, 0x0C,  // 0x5913 "壕"
    0x5A, 0xF0, 0x0C, 0x0C,  // 0x5914 "嚎"
    0x5B, 0x08, 0x0C, 0x0C,  // 0x5915 "豪"
    0x5B, 0x20, 0x0C, 0x0C,  // 0x5916 "毫"
    0x5B, 0x38, 0x0C, 0x0C,  // 0x5917 "郝"
    0x5B, 0x50, 0x0C, 0x0C,  // 0x5918 "好"
    0x5B, 0x68, 0x0C, 0x0C,  // 0x5919 "耗"
    0x5B, 0x80, 0x0C, 0x0C,  // 0x591A "号"
    0x5B, 0x98, 0x0C, 0x0C,  // 0x591B "浩"
    0x5B, 0xB0, 0x0C, 0x0C,  // 0x591C "呵"
    0x5B, 0xC8, 0x0C, 0x0C,  // 0x591D "喝"
    0x5B, 0xE0, 0x0C, 0x0C,  // 0x591E "荷"
    0x5B, 0xF8, 0x0C, 0x0C,  // 0x591F "菏"
    0x5C, 0x10, 0x0C, 0x0C,  // 0x5920 "核"
    0x5C, 0x28, 0x0C, 0x0C,  // 0x5921 "禾"
    0x5C, 0x40, 0x0C, 0x0C,  // 0x5922 "和"
    0x5C, 0x58, 0x0C, 0x0C,  // 0x5923 "何"
    0x5C, 0x70, 0x0C, 0x0C,  // 0x5924 "合"
    0x5C, 0x88, 0x0C, 0x0C,  // 0x5925 "盒"
    0x5C, 0xA0, 0x0C, 0x0C,  // 0x5926 "貉"
    0x5C, 0xB8, 0x0C, 0x0C,  // 0x5927 "阂"
    0x5C, 0xD0, 0x0C, 0x0C,  // 0x5928 "河"
    0x5C, 0xE8, 0x0C, 0x0C,  // 0x5929 "涸"
    0x5D, 0x00, 0x0C, 0x0C,  // 0x592A "赫"
    0x5D, 0x18, 0x0C, 0x0C,  // 0x592B "褐"
    0x5D, 0x30, 0x0C, 0x0C,  // 0x592C "鹤"
    0x5D, 0x48, 0x0C, 0x0C,  // 0x592D "贺"
    0x5D, 0x60, 0x0C, 0x0C,  // 0x592E "嘿"
    0x5D, 0x78, 0x0C, 0x0C,  // 0x592F "黑"
    0x5D, 0x90, 0x0C, 0x0C,  // 0x5930 "痕"
    0x5D, 0xA8, 0x0C, 0x0C,  // 0x5931 "很"
    0x5D, 0xC0, 0x0C, 0x0C,  // 0x5932 "狠"
    0x5D, 0xD8, 0x0C, 0x0C,  // 0x5933 "恨"
    0x5D, 0xF0, 0x0C, 0x0C,  // 0x5934 "哼"
    0x5E, 0x08, 0x0C, 0x0C,  // 0x5935 "亨"
    0x5E, 0x20, 0x0C, 0x0C,  // 0x5936 "横"
    0x5E, 0x38, 0x0C, 0x0C,  // 0x5937 "衡"
    0x5E, 0x50, 0x0C, 0x0C,  // 0x5938 "恒"
    0x5E, 0x68, 0x0C, 0x0C,  // 0x5939 "轰"
    0x5E, 0x80, 0x0C, 0x0C,  // 0x593A "哄"
    0x5E, 0x98, 0x0C, 0x0C,  // 0x593B "烘"
    0x5E, 0xB0, 0x0C, 0x0C,  // 0x593C "虹"
    0x5E, 0xC8, 0x0C, 0x0C,  // 0x593D "鸿"
    0x5E, 0xE0, 0x0C, 0x0C,  // 0x593E "洪"
    0x5E, 0xF8, 0x0C, 0x0C,  // 0x593F "宏"
    0x5F, 0x10, 0x0C, 0x0C,  // 0x5940 "弘"
    0x5F, 0x28, 0x0C, 0x0C,  // 0x5941 "红"
    0x5F, 0x40, 0x0C, 0x0C,  // 0x5942 "喉"
    0x5F, 0x58, 0x0C, 0x0C,  // 0x5943 "侯"
    0x5F, 0x70, 0x0C, 0x0C,  // 0x5944 "猴"
    0x5F, 0x88, 0x0C, 0x0C,  // 0x5945 "吼"
    0x5F, 0xA0, 0x0C, 0x0C,  // 0x5946 "厚"
    0x5F, 0xB8, 0x0C, 0x0C,  // 0x5947 "候"
    0x5F, 0xD0, 0x0C, 0x0C,  // 0x5948 "后"
    0x5F, 0xE8, 0x0C, 0x0C,  // 0x5949 "呼"
    0x60, 0x00, 0x0C, 0x0C,  // 0x594A "乎"
    0x60, 0x18, 0x0C, 0x0C,  // 0x594B "忽"
    0x60, 0x30, 0x0C, 0x0C,  // 0x594C "瑚"
    0x60, 0x48, 0x0C, 0x0C,  // 0x594D "壶"
    0x60, 0x60, 0x0C, 0x0C,  // 0x594E "葫"
    0x60, 0x78, 0x0C, 0x0C,  // 0x594F "胡"
    0x60, 0x90, 0x0C, 0x0C,  // 0x5950 "蝴"
    0x60, 0xA8, 0x0C, 0x0C,  // 0x5951 "狐"
    0x60, 0xC0, 0x0C, 0x0C,  // 0x5952 "糊"
    0x60, 0xD8, 0x0C, 0x0C,  // 0x5953 "湖"
    0x60, 0xF0, 0x0C, 0x0C,  // 0x5954 "弧"
    0x61, 0x08, 0x0C, 0x0C,  // 0x5955 "虎"
    0x61, 0x20, 0x0C, 0x0C,  // 0x5956 "唬"
    0x61, 0x38, 0x0C, 0x0C,  // 0x5957 "护"
    0x61, 0x50, 0x0C, 0x0C,  // 0x5958 "互"
    0x61, 0x68, 0x0C, 0x0C,  // 0x5959 "沪"
    0x61, 0x80, 0x0C, 0x0C,  // 0x595A "户"
    0x61, 0x98, 0x0C, 0x0C,  // 0x595B "花"
    0x61, 0xB0, 0x0C, 0x0C,  // 0x595C "哗"
    0x61, 0xC8, 0x0C, 0x0C,  // 0x595D "华"
    0x61, 0xE0, 0x0C, 0x0C,  // 0x595E "猾"
    0x61, 0xF8, 0x0C, 0x0C,  // 0x595F "滑"
    0x62, 0x10, 0x0C, 0x0C,  // 0x5960 "画"
    0x62, 0x28, 0x0C, 0x0C,  // 0x5961 "划"
    0x62, 0x40, 0x0C, 0x0C,  // 0x5962 "化"
    0x62, 0x58, 0x0C, 0x0C,  // 0x5963 "话"
    0x62, 0x70, 0x0C, 0x0C,  // 0x5964 "槐"
    0x62, 0x88, 0x0C, 0x0C,  // 0x5965 "徊"
    0x62, 0xA0, 0x0C, 0x0C,  // 0x5966 "怀"
    0x62, 0xB8, 0x0C, 0x0C,  // 0x5967 "淮"
    0x62, 0xD0, 0x0C, 0x0C,  // 0x5968 "坏"
    0x62, 0xE8, 0x0C, 0x0C,  // 0x5969 "欢"
    0x63, 0x00, 0x0C, 0x0C,  // 0x596A "环"
    0x63, 0x18, 0x0C, 0x0C,  // 0x596B "桓"
    0x63, 0x30, 0x0C, 0x0C,  // 0x596C "还"
    0x63, 0x48, 0x0C, 0x0C,  // 0x596D "缓"
    0x63, 0x60, 0x0C, 0x0C,  // 0x596E "换"
    0x63, 0x78, 0x0C, 0x0C,  // 0x596F "患"
    0x63, 0x90, 0x0C, 0x0C,  // 0x5970 "唤"
    0x63, 0xA8, 0x0C, 0x0C,  // 0x5971 "痪"
    0x63, 0xC0, 0x0C, 0x0C,  // 0x5972 "豢"
    0x63, 0xD8, 0x0C, 0x0C,  // 0x5973 "焕"
    0x63, 0xF0, 0x0C, 0x0C,  // 0x5974 "涣"
    0x64, 0x08, 0x0C, 0x0C,  // 0x5975 "宦"
    0x64, 0x20, 0x0C, 0x0C,  // 0x5976 "幻"
    0x64, 0x38, 0x0C, 0x0C,  // 0x5977 "荒"
    0x64, 0x50, 0x0C, 0x0C,  // 0x5978 "慌"
    0x64, 0x68, 0x0C, 0x0C,  // 0x5979 "黄"
    0x64, 0x80, 0x0C, 0x0C,  // 0x597A "磺"
    0x64, 0x98, 0x0C, 0x0C,  // 0x597B "蝗"
    0x64, 0xB0, 0x0C, 0x0C,  // 0x597C "簧"
    0x64, 0xC8, 0x0C, 0x0C,  // 0x597D "皇"
    0x64, 0xE0, 0x0C, 0x0C,  // 0x597E "凰"
    0x64, 0xF8, 0x0C, 0x0C,  // 0x597F "惶"
    0x65, 0x10, 0x0C, 0x0C,  // 0x5980 "煌"
    0x65, 0x28, 0x0C, 0x0C,  // 0x5981 "晃"
    0x65, 0x40, 0x0C, 0x0C,  // 0x5982 "幌"
    0x65, 0x58, 0x0C, 0x0C,  // 0x5983 "恍"
    0x65, 0x70, 0x0C, 0x0C,  // 0x5984 "谎"
    0x65, 0x88, 0x0C, 0x0C,  // 0x5985 "灰"
    0x65, 0xA0, 0x0C, 0x0C,  // 0x5986 "挥"
    0x65, 0xB8, 0x0C, 0x0C,  // 0x5987 "辉"
    0x65, 0xD0, 0x0C, 0x0C,  // 0x5988 "徽"
    0x65, 0xE8, 0x0C, 0x0C,  // 0x5989 "恢"
    0x66, 0x00, 0x0C, 0x0C,  // 0x598A "蛔"
    0x66, 0x18, 0x0C, 0x0C,  // 0x598B "回"
    0x66, 0x30, 0x0C, 0x0C,  // 0x598C "毁"
    0x66, 0x48, 0x0C, 0x0C,  // 0x598D "悔"
    0x66, 0x60, 0x0C, 0x0C,  // 0x598E "慧"
    0x66, 0x78, 0x0C, 0x0C,  // 0x598F "卉"
    0x66, 0x90, 0x0C, 0x0C,  // 0x5990 "惠"
    0x66, 0xA8, 0x0C, 0x0C,  // 0x5991 "晦"
    0x66, 0xC0, 0x0C, 0x0C,  // 0x5992 "贿"
    0x66, 0xD8, 0x0C, 0x0C,  // 0x5993 "秽"
    0x66, 0xF0, 0x0C, 0x0C,  // 0x5994 "会"
    0x67, 0x08, 0x0C, 0x0C,  // 0x5995 "烩"
    0x67, 0x20, 0x0C, 0x0C,  // 0x5996 "汇"
    0x67, 0x38, 0x0C, 0x0C,  // 0x5997 "讳"
    0x67, 0x50, 0x0C, 0x0C,  // 0x5998 "诲"
    0x67, 0x68, 0x0C, 0x0C,  // 0x5999 "绘"
    0x67, 0x80, 0x0C, 0x0C,  // 0x599A "荤"
    0x67, 0x98, 0x0C, 0x0C,  // 0x599B "昏"
    0x67, 0xB0, 0x0C, 0x0C,  // 0x599C "婚"
    0x67, 0xC8, 0x0C, 0x0C,  // 0x599D "魂"
    0x67, 0xE0, 0x0C, 0x0C,  // 0x599E "浑"
    0x67, 0xF8, 0x0C, 0x0C,  // 0x599F "混"
    0x68, 0x10, 0x0C, 0x0C,  // 0x59A0 "豁"
    0x68, 0x28, 0x0C, 0x0C,  // 0x59A1 "活"
    0x68, 0x40, 0x0C, 0x0C,  // 0x59A2 "伙"
    0x68, 0x58, 0x0C, 0x0C,  // 0x59A3 "火"
    0x68, 0x70, 0x0C, 0x0C,  // 0x59A4 "获"
    0x68, 0x88, 0x0C, 0x0C,  // 0x59A5 "或"
    0x68, 0xA0, 0x0C, 0x0C,  // 0x59A6 "惑"
    0x68, 0xB8, 0x0C, 0x0C,  // 0x59A7 "霍"
    0x68, 0xD0, 0x0C, 0x0C,  // 0x59A8 "货"
    0x68, 0xE8, 0x0C, 0x0C,  // 0x59A9 "祸"
    0x69, 0x00, 0x0C, 0x0C,  // 0x59AA "击"
    0x69, 0x18, 0x0C, 0x0C,  // 0x59AB "圾"
    0x69, 0x30, 0x0C, 0x0C,  // 0x59AC "基"
    0x69, 0x48, 0x0C, 0x0C,  // 0x59AD "机"
    0x69, 0x60, 0x0C, 0x0C,  // 0x59AE "畸"
    0x69, 0x78, 0x0C, 0x0C,  // 0x59AF "稽"
    0x69, 0x90, 0x0C, 0x0C,  // 0x59B0 "积"
    0x69, 0xA8, 0x0C, 0x0C,  // 0x59B1 "箕"
    0x69, 0xC0, 0x0C, 0x0C,  // 0x59B2 "肌"
    0x69, 0xD8, 0x0C, 0x0C,  // 0x59B3 "饥"
    0x69, 0xF0, 0x0C, 0x0C,  // 0x59B4 "迹"
    0x6A, 0x08, 0x0C, 0x0C,  // 0x59B5 "激"
    0x6A, 0x20, 0x0C, 0x0C,  // 0x59B6 "讥"
    0x6A, 0x38, 0x0C, 0x0C,  // 0x59B7 "鸡"
    0x6A, 0x50, 0x0C, 0x0C,  // 0x59B8 "姬"
    0x6A, 0x68, 0x0C, 0x0C,  // 0x59B9 "绩"
    0x6A, 0x80, 0x0C, 0x0C,  // 0x59BA "缉"
    0x6A, 0x98, 0x0C, 0x0C,  // 0x59BB "吉"
    0x6A, 0xB0, 0x0C, 0x0C,  // 0x59BC "极"
    0x6A, 0xC8, 0x0C, 0x0C,  // 0x59BD "棘"
    0x6A, 0xE0, 0x0C, 0x0C,  // 0x59BE "辑"
    0x6A, 0xF8, 0x0C, 0x0C,  // 0x59BF "籍"
    0x6B, 0x10, 0x0C, 0x0C,  // 0x59C0 "集"
    0x6B, 0x28, 0x0C, 0x0C,  // 0x59C1 "及"
    0x6B, 0x40, 0x0C, 0x0C,  // 0x59C2 "急"
    0x6B, 0x58, 0x0C, 0x0C,  // 0x59C3 "疾"
    0x6B, 0x70, 0x0C, 0x0C,  // 0x59C4 "汲"
    0x6B, 0x88, 0x0C, 0x0C,  // 0x59C5 "即"
    0x6B, 0xA0, 0x0C, 0x0C,  // 0x59C6 "嫉"
    0x6B, 0xB8, 0x0C, 0x0C,  // 0x59C7 "级"
    0x6B, 0xD0, 0x0C, 0x0C,  // 0x59C8 "挤"
    0x6B, 0xE8, 0x0C, 0x0C,  // 0x59C9 "几"
    0x6C, 0x00, 0x0C, 0x0C,  // 0x59CA "脊"
    0x6C, 0x18, 0x0C, 0x0C,  // 0x59CB "己"
    0x6C, 0x30, 0x0C, 0x0C,  // 0x59CC "蓟"
    0x6C, 0x48, 0x0C, 0x0C,  // 0x59CD "技"
    0x6C, 0x60, 0x0C, 0x0C,  // 0x59CE "冀"
    0x6C, 0x78, 0x0C, 0x0C,  // 0x59CF "季"
    0x6C, 0x90, 0x0C, 0x0C,  // 0x59D0 "伎"
    0x6C, 0xA8, 0x0C, 0x0C,  // 0x59D1 "祭"
    0x6C, 0xC0, 0x0C, 0x0C,  // 0x59D2 "剂"
    0x6C, 0xD8, 0x0C, 0x0C,  // 0x59D3 "悸"
    0x6C, 0xF0, 0x0C, 0x0C,  // 0x59D4 "济"
    0x6D, 0x08, 0x0C, 0x0C,  // 0x59D5 "寄"
    0x6D, 0x20, 0x0C, 0x0C,  // 0x59D6 "寂"
    0x6D, 0x38, 0x0C, 0x0C,  // 0x59D7 "计"
    0x6D, 0x50, 0x0C, 0x0C,  // 0x59D8 "记"
    0x6D, 0x68, 0x0C, 0x0C,  // 0x59D9 "既"
    0x6D, 0x80, 0x0C, 0x0C,  // 0x59DA "忌"
    0x6D, 0x98, 0x0C, 0x0C,  // 0x59DB "际"
    0x6D, 0xB0, 0x0C, 0x0C,  // 0x59DC "妓"
    0x6D, 0xC8, 0x0C, 0x0C,  // 0x59DD "继"
    0x6D, 0xE0, 0x0C, 0x0C,  // 0x59DE "纪"
    0x6D, 0xF8, 0x0C, 0x0C,  // 0x59DF "嘉"
    0x6E, 0x10, 0x0C, 0x0C,  // 0x59E0 "枷"
    0x6E, 0x28, 0x0C, 0x0C,  // 0x59E1 "夹"
    0x6E, 0x40, 0x0C, 0x0C,  // 0x59E2 "佳"
    0x6E, 0x58, 0x0C, 0x0C,  // 0x59E3 "家"
    0x6E, 0x70, 0x0C, 0x0C,  // 0x59E4 "加"
    0x6E, 0x88, 0x0C, 0x0C,  // 0x59E5 "荚"
    0x6E, 0xA0, 0x0C, 0x0C,  // 0x59E6 "颊"
    0x6E, 0xB8, 0x0C, 0x0C,  // 0x59E7 "贾"
    0x6E, 0xD0, 0x0C, 0x0C,  // 0x59E8 "甲"
    0x6E, 0xE8, 0x0C, 0x0C,  // 0x59E9 "钾"
    0x6F, 0x00, 0x0C, 0x0C,  // 0x59EA "假"
    0x6F, 0x18, 0x0C, 0x0C,  // 0x59EB "稼"
    0x6F, 0x30, 0x0C, 0x0C,  // 0x59EC "价"
    0x6F, 0x48, 0x0C, 0x0C,  // 0x59ED "架"
    0x6F, 0x60, 0x0C, 0x0C,  // 0x59EE "驾"
    0x6F, 0x78, 0x0C, 0x0C,  // 0x59EF "嫁"
    0x6F, 0x90, 0x0C, 0x0C,  // 0x59F0 "歼"
    0x6F, 0xA8, 0x0C, 0x0C,  // 0x59F1 "监"
    0x6F, 0xC0, 0x0C, 0x0C,  // 0x59F2 "坚"
    0x6F, 0xD8, 0x0C, 0x0C,  // 0x59F3 "尖"
    0x6F, 0xF0, 0x0C, 0x0C,  // 0x59F4 "笺"
    0x70, 0x08, 0x0C, 0x0C,  // 0x59F5 "间"
    0x70, 0x20, 0x0C, 0x0C,  // 0x59F6 "煎"
    0x70, 0x38, 0x0C, 0x0C,  // 0x59F7 "兼"
    0x70, 0x50, 0x0C, 0x0C,  // 0x59F8 "肩"
    0x70, 0x68, 0x0C, 0x0C,  // 0x59F9 "艰"
    0x70, 0x80, 0x0C, 0x0C,  // 0x59FA "奸"
    0x70, 0x98, 0x0C, 0x0C,  // 0x59FB "缄"
    0x70, 0xB0, 0x0C, 0x0C,  // 0x59FC "茧"
    0x70, 0xC8, 0x0C, 0x0C,  // 0x59FD "检"
    0x70, 0xE0, 0x0C, 0x0C,  // 0x59FE "柬"
    0x70, 0xF8, 0x0C, 0x0C,  // 0x59FF "碱"
    0x71, 0x10, 0x0C, 0x0C,  // 0x5A00 "硷"
    0x71, 0x28, 0x0C, 0x0C,  // 0x5A01 "拣"
    0x71, 0x40, 0x0C, 0x0C,  // 0x5A02 "捡"
    0x71, 0x58, 0x0C, 0x0C,  // 0x5A03 "简"
    0x71, 0x70, 0x0C, 0x0C,  // 0x5A04 "俭"
    0x71, 0x88, 0x0C, 0x0C,  // 0x5A05 "剪"
    0x71, 0xA0, 0x0C, 0x0C,  // 0x5A06 "减"
    0x71, 0xB8, 0x0C, 0x0C,  // 0x5A07 "荐"
    0x71, 0xD0, 0x0C, 0x0C,  // 0x5A08 "槛"
    0x71, 0xE8, 0x0C, 0x0C,  // 0x5A09 "鉴"
    0x72, 0x00, 0x0C, 0x0C,  // 0x5A0A "践"
    0x72, 0x18, 0x0C, 0x0C,  // 0x5A0B "贱"
    0x72, 0x30, 0x0C, 0x0C,  // 0x5A0C "见"
    0x72, 0x48, 0x0C, 0x0C,  // 0x5A0D "键"
    0x72, 0x60, 0x0C, 0x0C,  // 0x5A0E "箭"
    0x72, 0x78, 0x0C, 0x0C,  // 0x5A0F "件"
    0x72, 0x90, 0x0C, 0x0C,  // 0x5A10 "健"
    0x72, 0xA8, 0x0C, 0x0C,  // 0x5A11 "舰"
    0x72, 0xC0, 0x0C, 0x0C,  // 0x5A12 "剑"
    0x72, 0xD8, 0x0C, 0x0C,  // 0x5A13 "饯"
    0x72, 0xF0, 0x0C, 0x0C,  // 0x5A14 "渐"
    0x73, 0x08, 0x0C, 0x0C,  // 0x5A15 "溅"
    0x73, 0x20, 0x0C, 0x0C,  // 0x5A16 "涧"
    0x73, 0x38, 0x0C, 0x0C,  // 0x5A17 "建"
    0x73, 0x50, 0x0C, 0x0C,  // 0x5A18 "僵"
    0x73, 0x68, 0x0C, 0x0C,  // 0x5A19 "姜"
    0x73, 0x80, 0x0C, 0x0C,  // 0x5A1A "将"
    0x73, 0x98, 0x0C, 0x0C,  // 0x5A1B "浆"
    0x73, 0xB0, 0x0C, 0x0C,  // 0x5A1C "江"
    0x73, 0xC8, 0x0C, 0x0C,  // 0x5A1D "疆"
    0x73, 0xE0, 0x0C, 0x0C,  // 0x5A1E "蒋"
    0x73, 0xF8, 0x0C, 0x0C,  // 0x5A1F "桨"
    0x74, 0x10, 0x0C, 0x0C,  // 0x5A20 "奖"
    0x74, 0x28, 0x0C, 0x0C,  // 0x5A21 "讲"
    0x74, 0x40, 0x0C, 0x0C,  // 0x5A22 "匠"
    0x74, 0x58, 0x0C, 0x0C,  // 0x5A23 "酱"
    0x74, 0x70, 0x0C, 0x0C,  // 0x5A24 "降"
    0x74, 0x88, 0x0C, 0x0C,  // 0x5A25 "蕉"
    0x74, 0xA0, 0x0C, 0x0C,  // 0x5A26 "椒"
    0x74, 0xB8, 0x0C, 0x0C,  // 0x5A27 "礁"
    0x74, 0xD0, 0x0C, 0x0C,  // 0x5A28 "焦"
    0x74, 0xE8, 0x0C, 0x0C,  // 0x5A29 "胶"
    0x75, 0x00, 0x0C, 0x0C,  // 0x5A2A "交"
    0x75, 0x18, 0x0C, 0x0C,  // 0x5A2B "郊"
    0x75, 0x30, 0x0C, 0x0C,  // 0x5A2C "浇"
    0x75, 0x48, 0x0C, 0x0C,  // 0x5A2D "骄"
    0x75, 0x60, 0x0C, 0x0C,  // 0x5A2E "娇"
    0x75, 0x78, 0x0C, 0x0C,  // 0x5A2F "嚼"
    0x75, 0x90, 0x0C, 0x0C,  // 0x5A30 "搅"
    0x75, 0xA8, 0x0C, 0x0C,  // 0x5A31 "铰"
    0x75, 0xC0, 0x0C, 0x0C,  // 0x5A32 "矫"
    0x75, 0xD8, 0x0C, 0x0C,  // 0x5A33 "侥"
    0x75, 0xF0, 0x0C, 0x0C,  // 0x5A34 "脚"
    0x76, 0x08, 0x0C, 0x0C,  // 0x5A35 "狡"
    0x76, 0x20, 0x0C, 0x0C,  // 0x5A36 "角"
    0x76, 0x38, 0x0C, 0x0C,  // 0x5A37 "饺"
    0x76, 0x50, 0x0C, 0x0C,  // 0x5A38 "缴"
    0x76, 0x68, 0x0C, 0x0C,  // 0x5A39 "绞"
    0x76, 0x80, 0x0C, 0x0C,  // 0x5A3A "剿"
    0x76, 0x98, 0x0C, 0x0C,  // 0x5A3B "教"
    0x76, 0xB0, 0x0C, 0x0C,  // 0x5A3C "酵"
    0x76, 0xC8, 0x0C, 0x0C,  // 0x5A3D "轿"
    0x76, 0xE0, 0x0C, 0x0C,  // 0x5A3E "较"
    0x76, 0xF8, 0x0C, 0x0C,  // 0x5A3F "叫"
    0x77, 0x10, 0x0C, 0x0C,  // 0x5A40 "窖"
    0x77, 0x28, 0x0C, 0x0C,  // 0x5A41 "揭"
    0x77, 0x40, 0x0C, 0x0C,  // 0x5A42 "接"
    0x77, 0x58, 0x0C, 0x0C,  // 0x5A43 "皆"
    0x77, 0x70, 0x0C, 0x0C,  // 0x5A44 "秸"
    0x77, 0x88, 0x0C, 0x0C,  // 0x5A45 "街"
    0x77, 0xA0, 0x0C, 0x0C,  // 0x5A46 "阶"
    0x77, 0xB8, 0x0C, 0x0C,  // 0x5A47 "截"
    0x77, 0xD0, 0x0C, 0x0C,  // 0x5A48 "劫"
    0x77, 0xE8, 0x0C, 0x0C,  // 0x5A49 "节"
    0x78, 0x00, 0x0C, 0x0C,  // 0x5A4A "桔"
    0x78, 0x18, 0x0C, 0x0C,  // 0x5A4B "杰"
    0x78, 0x30, 0x0C, 0x0C,  // 0x5A4C "捷"
    0x78, 0x48, 0x0C, 0x0C,  // 0x5A4D "睫"
    0x78, 0x60, 0x0C, 0x0C,  // 0x5A4E "竭"
    0x78, 0x78, 0x0C, 0x0C,  // 0x5A4F "洁"
    0x78, 0x90, 0x0C, 0x0C,  // 0x5A50 "结"
    0x78, 0xA8, 0x0C, 0x0C,  // 0x5A51 "解"
    0x78, 0xC0, 0x0C, 0x0C,  // 0x5A52 "姐"
    0x78, 0xD8, 0x0C, 0x0C,  // 0x5A53 "戒"
    0x78, 0xF0, 0x0C, 0x0C,  // 0x5A54 "藉"
    0x79, 0x08, 0x0C, 0x0C,  // 0x5A55 "芥"
    0x79, 0x20, 0x0C, 0x0C,  // 0x5A56 "界"
    0x79, 0x38, 0x0C, 0x0C,  // 0x5A57 "借"
    0x79, 0x50, 0x0C, 0x0C,  // 0x5A58 "介"
    0x79, 0x68, 0x0C, 0x0C,  // 0x5A59 "疥"
    0x79, 0x80, 0x0C, 0x0C,  // 0x5A5A "诫"
    0x79, 0x98, 0x0C, 0x0C,  // 0x5A5B "届"
    0x79, 0xB0, 0x0C, 0x0C,  // 0x5A5C "巾"
    0x79, 0xC8, 0x0C, 0x0C,  // 0x5A5D "筋"
    0x79, 0xE0, 0x0C, 0x0C,  // 0x5A5E "斤"
    0x79, 0xF8, 0x0C, 0x0C,  // 0x5A5F "金"
    0x7A, 0x10, 0x0C, 0x0C,  // 0x5A60 "今"
    0x7A, 0x28, 0x0C, 0x0C,  // 0x5A61 "津"
    0x7A, 0x40, 0x0C, 0x0C,  // 0x5A62 "襟"
    0x7A, 0x58, 0x0C, 0x0C,  // 0x5A63 "紧"
    0x7A, 0x70, 0x0C, 0x0C,  // 0x5A64 "锦"
    0x7A, 0x88, 0x0C, 0x0C,  // 0x5A65 "仅"
    0x7A, 0xA0, 0x0C, 0x0C,  // 0x5A66 "谨"
    0x7A, 0xB8, 0x0C, 0x0C,  // 0x5A67 "进"
    0x7A, 0xD0, 0x0C, 0x0C,  // 0x5A68 "靳"
    0x7A, 0xE8, 0x0C, 0x0C,  // 0x5A69 "晋"
    0x7B, 0x00, 0x0C, 0x0C,  // 0x5A6A "禁"
    0x7B, 0x18, 0x0C, 0x0C,  // 0x5A6B "近"
    0x7B, 0x30, 0x0C, 0x0C,  // 0x5A6C "烬"
    0x7B, 0x48, 0x0C, 0x0C,  // 0x5A6D "浸"
    0x7B, 0x60, 0x0C, 0x0C,  // 0x5A6E "尽"
    0x7B, 0x78, 0x0C, 0x0C,  // 0x5A6F "劲"
    0x7B, 0x90, 0x0C, 0x0C,  // 0x5A70 "荆"
    0x7B, 0xA8, 0x0C, 0x0C,  // 0x5A71 "兢"
    0x7B, 0xC0, 0x0C, 0x0C,  // 0x5A72 "茎"
    0x7B, 0xD8, 0x0C, 0x0C,  // 0x5A73 "睛"
    0x7B, 0xF0, 0x0C, 0x0C,  // 0x5A74 "晶"
    0x7C, 0x08, 0x0C, 0x0C,  // 0x5A75 "鲸"
    0x7C, 0x20, 0x0C, 0x0C,  // 0x5A76 "京"
    0x7C, 0x38, 0x0C, 0x0C,  // 0x5A77 "惊"
    0x7C, 0x50, 0x0C, 0x0C,  // 0x5A78 "精"
    0x7C, 0x68, 0x0C, 0x0C,  // 0x5A79 "粳"
    0x7C, 0x80, 0x0C, 0x0C,  // 0x5A7A "经"
    0x7C, 0x98, 0x0C, 0x0C,  // 0x5A7B "井"
    0x7C, 0xB0, 0x0C, 0x0C,  // 0x5A7C "警"
    0x7C, 0xC8, 0x0C, 0x0C,  // 0x5A7D "景"
    0x7C, 0xE0, 0x0C, 0x0C,  // 0x5A7E "颈"
    0x7C, 0xF8, 0x0C, 0x0C,  // 0x5A7F "静"
    0x7D, 0x10, 0x0C, 0x0C,  // 0x5A80 "境"
    0x7D, 0x28, 0x0C, 0x0C,  // 0x5A81 "敬"
    0x7D, 0x40, 0x0C, 0x0C,  // 0x5A82 "镜"
    0x7D, 0x58, 0x0C, 0x0C,  // 0x5A83 "径"
    0x7D, 0x70, 0x0C, 0x0C,  // 0x5A84 "痉"
    0x7D, 0x88, 0x0C, 0x0C,  // 0x5A85 "靖"
    0x7D, 0xA0, 0x0C, 0x0C,  // 0x5A86 "竟"
    0x7D, 0xB8, 0x0C, 0x0C,  // 0x5A87 "竞"
    0x7D, 0xD0, 0x0C, 0x0C,  // 0x5A88 "净"
    0x7D, 0xE8, 0x0C, 0x0C,  // 0x5A89 "炯"
    0x7E, 0x00, 0x0C, 0x0C,  // 0x5A8A "窘"
    0x7E, 0x18, 0x0C, 0x0C,  // 0x5A8B "揪"
    0x7E, 0x30, 0x0C, 0x0C,  // 0x5A8C "究"
    0x7E, 0x48, 0x0C, 0x0C,  // 0x5A8D "纠"
    0x7E, 0x60, 0x0C, 0x0C,  // 0x5A8E "玖"
    0x7E, 0x78, 0x0C, 0x0C,  // 0x5A8F "韭"
    0x7E, 0x90, 0x0C, 0x0C,  // 0x5A90 "久"
    0x7E, 0xA8, 0x0C, 0x0C,  // 0x5A91 "灸"
    0x7E, 0xC0, 0x0C, 0x0C,  // 0x5A92 "九"
    0x7E, 0xD8, 0x0C, 0x0C,  // 0x5A93 "酒"
    0x7E, 0xF0, 0x0C, 0x0C,  // 0x5A94 "厩"
    0x7F, 0x08, 0x0C, 0x0C,  // 0x5A95 "救"
    0x7F, 0x20, 0x0C, 0x0C,  // 0x5A96 "旧"
    0x7F, 0x38, 0x0C, 0x0C,  // 0x5A97 "臼"
    0x7F, 0x50, 0x0C, 0x0C,  // 0x5A98 "舅"
    0x7F, 0x68, 0x0C, 0x0C,  // 0x5A99 "咎"
    0x7F, 0x80, 0x0C, 0x0C,  // 0x5A9A "就"
    0x7F, 0x98, 0x0C, 0x0C,  // 0x5A9B "疚"
    0x7F, 0xB0, 0x0C, 0x0C,  // 0x5A9C "鞠"
    0x7F, 0xC8, 0x0C, 0x0C,  // 0x5A9D "拘"
    0x7F, 0xE0, 0x0C, 0x0C,  // 0x5A9E "狙"
    0x7F, 0xF8, 0x0C, 0x0C,  // 0x5A9F "疽"
    0x80, 0x10, 0x0C, 0x0C,  // 0x5AA0 "居"
    0x80, 0x28, 0x0C, 0x0C,  // 0x5AA1 "驹"
    0x80, 0x40, 0x0C, 0x0C,  // 0x5AA2 "菊"
    0x80, 0x58, 0x0C, 0x0C,  // 0x5AA3 "局"
    0x80, 0x70, 0x0C, 0x0C,  // 0x5AA4 "咀"
    0x80, 0x88, 0x0C, 0x0C,  // 0x5AA5 "矩"
    0x80, 0xA0, 0x0C, 0x0C,  // 0x5AA6 "举"
    0x80, 0xB8, 0x0C, 0x0C,  // 0x5AA7 "沮"
    0x80, 0xD0, 0x0C, 0x0C,  // 0x5AA8 "聚"
    0x80, 0xE8, 0x0C, 0x0C,  // 0x5AA9 "拒"
    0x81, 0x00, 0x0C, 0x0C,  // 0x5AAA "据"
    0x81, 0x18, 0x0C, 0x0C,  // 0x5AAB "巨"
    0x81, 0x30, 0x0C, 0x0C,  // 0x5AAC "具"
    0x81, 0x48, 0x0C, 0x0C,  // 0x5AAD "距"
    0x81, 0x60, 0x0C, 0x0C,  // 0x5AAE "踞"
    0x81, 0x78, 0x0C, 0x0C,  // 0x5AAF "锯"
    0x81, 0x90, 0x0C, 0x0C,  // 0x5AB0 "俱"
    0x81, 0xA8, 0x0C, 0x0C,  // 0x5AB1 "句"
    0x81, 0xC0, 0x0C, 0x0C,  // 0x5AB2 "惧"
    0x81, 0xD8, 0x0C, 0x0C,  // 0x5AB3 "炬"
    0x81, 0xF0, 0x0C, 0x0C,  // 0x5AB4 "剧"
    0x82, 0x08, 0x0C, 0x0C,  // 0x5AB5 "捐"
    0x82, 0x20, 0x0C, 0x0C,  // 0x5AB6 "鹃"
    0x82, 0x38, 0x0C, 0x0C,  // 0x5AB7 "娟"
    0x82, 0x50, 0x0C, 0x0C,  // 0x5AB8 "倦"
    0x82, 0x68, 0x0C, 0x0C,  // 0x5AB9 "眷"
    0x82, 0x80, 0x0C, 0x0C,  // 0x5ABA "卷"
    0x82, 0x98, 0x0C, 0x0C,  // 0x5ABB "绢"
    0x82, 0xB0, 0x0C, 0x0C,  // 0x5ABC "撅"
    0x82, 0xC8, 0x0C, 0x0C,  // 0x5ABD "攫"
    0x82, 0xE0, 0x0C, 0x0C,  // 0x5ABE "抉"
    0x82, 0xF8, 0x0C, 0x0C,  // 0x5ABF "掘"
    0x83, 0x10, 0x0C, 0x0C,  // 0x5AC0 "倔"
    0x83, 0x28, 0x0C, 0x0C,  // 0x5AC1 "爵"
    0x83, 0x40, 0x0C, 0x0C,  // 0x5AC2 "觉"
    0x83, 0x58, 0x0C, 0x0C,  // 0x5AC3 "决"
    0x83, 0x70, 0x0C, 0x0C,  // 0x5AC4 "诀"
    0x83, 0x88, 0x0C, 0x0C,  // 0x5AC5 "绝"
    0x83, 0xA0, 0x0C, 0x0C,  // 0x5AC6 "均"
    0x83, 0xB8, 0x0C, 0x0C,  // 0x5AC7 "菌"
    0x83, 0xD0, 0x0C, 0x0C,  // 0x5AC8 "钧"
    0x83, 0xE8, 0x0C, 0x0C,  // 0x5AC9 "军"
    0x84, 0x00, 0x0C, 0x0C,  // 0x5ACA "君"
    0x84, 0x18, 0x0C, 0x0C,  // 0x5ACB "峻"
    0x84, 0x30, 0x0C, 0x0C,  // 0x5ACC "俊"
    0x84, 0x48, 0x0C, 0x0C,  // 0x5ACD "竣"
    0x84, 0x60, 0x0C, 0x0C,  // 0x5ACE "浚"
    0x84, 0x78, 0x0C, 0x0C,  // 0x5ACF "郡"
    0x84, 0x90, 0x0C, 0x0C,  // 0x5AD0 "骏"
    0x84, 0xA8, 0x0C, 0x0C,  // 0x5AD1 "喀"
    0x84, 0xC0, 0x0C, 0x0C,  // 0x5AD2 "咖"
    0x84, 0xD8, 0x0C, 0x0C,  // 0x5AD3 "卡"
    0x84, 0xF0, 0x0C, 0x0C,  // 0x5AD4 "咯"
    0x85, 0x08, 0x0C, 0x0C,  // 0x5AD5 "开"
    0x85, 0x20, 0x0C, 0x0C,  // 0x5AD6 "揩"
    0x85, 0x38, 0x0C, 0x0C,  // 0x5AD7 "楷"
    0x85, 0x50, 0x0C, 0x0C,  // 0x5AD8 "凯"
    0x85, 0x68, 0x0C, 0x0C,  // 0x5AD9 "慨"
    0x85, 0x80, 0x0C, 0x0C,  // 0x5ADA "刊"
    0x85, 0x98, 0x0C, 0x0C,  // 0x5ADB "堪"
    0x85, 0xB0, 0x0C, 0x0C,  // 0x5ADC "勘"
    0x85, 0xC8, 0x0C, 0x0C,  // 0x5ADD "坎"
    0x85, 0xE0, 0x0C, 0x0C,  // 0x5ADE "砍"
    0x85, 0xF8, 0x0C, 0x0C,  // 0x5ADF "看"
    0x86, 0x10, 0x0C, 0x0C,  // 0x5AE0 "康"
    0x86, 0x28, 0x0C, 0x0C,  // 0x5AE1 "慷"
    0x86, 0x40, 0x0C, 0x0C,  // 0x5AE2 "糠"
    0x86, 0x58, 0x0C, 0x0C,  // 0x5AE3 "扛"
    0x86, 0x70, 0x0C, 0x0C,  // 0x5AE4 "抗"
    0x86, 0x88, 0x0C, 0x0C,  // 0x5AE5 "亢"
    0x86, 0xA0, 0x0C, 0x0C,  // 0x5AE6 "炕"
    0x86, 0xB8, 0x0C, 0x0C,  // 0x5AE7 "考"
    0x86, 0xD0, 0x0C, 0x0C,  // 0x5AE8 "拷"
    0x86, 0xE8, 0x0C, 0x0C,  // 0x5AE9 "烤"
    0x87, 0x00, 0x0C, 0x0C,  // 0x5AEA "靠"
    0x87, 0x18, 0x0C, 0x0C,  // 0x5AEB "坷"
    0x87, 0x30, 0x0C, 0x0C,  // 0x5AEC "苛"
    0x87, 0x48, 0x0C, 0x0C,  // 0x5AED "柯"
    0x87, 0x60, 0x0C, 0x0C,  // 0x5AEE "棵"
    0x87, 0x78, 0x0C, 0x0C,  // 0x5AEF "磕"
    0x87, 0x90, 0x0C, 0x0C,  // 0x5AF0 "颗"
    0x87, 0xA8, 0x0C, 0x0C,  // 0x5AF1 "科"
    0x87, 0xC0, 0x0C, 0x0C,  // 0x5AF2 "壳"
    0x87, 0xD8, 0x0C, 0x0C,  // 0x5AF3 "咳"
    0x87, 0xF0, 0x0C, 0x0C,  // 0x5AF4 "可"
    0x88, 0x08, 0x0C, 0x0C,  // 0x5AF5 "渴"
    0x88, 0x20, 0x0C, 0x0C,  // 0x5AF6 "克"
    0x88, 0x38, 0x0C, 0x0C,  // 0x5AF7 "刻"
    0x88, 0x50, 0x0C, 0x0C,  // 0x5AF8 "客"
    0x88, 0x68, 0x0C, 0x0C,  // 0x5AF9 "课"
    0x88, 0x80, 0x0C, 0x0C,  // 0x5AFA "肯"
    0x88, 0x98, 0x0C, 0x0C,  // 0x5AFB "啃"
    0x88, 0xB0, 0x0C, 0x0C,  // 0x5AFC "垦"
    0x88, 0xC8, 0x0C, 0x0C,  // 0x5AFD "恳"
    0x88, 0xE0, 0x0C, 0x0C,  // 0x5AFE "坑"
    0x88, 0xF8, 0x0C, 0x0C,  // 0x5AFF "吭"
    0x89, 0x10, 0x0C, 0x0C,  // 0x5B00 "空"
    0x89, 0x28, 0x0C, 0x0C,  // 0x5B01 "恐"
    0x89, 0x40, 0x0C, 0x0C,  // 0x5B02 "孔"
    0x89, 0x58, 0x0C, 0x0C,  // 0x5B03 "控"
    0x89, 0x70, 0x0C, 0x0C,  // 0x5B04 "抠"
    0x89, 0x88, 0x0C, 0x0C,  // 0x5B05 "口"
    0x89, 0xA0, 0x0C, 0x0C,  // 0x5B06 "扣"
    0x89, 0xB8, 0x0C, 0x0C,  // 0x5B07 "寇"
    0x89, 0xD0, 0x0C, 0x0C,  // 0x5B08 "枯"
    0x89, 0xE8, 0x0C, 0x0C,  // 0x5B09 "哭"
    0x8A, 0x00, 0x0C, 0x0C,  // 0x5B0A "窟"
    0x8A, 0x18, 0x0C, 0x0C,  // 0x5B0B "苦"
    0x8A, 0x30, 0x0C, 0x0C,  // 0x5B0C "酷"
    0x8A, 0x48, 0x0C, 0x0C,  // 0x5B0D "库"
    0x8A, 0x60, 0x0C, 0x0C,  // 0x5B0E "裤"
    0x8A, 0x78, 0x0C, 0x0C,  // 0x5B0F "夸"
    0x8A, 0x90, 0x0C, 0x0C,  // 0x5B10 "垮"
    0x8A, 0xA8, 0x0C, 0x0C,  // 0x5B11 "挎"
    0x8A, 0xC0, 0x0C, 0x0C,  // 0x5B12 "跨"
    0x8A, 0xD8, 0x0C, 0x0C,  // 0x5B13 "胯"
    0x8A, 0xF0, 0x0C, 0x0C,  // 0x5B14 "块"
    0x8B, 0x08, 0x0C, 0x0C,  // 0x5B15 "筷"
    0x8B, 0x20, 0x0C, 0x0C,  // 0x5B16 "侩"
    0x8B, 0x38, 0x0C, 0x0C,  // 0x5B17 "快"
    0x8B, 0x50, 0x0C, 0x0C,  // 0x5B18 "宽"
    0x8B, 0x68, 0x0C, 0x0C,  // 0x5B19 "款"
    0x8B, 0x80, 0x0C, 0x0C,  // 0x5B1A "匡"
    0x8B, 0x98, 0x0C, 0x0C,  // 0x5B1B "筐"
    0x8B, 0xB0, 0x0C, 0x0C,  // 0x5B1C "狂"
    0x8B, 0xC8, 0x0C, 0x0C,  // 0x5B1D "框"
    0x8B, 0xE0, 0x0C, 0x0C,  // 0x5B1E "矿"
    0x8B, 0xF8, 0x0C, 0x0C,  // 0x5B1F "眶"
    0x8C, 0x10, 0x0C, 0x0C,  // 0x5B20 "旷"
    0x8C, 0x28, 0x0C, 0x0C,  // 0x5B21 "况"
    0x8C, 0x40, 0x0C, 0x0C,  // 0x5B22 "亏"
    0x8C, 0x58, 0x0C, 0x0C,  // 0x5B23 "盔"
    0x8C, 0x70, 0x0C, 0x0C,  // 0x5B24 "岿"
    0x8C, 0x88, 0x0C, 0x0C,  // 0x5B25 "窥"
    0x8C, 0xA0, 0x0C, 0x0C,  // 0x5B26 "葵"
    0x8C, 0xB8, 0x0C, 0x0C,  // 0x5B27 "奎"
    0x8C, 0xD0, 0x0C, 0x0C,  // 0x5B28 "魁"
    0x8C, 0xE8, 0x0C, 0x0C,  // 0x5B29 "傀"
    0x8D, 0x00, 0x0C, 0x0C,  // 0x5B2A "馈"
    0x8D, 0x18, 0x0C, 0x0C,  // 0x5B2B "愧"
    0x8D, 0x30, 0x0C, 0x0C,  // 0x5B2C "溃"
    0x8D, 0x48, 0x0C, 0x0C,  // 0x5B2D "坤"
    0x8D, 0x60, 0x0C, 0x0C,  // 0x5B2E "昆"
    0x8D, 0x78, 0x0C, 0x0C,  // 0x5B2F "捆"
    0x8D, 0x90, 0x0C, 0x0C,  // 0x5B30 "困"
    0x8D, 0xA8, 0x0C, 0x0C,  // 0x5B31 "括"
    0x8D, 0xC0, 0x0C, 0x0C,  // 0x5B32 "扩"
    0x8D, 0xD8, 0x0C, 0x0C,  // 0x5B33 "廓"
    0x8D, 0xF0, 0x0C, 0x0C,  // 0x5B34 "阔"
    0x8E, 0x08, 0x0C, 0x0C,  // 0x5B35 "垃"
    0x8E, 0x20, 0x0C, 0x0C,  // 0x5B36 "拉"
    0x8E, 0x38, 0x0C, 0x0C,  // 0x5B37 "喇"
    0x8E, 0x50, 0x0C, 0x0C,  // 0x5B38 "蜡"
    0x8E, 0x68, 0x0C, 0x0C,  // 0x5B39 "腊"
    0x8E, 0x80, 0x0C, 0x0C,  // 0x5B3A "辣"
    0x8E, 0x98, 0x0C, 0x0C,  // 0x5B3B "啦"
    0x8E, 0xB0, 0x0C, 0x0C,  // 0x5B3C "莱"
    0x8E, 0xC8, 0x0C, 0x0C,  // 0x5B3D "来"
    0x8E, 0xE0, 0x0C, 0x0C,  // 0x5B3E "赖"
    0x8E, 0xF8, 0x0C, 0x0C,  // 0x5B3F "蓝"
    0x8F, 0x10, 0x0C, 0x0C,  // 0x5B40 "婪"
    0x8F, 0x28, 0x0C, 0x0C,  // 0x5B41 "栏"
    0x8F, 0x40, 0x0C, 0x0C,  // 0x5B42 "拦"
    0x8F, 0x58, 0x0C, 0x0C,  // 0x5B43 "篮"
    0x8F, 0x70, 0x0C, 0x0C,  // 0x5B44 "阑"
    0x8F, 0x88, 0x0C, 0x0C,  // 0x5B45 "兰"
    0x8F, 0xA0, 0x0C, 0x0C,  // 0x5B46 "澜"
    0x8F, 0xB8, 0x0C, 0x0C,  // 0x5B47 "谰"
    0x8F, 0xD0, 0x0C, 0x0C,  // 0x5B48 "揽"
    0x8F, 0xE8, 0x0C, 0x0C,  // 0x5B49 "览"
    0x90, 0x00, 0x0C, 0x0C,  // 0x5B4A "懒"
    0x90, 0x18, 0x0C, 0x0C,  // 0x5B4B "缆"
    0x90, 0x30, 0x0C, 0x0C,  // 0x5B4C "烂"
    0x90, 0x48, 0x0C, 0x0C,  // 0x5B4D "滥"
    0x90, 0x60, 0x0C, 0x0C,  // 0x5B4E "琅"
    0x90, 0x78, 0x0C, 0x0C,  // 0x5B4F "榔"
    0x90, 0x90, 0x0C, 0x0C,  // 0x5B50 "狼"
    0x90, 0xA8, 0x0C, 0x0C,  // 0x5B51 "廊"
    0x90, 0xC0, 0x0C, 0x0C,  // 0x5B52 "郎"
    0x90, 0xD8, 0x0C, 0x0C,  // 0x5B53 "朗"
    0x90, 0xF0, 0x0C, 0x0C,  // 0x5B54 "浪"
    0x91, 0x08, 0x0C, 0x0C,  // 0x5B55 "捞"
    0x91, 0x20, 0x0C, 0x0C,  // 0x5B56 "劳"
    0x91, 0x38, 0x0C, 0x0C,  // 0x5B57 "牢"
    0x91, 0x50, 0x0C, 0x0C,  // 0x5B58 "老"
    0x91, 0x68, 0x0C, 0x0C,  // 0x5B59 "佬"
    0x91, 0x80, 0x0C, 0x0C,  // 0x5B5A "姥"
    0x91, 0x98, 0x0C, 0x0C,  // 0x5B5B "酪"
    0x91, 0xB0, 0x0C, 0x0C,  // 0x5B5C "烙"
    0x91, 0xC8, 0x0C, 0x0C,  // 0x5B5D "涝"
    0x91, 0xE0, 0x0C, 0x0C,  // 0x5B5E "勒"
    0x91, 0xF8, 0x0C, 0x0C,  // 0x5B5F "乐"
    0x92, 0x10, 0x0C, 0x0C,  // 0x5B60 "雷"
    0x92, 0x28, 0x0C, 0x0C,  // 0x5B61 "镭"
    0x92, 0x40, 0x0C, 0x0C,  // 0x5B62 "蕾"
    0x92, 0x58, 0x0C, 0x0C,  // 0x5B63 "磊"
    0x92, 0x70, 0x0C, 0x0C,  // 0x5B64 "累"
    0x92, 0x88, 0x0C, 0x0C,  // 0x5B65 "儡"
    0x92, 0xA0, 0x0C, 0x0C,  // 0x5B66 "垒"
    0x92, 0xB8, 0x0C, 0x0C,  // 0x5B67 "擂"
    0x92, 0xD0, 0x0C, 0x0C,  // 0x5B68 "肋"
    0x92, 0xE8, 0x0C, 0x0C,  // 0x5B69 "类"
    0x93, 0x00, 0x0C, 0x0C,  // 0x5B6A "泪"
    0x93, 0x18, 0x0C, 0x0C,  // 0x5B6B "棱"
    0x93, 0x30, 0x0C, 0x0C,  // 0x5B6C "楞"
    0x93, 0x48, 0x0C, 0x0C,  // 0x5B6D "冷"
    0x93, 0x60, 0x0C, 0x0C,  // 0x5B6E "厘"
    0x93, 0x78, 0x0C, 0x0C,  // 0x5B6F "梨"
    0x93, 0x90, 0x0C, 0x0C,  // 0x5B70 "犁"
    0x93, 0xA8, 0x0C, 0x0C,  // 0x5B71 "黎"
    0x93, 0xC0, 0x0C, 0x0C,  // 0x5B72 "篱"
    0x93, 0xD8, 0x0C, 0x0C,  // 0x5B73 "狸"
    0x93, 0xF0, 0x0C, 0x0C,  // 0x5B74 "离"
    0x94, 0x08, 0x0C, 0x0C,  // 0x5B75 "漓"
    0x94, 0x20, 0x0C, 0x0C,  // 0x5B76 "理"
    0x94, 0x38, 0x0C, 0x0C,  // 0x5B77 "李"
    0x94, 0x50, 0x0C, 0x0C,  // 0x5B78 "里"
    0x94, 0x68, 0x0C, 0x0C,  // 0x5B79 "鲤"
    0x94, 0x80, 0x0C, 0x0C,  // 0x5B7A "礼"
    0x94, 0x98, 0x0C, 0x0C,  // 0x5B7B "莉"
    0x94, 0xB0, 0x0C, 0x0C,  // 0x5B7C "荔"
    0x94, 0xC8, 0x0C, 0x0C,  // 0x5B7D "吏"
    0x94, 0xE0, 0x0C, 0x0C,  // 0x5B7E "栗"
    0x94, 0xF8, 0x0C, 0x0C,  // 0x5B7F "丽"
    0x95, 0x10, 0x0C, 0x0C,  // 0x5B80 "厉"
    0x95, 0x28, 0x0C, 0x0C,  // 0x5B81 "励"
    0x95, 0x40, 0x0C, 0x0C,  // 0x5B82 "砾"
    0x95, 0x58, 0x0C, 0x0C,  // 0x5B83 "历"
    0x95, 0x70, 0x0C, 0x0C,  // 0x5B84 "利"
    0x95, 0x88, 0x0C, 0x0C,  // 0x5B85 "傈"
    0x95, 0xA0, 0x0C, 0x0C,  // 0x5B86 "例"
    0x95, 0xB8, 0x0C, 0x0C,  // 0x5B87 "俐"
    0x95, 0xD0, 0x0C, 0x0C,  // 0x5B88 "痢"
    0x95, 0xE8, 0x0C, 0x0C,  // 0x5B89 "立"
    0x96, 0x00, 0x0C, 0x0C,  // 0x5B8A "粒"
    0x96, 0x18, 0x0C, 0x0C,  // 0x5B8B "沥"
    0x96, 0x30, 0x0C, 0x0C,  // 0x5B8C "隶"
    0x96, 0x48, 0x0C, 0x0C,  // 0x5B8D "力"
    0x96, 0x60, 0x0C, 0x0C,  // 0x5B8E "璃"
    0x96, 0x78, 0x0C, 0x0C,  // 0x5B8F "哩"
    0x96, 0x90, 0x0C, 0x0C,  // 0x5B90 "俩"
    0x96, 0xA8, 0x0C, 0x0C,  // 0x5B91 "联"
    0x96, 0xC0, 0x0C, 0x0C,  // 0x5B92 "莲"
    0x96, 0xD8, 0x0C, 0x0C,  // 0x5B93 "连"
    0x96, 0xF0, 0x0C, 0x0C,  // 0x5B94 "镰"
    0x97, 0x08, 0x0C, 0x0C,  // 0x5B95 "廉"
    0x97, 0x20, 0x0C, 0x0C,  // 0x5B96 "怜"
    0x97, 0x38, 0x0C, 0x0C,  // 0x5B97 "涟"
    0x97, 0x50, 0x0C, 0x0C,  // 0x5B98 "帘"
    0x97, 0x68, 0x0C, 0x0C,  // 0x5B99 "敛"
    0x97, 0x80, 0x0C, 0x0C,  // 0x5B9A "脸"
    0x97, 0x98, 0x0C, 0x0C,  // 0x5B9B "链"
    0x97, 0xB0, 0x0C, 0x0C,  // 0x5B9C "恋"
    0x97, 0xC8, 0x0C, 0x0C,  // 0x5B9D "炼"
    0x97, 0xE0, 0x0C, 0x0C,  // 0x5B9E "练"
    0x97, 0xF8, 0x0C, 0x0C,  // 0x5B9F "粮"
    0x98, 0x10, 0x0C, 0x0C,  // 0x5BA0 "凉"
    0x98, 0x28, 0x0C, 0x0C,  // 0x5BA1 "梁"
    0x98, 0x40, 0x0C, 0x0C,  // 0x5BA2 "粱"
    0x98, 0x58, 0x0C, 0x0C,  // 0x5BA3 "良"
    0x98, 0x70, 0x0C, 0x0C,  // 0x5BA4 "两"
    0x98, 0x88, 0x0C, 0x0C,  // 0x5BA5 "辆"
    0x98, 0xA0, 0x0C, 0x0C,  // 0x5BA6 "量"
    0x98, 0xB8, 0x0C, 0x0C,  // 0x5BA7 "晾"
    0x98, 0xD0, 0x0C, 0x0C,  // 0x5BA8 "亮"
    0x98, 0xE8, 0x0C, 0x0C,  // 0x5BA9 "谅"
    0x99, 0x00, 0x0C, 0x0C,  // 0x5BAA "撩"
    0x99, 0x18, 0x0C, 0x0C,  // 0x5BAB "聊"
    0x99, 0x30, 0x0C, 0x0C,  // 0x5BAC "僚"
    0x99, 0x48, 0x0C, 0x0C,  // 0x5BAD "疗"
    0x99, 0x60, 0x0C, 0x0C,  // 0x5BAE "燎"
    0x99, 0x78, 0x0C, 0x0C,  // 0x5BAF "寥"
    0x99, 0x90, 0x0C, 0x0C,  // 0x5BB0 "辽"
    0x99, 0xA8, 0x0C, 0x0C,  // 0x5BB1 "潦"
    0x99, 0xC0, 0x0C, 0x0C,  // 0x5BB2 "了"
    0x99, 0xD8, 0x0C, 0x0C,  // 0x5BB3 "撂"
    0x99, 0xF0, 0x0C, 0x0C,  // 0x5BB4 "镣"
    0x9A, 0x08, 0x0C, 0x0C,  // 0x5BB5 "廖"
    0x9A, 0x20, 0x0C, 0x0C,  // 0x5BB6 "料"
    0x9A, 0x38, 0x0C, 0x0C,  // 0x5BB7 "列"
    0x9A, 0x50, 0x0C, 0x0C,  // 0x5BB8 "裂"
    0x9A, 0x68, 0x0C, 0x0C,  // 0x5BB9 "烈"
    0x9A, 0x80, 0x0C, 0x0C,  // 0x5BBA "劣"
    0x9A, 0x98, 0x0C, 0x0C,  // 0x5BBB "猎"
    0x9A, 0xB0, 0x0C, 0x0C,  // 0x5BBC "琳"
    0x9A, 0xC8, 0x0C, 0x0C,  // 0x5BBD "林"
    0x9A, 0xE0, 0x0C, 0x0C,  // 0x5BBE "磷"
    0x9A, 0xF8, 0x0C, 0x0C,  // 0x5BBF "霖"
    0x9B, 0x10, 0x0C, 0x0C,  // 0x5BC0 "临"
    0x9B, 0x28, 0x0C, 0x0C,  // 0x5BC1 "邻"
    0x9B, 0x40, 0x0C, 0x0C,  // 0x5BC2 "鳞"
    0x9B, 0x58, 0x0C, 0x0C,  // 0x5BC3 "淋"
    0x9B, 0x70, 0x0C, 0x0C,  // 0x5BC4 "凛"
    0x9B, 0x88, 0x0C, 0x0C,  // 0x5BC5 "赁"
    0x9B, 0xA0, 0x0C, 0x0C,  // 0x5BC6 "吝"
    0x9B, 0xB8, 0x0C, 0x0C,  // 0x5BC7 "拎"
    0x9B, 0xD0, 0x0C, 0x0C,  // 0x5BC8 "玲"
    0x9B, 0xE8, 0x0C, 0x0C,  // 0x5BC9 "菱"
    0x9C, 0x00, 0x0C, 0x0C,  // 0x5BCA "零"
    0x9C, 0x18, 0x0C, 0x0C,  // 0x5BCB "龄"
    0x9C, 0x30, 0x0C, 0x0C,  // 0x5BCC "铃"
    0x9C, 0x48, 0x0C, 0x0C,  // 0x5BCD "伶"
    0x9C, 0x60, 0x0C, 0x0C,  // 0x5BCE "羚"
    0x9C, 0x78, 0x0C, 0x0C,  // 0x5BCF "凌"
    0x9C, 0x90, 0x0C, 0x0C,  // 0x5BD0 "灵"
    0x9C, 0xA8, 0x0C, 0x0C,  // 0x5BD1 "陵"
    0x9C, 0xC0, 0x0C, 0x0C,  // 0x5BD2 "岭"
    0x9C, 0xD8, 0x0C, 0x0C,  // 0x5BD3 "领"
    0x9C, 0xF0, 0x0C, 0x0C,  // 0x5BD4 "另"
    0x9D, 0x08, 0x0C, 0x0C,  // 0x5BD5 "令"
    0x9D, 0x20, 0x0C, 0x0C,  // 0x5BD6 "溜"
    0x9D, 0x38, 0x0C, 0x0C,  // 0x5BD7 "琉"
    0x9D, 0x50, 0x0C, 0x0C,  // 0x5BD8 "榴"
    0x9D, 0x68, 0x0C, 0x0C,  // 0x5BD9 "硫"
    0x9D, 0x80, 0x0C, 0x0C,  // 0x5BDA "馏"
    0x9D, 0x98, 0x0C, 0x0C,  // 0x5BDB "留"
    0x9D, 0xB0, 0x0C, 0x0C,  // 0x5BDC "刘"
    0x9D, 0xC8, 0x0C, 0x0C,  // 0x5BDD "瘤"
    0x9D, 0xE0, 0x0C, 0x0C,  // 0x5BDE "流"
    0x9D, 0xF8, 0x0C, 0x0C,  // 0x5BDF "柳"
    0x9E, 0x10, 0x0C, 0x0C,  // 0x5BE0 "六"
    0x9E, 0x28, 0x0C, 0x0C,  // 0x5BE1 "龙"
    0x9E, 0x40, 0x0C, 0x0C,  // 0x5BE2 "聋"
    0x9E, 0x58, 0x0C, 0x0C,  // 0x5BE3 "咙"
    0x9E, 0x70, 0x0C, 0x0C,  // 0x5BE4 "笼"
    0x9E, 0x88, 0x0C, 0x0C,  // 0x5BE5 "窿"
    0x9E, 0xA0, 0x0C, 0x0C,  // 0x5BE6 "隆"
    0x9E, 0xB8, 0x0C, 0x0C,  // 0x5BE7 "垄"
    0x9E, 0xD0, 0x0C, 0x0C,  // 0x5BE8 "拢"
    0x9E, 0xE8, 0x0C, 0x0C,  // 0x5BE9 "陇"
    0x9F, 0x00, 0x0C, 0x0C,  // 0x5BEA "楼"
    0x9F, 0x18, 0x0C, 0x0C,  // 0x5BEB "娄"
    0x9F, 0x30, 0x0C, 0x0C,  // 0x5BEC "搂"
    0x9F, 0x48, 0x0C, 0x0C,  // 0x5BED "篓"
    0x9F, 0x60, 0x0C, 0x0C,  // 0x5BEE "漏"
    0x9F, 0x78, 0x0C, 0x0C,  // 0x5BEF "陋"
    0x9F, 0x90, 0x0C, 0x0C,  // 0x5BF0 "芦"
    0x9F, 0xA8, 0x0C, 0x0C,  // 0x5BF1 "卢"
    0x9F, 0xC0, 0x0C, 0x0C,  // 0x5BF2 "颅"
    0x9F, 0xD8, 0x0C, 0x0C,  // 0x5BF3 "庐"
    0x9F, 0xF0, 0x0C, 0x0C,  // 0x5BF4 "炉"
    0xA0, 0x08, 0x0C, 0x0C,  // 0x5BF5 "掳"
    0xA0, 0x20, 0x0C, 0x0C,  // 0x5BF6 "卤"
    0xA0, 0x38, 0x0C, 0x0C,  // 0x5BF7 "虏"
    0xA0, 0x50, 0x0C, 0x0C,  // 0x5BF8 "鲁"
    0xA0, 0x68, 0x0C, 0x0C,  // 0x5BF9 "麓"
    0xA0, 0x80, 0x0C, 0x0C,  // 0x5BFA "碌"
    0xA0, 0x98, 0x0C, 0x0C,  // 0x5BFB "露"
    0xA0, 0xB0, 0x0C, 0x0C,  // 0x5BFC "路"
    0xA0, 0xC8, 0x0C, 0x0C,  // 0x5BFD "赂"
    0xA0, 0xE0, 0x0C, 0x0C,  // 0x5BFE "鹿"
    0xA0, 0xF8, 0x0C, 0x0C,  // 0x5BFF "潞"
    0xA1, 0x10, 0x0C, 0x0C,  // 0x5C00 "禄"
    0xA1, 0x28, 0x0C, 0x0C,  // 0x5C01 "录"
    0xA1, 0x40, 0x0C, 0x0C,  // 0x5C02 "陆"
    0xA1, 0x58, 0x0C, 0x0C,  // 0x5C03 "戮"
    0xA1, 0x70, 0x0C, 0x0C,  // 0x5C04 "驴"
    0xA1, 0x88, 0x0C, 0x0C,  // 0x5C05 "吕"
    0xA1, 0xA0, 0x0C, 0x0C,  // 0x5C06 "铝"
    0xA1, 0xB8, 0x0C, 0x0C,  // 0x5C07 "侣"
    0xA1, 0xD0, 0x0C, 0x0C,  // 0x5C08 "旅"
    0xA1, 0xE8, 0x0C, 0x0C,  // 0x5C09 "履"
    0xA2, 0x00, 0x0C, 0x0C,  // 0x5C0A "屡"
    0xA2, 0x18, 0x0C, 0x0C,  // 0x5C0B "缕"
    0xA2, 0x30, 0x0C, 0x0C,  // 0x5C0C "虑"
    0xA2, 0x48, 0x0C, 0x0C,  // 0x5C0D "氯"
    0xA2, 0x60, 0x0C, 0x0C,  // 0x5C0E "律"
    0xA2, 0x78, 0x0C, 0x0C,  // 0x5C0F "率"
    0xA2, 0x90, 0x0C, 0x0C,  // 0x5C10 "滤"
    0xA2, 0xA8, 0x0C, 0x0C,  // 0x5C11 "绿"
    0xA2, 0xC0, 0x0C, 0x0C,  // 0x5C12 "峦"
    0xA2, 0xD8, 0x0C, 0x0C,  // 0x5C13 "挛"
    0xA2, 0xF0, 0x0C, 0x0C,  // 0x5C14 "孪"
    0xA3, 0x08, 0x0C, 0x0C,  // 0x5C15 "滦"
    0xA3, 0x20, 0x0C, 0x0C,  // 0x5C16 "卵"
    0xA3, 0x38, 0x0C, 0x0C,  // 0x5C17 "乱"
    0xA3, 0x50, 0x0C, 0x0C,  // 0x5C18 "掠"
    0xA3, 0x68, 0x0C, 0x0C,  // 0x5C19 "略"
    0xA3, 0x80, 0x0C, 0x0C,  // 0x5C1A "抡"
    0xA3, 0x98, 0x0C, 0x0C,  // 0x5C1B "轮"
    0xA3, 0xB0, 0x0C, 0x0C,  // 0x5C1C "伦"
    0xA3, 0xC8, 0x0C, 0x0C,  // 0x5C1D "仑"
    0xA3, 0xE0, 0x0C, 0x0C,  // 0x5C1E "沦"
    0xA3, 0xF8, 0x0C, 0x0C,  // 0x5C1F "纶"
    0xA4, 0x10, 0x0C, 0x0C,  // 0x5C20 "论"
    0xA4, 0x28, 0x0C, 0x0C,  // 0x5C21 "萝"
    0xA4, 0x40, 0x0C, 0x0C,  // 0x5C22 "螺"
    0xA4, 0x58, 0x0C, 0x0C,  // 0x5C23 "罗"
    0xA4, 0x70, 0x0C, 0x0C,  // 0x5C24 "逻"
    0xA4, 0x88, 0x0C, 0x0C,  // 0x5C25 "锣"
    0xA4, 0xA0, 0x0C, 0x0C,  // 0x5C26 "箩"
    0xA4, 0xB8, 0x0C, 0x0C,  // 0x5C27 "骡"
    0xA4, 0xD0, 0x0C, 0x0C,  // 0x5C28 "裸"
    0xA4, 0xE8, 0x0C, 0x0C,  // 0x5C29 "落"
    0xA5, 0x00, 0x0C, 0x0C,  // 0x5C2A "洛"
    0xA5, 0x18, 0x0C, 0x0C,  // 0x5C2B "骆"
    0xA5, 0x30, 0x0C, 0x0C,  // 0x5C2C "络"
    0xA5, 0x48, 0x0C, 0x0C,  // 0x5C2D "妈"
    0xA5, 0x60, 0x0C, 0x0C,  // 0x5C2E "麻"
    0xA5, 0x78, 0x0C, 0x0C,  // 0x5C2F "玛"
    0xA5, 0x90, 0x0C, 0x0C,  // 0x5C30 "码"
    0xA5, 0xA8, 0x0C, 0x0C,  // 0x5C31 "蚂"
    0xA5, 0xC0, 0x0C, 0x0C,  // 0x5C32 "马"
    0xA5, 0xD8, 0x0C, 0x0C,  // 0x5C33 "骂"
    0xA5, 0xF0, 0x0C, 0x0C,  // 0x5C34 "嘛"
    0xA6, 0x08, 0x0C, 0x0C,  // 0x5C35 "吗"
    0xA6, 0x20, 0x0C, 0x0C,  // 0x5C36 "埋"
    0xA6, 0x38, 0x0C, 0x0C,  // 0x5C37 "买"
    0xA6, 0x50, 0x0C, 0x0C,  // 0x5C38 "麦"
    0xA6, 0x68, 0x0C, 0x0C,  // 0x5C39 "卖"
    0xA6, 0x80, 0x0C, 0x0C,  // 0x5C3A "迈"
    0xA6, 0x98, 0x0C, 0x0C,  // 0x5C3B "脉"
    0xA6, 0xB0, 0x0C, 0x0C,  // 0x5C3C "瞒"
    0xA6, 0xC8, 0x0C, 0x0C,  // 0x5C3D "馒"
    0xA6, 0xE0, 0x0C, 0x0C,  // 0x5C3E "蛮"
    0xA6, 0xF8, 0x0C, 0x0C,  // 0x5C3F "满"
    0xA7, 0x10, 0x0C, 0x0C,  // 0x5C40 "蔓"
    0xA7, 0x28, 0x0C, 0x0C,  // 0x5C41 "曼"
    0xA7, 0x40, 0x0C, 0x0C,  // 0x5C42 "慢"
    0xA7, 0x58, 0x0C, 0x0C,  // 0x5C43 "漫"
    0xA7, 0x70, 0x0C, 0x0C,  // 0x5C44 "谩"
    0xA7, 0x88, 0x0C, 0x0C,  // 0x5C45 "芒"
    0xA7, 0xA0, 0x0C, 0x0C,  // 0x5C46 "茫"
    0xA7, 0xB8, 0x0C, 0x0C,  // 0x5C47 "盲"
    0xA7, 0xD0, 0x0C, 0x0C,  // 0x5C48 "氓"
    0xA7, 0xE8, 0x0C, 0x0C,  // 0x5C49 "忙"
    0xA8, 0x00, 0x0C, 0x0C,  // 0x5C4A "莽"
    0xA8, 0x18, 0x0C, 0x0C,  // 0x5C4B "猫"
    0xA8, 0x30, 0x0C, 0x0C,  // 0x5C4C "茅"
    0xA8, 0x48, 0x0C, 0x0C,  // 0x5C4D "锚"
    0xA8, 0x60, 0x0C, 0x0C,  // 0x5C4E "毛"
    0xA8, 0x78, 0x0C, 0x0C,  // 0x5C4F "矛"
    0xA8, 0x90, 0x0C, 0x0C,  // 0x5C50 "铆"
    0xA8, 0xA8, 0x0C, 0x0C,  // 0x5C51 "卯"
    0xA8, 0xC0, 0x0C, 0x0C,  // 0x5C52 "茂"
    0xA8, 0xD8, 0x0C, 0x0C,  // 0x5C53 "冒"
    0xA8, 0xF0, 0x0C, 0x0C,  // 0x5C54 "帽"
    0xA9, 0x08, 0x0C, 0x0C,  // 0x5C55 "貌"
    0xA9, 0x20, 0x0C, 0x0C,  // 0x5C56 "贸"
    0xA9, 0x38, 0x0C, 0x0C,  // 0x5C57 "么"
    0xA9, 0x50, 0x0C, 0x0C,  // 0x5C58 "玫"
    0xA9, 0x68, 0x0C, 0x0C,  // 0x5C59 "枚"
    0xA9, 0x80, 0x0C, 0x0C,  // 0x5C5A "梅"
    0xA9, 0x98, 0x0C, 0x0C,  // 0x5C5B "酶"
    0xA9, 0xB0, 0x0C, 0x0C,  // 0x5C5C "霉"
    0xA9, 0xC8, 0x0C, 0x0C,  // 0x5C5D "煤"
    0xA9, 0xE0, 0x0C, 0x0C,  // 0x5C5E "没"
    0xA9, 0xF8, 0x0C, 0x0C,  // 0x5C5F "眉"
    0xAA, 0x10, 0x0C, 0x0C,  // 0x5C60 "媒"
    0xAA, 0x28, 0x0C, 0x0C,  // 0x5C61 "镁"
    0xAA, 0x40, 0x0C, 0x0C,  // 0x5C62 "每"
    0xAA, 0x58, 0x0C, 0x0C,  // 0x5C63 "美"
    0xAA, 0x70, 0x0C, 0x0C,  // 0x5C64 "昧"
    0xAA, 0x88, 0x0C, 0x0C,  // 0x5C65 "寐"
    0xAA, 0xA0, 0x0C, 0x0C,  // 0x5C66 "妹"
    0xAA, 0xB8, 0x0C, 0x0C,  // 0x5C67 "媚"
    0xAA, 0xD0, 0x0C, 0x0C,  // 0x5C68 "门"
    0xAA, 0xE8, 0x0C, 0x0C,  // 0x5C69 "闷"
    0xAB, 0x00, 0x0C, 0x0C,  // 0x5C6A "们"
    0xAB, 0x18, 0x0C, 0x0C,  // 0x5C6B "萌"
    0xAB, 0x30, 0x0C, 0x0C,  // 0x5C6C "蒙"
    0xAB, 0x48, 0x0C, 0x0C,  // 0x5C6D "檬"
    0xAB, 0x60, 0x0C, 0x0C,  // 0x5C6E "盟"
    0xAB, 0x78, 0x0C, 0x0C,  // 0x5C6F "锰"
    0xAB, 0x90, 0x0C, 0x0C,  // 0x5C70 "猛"
    0xAB, 0xA8, 0x0C, 0x0C,  // 0x5C71 "梦"
    0xAB, 0xC0, 0x0C, 0x0C,  // 0x5C72 "孟"
    0xAB, 0xD8, 0x0C, 0x0C,  // 0x5C73 "眯"
    0xAB, 0xF0, 0x0C, 0x0C,  // 0x5C74 "醚"
    0xAC, 0x08, 0x0C, 0x0C,  // 0x5C75 "靡"
    0xAC, 0x20, 0x0C, 0x0C,  // 0x5C76 "糜"
    0xAC, 0x38, 0x0C, 0x0C,  // 0x5C77 "迷"
    0xAC, 0x50, 0x0C, 0x0C,  // 0x5C78 "谜"
    0xAC, 0x68, 0x0C, 0x0C,  // 0x5C79 "弥"
    0xAC, 0x80, 0x0C, 0x0C,  // 0x5C7A "米"
    0xAC, 0x98, 0x0C, 0x0C,  // 0x5C7B "秘"
    0xAC, 0xB0, 0x0C, 0x0C,  // 0x5C7C "觅"
    0xAC, 0xC8, 0x0C, 0x0C,  // 0x5C7D "泌"
    0xAC, 0xE0, 0x0C, 0x0C,  // 0x5C7E "蜜"
    0xAC, 0xF8, 0x0C, 0x0C,  // 0x5C7F "密"
    0xAD, 0x10, 0x0C, 0x0C,  // 0x5C80 "幂"
    0xAD, 0x28, 0x0C, 0x0C,  // 0x5C81 "棉"
    0xAD, 0x40, 0x0C, 0x0C,  // 0x5C82 "眠"
    0xAD, 0x58, 0x0C, 0x0C,  // 0x5C83 "绵"
    0xAD, 0x70, 0x0C, 0x0C,  // 0x5C84 "冕"
    0xAD, 0x88, 0x0C, 0x0C,  // 0x5C85 "免"
    0xAD, 0xA0, 0x0C, 0x0C,  // 0x5C86 "勉"
    0xAD, 0xB8, 0x0C, 0x0C,  // 0x5C87 "娩"
    0xAD, 0xD0, 0x0C, 0x0C,  // 0x5C88 "缅"
    0xAD, 0xE8, 0x0C, 0x0C,  // 0x5C89 "面"
    0xAE, 0x00, 0x0C, 0x0C,  // 0x5C8A "苗"
    0xAE, 0x18, 0x0C, 0x0C,  // 0x5C8B "描"
    0xAE, 0x30, 0x0C, 0x0C,  // 0x5C8C "瞄"
    0xAE, 0x48, 0x0C, 0x0C,  // 0x5C8D "藐"
    0xAE, 0x60, 0x0C, 0x0C,  // 0x5C8E "秒"
    0xAE, 0x78, 0x0C, 0x0C,  // 0x5C8F "渺"
    0xAE, 0x90, 0x0C, 0x0C,  // 0x5C90 "庙"
    0xAE, 0xA8, 0x0C, 0x0C,  // 0x5C91 "妙"
    0xAE, 0xC0, 0x0C, 0x0C,  // 0x5C92 "蔑"
    0xAE, 0xD8, 0x0C, 0x0C,  // 0x5C93 "灭"
    0xAE, 0xF0, 0x0C, 0x0C,  // 0x5C94 "民"
    0xAF, 0x08, 0x0C, 0x0C,  // 0x5C95 "抿"
    0xAF, 0x20, 0x0C, 0x0C,  // 0x5C96 "皿"
    0xAF, 0x38, 0x0C, 0x0C,  // 0x5C97 "敏"
    0xAF, 0x50, 0x0C, 0x0C,  // 0x5C98 "悯"
    0xAF, 0x68, 0x0C, 0x0C,  // 0x5C99 "闽"
    0xAF, 0x80, 0x0C, 0x0C,  // 0x5C9A "明"
    0xAF, 0x98, 0x0C, 0x0C,  // 0x5C9B "螟"
    0xAF, 0xB0, 0x0C, 0x0C,  // 0x5C9C "鸣"
    0xAF, 0xC8, 0x0C, 0x0C,  // 0x5C9D "铭"
    0xAF, 0xE0, 0x0C, 0x0C,  // 0x5C9E "名"
    0xAF, 0xF8, 0x0C, 0x0C,  // 0x5C9F "命"
    0xB0, 0x10, 0x0C, 0x0C,  // 0x5CA0 "谬"
    0xB0, 0x28, 0x0C, 0x0C,  // 0x5CA1 "摸"
    0xB0, 0x40, 0x0C, 0x0C,  // 0x5CA2 "摹"
    0xB0, 0x58, 0x0C, 0x0C,  // 0x5CA3 "蘑"
    0xB0, 0x70, 0x0C, 0x0C,  // 0x5CA4 "模"
    0xB0, 0x88, 0x0C, 0x0C,  // 0x5CA5 "膜"
    0xB0, 0xA0, 0x0C, 0x0C,  // 0x5CA6 "磨"
    0xB0, 0xB8, 0x0C, 0x0C,  // 0x5CA7 "摩"
    0xB0, 0xD0, 0x0C, 0x0C,  // 0x5CA8 "魔"
    0xB0, 0xE8, 0x0C, 0x0C,  // 0x5CA9 "抹"
    0xB1, 0x00, 0x0C, 0x0C,  // 0x5CAA "末"
    0xB1, 0x18, 0x0C, 0x0C,  // 0x5CAB "莫"
    0xB1, 0x30, 0x0C, 0x0C,  // 0x5CAC "墨"
    0xB1, 0x48, 0x0C, 0x0C,  // 0x5CAD "默"
    0xB1, 0x60, 0x0C, 0x0C,  // 0x5CAE "沫"
    0xB1, 0x78, 0x0C, 0x0C,  // 0x5CAF "漠"
    0xB1, 0x90, 0x0C, 0x0C,  // 0x5CB0 "寞"
    0xB1, 0xA8, 0x0C, 0x0C,  // 0x5CB1 "陌"
    0xB1, 0xC0, 0x0C, 0x0C,  // 0x5CB2 "谋"
    0xB1, 0xD8, 0x0C, 0x0C,  // 0x5CB3 "牟"
    0xB1, 0xF0, 0x0C, 0x0C,  // 0x5CB4 "某"
    0xB2, 0x08, 0x0C, 0x0C,  // 0x5CB5 "拇"
    0xB2, 0x20, 0x0C, 0x0C,  // 0x5CB6 "牡"
    0xB2, 0x38, 0x0C, 0x0C,  // 0x5CB7 "亩"
    0xB2, 0x50, 0x0C, 0x0C,  // 0x5CB8 "姆"
    0xB2, 0x68, 0x0C, 0x0C,  // 0x5CB9 "母"
    0xB2, 0x80, 0x0C, 0x0C,  // 0x5CBA "墓"
    0xB2, 0x98, 0x0C, 0x0C,  // 0x5CBB "暮"
    0xB2, 0xB0, 0x0C, 0x0C,  // 0x5CBC "幕"
    0xB2, 0xC8, 0x0C, 0x0C,  // 0x5CBD "募"
    0xB2, 0xE0, 0x0C, 0x0C,  // 0x5CBE "慕"
    0xB2, 0xF8, 0x0C, 0x0C,  // 0x5CBF "木"
    0xB3, 0x10, 0x0C, 0x0C,  // 0x5CC0 "目"
    0xB3, 0x28, 0x0C, 0x0C,  // 0x5CC1 "睦"
    0xB3, 0x40, 0x0C, 0x0C,  // 0x5CC2 "牧"
    0xB3, 0x58, 0x0C, 0x0C,  // 0x5CC3 "穆"
    0xB3, 0x70, 0x0C, 0x0C,  // 0x5CC4 "拿"
    0xB3, 0x88, 0x0C, 0x0C,  // 0x5CC5 "哪"
    0xB3, 0xA0, 0x0C, 0x0C,  // 0x5CC6 "呐"
    0xB3, 0xB8, 0x0C, 0x0C,  // 0x5CC7 "钠"
    0xB3, 0xD0, 0x0C, 0x0C,  // 0x5CC8 "那"
    0xB3, 0xE8, 0x0C, 0x0C,  // 0x5CC9 "娜"
    0xB4, 0x00, 0x0C, 0x0C,  // 0x5CCA "纳"
    0xB4, 0x18, 0x0C, 0x0C,  // 0x5CCB "氖"
    0xB4, 0x30, 0x0C, 0x0C,  // 0x5CCC "乃"
    0xB4, 0x48, 0x0C, 0x0C,  // 0x5CCD "奶"
    0xB4, 0x60, 0x0C, 0x0C,  // 0x5CCE "耐"
    0xB4, 0x78, 0x0C, 0x0C,  // 0x5CCF "奈"
    0xB4, 0x90, 0x0C, 0x0C,  // 0x5CD0 "南"
    0xB4, 0xA8, 0x0C, 0x0C,  // 0x5CD1 "男"
    0xB4, 0xC0, 0x0C, 0x0C,  // 0x5CD2 "难"
    0xB4, 0xD8, 0x0C, 0x0C,  // 0x5CD3 "囊"
    0xB4, 0xF0, 0x0C, 0x0C,  // 0x5CD4 "挠"
    0xB5, 0x08, 0x0C, 0x0C,  // 0x5CD5 "脑"
    0xB5, 0x20, 0x0C, 0x0C,  // 0x5CD6 "恼"
    0xB5, 0x38, 0x0C, 0x0C,  // 0x5CD7 "闹"
    0xB5, 0x50, 0x0C, 0x0C,  // 0x5CD8 "淖"
    0xB5, 0x68, 0x0C, 0x0C,  // 0x5CD9 "呢"
    0xB5, 0x80, 0x0C, 0x0C,  // 0x5CDA "馁"
    0xB5, 0x98, 0x0C, 0x0C,  // 0x5CDB "内"
    0xB5, 0xB0, 0x0C, 0x0C,  // 0x5CDC "嫩"
    0xB5, 0xC8, 0x0C, 0x0C,  // 0x5CDD "能"
    0xB5, 0xE0, 0x0C, 0x0C,  // 0x5CDE "妮"
    0xB5, 0xF8, 0x0C, 0x0C,  // 0x5CDF "霓"
    0xB6, 0x10, 0x0C, 0x0C,  // 0x5CE0 "倪"
    0xB6, 0x28, 0x0C, 0x0C,  // 0x5CE1 "泥"
    0xB6, 0x40, 0x0C, 0x0C,  // 0x5CE2 "尼"
    0xB6, 0x58, 0x0C, 0x0C,  // 0x5CE3 "拟"
    0xB6, 0x70, 0x0C, 0x0C,  // 0x5CE4 "你"
    0xB6, 0x88, 0x0C, 0x0C,  // 0x5CE5 "匿"
    0xB6, 0xA0, 0x0C, 0x0C,  // 0x5CE6 "腻"
    0xB6, 0xB8, 0x0C, 0x0C,  // 0x5CE7 "逆"
    0xB6, 0xD0, 0x0C, 0x0C,  // 0x5CE8 "溺"
    0xB6, 0xE8, 0x0C, 0x0C,  // 0x5CE9 "蔫"
    0xB7, 0x00, 0x0C, 0x0C,  // 0x5CEA "拈"
    0xB7, 0x18, 0x0C, 0x0C,  // 0x5CEB "年"
    0xB7, 0x30, 0x0C, 0x0C,  // 0x5CEC "碾"
    0xB7, 0x48, 0x0C, 0x0C,  // 0x5CED "撵"
    0xB7, 0x60, 0x0C, 0x0C,  // 0x5CEE "捻"
    0xB7, 0x78, 0x0C, 0x0C,  // 0x5CEF "念"
    0xB7, 0x90, 0x0C, 0x0C,  // 0x5CF0 "娘"
    0xB7, 0xA8, 0x0C, 0x0C,  // 0x5CF1 "酿"
    0xB7, 0xC0, 0x0C, 0x0C,  // 0x5CF2 "鸟"
    0xB7, 0xD8, 0x0C, 0x0C,  // 0x5CF3 "尿"
    0xB7, 0xF0, 0x0C, 0x0C,  // 0x5CF4 "捏"
    0xB8, 0x08, 0x0C, 0x0C,  // 0x5CF5 "聂"
    0xB8, 0x20, 0x0C, 0x0C,  // 0x5CF6 "孽"
    0xB8, 0x38, 0x0C, 0x0C,  // 0x5CF7 "啮"
    0xB8, 0x50, 0x0C, 0x0C,  // 0x5CF8 "镊"
    0xB8, 0x68, 0x0C, 0x0C,  // 0x5CF9 "镍"
    0xB8, 0x80, 0x0C, 0x0C,  // 0x5CFA "涅"
    0xB8, 0x98, 0x0C, 0x0C,  // 0x5CFB "您"
    0xB8, 0xB0, 0x0C, 0x0C,  // 0x5CFC "柠"
    0xB8, 0xC8, 0x0C, 0x0C,  // 0x5CFD "狞"
    0xB8, 0xE0, 0x0C, 0x0C,  // 0x5CFE "凝"
    0xB8, 0xF8, 0x0C, 0x0C,  // 0x5CFF "宁"
    0xB9, 0x10, 0x0C, 0x0C,  // 0x5D00 "拧"
    0xB9, 0x28, 0x0C, 0x0C,  // 0x5D01 "泞"
    0xB9, 0x40, 0x0C, 0x0C,  // 0x5D02 "牛"
    0xB9, 0x58, 0x0C, 0x0C,  // 0x5D03 "扭"
    0xB9, 0x70, 0x0C, 0x0C,  // 0x5D04 "钮"
    0xB9, 0x88, 0x0C, 0x0C,  // 0x5D05 "纽"
    0xB9, 0xA0, 0x0C, 0x0C,  // 0x5D06 "脓"
    0xB9, 0xB8, 0x0C, 0x0C,  // 0x5D07 "浓"
    0xB9, 0xD0, 0x0C, 0x0C,  // 0x5D08 "农"
    0xB9, 0xE8, 0x0C, 0x0C,  // 0x5D09 "弄"
    0xBA, 0x00, 0x0C, 0x0C,  // 0x5D0A "奴"
    0xBA, 0x18, 0x0C, 0x0C,  // 0x5D0B "努"
    0xBA, 0x30, 0x0C, 0x0C,  // 0x5D0C "怒"
    0xBA, 0x48, 0x0C, 0x0C,  // 0x5D0D "女"
    0xBA, 0x60, 0x0C, 0x0C,  // 0x5D0E "暖"
    0xBA, 0x78, 0x0C, 0x0C,  // 0x5D0F "虐"
    0xBA, 0x90, 0x0C, 0x0C,  // 0x5D10 "疟"
    0xBA, 0xA8, 0x0C, 0x0C,  // 0x5D11 "挪"
    0xBA, 0xC0, 0x0C, 0x0C,  // 0x5D12 "懦"
    0xBA, 0xD8, 0x0C, 0x0C,  // 0x5D13 "糯"
    0xBA, 0xF0, 0x0C, 0x0C,  // 0x5D14 "诺"
    0xBB, 0x08, 0x0C, 0x0C,  // 0x5D15 "哦"
    0xBB, 0x20, 0x0C, 0x0C,  // 0x5D16 "欧"
    0xBB, 0x38, 0x0C, 0x0C,  // 0x5D17 "鸥"
    0xBB, 0x50, 0x0C, 0x0C,  // 0x5D18 "殴"
    0xBB, 0x68, 0x0C, 0x0C,  // 0x5D19 "藕"
    0xBB, 0x80, 0x0C, 0x0C,  // 0x5D1A "呕"
    0xBB, 0x98, 0x0C, 0x0C,  // 0x5D1B "偶"
    0xBB, 0xB0, 0x0C, 0x0C,  // 0x5D1C "沤"
    0xBB, 0xC8, 0x0C, 0x0C,  // 0x5D1D "啪"
    0xBB, 0xE0, 0x0C, 0x0C,  // 0x5D1E "趴"
    0xBB, 0xF8, 0x0C, 0x0C,  // 0x5D1F "爬"
    0xBC, 0x10, 0x0C, 0x0C,  // 0x5D20 "帕"
    0xBC, 0x28, 0x0C, 0x0C,  // 0x5D21 "怕"
    0xBC, 0x40, 0x0C, 0x0C,  // 0x5D22 "琶"
    0xBC, 0x58, 0x0C, 0x0C,  // 0x5D23 "拍"
    0xBC, 0x70, 0x0C, 0x0C,  // 0x5D24 "排"
    0xBC, 0x88, 0x0C, 0x0C,  // 0x5D25 "牌"
    0xBC, 0xA0, 0x0C, 0x0C,  // 0x5D26 "徘"
    0xBC, 0xB8, 0x0C, 0x0C,  // 0x5D27 "湃"
    0xBC, 0xD0, 0x0C, 0x0C,  // 0x5D28 "派"
    0xBC, 0xE8, 0x0C, 0x0C,  // 0x5D29 "攀"
    0xBD, 0x00, 0x0C, 0x0C,  // 0x5D2A "潘"
    0xBD, 0x18, 0x0C, 0x0C,  // 0x5D2B "盘"
    0xBD, 0x30, 0x0C, 0x0C,  // 0x5D2C "磐"
    0xBD, 0x48, 0x0C, 0x0C,  // 0x5D2D "盼"
    0xBD, 0x60, 0x0C, 0x0C,  // 0x5D2E "畔"
    0xBD, 0x78, 0x0C, 0x0C,  // 0x5D2F "判"
    0xBD, 0x90, 0x0C, 0x0C,  // 0x5D30 "叛"
    0xBD, 0xA8, 0x0C, 0x0C,  // 0x5D31 "乓"
    0xBD, 0xC0, 0x0C, 0x0C,  // 0x5D32 "庞"
    0xBD, 0xD8, 0x0C, 0x0C,  // 0x5D33 "旁"
    0xBD, 0xF0, 0x0C, 0x0C,  // 0x5D34 "耪"
    0xBE, 0x08, 0x0C, 0x0C,  // 0x5D35 "胖"
    0xBE, 0x20, 0x0C, 0x0C,  // 0x5D36 "抛"
    0xBE, 0x38, 0x0C, 0x0C,  // 0x5D37 "咆"
    0xBE, 0x50, 0x0C, 0x0C,  // 0x5D38 "刨"
    0xBE, 0x68, 0x0C, 0x0C,  // 0x5D39 "炮"
    0xBE, 0x80, 0x0C, 0x0C,  // 0x5D3A "袍"
    0xBE, 0x98, 0x0C, 0x0C,  // 0x5D3B "跑"
    0xBE, 0xB0, 0x0C, 0x0C,  // 0x5D3C "泡"
    0xBE, 0xC8, 0x0C, 0x0C,  // 0x5D3D "呸"
    0xBE, 0xE0, 0x0C, 0x0C,  // 0x5D3E "胚"
    0xBE, 0xF8, 0x0C, 0x0C,  // 0x5D3F "培"
    0xBF, 0x10, 0x0C, 0x0C,  // 0x5D40 "裴"
    0xBF, 0x28, 0x0C, 0x0C,  // 0x5D41 "赔"
    0xBF, 0x40, 0x0C, 0x0C,  // 0x5D42 "陪"
    0xBF, 0x58, 0x0C, 0x0C,  // 0x5D43 "配"
    0xBF, 0x70, 0x0C, 0x0C,  // 0x5D44 "佩"
    0xBF, 0x88, 0x0C, 0x0C,  // 0x5D45 "沛"
    0xBF, 0xA0, 0x0C, 0x0C,  // 0x5D46 "喷"
    0xBF, 0xB8, 0x0C, 0x0C,  // 0x5D47 "盆"
    0xBF, 0xD0, 0x0C, 0x0C,  // 0x5D48 "砰"
    0xBF, 0xE8, 0x0C, 0x0C,  // 0x5D49 "抨"
    0xC0, 0x00, 0x0C, 0x0C,  // 0x5D4A "烹"
    0xC0, 0x18, 0x0C, 0x0C,  // 0x5D4B "澎"
    0xC0, 0x30, 0x0C, 0x0C,  // 0x5D4C "彭"
    0xC0, 0x48, 0x0C, 0x0C,  // 0x5D4D "蓬"
    0xC0, 0x60, 0x0C, 0x0C,  // 0x5D4E "棚"
    0xC0, 0x78, 0x0C, 0x0C,  // 0x5D4F "硼"
    0xC0, 0x90, 0x0C, 0x0C,  // 0x5D50 "篷"
    0xC0, 0xA8, 0x0C, 0x0C,  // 0x5D51 "膨"
    0xC0, 0xC0, 0x0C, 0x0C,  // 0x5D52 "朋"
    0xC0, 0xD8, 0x0C, 0x0C,  // 0x5D53 "鹏"
    0xC0, 0xF0, 0x0C, 0x0C,  // 0x5D54 "捧"
    0xC1, 0x08, 0x0C, 0x0C,  // 0x5D55 "碰"
    0xC1, 0x20, 0x0C, 0x0C,  // 0x5D56 "坯"
    0xC1, 0x38, 0x0C, 0x0C,  // 0x5D57 "砒"
    0xC1, 0x50, 0x0C, 0x0C,  // 0x5D58 "霹"
    0xC1, 0x68, 0x0C, 0x0C,  // 0x5D59 "批"
    0xC1, 0x80, 0x0C, 0x0C,  // 0x5D5A "披"
    0xC1, 0x98, 0x0C, 0x0C,  // 0x5D5B "劈"
    0xC1, 0xB0, 0x0C, 0x0C,  // 0x5D5C "琵"
    0xC1, 0xC8, 0x0C, 0x0C,  // 0x5D5D "毗"
    0xC1, 0xE0, 0x0C, 0x0C,  // 0x5D5E "啤"
    0xC1, 0xF8, 0x0C, 0x0C,  // 0x5D5F "脾"
    0xC2, 0x10, 0x0C, 0x0C,  // 0x5D60 "疲"
    0xC2, 0x28, 0x0C, 0x0C,  // 0x5D61 "皮"
    0xC2, 0x40, 0x0C, 0x0C,  // 0x5D62 "匹"
    0xC2, 0x58, 0x0C, 0x0C,  // 0x5D63 "痞"
    0xC2, 0x70, 0x0C, 0x0C,  // 0x5D64 "僻"
    0xC2, 0x88, 0x0C, 0x0C,  // 0x5D65 "屁"
    0xC2, 0xA0, 0x0C, 0x0C,  // 0x5D66 "譬"
    0xC2, 0xB8, 0x0C, 0x0C,  // 0x5D67 "篇"
    0xC2, 0xD0, 0x0C, 0x0C,  // 0x5D68 "偏"
    0xC2, 0xE8, 0x0C, 0x0C,  // 0x5D69 "片"
    0xC3, 0x00, 0x0C, 0x0C,  // 0x5D6A "骗"
    0xC3, 0x18, 0x0C, 0x0C,  // 0x5D6B "飘"
    0xC3, 0x30, 0x0C, 0x0C,  // 0x5D6C "漂"
    0xC3, 0x48, 0x0C, 0x0C,  // 0x5D6D "瓢"
    0xC3, 0x60, 0x0C, 0x0C,  // 0x5D6E "票"
    0xC3, 0x78, 0x0C, 0x0C,  // 0x5D6F "撇"
    0xC3, 0x90, 0x0C, 0x0C,  // 0x5D70 "瞥"
    0xC3, 0xA8, 0x0C, 0x0C,  // 0x5D71 "拼"
    0xC3, 0xC0, 0x0C, 0x0C,  // 0x5D72 "频"
    0xC3, 0xD8, 0x0C, 0x0C,  // 0x5D73 "贫"
    0xC3, 0xF0, 0x0C, 0x0C,  // 0x5D74 "品"
    0xC4, 0x08, 0x0C, 0x0C,  // 0x5D75 "聘"
    0xC4, 0x20, 0x0C, 0x0C,  // 0x5D76 "乒"
    0xC4, 0x38, 0x0C, 0x0C,  // 0x5D77 "坪"
    0xC4, 0x50, 0x0C, 0x0C,  // 0x5D78 "苹"
    0xC4, 0x68, 0x0C, 0x0C,  // 0x5D79 "萍"
    0xC4, 0x80, 0x0C, 0x0C,  // 0x5D7A "平"
    0xC4, 0x98, 0x0C, 0x0C,  // 0x5D7B "凭"
    0xC4, 0xB0, 0x0C, 0x0C,  // 0x5D7C "瓶"
    0xC4, 0xC8, 0x0C, 0x0C,  // 0x5D7D "评"
    0xC4, 0xE0, 0x0C, 0x0C,  // 0x5D7E "屏"
    0xC4, 0xF8, 0x0C, 0x0C,  // 0x5D7F "坡"
    0xC5, 0x10, 0x0C, 0x0C,  // 0x5D80 "泼"
    0xC5, 0x28, 0x0C, 0x0C,  // 0x5D81 "颇"
    0xC5, 0x40, 0x0C, 0x0C,  // 0x5D82 "婆"
    0xC5, 0x58, 0x0C, 0x0C,  // 0x5D83 "破"
    0xC5, 0x70, 0x0C, 0x0C,  // 0x5D84 "魄"
    0xC5, 0x88, 0x0C, 0x0C,  // 0x5D85 "迫"
    0xC5, 0xA0, 0x0C, 0x0C,  // 0x5D86 "粕"
    0xC5, 0xB8, 0x0C, 0x0C,  // 0x5D87 "剖"
    0xC5, 0xD0, 0x0C, 0x0C,  // 0x5D88 "扑"
    0xC5, 0xE8, 0x0C, 0x0C,  // 0x5D89 "铺"
    0xC6, 0x00, 0x0C, 0x0C,  // 0x5D8A "仆"
    0xC6, 0x18, 0x0C, 0x0C,  // 0x5D8B "莆"
    0xC6, 0x30, 0x0C, 0x0C,  // 0x5D8C "葡"
    0xC6, 0x48, 0x0C, 0x0C,  // 0x5D8D "菩"
    0xC6, 0x60, 0x0C, 0x0C,  // 0x5D8E "蒲"
    0xC6, 0x78, 0x0C, 0x0C,  // 0x5D8F "埔"
    0xC6, 0x90, 0x0C, 0x0C,  // 0x5D90 "朴"
    0xC6, 0xA8, 0x0C, 0x0C,  // 0x5D91 "圃"
    0xC6, 0xC0, 0x0C, 0x0C,  // 0x5D92 "普"
    0xC6, 0xD8, 0x0C, 0x0C,  // 0x5D93 "浦"
    0xC6, 0xF0, 0x0C, 0x0C,  // 0x5D94 "谱"
    0xC7, 0x08, 0x0C, 0x0C,  // 0x5D95 "曝"
    0xC7, 0x20, 0x0C, 0x0C,  // 0x5D96 "瀑"
    0xC7, 0x38, 0x0C, 0x0C,  // 0x5D97 "期"
    0xC7, 0x50, 0x0C, 0x0C,  // 0x5D98 "欺"
    0xC7, 0x68, 0x0C, 0x0C,  // 0x5D99 "栖"
    0xC7, 0x80, 0x0C, 0x0C,  // 0x5D9A "戚"
    0xC7, 0x98, 0x0C, 0x0C,  // 0x5D9B "妻"
    0xC7, 0xB0, 0x0C, 0x0C,  // 0x5D9C "七"
    0xC7, 0xC8, 0x0C, 0x0C,  // 0x5D9D "凄"
    0xC7, 0xE0, 0x0C, 0x0C,  // 0x5D9E "漆"
    0xC7, 0xF8, 0x0C, 0x0C,  // 0x5D9F "柒"
    0xC8, 0x10, 0x0C, 0x0C,  // 0x5DA0 "沏"
    0xC8, 0x28, 0x0C, 0x0C,  // 0x5DA1 "其"
    0xC8, 0x40, 0x0C, 0x0C,  // 0x5DA2 "棋"
    0xC8, 0x58, 0x0C, 0x0C,  // 0x5DA3 "奇"
    0xC8, 0x70, 0x0C, 0x0C,  // 0x5DA4 "歧"
    0xC8, 0x88, 0x0C, 0x0C,  // 0x5DA5 "畦"
    0xC8, 0xA0, 0x0C, 0x0C,  // 0x5DA6 "崎"
    0xC8, 0xB8, 0x0C, 0x0C,  // 0x5DA7 "脐"
    0xC8, 0xD0, 0x0C, 0x0C,  // 0x5DA8 "齐"
    0xC8, 0xE8, 0x0C, 0x0C,  // 0x5DA9 "旗"
    0xC9, 0x00, 0x0C, 0x0C,  // 0x5DAA "祈"
    0xC9, 0x18, 0x0C, 0x0C,  // 0x5DAB "祁"
    0xC9, 0x30, 0x0C, 0x0C,  // 0x5DAC "骑"
    0xC9, 0x48, 0x0C, 0x0C,  // 0x5DAD "起"
    0xC9, 0x60, 0x0C, 0x0C,  // 0x5DAE "岂"
    0xC9, 0x78, 0x0C, 0x0C,  // 0x5DAF "乞"
    0xC9, 0x90, 0x0C, 0x0C,  // 0x5DB0 "企"
    0xC9, 0xA8, 0x0C, 0x0C,  // 0x5DB1 "启"
    0xC9, 0xC0, 0x0C, 0x0C,  // 0x5DB2 "契"
    0xC9, 0xD8, 0x0C, 0x0C,  // 0x5DB3 "砌"
    0xC9, 0xF0, 0x0C, 0x0C,  // 0x5DB4 "器"
    0xCA, 0x08, 0x0C, 0x0C,  // 0x5DB5 "气"
    0xCA, 0x20, 0x0C, 0x0C,  // 0x5DB6 "迄"
    0xCA, 0x38, 0x0C, 0x0C,  // 0x5DB7 "弃"
    0xCA, 0x50, 0x0C, 0x0C,  // 0x5DB8 "汽"
    0xCA, 0x68, 0x0C, 0x0C,  // 0x5DB9 "泣"
    0xCA, 0x80, 0x0C, 0x0C,  // 0x5DBA "讫"
    0xCA, 0x98, 0x0C, 0x0C,  // 0x5DBB "掐"
    0xCA, 0xB0, 0x0C, 0x0C,  // 0x5DBC "恰"
    0xCA, 0xC8, 0x0C, 0x0C,  // 0x5DBD "洽"
    0xCA, 0xE0, 0x0C, 0x0C,  // 0x5DBE "牵"
    0xCA, 0xF8, 0x0C, 0x0C,  // 0x5DBF "扦"
    0xCB, 0x10, 0x0C, 0x0C,  // 0x5DC0 "钎"
    0xCB, 0x28, 0x0C, 0x0C,  // 0x5DC1 "铅"
    0xCB, 0x40, 0x0C, 0x0C,  // 0x5DC2 "千"
    0xCB, 0x58, 0x0C, 0x0C,  // 0x5DC3 "迁"
    0xCB, 0x70, 0x0C, 0x0C,  // 0x5DC4 "签"
    0xCB, 0x88, 0x0C, 0x0C,  // 0x5DC5 "仟"
    0xCB, 0xA0, 0x0C, 0x0C,  // 0x5DC6 "谦"
    0xCB, 0xB8, 0x0C, 0x0C,  // 0x5DC7 "乾"
    0xCB, 0xD0, 0x0C, 0x0C,  // 0x5DC8 "黔"
    0xCB, 0xE8, 0x0C, 0x0C,  // 0x5DC9 "钱"
    0xCC, 0x00, 0x0C, 0x0C,  // 0x5DCA "钳"
    0xCC, 0x18, 0x0C, 0x0C,  // 0x5DCB "前"
    0xCC, 0x30, 0x0C, 0x0C,  // 0x5DCC "潜"
    0xCC, 0x48, 0x0C, 0x0C,  // 0x5DCD "遣"
    0xCC, 0x60, 0x0C, 0x0C,  // 0x5DCE "浅"
    0xCC, 0x78, 0x0C, 0x0C,  // 0x5DCF "谴"
    0xCC, 0x90, 0x0C, 0x0C,  // 0x5DD0 "堑"
    0xCC, 0xA8, 0x0C, 0x0C,  // 0x5DD1 "嵌"
    0xCC, 0xC0, 0x0C, 0x0C,  // 0x5DD2 "欠"
    0xCC, 0xD8, 0x0C, 0x0C,  // 0x5DD3 "歉"
    0xCC, 0xF0, 0x0C, 0x0C,  // 0x5DD4 "枪"
    0xCD, 0x08, 0x0C, 0x0C,  // 0x5DD5 "呛"
    0xCD, 0x20, 0x0C, 0x0C,  // 0x5DD6 "腔"
    0xCD, 0x38, 0x0C, 0x0C,  // 0x5DD7 "羌"
    0xCD, 0x50, 0x0C, 0x0C,  // 0x5DD8 "墙"
    0xCD, 0x68, 0x0C, 0x0C,  // 0x5DD9 "蔷"
    0xCD, 0x80, 0x0C, 0x0C,  // 0x5DDA "强"
    0xCD, 0x98, 0x0C, 0x0C,  // 0x5DDB "抢"
    0xCD, 0xB0, 0x0C, 0x0C,  // 0x5DDC "橇"
    0xCD, 0xC8, 0x0C, 0x0C,  // 0x5DDD "锹"
    0xCD, 0xE0, 0x0C, 0x0C,  // 0x5DDE "敲"
    0xCD, 0xF8, 0x0C, 0x0C,  // 0x5DDF "悄"
    0xCE, 0x10, 0x0C, 0x0C,  // 0x5DE0 "桥"
    0xCE, 0x28, 0x0C, 0x0C,  // 0x5DE1 "瞧"
    0xCE, 0x40, 0x0C, 0x0C,  // 0x5DE2 "乔"
    0xCE, 0x58, 0x0C, 0x0C,  // 0x5DE3 "侨"
    0xCE, 0x70, 0x0C, 0x0C,  // 0x5DE4 "巧"
    0xCE, 0x88, 0x0C, 0x0C,  // 0x5DE5 "鞘"
    0xCE, 0xA0, 0x0C, 0x0C,  // 0x5DE6 "撬"
    0xCE, 0xB8, 0x0C, 0x0C,  // 0x5DE7 "翘"
    0xCE, 0xD0, 0x0C, 0x0C,  // 0x5DE8 "峭"
    0xCE, 0xE8, 0x0C, 0x0C,  // 0x5DE9 "俏"
    0xCF, 0x00, 0x0C, 0x0C,  // 0x5DEA "窍"
    0xCF, 0x18, 0x0C, 0x0C,  // 0x5DEB "切"
    0xCF, 0x30, 0x0C, 0x0C,  // 0x5DEC "茄"
    0xCF, 0x48, 0x0C, 0x0C,  // 0x5DED "且"
    0xCF, 0x60, 0x0C, 0x0C,  // 0x5DEE "怯"
    0xCF, 0x78, 0x0C, 0x0C,  // 0x5DEF "窃"
    0xCF, 0x90, 0x0C, 0x0C,  // 0x5DF0 "钦"
    0xCF, 0xA8, 0x0C, 0x0C,  // 0x5DF1 "侵"
    0xCF, 0xC0, 0x0C, 0x0C,  // 0x5DF2 "亲"
    0xCF, 0xD8, 0x0C, 0x0C,  // 0x5DF3 "秦"
    0xCF, 0xF0, 0x0C, 0x0C,  // 0x5DF4 "琴"
    0xD0, 0x08, 0x0C, 0x0C,  // 0x5DF5 "勤"
    0xD0, 0x20, 0x0C, 0x0C,  // 0x5DF6 "芹"
    0xD0, 0x38, 0x0C, 0x0C,  // 0x5DF7 "擒"
    0xD0, 0x50, 0x0C, 0x0C,  // 0x5DF8 "禽"
    0xD0, 0x68, 0x0C, 0x0C,  // 0x5DF9 "寝"
    0xD0, 0x80, 0x0C, 0x0C,  // 0x5DFA "沁"
    0xD0, 0x98, 0x0C, 0x0C,  // 0x5DFB "青"
    0xD0, 0xB0, 0x0C, 0x0C,  // 0x5DFC "轻"
    0xD0, 0xC8, 0x0C, 0x0C,  // 0x5DFD "氢"
    0xD0, 0xE0, 0x0C, 0x0C,  // 0x5DFE "倾"
    0xD0, 0xF8, 0x0C, 0x0C,  // 0x5DFF "卿"
    0xD1, 0x10, 0x0C, 0x0C,  // 0x5E00 "清"
    0xD1, 0x28, 0x0C, 0x0C,  // 0x5E01 "擎"
    0xD1, 0x40, 0x0C, 0x0C,  // 0x5E02 "晴"
    0xD1, 0x58, 0x0C, 0x0C,  // 0x5E03 "氰"
    0xD1, 0x70, 0x0C, 0x0C,  // 0x5E04 "情"
    0xD1, 0x88, 0x0C, 0x0C,  // 0x5E05 "顷"
    0xD1, 0xA0, 0x0C, 0x0C,  // 0x5E06 "请"
    0xD1, 0xB8, 0x0C, 0x0C,  // 0x5E07 "庆"
    0xD1, 0xD0, 0x0C, 0x0C,  // 0x5E08 "琼"
    0xD1, 0xE8, 0x0C, 0x0C,  // 0x5E09 "穷"
    0xD2, 0x00, 0x0C, 0x0C,  // 0x5E0A "秋"
    0xD2, 0x18, 0x0C, 0x0C,  // 0x5E0B "丘"
    0xD2, 0x30, 0x0C, 0x0C,  // 0x5E0C "邱"
    0xD2, 0x48, 0x0C, 0x0C,  // 0x5E0D "球"
    0xD2, 0x60, 0x0C, 0x0C,  // 0x5E0E "求"
    0xD2, 0x78, 0x0C, 0x0C,  // 0x5E0F "囚"
    0xD2, 0x90, 0x0C, 0x0C,  // 0x5E10 "酋"
    0xD2, 0xA8, 0x0C, 0x0C,  // 0x5E11 "泅"
    0xD2, 0xC0, 0x0C, 0x0C,  // 0x5E12 "趋"
    0xD2, 0xD8, 0x0C, 0x0C,  // 0x5E13 "区"
    0xD2, 0xF0, 0x0C, 0x0C,  // 0x5E14 "蛆"
    0xD3, 0x08, 0x0C, 0x0C,  // 0x5E15 "曲"
    0xD3, 0x20, 0x0C, 0x0C,  // 0x5E16 "躯"
    0xD3, 0x38, 0x0C, 0x0C,  // 0x5E17 "屈"
    0xD3, 0x50, 0x0C, 0x0C,  // 0x5E18 "驱"
    0xD3, 0x68, 0x0C, 0x0C,  // 0x5E19 "渠"
    0xD3, 0x80, 0x0C, 0x0C,  // 0x5E1A "取"
    0xD3, 0x98, 0x0C, 0x0C,  // 0x5E1B "娶"
    0xD3, 0xB0, 0x0C, 0x0C,  // 0x5E1C "龋"
    0xD3, 0xC8, 0x0C, 0x0C,  // 0x5E1D "趣"
    0xD3, 0xE0, 0x0C, 0x0C,  // 0x5E1E "去"
    0xD3, 0xF8, 0x0C, 0x0C,  // 0x5E1F "圈"
    0xD4, 0x10, 0x0C, 0x0C,  // 0x5E20 "颧"
    0xD4, 0x28, 0x0C, 0x0C,  // 0x5E21 "权"
    0xD4, 0x40, 0x0C, 0x0C,  // 0x5E22 "醛"
    0xD4, 0x58, 0x0C, 0x0C,  // 0x5E23 "泉"
    0xD4, 0x70, 0x0C, 0x0C,  // 0x5E24 "全"
    0xD4, 0x88, 0x0C, 0x0C,  // 0x5E25 "痊"
    0xD4, 0xA0, 0x0C, 0x0C,  // 0x5E26 "拳"
    0xD4, 0xB8, 0x0C, 0x0C,  // 0x5E27 "犬"
    0xD4, 0xD0, 0x0C, 0x0C,  // 0x5E28 "券"
    0xD4, 0xE8, 0x0C, 0x0C,  // 0x5E29 "劝"
    0xD5, 0x00, 0x0C, 0x0C,  // 0x5E2A "缺"
    0xD5, 0x18, 0x0C, 0x0C,  // 0x5E2B "炔"
    0xD5, 0x30, 0x0C, 0x0C,  // 0x5E2C "瘸"
    0xD5, 0x48, 0x0C, 0x0C,  // 0x5E2D "却"
    0xD5, 0x60, 0x0C, 0x0C,  // 0x5E2E "鹊"
    0xD5, 0x78, 0x0C, 0x0C,  // 0x5E2F "榷"
    0xD5, 0x90, 0x0C, 0x0C,  // 0x5E30 "确"
    0xD5, 0xA8, 0x0C, 0x0C,  // 0x5E31 "雀"
    0xD5, 0xC0, 0x0C, 0x0C,  // 0x5E32 "裙"
    0xD5, 0xD8, 0x0C, 0x0C,  // 0x5E33 "群"
    0xD5, 0xF0, 0x0C, 0x0C,  // 0x5E34 "然"
    0xD6, 0x08, 0x0C, 0x0C,  // 0x5E35 "燃"
    0xD6, 0x20, 0x0C, 0x0C,  // 0x5E36 "冉"
    0xD6, 0x38, 0x0C, 0x0C,  // 0x5E37 "染"
    0xD6, 0x50, 0x0C, 0x0C,  // 0x5E38 "瓤"
    0xD6, 0x68, 0x0C, 0x0C,  // 0x5E39 "壤"
    0xD6, 0x80, 0x0C, 0x0C,  // 0x5E3A "攘"
    0xD6, 0x98, 0x0C, 0x0C,  // 0x5E3B "嚷"
    0xD6, 0xB0, 0x0C, 0x0C,  // 0x5E3C "让"
    0xD6, 0xC8, 0x0C, 0x0C,  // 0x5E3D "饶"
    0xD6, 0xE0, 0x0C, 0x0C,  // 0x5E3E "扰"
    0xD6, 0xF8, 0x0C, 0x0C,  // 0x5E3F "绕"
    0xD7, 0x10, 0x0C, 0x0C,  // 0x5E40 "惹"
    0xD7, 0x28, 0x0C, 0x0C,  // 0x5E41 "热"
    0xD7, 0x40, 0x0C, 0x0C,  // 0x5E42 "壬"
    0xD7, 0x58, 0x0C, 0x0C,  // 0x5E43 "仁"
    0xD7, 0x70, 0x0C, 0x0C,  // 0x5E44 "人"
    0xD7, 0x88, 0x0C, 0x0C,  // 0x5E45 "忍"
    0xD7, 0xA0, 0x0C, 0x0C,  // 0x5E46 "韧"
    0xD7, 0xB8, 0x0C, 0x0C,  // 0x5E47 "任"
    0xD7, 0xD0, 0x0C, 0x0C,  // 0x5E48 "认"
    0xD7, 0xE8, 0x0C, 0x0C,  // 0x5E49 "刃"
    0xD8, 0x00, 0x0C, 0x0C,  // 0x5E4A "妊"
    0xD8, 0x18, 0x0C, 0x0C,  // 0x5E4B "纫"
    0xD8, 0x30, 0x0C, 0x0C,  // 0x5E4C "扔"
    0xD8, 0x48, 0x0C, 0x0C,  // 0x5E4D "仍"
    0xD8, 0x60, 0x0C, 0x0C,  // 0x5E4E "日"
    0xD8, 0x78, 0x0C, 0x0C,  // 0x5E4F "戎"
    0xD8, 0x90, 0x0C, 0x0C,  // 0x5E50 "茸"
    0xD8, 0xA8, 0x0C, 0x0C,  // 0x5E51 "蓉"
    0xD8, 0xC0, 0x0C, 0x0C,  // 0x5E52 "荣"
    0xD8, 0xD8, 0x0C, 0x0C,  // 0x5E53 "融"
    0xD8, 0xF0, 0x0C, 0x0C,  // 0x5E54 "熔"
    0xD9, 0x08, 0x0C, 0x0C,  // 0x5E55 "溶"
    0xD9, 0x20, 0x0C, 0x0C,  // 0x5E56 "容"
    0xD9, 0x38, 0x0C, 0x0C,  // 0x5E57 "绒"
    0xD9, 0x50, 0x0C, 0x0C,  // 0x5E58 "冗"
    0xD9, 0x68, 0x0C, 0x0C,  // 0x5E59 "揉"
    0xD9, 0x80, 0x0C, 0x0C,  // 0x5E5A "柔"
    0xD9, 0x98, 0x0C, 0x0C,  // 0x5E5B "肉"
    0xD9, 0xB0, 0x0C, 0x0C,  // 0x5E5C "茹"
    0xD9, 0xC8, 0x0C, 0x0C,  // 0x5E5D "蠕"
    0xD9, 0xE0, 0x0C, 0x0C,  // 0x5E5E "儒"
    0xD9, 0xF8, 0x0C, 0x0C,  // 0x5E5F "孺"
    0xDA, 0x10, 0x0C, 0x0C,  // 0x5E60 "如"
    0xDA, 0x28, 0x0C, 0x0C,  // 0x5E61 "辱"
    0xDA, 0x40, 0x0C, 0x0C,  // 0x5E62 "乳"
    0xDA, 0x58, 0x0C, 0x0C,  // 0x5E63 "汝"
    0xDA, 0x70, 0x0C, 0x0C,  // 0x5E64 "入"
    0xDA, 0x88, 0x0C, 0x0C,  // 0x5E65 "褥"
    0xDA, 0xA0, 0x0C, 0x0C,  // 0x5E66 "软"
    0xDA, 0xB8, 0x0C, 0x0C,  // 0x5E67 "阮"
    0xDA, 0xD0, 0x0C, 0x0C,  // 0x5E68 "蕊"
    0xDA, 0xE8, 0x0C, 0x0C,  // 0x5E69 "瑞"
    0xDB, 0x00, 0x0C, 0x0C,  // 0x5E6A "锐"
    0xDB, 0x18, 0x0C, 0x0C,  // 0x5E6B "闰"
    0xDB, 0x30, 0x0C, 0x0C,  // 0x5E6C "润"
    0xDB, 0x48, 0x0C, 0x0C,  // 0x5E6D "若"
    0xDB, 0x60, 0x0C, 0x0C,  // 0x5E6E "弱"
    0xDB, 0x78, 0x0C, 0x0C,  // 0x5E6F "撒"
    0xDB, 0x90, 0x0C, 0x0C,  // 0x5E70 "洒"
    0xDB, 0xA8, 0x0C, 0x0C,  // 0x5E71 "萨"
    0xDB, 0xC0, 0x0C, 0x0C,  // 0x5E72 "腮"
    0xDB, 0xD8, 0x0C, 0x0C,  // 0x5E73 "鳃"
    0xDB, 0xF0, 0x0C, 0x0C,  // 0x5E74 "塞"
    0xDC, 0x08, 0x0C, 0x0C,  // 0x5E75 "赛"
    0xDC, 0x20, 0x0C, 0x0C,  // 0x5E76 "三"
    0xDC, 0x38, 0x0C, 0x0C,  // 0x5E77 "叁"
    0xDC, 0x50, 0x0C, 0x0C,  // 0x5E78 "伞"
    0xDC, 0x68, 0x0C, 0x0C,  // 0x5E79 "散"
    0xDC, 0x80, 0x0C, 0x0C,  // 0x5E7A "桑"
    0xDC, 0x98, 0x0C, 0x0C,  // 0x5E7B "嗓"
    0xDC, 0xB0, 0x0C, 0x0C,  // 0x5E7C "丧"
    0xDC, 0xC8, 0x0C, 0x0C,  // 0x5E7D "搔"
    0xDC, 0xE0, 0x0C, 0x0C,  // 0x5E7E "骚"
    0xDC, 0xF8, 0x0C, 0x0C,  // 0x5E7F "扫"
    0xDD, 0x10, 0x0C, 0x0C,  // 0x5E80 "嫂"
    0xDD, 0x28, 0x0C, 0x0C,  // 0x5E81 "瑟"
    0xDD, 0x40, 0x0C, 0x0C,  // 0x5E82 "色"
    0xDD, 0x58, 0x0C, 0x0C,  // 0x5E83 "涩"
    0xDD, 0x70, 0x0C, 0x0C,  // 0x5E84 "森"
    0xDD, 0x88, 0x0C, 0x0C,  // 0x5E85 "僧"
    0xDD, 0xA0, 0x0C, 0x0C,  // 0x5E86 "莎"
    0xDD, 0xB8, 0x0C, 0x0C,  // 0x5E87 "砂"
    0xDD, 0xD0, 0x0C, 0x0C,  // 0x5E88 "杀"
    0xDD, 0xE8, 0x0C, 0x0C,  // 0x5E89 "刹"
    0xDE, 0x00, 0x0C, 0x0C,  // 0x5E8A "沙"
    0xDE, 0x18, 0x0C, 0x0C,  // 0x5E8B "纱"
    0xDE, 0x30, 0x0C, 0x0C,  // 0x5E8C "傻"
    0xDE, 0x48, 0x0C, 0x0C,  // 0x5E8D "啥"
    0xDE, 0x60, 0x0C, 0x0C,  // 0x5E8E "煞"
    0xDE, 0x78, 0x0C, 0x0C,  // 0x5E8F "筛"
    0xDE, 0x90, 0x0C, 0x0C,  // 0x5E90 "晒"
    0xDE, 0xA8, 0x0C, 0x0C,  // 0x5E91 "珊"
    0xDE, 0xC0, 0x0C, 0x0C,  // 0x5E92 "苫"
    0xDE, 0xD8, 0x0C, 0x0C,  // 0x5E93 "杉"
    0xDE, 0xF0, 0x0C, 0x0C,  // 0x5E94 "山"
    0xDF, 0x08, 0x0C, 0x0C,  // 0x5E95 "删"
    0xDF, 0x20, 0x0C, 0x0C,  // 0x5E96 "煽"
    0xDF, 0x38, 0x0C, 0x0C,  // 0x5E97 "衫"
    0xDF, 0x50, 0x0C, 0x0C,  // 0x5E98 "闪"
    0xDF, 0x68, 0x0C, 0x0C,  // 0x5E99 "陕"
    0xDF, 0x80, 0x0C, 0x0C,  // 0x5E9A "擅"
    0xDF, 0x98, 0x0C, 0x0C,  // 0x5E9B "赡"
    0xDF, 0xB0, 0x0C, 0x0C,  // 0x5E9C "膳"
    0xDF, 0xC8, 0x0C, 0x0C,  // 0x5E9D "善"
    0xDF, 0xE0, 0x0C, 0x0C,  // 0x5E9E "汕"
    0xDF, 0xF8, 0x0C, 0x0C,  // 0x5E9F "扇"
    0xE0, 0x10, 0x0C, 0x0C,  // 0x5EA0 "缮"
    0xE0, 0x28, 0x0C, 0x0C,  // 0x5EA1 "墒"
    0xE0, 0x40, 0x0C, 0x0C,  // 0x5EA2 "伤"
    0xE0, 0x58, 0x0C, 0x0C,  // 0x5EA3 "商"
    0xE0, 0x70, 0x0C, 0x0C,  // 0x5EA4 "赏"
    0xE0, 0x88, 0x0C, 0x0C,  // 0x5EA5 "晌"
    0xE0, 0xA0, 0x0C, 0x0C,  // 0x5EA6 "上"
    0xE0, 0xB8, 0x0C, 0x0C,  // 0x5EA7 "尚"
    0xE0, 0xD0, 0x0C, 0x0C,  // 0x5EA8 "裳"
    0xE0, 0xE8, 0x0C, 0x0C,  // 0x5EA9 "梢"
    0xE1, 0x00, 0x0C, 0x0C,  // 0x5EAA "捎"
    0xE1, 0x18, 0x0C, 0x0C,  // 0x5EAB "稍"
    0xE1, 0x30, 0x0C, 0x0C,  // 0x5EAC "烧"
    0xE1, 0x48, 0x0C, 0x0C,  // 0x5EAD "芍"
    0xE1, 0x60, 0x0C, 0x0C,  // 0x5EAE "勺"
    0xE1, 0x78, 0x0C, 0x0C,  // 0x5EAF "韶"
    0xE1, 0x90, 0x0C, 0x0C,  // 0x5EB0 "少"
    0xE1, 0xA8, 0x0C, 0x0C,  // 0x5EB1 "哨"
    0xE1, 0xC0, 0x0C, 0x0C,  // 0x5EB2 "邵"
    0xE1, 0xD8, 0x0C, 0x0C,  // 0x5EB3 "绍"
    0xE1, 0xF0, 0x0C, 0x0C,  // 0x5EB4 "奢"
    0xE2, 0x08, 0x0C, 0x0C,  // 0x5EB5 "赊"
    0xE2, 0x20, 0x0C, 0x0C,  // 0x5EB6 "蛇"
    0xE2, 0x38, 0x0C, 0x0C,  // 0x5EB7 "舌"
    0xE2, 0x50, 0x0C, 0x0C,  // 0x5EB8 "舍"
    0xE2, 0x68, 0x0C, 0x0C,  // 0x5EB9 "赦"
    0xE2, 0x80, 0x0C, 0x0C,  // 0x5EBA "摄"
    0xE2, 0x98, 0x0C, 0x0C,  // 0x5EBB "射"
    0xE2, 0xB0, 0x0C, 0x0C,  // 0x5EBC "慑"
    0xE2, 0xC8, 0x0C, 0x0C,  // 0x5EBD "涉"
    0xE2, 0xE0, 0x0C, 0x0C,  // 0x5EBE "社"
    0xE2, 0xF8, 0x0C, 0x0C,  // 0x5EBF "设"
    0xE3, 0x10, 0x0C, 0x0C,  // 0x5EC0 "砷"
    0xE3, 0x28, 0x0C, 0x0C,  // 0x5EC1 "申"
    0xE3, 0x40, 0x0C, 0x0C,  // 0x5EC2 "呻"
    0xE3, 0x58, 0x0C, 0x0C,  // 0x5EC3 "伸"
    0xE3, 0x70, 0x0C, 0x0C,  // 0x5EC4 "身"
    0xE3, 0x88, 0x0C, 0x0C,  // 0x5EC5 "深"
    0xE3, 0xA0, 0x0C, 0x0C,  // 0x5EC6 "娠"
    0xE3, 0xB8, 0x0C, 0x0C,  // 0x5EC7 "绅"
    0xE3, 0xD0, 0x0C, 0x0C,  // 0x5EC8 "神"
    0xE3, 0xE8, 0x0C, 0x0C,  // 0x5EC9 "沈"
    0xE4, 0x00, 0x0C, 0x0C,  // 0x5ECA "审"
    0xE4, 0x18, 0x0C, 0x0C,  // 0x5ECB "婶"
    0xE4, 0x30, 0x0C, 0x0C,  // 0x5ECC "甚"
    0xE4, 0x48, 0x0C, 0x0C,  // 0x5ECD "肾"
    0xE4, 0x60, 0x0C, 0x0C,  // 0x5ECE "慎"
    0xE4, 0x78, 0x0C, 0x0C,  // 0x5ECF "渗"
    0xE4, 0x90, 0x0C, 0x0C,  // 0x5ED0 "声"
    0xE4, 0xA8, 0x0C, 0x0C,  // 0x5ED1 "生"
    0xE4, 0xC0, 0x0C, 0x0C,  // 0x5ED2 "甥"
    0xE4, 0xD8, 0x0C, 0x0C,  // 0x5ED3 "牲"
    0xE4, 0xF0, 0x0C, 0x0C,  // 0x5ED4 "升"
    0xE5, 0x08, 0x0C, 0x0C,  // 0x5ED5 "绳"
    0xE5, 0x20, 0x0C, 0x0C,  // 0x5ED6 "省"
    0xE5, 0x38, 0x0C, 0x0C,  // 0x5ED7 "盛"
    0xE5, 0x50, 0x0C, 0x0C,  // 0x5ED8 "剩"
    0xE5, 0x68, 0x0C, 0x0C,  // 0x5ED9 "胜"
    0xE5, 0x80, 0x0C, 0x0C,  // 0x5EDA "圣"
    0xE5, 0x98, 0x0C, 0x0C,  // 0x5EDB "师"
    0xE5, 0xB0, 0x0C, 0x0C,  // 0x5EDC "失"
    0xE5, 0xC8, 0x0C, 0x0C,  // 0x5EDD "狮"
    0xE5, 0xE0, 0x0C, 0x0C,  // 0x5EDE "施"
    0xE5, 0xF8, 0x0C, 0x0C,  // 0x5EDF "湿"
    0xE6, 0x10, 0x0C, 0x0C,  // 0x5EE0 "诗"
    0xE6, 0x28, 0x0C, 0x0C,  // 0x5EE1 "尸"
    0xE6, 0x40, 0x0C, 0x0C,  // 0x5EE2 "虱"
    0xE6, 0x58, 0x0C, 0x0C,  // 0x5EE3 "十"
    0xE6, 0x70, 0x0C, 0x0C,  // 0x5EE4 "石"
    0xE6, 0x88, 0x0C, 0x0C,  // 0x5EE5 "拾"
    0xE6, 0xA0, 0x0C, 0x0C,  // 0x5EE6 "时"
    0xE6, 0xB8, 0x0C, 0x0C,  // 0x5EE7 "什"
    0xE6, 0xD0, 0x0C, 0x0C,  // 0x5EE8 "食"
    0xE6, 0xE8, 0x0C, 0x0C,  // 0x5EE9 "蚀"
    0xE7, 0x00, 0x0C, 0x0C,  // 0x5EEA "实"
    0xE7, 0x18, 0x0C, 0x0C,  // 0x5EEB "识"
    0xE7, 0x30, 0x0C, 0x0C,  // 0x5EEC "史"
    0xE7, 0x48, 0x0C, 0x0C,  // 0x5EED "矢"
    0xE7, 0x60, 0x0C, 0x0C,  // 0x5EEE "使"
    0xE7, 0x78, 0x0C, 0x0C,  // 0x5EEF "屎"
    0xE7, 0x90, 0x0C, 0x0C,  // 0x5EF0 "驶"
    0xE7, 0xA8, 0x0C, 0x0C,  // 0x5EF1 "始"
    0xE7, 0xC0, 0x0C, 0x0C,  // 0x5EF2 "式"
    0xE7, 0xD8, 0x0C, 0x0C,  // 0x5EF3 "示"
    0xE7, 0xF0, 0x0C, 0x0C,  // 0x5EF4 "士"
    0xE8, 0x08, 0x0C, 0x0C,  // 0x5EF5 "世"
    0xE8, 0x20, 0x0C, 0x0C,  // 0x5EF6 "柿"
    0xE8, 0x38, 0x0C, 0x0C,  // 0x5EF7 "事"
    0xE8, 0x50, 0x0C, 0x0C,  // 0x5EF8 "拭"
    0xE8, 0x68, 0x0C, 0x0C,  // 0x5EF9 "誓"
    0xE8, 0x80, 0x0C, 0x0C,  // 0x5EFA "逝"
    0xE8, 0x98, 0x0C, 0x0C,  // 0x5EFB "势"
    0xE8, 0xB0, 0x0C, 0x0C,  // 0x5EFC "是"
    0xE8, 0xC8, 0x0C, 0x0C,  // 0x5EFD "嗜"
    0xE8, 0xE0, 0x0C, 0x0C,  // 0x5EFE "噬"
    0xE8, 0xF8, 0x0C, 0x0C,  // 0x5EFF "适"
    0xE9, 0x10, 0x0C, 0x0C,  // 0x5F00 "仕"
    0xE9, 0x28, 0x0C, 0x0C,  // 0x5F01 "侍"
    0xE9, 0x40, 0x0C, 0x0C,  // 0x5F02 "释"
    0xE9, 0x58, 0x0C, 0x0C,  // 0x5F03 "饰"
    0xE9, 0x70, 0x0C, 0x0C,  // 0x5F04 "氏"
    0xE9, 0x88, 0x0C, 0x0C,  // 0x5F05 "市"
    0xE9, 0xA0, 0x0C, 0x0C,  // 0x5F06 "恃"
    0xE9, 0xB8, 0x0C, 0x0C,  // 0x5F07 "室"
    0xE9, 0xD0, 0x0C, 0x0C,  // 0x5F08 "视"
    0xE9, 0xE8, 0x0C, 0x0C,  // 0x5F09 "试"
    0xEA, 0x00, 0x0C, 0x0C,  // 0x5F0A "收"
    0xEA, 0x18, 0x0C, 0x0C,  // 0x5F0B "手"
    0xEA, 0x30, 0x0C, 0x0C,  // 0x5F0C "首"
    0xEA, 0x48, 0x0C, 0x0C,  // 0x5F0D "守"
    0xEA, 0x60, 0x0C, 0x0C,  // 0x5F0E "寿"
    0xEA, 0x78, 0x0C, 0x0C,  // 0x5F0F "授"
    0xEA, 0x90, 0x0C, 0x0C,  // 0x5F10 "售"
    0xEA, 0xA8, 0x0C, 0x0C,  // 0x5F11 "受"
    0xEA, 0xC0, 0x0C, 0x0C,  // 0x5F12 "瘦"
    0xEA, 0xD8, 0x0C, 0x0C,  // 0x5F13 "兽"
    0xEA, 0xF0, 0x0C, 0x0C,  // 0x5F14 "蔬"
    0xEB, 0x08, 0x0C, 0x0C,  // 0x5F15 "枢"
    0xEB, 0x20, 0x0C, 0x0C,  // 0x5F16 "梳"
    0xEB, 0x38, 0x0C, 0x0C,  // 0x5F17 "殊"
    0xEB, 0x50, 0x0C, 0x0C,  // 0x5F18 "抒"
    0xEB, 0x68, 0x0C, 0x0C,  // 0x5F19 "输"
    0xEB, 0x80, 0x0C, 0x0C,  // 0x5F1A "叔"
    0xEB, 0x98, 0x0C, 0x0C,  // 0x5F1B "舒"
    0xEB, 0xB0, 0x0C, 0x0C,  // 0x5F1C "淑"
    0xEB, 0xC8, 0x0C, 0x0C,  // 0x5F1D "疏"
    0xEB, 0xE0, 0x0C, 0x0C,  // 0x5F1E "书"
    0xEB, 0xF8, 0x0C, 0x0C,  // 0x5F1F "赎"
    0xEC, 0x10, 0x0C, 0x0C,  // 0x5F20 "孰"
    0xEC, 0x28, 0x0C, 0x0C,  // 0x5F21 "熟"
    0xEC, 0x40, 0x0C, 0x0C,  // 0x5F22 "薯"
    0xEC, 0x58, 0x0C, 0x0C,  // 0x5F23 "暑"
    0xEC, 0x70, 0x0C, 0x0C,  // 0x5F24 "曙"
    0xEC, 0x88, 0x0C, 0x0C,  // 0x5F25 "署"
    0xEC, 0xA0, 0x0C, 0x0C,  // 0x5F26 "蜀"
    0xEC, 0xB8, 0x0C, 0x0C,  // 0x5F27 "黍"
    0xEC, 0xD0, 0x0C, 0x0C,  // 0x5F28 "鼠"
    0xEC, 0xE8, 0x0C, 0x0C,  // 0x5F29 "属"
    0xED, 0x00, 0x0C, 0x0C,  // 0x5F2A "术"
    0xED, 0x18, 0x0C, 0x0C,  // 0x5F2B "述"
    0xED, 0x30, 0x0C, 0x0C,  // 0x5F2C "树"
    0xED, 0x48, 0x0C, 0x0C,  // 0x5F2D "束"
    0xED, 0x60, 0x0C, 0x0C,  // 0x5F2E "戍"
    0xED, 0x78, 0x0C, 0x0C,  // 0x5F2F "竖"
    0xED, 0x90, 0x0C, 0x0C,  // 0x5F30 "墅"
    0xED, 0xA8, 0x0C, 0x0C,  // 0x5F31 "庶"
    0xED, 0xC0, 0x0C, 0x0C,  // 0x5F32 "数"
    0xED, 0xD8, 0x0C, 0x0C,  // 0x5F33 "漱"
    0xED, 0xF0, 0x0C, 0x0C,  // 0x5F34 "恕"
    0xEE, 0x08, 0x0C, 0x0C,  // 0x5F35 "刷"
    0xEE, 0x20, 0x0C, 0x0C,  // 0x5F36 "耍"
    0xEE, 0x38, 0x0C, 0x0C,  // 0x5F37 "摔"
    0xEE, 0x50, 0x0C, 0x0C,  // 0x5F38 "衰"
    0xEE, 0x68, 0x0C, 0x0C,  // 0x5F39 "甩"
    0xEE, 0x80, 0x0C, 0x0C,  // 0x5F3A "帅"
    0xEE, 0x98, 0x0C, 0x0C,  // 0x5F3B "栓"
    0xEE, 0xB0, 0x0C, 0x0C,  // 0x5F3C "拴"
    0xEE, 0xC8, 0x0C, 0x0C,  // 0x5F3D "霜"
    0xEE, 0xE0, 0x0C, 0x0C,  // 0x5F3E "双"
    0xEE, 0xF8, 0x0C, 0x0C,  // 0x5F3F "爽"
    0xEF, 0x10, 0x0C, 0x0C,  // 0x5F40 "谁"
    0xEF, 0x28, 0x0C, 0x0C,  // 0x5F41 "水"
    0xEF, 0x40, 0x0C, 0x0C,  // 0x5F42 "睡"
    0xEF, 0x58, 0x0C, 0x0C,  // 0x5F43 "税"
    0xEF, 0x70, 0x0C, 0x0C,  // 0x5F44 "吮"
    0xEF, 0x88, 0x0C, 0x0C,  // 0x5F45 "瞬"
    0xEF, 0xA0, 0x0C, 0x0C,  // 0x5F46 "顺"
    0xEF, 0xB8, 0x0C, 0x0C,  // 0x5F47 "舜"
    0xEF, 0xD0, 0x0C, 0x0C,  // 0x5F48 "说"
    0xEF, 0xE8, 0x0C, 0x0C,  // 0x5F49 "硕"
    0xF0, 0x00, 0x0C, 0x0C,  // 0x5F4A "朔"
    0xF0, 0x18, 0x0C, 0x0C,  // 0x5F4B "烁"
    0xF0, 0x30, 0x0C, 0x0C,  // 0x5F4C "斯"
    0xF0, 0x48, 0x0C, 0x0C,  // 0x5F4D "撕"
    0xF0, 0x60, 0x0C, 0x0C,  // 0x5F4E "嘶"
    0xF0, 0x78, 0x0C, 0x0C,  // 0x5F4F "思"
    0xF0, 0x90, 0x0C, 0x0C,  // 0x5F50 "私"
    0xF0, 0xA8, 0x0C, 0x0C,  // 0x5F51 "司"
    0xF0, 0xC0, 0x0C, 0x0C,  // 0x5F52 "丝"
    0xF0, 0xD8, 0x0C, 0x0C,  // 0x5F53 "死"
    0xF0, 0xF0, 0x0C, 0x0C,  // 0x5F54 "肆"
    0xF1, 0x08, 0x0C, 0x0C,  // 0x5F55 "寺"
    0xF1, 0x20, 0x0C, 0x0C,  // 0x5F56 "嗣"
    0xF1, 0x38, 0x0C, 0x0C,  // 0x5F57 "四"
    0xF1, 0x50, 0x0C, 0x0C,  // 0x5F58 "伺"
    0xF1, 0x68, 0x0C, 0x0C,  // 0x5F59 "似"
    0xF1, 0x80, 0x0C, 0x0C,  // 0x5F5A "饲"
    0xF1, 0x98, 0x0C, 0x0C,  // 0x5F5B "巳"
    0xF1, 0xB0, 0x0C, 0x0C,  // 0x5F5C "松"
    0xF1, 0xC8, 0x0C, 0x0C,  // 0x5F5D "耸"
    0xF1, 0xE0, 0x0C, 0x0C,  // 0x5F5E "怂"
    0xF1, 0xF8, 0x0C, 0x0C,  // 0x5F5F "颂"
    0xF2, 0x10, 0x0C, 0x0C,  // 0x5F60 "送"
    0xF2, 0x28, 0x0C, 0x0C,  // 0x5F61 "宋"
    0xF2, 0x40, 0x0C, 0x0C,  // 0x5F62 "讼"
    0xF2, 0x58, 0x0C, 0x0C,  // 0x5F63 "诵"
    0xF2, 0x70, 0x0C, 0x0C,  // 0x5F64 "搜"
    0xF2, 0x88, 0x0C, 0x0C,  // 0x5F65 "艘"
    0xF2, 0xA0, 0x0C, 0x0C,  // 0x5F66 "擞"
    0xF2, 0xB8, 0x0C, 0x0C,  // 0x5F67 "嗽"
    0xF2, 0xD0, 0x0C, 0x0C,  // 0x5F68 "苏"
    0xF2, 0xE8, 0x0C, 0x0C,  // 0x5F69 "酥"
    0xF3, 0x00, 0x0C, 0x0C,  // 0x5F6A "俗"
    0xF3, 0x18, 0x0C, 0x0C,  // 0x5F6B "素"
    0xF3, 0x30, 0x0C, 0x0C,  // 0x5F6C "速"
    0xF3, 0x48, 0x0C, 0x0C,  // 0x5F6D "粟"
    0xF3, 0x60, 0x0C, 0x0C,  // 0x5F6E "僳"
    0xF3, 0x78, 0x0C, 0x0C,  // 0x5F6F "塑"
    0xF3, 0x90, 0x0C, 0x0C,  // 0x5F70 "溯"
    0xF3, 0xA8, 0x0C, 0x0C,  // 0x5F71 "宿"
    0xF3, 0xC0, 0x0C, 0x0C,  // 0x5F72 "诉"
    0xF3, 0xD8, 0x0C, 0x0C,  // 0x5F73 "肃"
    0xF3, 0xF0, 0x0C, 0x0C,  // 0x5F74 "酸"
    0xF4, 0x08, 0x0C, 0x0C,  // 0x5F75 "蒜"
    0xF4, 0x20, 0x0C, 0x0C,  // 0x5F76 "算"
    0xF4, 0x38, 0x0C, 0x0C,  // 0x5F77 "虽"
    0xF4, 0x50, 0x0C, 0x0C,  // 0x5F78 "隋"
    0xF4, 0x68, 0x0C, 0x0C,  // 0x5F79 "随"
    0xF4, 0x80, 0x0C, 0x0C,  // 0x5F7A "绥"
    0xF4, 0x98, 0x0C, 0x0C,  // 0x5F7B "髓"
    0xF4, 0xB0, 0x0C, 0x0C,  // 0x5F7C "碎"
    0xF4, 0xC8, 0x0C, 0x0C,  // 0x5F7D "岁"
    0xF4, 0xE0, 0x0C, 0x0C,  // 0x5F7E "穗"
    0xF4, 0xF8, 0x0C, 0x0C,  // 0x5F7F "遂"
    0xF5, 0x10, 0x0C, 0x0C,  // 0x5F80 "隧"
    0xF5, 0x28, 0x0C, 0x0C,  // 0x5F81 "祟"
    0xF5, 0x40, 0x0C, 0x0C,  // 0x5F82 "孙"
    0xF5, 0x58, 0x0C, 0x0C,  // 0x5F83 "损"
    0xF5, 0x70, 0x0C, 0x0C,  // 0x5F84 "笋"
    0xF5, 0x88, 0x0C, 0x0C,  // 0x5F85 "蓑"
    0xF5, 0xA0, 0x0C, 0x0C,  // 0x5F86 "梭"
    0xF5, 0xB8, 0x0C, 0x0C,  // 0x5F87 "唆"
    0xF5, 0xD0, 0x0C, 0x0C,  // 0x5F88 "缩"
    0xF5, 0xE8, 0x0C, 0x0C,  // 0x5F89 "琐"
    0xF6, 0x00, 0x0C, 0x0C,  // 0x5F8A "索"
    0xF6, 0x18, 0x0C, 0x0C,  // 0x5F8B "锁"
    0xF6, 0x30, 0x0C, 0x0C,  // 0x5F8C "所"
    0xF6, 0x48, 0x0C, 0x0C,  // 0x5F8D "塌"
    0xF6, 0x60, 0x0C, 0x0C,  // 0x5F8E "他"
    0xF6, 0x78, 0x0C, 0x0C,  // 0x5F8F "它"
    0xF6, 0x90, 0x0C, 0x0C,  // 0x5F90 "她"
    0xF6, 0xA8, 0x0C, 0x0C,  // 0x5F91 "塔"
    0xF6, 0xC0, 0x0C, 0x0C,  // 0x5F92 "獭"
    0xF6, 0xD8, 0x0C, 0x0C,  // 0x5F93 "挞"
    0xF6, 0xF0, 0x0C, 0x0C,  // 0x5F94 "蹋"
    0xF7, 0x08, 0x0C, 0x0C,  // 0x5F95 "踏"
    0xF7, 0x20, 0x0C, 0x0C,  // 0x5F96 "胎"
    0xF7, 0x38, 0x0C, 0x0C,  // 0x5F97 "苔"
    0xF7, 0x50, 0x0C, 0x0C,  // 0x5F98 "抬"
    0xF7, 0x68, 0x0C, 0x0C,  // 0x5F99 "台"
    0xF7, 0x80, 0x0C, 0x0C,  // 0x5F9A "泰"
    0xF7, 0x98, 0x0C, 0x0C,  // 0x5F9B "酞"
    0xF7, 0xB0, 0x0C, 0x0C,  // 0x5F9C "太"
    0xF7, 0xC8, 0x0C, 0x0C,  // 0x5F9D "态"
    0xF7, 0xE0, 0x0C, 0x0C,  // 0x5F9E "汰"
    0xF7, 0xF8, 0x0C, 0x0C,  // 0x5F9F "坍"
    0xF8, 0x10, 0x0C, 0x0C,  // 0x5FA0 "摊"
    0xF8, 0x28, 0x0C, 0x0C,  // 0x5FA1 "贪"
    0xF8, 0x40, 0x0C, 0x0C,  // 0x5FA2 "瘫"
    0xF8, 0x58, 0x0C, 0x0C,  // 0x5FA3 "滩"
    0xF8, 0x70, 0x0C, 0x0C,  // 0x5FA4 "坛"
    0xF8, 0x88, 0x0C, 0x0C,  // 0x5FA5 "檀"
    0xF8, 0xA0, 0x0C, 0x0C,  // 0x5FA6 "痰"
    0xF8, 0xB8, 0x0C, 0x0C,  // 0x5FA7 "潭"
    0xF8, 0xD0, 0x0C, 0x0C,  // 0x5FA8 "谭"
    0xF8, 0xE8, 0x0C, 0x0C,  // 0x5FA9 "谈"
    0xF9, 0x00, 0x0C, 0x0C,  // 0x5FAA "坦"
    0xF9, 0x18, 0x0C, 0x0C,  // 0x5FAB "毯"
    0xF9, 0x30, 0x0C, 0x0C,  // 0x5FAC "袒"
    0xF9, 0x48, 0x0C, 0x0C,  // 0x5FAD "碳"
    0xF9, 0x60, 0x0C, 0x0C,  // 0x5FAE "探"
    0xF9, 0x78, 0x0C, 0x0C,  // 0x5FAF "叹"
    0xF9, 0x90, 0x0C, 0x0C,  // 0x5FB0 "炭"
    0xF9, 0xA8, 0x0C, 0x0C,  // 0x5FB1 "汤"
    0xF9, 0xC0, 0x0C, 0x0C,  // 0x5FB2 "塘"
    0xF9, 0xD8, 0x0C, 0x0C,  // 0x5FB3 "搪"
    0xF9, 0xF0, 0x0C, 0x0C,  // 0x5FB4 "堂"
    0xFA, 0x08, 0x0C, 0x0C,  // 0x5FB5 "棠"
    0xFA, 0x20, 0x0C, 0x0C,  // 0x5FB6 "膛"
    0xFA, 0x38, 0x0C, 0x0C,  // 0x5FB7 "唐"
    0xFA, 0x50, 0x0C, 0x0C,  // 0x5FB8 "糖"
    0xFA, 0x68, 0x0C, 0x0C,  // 0x5FB9 "倘"
    0xFA, 0x80, 0x0C, 0x0C,  // 0x5FBA "躺"
    0xFA, 0x98, 0x0C, 0x0C,  // 0x5FBB "淌"
    0xFA, 0xB0, 0x0C, 0x0C,  // 0x5FBC "趟"
    0xFA, 0xC8, 0x0C, 0x0C,  // 0x5FBD "烫"
    0xFA, 0xE0, 0x0C, 0x0C,  // 0x5FBE "掏"
    0xFA, 0xF8, 0x0C, 0x0C,  // 0x5FBF "涛"
    0xFB, 0x10, 0x0C, 0x0C,  // 0x5FC0 "滔"
    0xFB, 0x28, 0x0C, 0x0C,  // 0x5FC1 "绦"
    0xFB, 0x40, 0x0C, 0x0C,  // 0x5FC2 "萄"
    0xFB, 0x58, 0x0C, 0x0C,  // 0x5FC3 "桃"
    0xFB, 0x70, 0x0C, 0x0C,  // 0x5FC4 "逃"
    0xFB, 0x88, 0x0C, 0x0C,  // 0x5FC5 "淘"
    0xFB, 0xA0, 0x0C, 0x0C,  // 0x5FC6 "陶"
    0xFB, 0xB8, 0x0C, 0x0C,  // 0x5FC7 "讨"
    0xFB, 0xD0, 0x0C, 0x0C,  // 0x5FC8 "套"
    0xFB, 0xE8, 0x0C, 0x0C,  // 0x5FC9 "特"
    0xFC, 0x00, 0x0C, 0x0C,  // 0x5FCA "藤"
    0xFC, 0x18, 0x0C, 0x0C,  // 0x5FCB "腾"
    0xFC, 0x30, 0x0C, 0x0C,  // 0x5FCC "疼"
    0xFC, 0x48, 0x0C, 0x0C,  // 0x5FCD "誊"
    0xFC, 0x60, 0x0C, 0x0C,  // 0x5FCE "梯"
    0xFC, 0x78, 0x0C, 0x0C,  // 0x5FCF "剔"
    0xFC, 0x90, 0x0C, 0x0C,  // 0x5FD0 "踢"
    0xFC, 0xA8, 0x0C, 0x0C,  // 0x5FD1 "锑"
    0xFC, 0xC0, 0x0C, 0x0C,  // 0x5FD2 "提"
    0xFC, 0xD8, 0x0C, 0x0C,  // 0x5FD3 "题"
    0xFC, 0xF0, 0x0C, 0x0C,  // 0x5FD4 "蹄"
    0xFD, 0x08, 0x0C, 0x0C,  // 0x5FD5 "啼"
    0xFD, 0x20, 0x0C, 0x0C,  // 0x5FD6 "体"
    0xFD, 0x38, 0x0C, 0x0C,  // 0x5FD7 "替"
    0xFD, 0x50, 0x0C, 0x0C,  // 0x5FD8 "嚏"
    0xFD, 0x68, 0x0C, 0x0C,  // 0x5FD9 "惕"
    0xFD, 0x80, 0x0C, 0x0C,  // 0x5FDA "涕"
    0xFD, 0x98, 0x0C, 0x0C,  // 0x5FDB "剃"
    0xFD, 0xB0, 0x0C, 0x0C,  // 0x5FDC "屉"
    0xFD, 0xC8, 0x0C, 0x0C,  // 0x5FDD "天"
    0xFD, 0xE0, 0x0C, 0x0C,  // 0x5FDE "添"
    0xFD, 0xF8, 0x0C, 0x0C,  // 0x5FDF "填"
    0xFE, 0x10, 0x0C, 0x0C,  // 0x5FE0 "田"
    0xFE, 0x28, 0x0C, 0x0C,  // 0x5FE1 "甜"
    0xFE, 0x40, 0x0C, 0x0C,  // 0x5FE2 "恬"
    0xFE, 0x58, 0x0C, 0x0C,  // 0x5FE3 "舔"
    0xFE, 0x70, 0x0C, 0x0C,  // 0x5FE4 "腆"
    0xFE, 0x88, 0x0C, 0x0C,  // 0x5FE5 "挑"
    0xFE, 0xA0, 0x0C, 0x0C,  // 0x5FE6 "条"
    0xFE, 0xB8, 0x0C, 0x0C,  // 0x5FE7 "迢"
    0xFE, 0xD0, 0x0C, 0x0C,  // 0x5FE8 "眺"
    0xFE, 0xE8, 0x0C, 0x0C,  // 0x5FE9 "跳"
    0xFF, 0x00, 0x0C, 0x0C,  // 0x5FEA "贴"
    0xFF, 0x18, 0x0C, 0x0C,  // 0x5FEB "铁"
    0xFF, 0x30, 0x0C, 0x0C,  // 0x5FEC "帖"
    0xFF, 0x48, 0x0C, 0x0C,  // 0x5FED "厅"
    0xFF, 0x60, 0x0C, 0x0C,  // 0x5FEE "听"
    0xFF, 0x78, 0x0C, 0x0C,  // 0x5FEF "烃"
    0xFF, 0x90, 0x0C, 0x0C,  // 0x5FF0 "汀"
    0xFF, 0xA8, 0x0C, 0x0C,  // 0x5FF1 "廷"
    0xFF, 0xC0, 0x0C, 0x0C,  // 0x5FF2 "停"
    0xFF, 0xD8, 0x0C, 0x0C,  // 0x5FF3 "亭"
    0xFF, 0xF0, 0x0C, 0x0C,  // 0x5FF4 "庭"
    0x00, 0x08, 0x0C, 0x0C,  // 0x5FF5 "挺"
    0x00, 0x20, 0x0C, 0x0C,  // 0x5FF6 "艇"
    0x00, 0x38, 0x0C, 0x0C,  // 0x5FF7 "通"
    0x00, 0x50, 0x0C, 0x0C,  // 0x5FF8 "桐"
    0x00, 0x68, 0x0C, 0x0C,  // 0x5FF9 "酮"
    0x00, 0x80, 0x0C, 0x0C,  // 0x5FFA "瞳"
    0x00, 0x98, 0x0C, 0x0C,  // 0x5FFB "同"
    0x00, 0xB0, 0x0C, 0x0C,  // 0x5FFC "铜"
    0x00, 0xC8, 0x0C, 0x0C,  // 0x5FFD "彤"
    0x00, 0xE0, 0x0C, 0x0C,  // 0x5FFE "童"
    0x00, 0xF8, 0x0C, 0x0C,  // 0x5FFF "桶"
    0x01, 0x10, 0x0C, 0x0C,  // 0x6000 "捅"
    0x01, 0x28, 0x0C, 0x0C,  // 0x6001 "筒"
    0x01, 0x40, 0x0C, 0x0C,  // 0x6002 "统"
    0x01, 0x58, 0x0C, 0x0C,  // 0x6003 "痛"
    0x01, 0x70, 0x0C, 0x0C,  // 0x6004 "偷"
    0x01, 0x88, 0x0C, 0x0C,  // 0x6005 "投"
    0x01, 0xA0, 0x0C, 0x0C,  // 0x6006 "头"
    0x01, 0xB8, 0x0C, 0x0C,  // 0x6007 "透"
    0x01, 0xD0, 0x0C, 0x0C,  // 0x6008 "凸"
    0x01, 0xE8, 0x0C, 0x0C,  // 0x6009 "秃"
    0x02, 0x00, 0x0C, 0x0C,  // 0x600A "突"
    0x02, 0x18, 0x0C, 0x0C,  // 0x600B "图"
    0x02, 0x30, 0x0C, 0x0C,  // 0x600C "徒"
    0x02, 0x48, 0x0C, 0x0C,  // 0x600D "途"
    0x02, 0x60, 0x0C, 0x0C,  // 0x600E "涂"
    0x02, 0x78, 0x0C, 0x0C,  // 0x600F "屠"
    0x02, 0x90, 0x0C, 0x0C,  // 0x6010 "土"
    0x02, 0xA8, 0x0C, 0x0C,  // 0x6011 "吐"
    0x02, 0xC0, 0x0C, 0x0C,  // 0x6012 "兔"
    0x02, 0xD8, 0x0C, 0x0C,  // 0x6013 "湍"
    0x02, 0xF0, 0x0C, 0x0C,  // 0x6014 "团"
    0x03, 0x08, 0x0C, 0x0C,  // 0x6015 "推"
    0x03, 0x20, 0x0C, 0x0C,  // 0x6016 "颓"
    0x03, 0x38, 0x0C, 0x0C,  // 0x6017 "腿"
    0x03, 0x50, 0x0C, 0x0C,  // 0x6018 "蜕"
    0x03, 0x68, 0x0C, 0x0C,  // 0x6019 "褪"
    0x03, 0x80, 0x0C, 0x0C,  // 0x601A "退"
    0x03, 0x98, 0x0C, 0x0C,  // 0x601B "吞"
    0x03, 0xB0, 0x0C, 0x0C,  // 0x601C "屯"
    0x03, 0xC8, 0x0C, 0x0C,  // 0x601D "臀"
    0x03, 0xE0, 0x0C, 0x0C,  // 0x601E "拖"
    0x03, 0xF8, 0x0C, 0x0C,  // 0x601F "托"
    0x04, 0x10, 0x0C, 0x0C,  // 0x6020 "脱"
    0x04, 0x28, 0x0C, 0x0C,  // 0x6021 "鸵"
    0x04, 0x40, 0x0C, 0x0C,  // 0x6022 "陀"
    0x04, 0x58, 0x0C, 0x0C,  // 0x6023 "驮"
    0x04, 0x70, 0x0C, 0x0C,  // 0x6024 "驼"
    0x04, 0x88, 0x0C, 0x0C,  // 0x6025 "椭"
    0x04, 0xA0, 0x0C, 0x0C,  // 0x6026 "妥"
    0x04, 0xB8, 0x0C, 0x0C,  // 0x6027 "拓"
    0x04, 0xD0, 0x0C, 0x0C,  // 0x6028 "唾"
    0x04, 0xE8, 0x0C, 0x0C,  // 0x6029 "挖"
    0x05, 0x00, 0x0C, 0x0C,  // 0x602A "哇"
    0x05, 0x18, 0x0C, 0x0C,  // 0x602B "蛙"
    0x05, 0x30, 0x0C, 0x0C,  // 0x602C "洼"
    0x05, 0x48, 0x0C, 0x0C,  // 0x602D "娃"
    0x05, 0x60, 0x0C, 0x0C,  // 0x602E "瓦"
    0x05, 0x78, 0x0C, 0x0C,  // 0x602F "袜"
    0x05, 0x90, 0x0C, 0x0C,  // 0x6030 "歪"
    0x05, 0xA8, 0x0C, 0x0C,  // 0x6031 "外"
    0x05, 0xC0, 0x0C, 0x0C,  // 0x6032 "豌"
    0x05, 0xD8, 0x0C, 0x0C,  // 0x6033 "弯"
    0x05, 0xF0, 0x0C, 0x0C,  // 0x6034 "湾"
    0x06, 0x08, 0x0C, 0x0C,  // 0x6035 "玩"
    0x06, 0x20, 0x0C, 0x0C,  // 0x6036 "顽"
    0x06, 0x38, 0x0C, 0x0C,  // 0x6037 "丸"
    0x06, 0x50, 0x0C, 0x0C,  // 0x6038 "烷"
    0x06, 0x68, 0x0C, 0x0C,  // 0x6039 "完"
    0x06, 0x80, 0x0C, 0x0C,  // 0x603A "碗"
    0x06, 0x98, 0x0C, 0x0C,  // 0x603B "挽"
    0x06, 0xB0, 0x0C, 0x0C,  // 0x603C "晚"
    0x06, 0xC8, 0x0C, 0x0C,  // 0x603D "皖"
    0x06, 0xE0, 0x0C, 0x0C,  // 0x603E "惋"
    0x06, 0xF8, 0x0C, 0x0C,  // 0x603F "宛"
    0x07, 0x10, 0x0C, 0x0C,  // 0x6040 "婉"
    0x07, 0x28, 0x0C, 0x0C,  // 0x6041 "万"
    0x07, 0x40, 0x0C, 0x0C,  // 0x6042 "腕"
    0x07, 0x58, 0x0C, 0x0C,  // 0x6043 "汪"
    0x07, 0x70, 0x0C, 0x0C,  // 0x6044 "王"
    0x07, 0x88, 0x0C, 0x0C,  // 0x6045 "亡"
    0x07, 0xA0, 0x0C, 0x0C,  // 0x6046 "枉"
    0x07, 0xB8, 0x0C, 0x0C,  // 0x6047 "网"
    0x07, 0xD0, 0x0C, 0x0C,  // 0x6048 "往"
    0x07, 0xE8, 0x0C, 0x0C,  // 0x6049 "旺"
    0x08, 0x00, 0x0C, 0x0C,  // 0x604A "望"
    0x08, 0x18, 0x0C, 0x0C,  // 0x604B "忘"
    0x08, 0x30, 0x0C, 0x0C,  // 0x604C "妄"
    0x08, 0x48, 0x0C, 0x0C,  // 0x604D "威"
    0x08, 0x60, 0x0C, 0x0C,  // 0x604E "巍"
    0x08, 0x78, 0x0C, 0x0C,  // 0x604F "微"
    0x08, 0x90, 0x0C, 0x0C,  // 0x6050 "危"
    0x08, 0xA8, 0x0C, 0x0C,  // 0x6051 "韦"
    0x08, 0xC0, 0x0C, 0x0C,  // 0x6052 "违"
    0x08, 0xD8, 0x0C, 0x0C,  // 0x6053 "桅"
    0x08, 0xF0, 0x0C, 0x0C,  // 0x6054 "围"
    0x09, 0x08, 0x0C, 0x0C,  // 0x6055 "唯"
    0x09, 0x20, 0x0C, 0x0C,  // 0x6056 "惟"
    0x09, 0x38, 0x0C, 0x0C,  // 0x6057 "为"
    0x09, 0x50, 0x0C, 0x0C,  // 0x6058 "潍"
    0x09, 0x68, 0x0C, 0x0C,  // 0x6059 "维"
    0x09, 0x80, 0x0C, 0x0C,  // 0x605A "苇"
    0x09, 0x98, 0x0C, 0x0C,  // 0x605B "萎"
    0x09, 0xB0, 0x0C, 0x0C,  // 0x605C "委"
    0x09, 0xC8, 0x0C, 0x0C,  // 0x605D "伟"
    0x09, 0xE0, 0x0C, 0x0C,  // 0x605E "伪"
    0x09, 0xF8, 0x0C, 0x0C,  // 0x605F "尾"
    0x0A, 0x10, 0x0C, 0x0C,  // 0x6060 "纬"
    0x0A, 0x28, 0x0C, 0x0C,  // 0x6061 "未"
    0x0A, 0x40, 0x0C, 0x0C,  // 0x6062 "蔚"
    0x0A, 0x58, 0x0C, 0x0C,  // 0x6063 "味"
    0x0A, 0x70, 0x0C, 0x0C,  // 0x6064 "畏"
    0x0A, 0x88, 0x0C, 0x0C,  // 0x6065 "胃"
    0x0A, 0xA0, 0x0C, 0x0C,  // 0x6066 "喂"
    0x0A, 0xB8, 0x0C, 0x0C,  // 0x6067 "魏"
    0x0A, 0xD0, 0x0C, 0x0C,  // 0x6068 "位"
    0x0A, 0xE8, 0x0C, 0x0C,  // 0x6069 "渭"
    0x0B, 0x00, 0x0C, 0x0C,  // 0x606A "谓"
    0x0B, 0x18, 0x0C, 0x0C,  // 0x606B "尉"
    0x0B, 0x30, 0x0C, 0x0C,  // 0x606C "慰"
    0x0B, 0x48, 0x0C, 0x0C,  // 0x606D "卫"
    0x0B, 0x60, 0x0C, 0x0C,  // 0x606E "瘟"
    0x0B, 0x78, 0x0C, 0x0C,  // 0x606F "温"
    0x0B, 0x90, 0x0C, 0x0C,  // 0x6070 "蚊"
    0x0B, 0xA8, 0x0C, 0x0C,  // 0x6071 "文"
    0x0B, 0xC0, 0x0C, 0x0C,  // 0x6072 "闻"
    0x0B, 0xD8, 0x0C, 0x0C,  // 0x6073 "纹"
    0x0B, 0xF0, 0x0C, 0x0C,  // 0x6074 "吻"
    0x0C, 0x08, 0x0C, 0x0C,  // 0x6075 "稳"
    0x0C, 0x20, 0x0C, 0x0C,  // 0x6076 "紊"
    0x0C, 0x38, 0x0C, 0x0C,  // 0x6077 "问"
    0x0C, 0x50, 0x0C, 0x0C,  // 0x6078 "嗡"
    0x0C, 0x68, 0x0C, 0x0C,  // 0x6079 "翁"
    0x0C, 0x80, 0x0C, 0x0C,  // 0x607A "瓮"
    0x0C, 0x98, 0x0C, 0x0C,  // 0x607B "挝"
    0x0C, 0xB0, 0x0C, 0x0C,  // 0x607C "蜗"
    0x0C, 0xC8, 0x0C, 0x0C,  // 0x607D "涡"
    0x0C, 0xE0, 0x0C, 0x0C,  // 0x607E "窝"
    0x0C, 0xF8, 0x0C, 0x0C,  // 0x607F "我"
    0x0D, 0x10, 0x0C, 0x0C,  // 0x6080 "斡"
    0x0D, 0x28, 0x0C, 0x0C,  // 0x6081 "卧"
    0x0D, 0x40, 0x0C, 0x0C,  // 0x6082 "握"
    0x0D, 0x58, 0x0C, 0x0C,  // 0x6083 "沃"
    0x0D, 0x70, 0x0C, 0x0C,  // 0x6084 "巫"
    0x0D, 0x88, 0x0C, 0x0C,  // 0x6085 "呜"
    0x0D, 0xA0, 0x0C, 0x0C,  // 0x6086 "钨"
    0x0D, 0xB8, 0x0C, 0x0C,  // 0x6087 "乌"
    0x0D, 0xD0, 0x0C, 0x0C,  // 0x6088 "污"
    0x0D, 0xE8, 0x0C, 0x0C,  // 0x6089 "诬"
    0x0E, 0x00, 0x0C, 0x0C,  // 0x608A "屋"
    0x0E, 0x18, 0x0C, 0x0C,  // 0x608B "无"
    0x0E, 0x30, 0x0C, 0x0C,  // 0x608C "芜"
    0x0E, 0x48, 0x0C, 0x0C,  // 0x608D "梧"
    0x0E, 0x60, 0x0C, 0x0C,  // 0x608E "吾"
    0x0E, 0x78, 0x0C, 0x0C,  // 0x608F "吴"
    0x0E, 0x90, 0x0C, 0x0C,  // 0x6090 "毋"
    0x0E, 0xA8, 0x0C, 0x0C,  // 0x6091 "武"
    0x0E, 0xC0, 0x0C, 0x0C,  // 0x6092 "五"
    0x0E, 0xD8, 0x0C, 0x0C,  // 0x6093 "捂"
    0x0E, 0xF0, 0x0C, 0x0C,  // 0x6094 "午"
    0x0F, 0x08, 0x0C, 0x0C,  // 0x6095 "舞"
    0x0F, 0x20, 0x0C, 0x0C,  // 0x6096 "伍"
    0x0F, 0x38, 0x0C, 0x0C,  // 0x6097 "侮"
    0x0F, 0x50, 0x0C, 0x0C,  // 0x6098 "坞"
    0x0F, 0x68, 0x0C, 0x0C,  // 0x6099 "戊"
    0x0F, 0x80, 0x0C, 0x0C,  // 0x609A "雾"
    0x0F, 0x98, 0x0C, 0x0C,  // 0x609B "晤"
    0x0F, 0xB0, 0x0C, 0x0C,  // 0x609C "物"
    0x0F, 0xC8, 0x0C, 0x0C,  // 0x609D "勿"
    0x0F, 0xE0, 0x0C, 0x0C,  // 0x609E "务"
    0x0F, 0xF8, 0x0C, 0x0C,  // 0x609F "悟"
    0x10, 0x10, 0x0C, 0x0C,  // 0x60A0 "误"
    0x10, 0x28, 0x0C, 0x0C,  // 0x60A1 "昔"
    0x10, 0x40, 0x0C, 0x0C,  // 0x60A2 "熙"
    0x10, 0x58, 0x0C, 0x0C,  // 0x60A3 "析"
    0x10, 0x70, 0x0C, 0x0C,  // 0x60A4 "西"
    0x10, 0x88, 0x0C, 0x0C,  // 0x60A5 "硒"
    0x10, 0xA0, 0x0C, 0x0C,  // 0x60A6 "矽"
    0x10, 0xB8, 0x0C, 0x0C,  // 0x60A7 "晰"
    0x10, 0xD0, 0x0C, 0x0C,  // 0x60A8 "嘻"
    0x10, 0xE8, 0x0C, 0x0C,  // 0x60A9 "吸"
    0x11, 0x00, 0x0C, 0x0C,  // 0x60AA "锡"
    0x11, 0x18, 0x0C, 0x0C,  // 0x60AB "牺"
    0x11, 0x30, 0x0C, 0x0C,  // 0x60AC "稀"
    0x11, 0x48, 0x0C, 0x0C,  // 0x60AD "息"
    0x11, 0x60, 0x0C, 0x0C,  // 0x60AE "希"
    0x11, 0x78, 0x0C, 0x0C,  // 0x60AF "悉"
    0x11, 0x90, 0x0C, 0x0C,  // 0x60B0 "膝"
    0x11, 0xA8, 0x0C, 0x0C,  // 0x60B1 "夕"
    0x11, 0xC0, 0x0C, 0x0C,  // 0x60B2 "惜"
    0x11, 0xD8, 0x0C, 0x0C,  // 0x60B3 "熄"
    0x11, 0xF0, 0x0C, 0x0C,  // 0x60B4 "烯"
    0x12, 0x08, 0x0C, 0x0C,  // 0x60B5 "溪"
    0x12, 0x20, 0x0C, 0x0C,  // 0x60B6 "汐"
    0x12, 0x38, 0x0C, 0x0C,  // 0x60B7 "犀"
    0x12, 0x50, 0x0C, 0x0C,  // 0x60B8 "檄"
    0x12, 0x68, 0x0C, 0x0C,  // 0x60B9 "袭"
    0x12, 0x80, 0x0C, 0x0C,  // 0x60BA "席"
    0x12, 0x98, 0x0C, 0x0C,  // 0x60BB "习"
    0x12, 0xB0, 0x0C, 0x0C,  // 0x60BC "媳"
    0x12, 0xC8, 0x0C, 0x0C,  // 0x60BD "喜"
    0x12, 0xE0, 0x0C, 0x0C,  // 0x60BE "铣"
    0x12, 0xF8, 0x0C, 0x0C,  // 0x60BF "洗"
    0x13, 0x10, 0x0C, 0x0C,  // 0x60C0 "系"
    0x13, 0x28, 0x0C, 0x0C,  // 0x60C1 "隙"
    0x13, 0x40, 0x0C, 0x0C,  // 0x60C2 "戏"
    0x13, 0x58, 0x0C, 0x0C,  // 0x60C3 "细"
    0x13, 0x70, 0x0C, 0x0C,  // 0x60C4 "瞎"
    0x13, 0x88, 0x0C, 0x0C,  // 0x60C5 "虾"
    0x13, 0xA0, 0x0C, 0x0C,  // 0x60C6 "匣"
    0x13, 0xB8, 0x0C, 0x0C,  // 0x60C7 "霞"
    0x13, 0xD0, 0x0C, 0x0C,  // 0x60C8 "辖"
    0x13, 0xE8, 0x0C, 0x0C,  // 0x60C9 "暇"
    0x14, 0x00, 0x0C, 0x0C,  // 0x60CA "峡"
    0x14, 0x18, 0x0C, 0x0C,  // 0x60CB "侠"
    0x14, 0x30, 0x0C, 0x0C,  // 0x60CC "狭"
    0x14, 0x48, 0x0C, 0x0C,  // 0x60CD "下"
    0x14, 0x60, 0x0C, 0x0C,  // 0x60CE "厦"
    0x14, 0x78, 0x0C, 0x0C,  // 0x60CF "夏"
    0x14, 0x90, 0x0C, 0x0C,  // 0x60D0 "吓"
    0x14, 0xA8, 0x0C, 0x0C,  // 0x60D1 "掀"
    0x14, 0xC0, 0x0C, 0x0C,  // 0x60D2 "锨"
    0x14, 0xD8, 0x0C, 0x0C,  // 0x60D3 "先"
    0x14, 0xF0, 0x0C, 0x0C,  // 0x60D4 "仙"
    0x15, 0x08, 0x0C, 0x0C,  // 0x60D5 "鲜"
    0x15, 0x20, 0x0C, 0x0C,  // 0x60D6 "纤"
    0x15, 0x38, 0x0C, 0x0C,  // 0x60D7 "咸"
    0x15, 0x50, 0x0C, 0x0C,  // 0x60D8 "贤"
    0x15, 0x68, 0x0C, 0x0C,  // 0x60D9 "衔"
    0x15, 0x80, 0x0C, 0x0C,  // 0x60DA "舷"
    0x15, 0x98, 0x0C, 0x0C,  // 0x60DB "闲"
    0x15, 0xB0, 0x0C, 0x0C,  // 0x60DC "涎"
    0x15, 0xC8, 0x0C, 0x0C,  // 0x60DD "弦"
    0x15, 0xE0, 0x0C, 0x0C,  // 0x60DE "嫌"
    0x15, 0xF8, 0x0C, 0x0C,  // 0x60DF "显"
    0x16, 0x10, 0x0C, 0x0C,  // 0x60E0 "险"
    0x16, 0x28, 0x0C, 0x0C,  // 0x60E1 "现"
    0x16, 0x40, 0x0C, 0x0C,  // 0x60E2 "献"
    0x16, 0x58, 0x0C, 0x0C,  // 0x60E3 "县"
    0x16, 0x70, 0x0C, 0x0C,  // 0x60E4 "腺"
    0x16, 0x88, 0x0C, 0x0C,  // 0x60E5 "馅"
    0x16, 0xA0, 0x0C, 0x0C,  // 0x60E6 "羡"
    0x16, 0xB8, 0x0C, 0x0C,  // 0x60E7 "宪"
    0x16, 0xD0, 0x0C, 0x0C,  // 0x60E8 "陷"
    0x16, 0xE8, 0x0C, 0x0C,  // 0x60E9 "限"
    0x17, 0x00, 0x0C, 0x0C,  // 0x60EA "线"
    0x17, 0x18, 0x0C, 0x0C,  // 0x60EB "相"
    0x17, 0x30, 0x0C, 0x0C,  // 0x60EC "厢"
    0x17, 0x48, 0x0C, 0x0C,  // 0x60ED "镶"
    0x17, 0x60, 0x0C, 0x0C,  // 0x60EE "香"
    0x17, 0x78, 0x0C, 0x0C,  // 0x60EF "箱"
    0x17, 0x90, 0x0C, 0x0C,  // 0x60F0 "襄"
    0x17, 0xA8, 0x0C, 0x0C,  // 0x60F1 "湘"
    0x17, 0xC0, 0x0C, 0x0C,  // 0x60F2 "乡"
    0x17, 0xD8, 0x0C, 0x0C,  // 0x60F3 "翔"
    0x17, 0xF0, 0x0C, 0x0C,  // 0x60F4 "祥"
    0x18, 0x08, 0x0C, 0x0C,  // 0x60F5 "详"
    0x18, 0x20, 0x0C, 0x0C,  // 0x60F6 "想"
    0x18, 0x38, 0x0C, 0x0C,  // 0x60F7 "响"
    0x18, 0x50, 0x0C, 0x0C,  // 0x60F8 "享"
    0x18, 0x68, 0x0C, 0x0C,  // 0x60F9 "项"
    0x18, 0x80, 0x0C, 0x0C,  // 0x60FA "巷"
    0x18, 0x98, 0x0C, 0x0C,  // 0x60FB "橡"
    0x18, 0xB0, 0x0C, 0x0C,  // 0x60FC "像"
    0x18, 0xC8, 0x0C, 0x0C,  // 0x60FD "向"
    0x18, 0xE0, 0x0C, 0x0C,  // 0x60FE "象"
    0x18, 0xF8, 0x0C, 0x0C,  // 0x60FF "萧"
    0x19, 0x10, 0x0C, 0x0C,  // 0x6100 "硝"
    0x19, 0x28, 0x0C, 0x0C,  // 0x6101 "霄"
    0x19, 0x40, 0x0C, 0x0C,  // 0x6102 "削"
    0x19, 0x58, 0x0C, 0x0C,  // 0x6103 "哮"
    0x19, 0x70, 0x0C, 0x0C,  // 0x6104 "嚣"
    0x19, 0x88, 0x0C, 0x0C,  // 0x6105 "销"
    0x19, 0xA0, 0x0C, 0x0C,  // 0x6106 "消"
    0x19, 0xB8, 0x0C, 0x0C,  // 0x6107 "宵"
    0x19, 0xD0, 0x0C, 0x0C,  // 0x6108 "淆"
    0x19, 0xE8, 0x0C, 0x0C,  // 0x6109 "晓"
    0x1A, 0x00, 0x0C, 0x0C,  // 0x610A "小"
    0x1A, 0x18, 0x0C, 0x0C,  // 0x610B "孝"
    0x1A, 0x30, 0x0C, 0x0C,  // 0x610C "校"
    0x1A, 0x48, 0x0C, 0x0C,  // 0x610D "肖"
    0x1A, 0x60, 0x0C, 0x0C,  // 0x610E "啸"
    0x1A, 0x78, 0x0C, 0x0C,  // 0x610F "笑"
    0x1A, 0x90, 0x0C, 0x0C,  // 0x6110 "效"
    0x1A, 0xA8, 0x0C, 0x0C,  // 0x6111 "楔"
    0x1A, 0xC0, 0x0C, 0x0C,  // 0x6112 "些"
    0x1A, 0xD8, 0x0C, 0x0C,  // 0x6113 "歇"
    0x1A, 0xF0, 0x0C, 0x0C,  // 0x6114 "蝎"
    0x1B, 0x08, 0x0C, 0x0C,  // 0x6115 "鞋"
    0x1B, 0x20, 0x0C, 0x0C,  // 0x6116 "协"
    0x1B, 0x38, 0x0C, 0x0C,  // 0x6117 "挟"
    0x1B, 0x50, 0x0C, 0x0C,  // 0x6118 "携"
    0x1B, 0x68, 0x0C, 0x0C,  // 0x6119 "邪"
    0x1B, 0x80, 0x0C, 0x0C,  // 0x611A "斜"
    0x1B, 0x98, 0x0C, 0x0C,  // 0x611B "胁"
    0x1B, 0xB0, 0x0C, 0x0C,  // 0x611C "谐"
    0x1B, 0xC8, 0x0C, 0x0C,  // 0x611D "写"
    0x1B, 0xE0, 0x0C, 0x0C,  // 0x611E "械"
    0x1B, 0xF8, 0x0C, 0x0C,  // 0x611F "卸"
    0x1C, 0x10, 0x0C, 0x0C,  // 0x6120 "蟹"
    0x1C, 0x28, 0x0C, 0x0C,  // 0x6121 "懈"
    0x1C, 0x40, 0x0C, 0x0C,  // 0x6122 "泄"
    0x1C, 0x58, 0x0C, 0x0C,  // 0x6123 "泻"
    0x1C, 0x70, 0x0C, 0x0C,  // 0x6124 "谢"
    0x1C, 0x88, 0x0C, 0x0C,  // 0x6125 "屑"
    0x1C, 0xA0, 0x0C, 0x0C,  // 0x6126 "薪"
    0x1C, 0xB8, 0x0C, 0x0C,  // 0x6127 "芯"
    0x1C, 0xD0, 0x0C, 0x0C,  // 0x6128 "锌"
    0x1C, 0xE8, 0x0C, 0x0C,  // 0x6129 "欣"
    0x1D, 0x00, 0x0C, 0x0C,  // 0x612A "辛"
    0x1D, 0x18, 0x0C, 0x0C,  // 0x612B "新"
    0x1D, 0x30, 0x0C, 0x0C,  // 0x612C "忻"
    0x1D, 0x48, 0x0C, 0x0C,  // 0x612D "心"
    0x1D, 0x60, 0x0C, 0x0C,  // 0x612E "信"
    0x1D, 0x78, 0x0C, 0x0C,  // 0x612F "衅"
    0x1D, 0x90, 0x0C, 0x0C,  // 0x6130 "星"
    0x1D, 0xA8, 0x0C, 0x0C,  // 0x6131 "腥"
    0x1D, 0xC0, 0x0C, 0x0C,  // 0x6132 "猩"
    0x1D, 0xD8, 0x0C, 0x0C,  // 0x6133 "惺"
    0x1D, 0xF0, 0x0C, 0x0C,  // 0x6134 "兴"
    0x1E, 0x08, 0x0C, 0x0C,  // 0x6135 "刑"
    0x1E, 0x20, 0x0C, 0x0C,  // 0x6136 "型"
    0x1E, 0x38, 0x0C, 0x0C,  // 0x6137 "形"
    0x1E, 0x50, 0x0C, 0x0C,  // 0x6138 "邢"
    0x1E, 0x68, 0x0C, 0x0C,  // 0x6139 "行"
    0x1E, 0x80, 0x0C, 0x0C,  // 0x613A "醒"
    0x1E, 0x98, 0x0C, 0x0C,  // 0x613B "幸"
    0x1E, 0xB0, 0x0C, 0x0C,  // 0x613C "杏"
    0x1E, 0xC8, 0x0C, 0x0C,  // 0x613D "性"
    0x1E, 0xE0, 0x0C, 0x0C,  // 0x613E "姓"
    0x1E, 0xF8, 0x0C, 0x0C,  // 0x613F "兄"
    0x1F, 0x10, 0x0C, 0x0C,  // 0x6140 "凶"
    0x1F, 0x28, 0x0C, 0x0C,  // 0x6141 "胸"
    0x1F, 0x40, 0x0C, 0x0C,  // 0x6142 "匈"
    0x1F, 0x58, 0x0C, 0x0C,  // 0x6143 "汹"
    0x1F, 0x70, 0x0C, 0x0C,  // 0x6144 "雄"
    0x1F, 0x88, 0x0C, 0x0C,  // 0x6145 "熊"
    0x1F, 0xA0, 0x0C, 0x0C,  // 0x6146 "休"
    0x1F, 0xB8, 0x0C, 0x0C,  // 0x6147 "修"
    0x1F, 0xD0, 0x0C, 0x0C,  // 0x6148 "羞"
    0x1F, 0xE8, 0x0C, 0x0C,  // 0x6149 "朽"
    0x20, 0x00, 0x0C, 0x0C,  // 0x614A "嗅"
    0x20, 0x18, 0x0C, 0x0C,  // 0x614B "锈"
    0x20, 0x30, 0x0C, 0x0C,  // 0x614C "秀"
    0x20, 0x48, 0x0C, 0x0C,  // 0x614D "袖"
    0x20, 0x60, 0x0C, 0x0C,  // 0x614E "绣"
    0x20, 0x78, 0x0C, 0x0C,  // 0x614F "墟"
    0x20, 0x90, 0x0C, 0x0C,  // 0x6150 "戌"
    0x20, 0xA8, 0x0C, 0x0C,  // 0x6151 "需"
    0x20, 0xC0, 0x0C, 0x0C,  // 0x6152 "虚"
    0x20, 0xD8, 0x0C, 0x0C,  // 0x6153 "嘘"
    0x20, 0xF0, 0x0C, 0x0C,  // 0x6154 "须"
    0x21, 0x08, 0x0C, 0x0C,  // 0x6155 "徐"
    0x21, 0x20, 0x0C, 0x0C,  // 0x6156 "许"
    0x21, 0x38, 0x0C, 0x0C,  // 0x6157 "蓄"
    0x21, 0x50, 0x0C, 0x0C,  // 0x6158 "酗"
    0x21, 0x68, 0x0C, 0x0C,  // 0x6159 "叙"
    0x21, 0x80, 0x0C, 0x0C,  // 0x615A "旭"
    0x21, 0x98, 0x0C, 0x0C,  // 0x615B "序"
    0x21, 0xB0, 0x0C, 0x0C,  // 0x615C "畜"
    0x21, 0xC8, 0x0C, 0x0C,  // 0x615D "恤"
    0x21, 0xE0, 0x0C, 0x0C,  // 0x615E "絮"
    0x21, 0xF8, 0x0C, 0x0C,  // 0x615F "婿"
    0x22, 0x10, 0x0C, 0x0C,  // 0x6160 "绪"
    0x22, 0x28, 0x0C, 0x0C,  // 0x6161 "续"
    0x22, 0x40, 0x0C, 0x0C,  // 0x6162 "轩"
    0x22, 0x58, 0x0C, 0x0C,  // 0x6163 "喧"
    0x22, 0x70, 0x0C, 0x0C,  // 0x6164 "宣"
    0x22, 0x88, 0x0C, 0x0C,  // 0x6165 "悬"
    0x22, 0xA0, 0x0C, 0x0C,  // 0x6166 "旋"
    0x22, 0xB8, 0x0C, 0x0C,  // 0x6167 "玄"
    0x22, 0xD0, 0x0C, 0x0C,  // 0x6168 "选"
    0x22, 0xE8, 0x0C, 0x0C,  // 0x6169 "癣"
    0x23, 0x00, 0x0C, 0x0C,  // 0x616A "眩"
    0x23, 0x18, 0x0C, 0x0C,  // 0x616B "绚"
    0x23, 0x30, 0x0C, 0x0C,  // 0x616C "靴"
    0x23, 0x48, 0x0C, 0x0C,  // 0x616D "薛"
    0x23, 0x60, 0x0C, 0x0C,  // 0x616E "学"
    0x23, 0x78, 0x0C, 0x0C,  // 0x616F "穴"
    0x23, 0x90, 0x0C, 0x0C,  // 0x6170 "雪"
    0x23, 0xA8, 0x0C, 0x0C,  // 0x6171 "血"
    0x23, 0xC0, 0x0C, 0x0C,  // 0x6172 "勋"
    0x23, 0xD8, 0x0C, 0x0C,  // 0x6173 "熏"
    0x23, 0xF0, 0x0C, 0x0C,  // 0x6174 "循"
    0x24, 0x08, 0x0C, 0x0C,  // 0x6175 "旬"
    0x24, 0x20, 0x0C, 0x0C,  // 0x6176 "询"
    0x24, 0x38, 0x0C, 0x0C,  // 0x6177 "寻"
    0x24, 0x50, 0x0C, 0x0C,  // 0x6178 "驯"
    0x24, 0x68, 0x0C, 0x0C,  // 0x6179 "巡"
    0x24, 0x80, 0x0C, 0x0C,  // 0x617A "殉"
    0x24, 0x98, 0x0C, 0x0C,  // 0x617B "汛"
    0x24, 0xB0, 0x0C, 0x0C,  // 0x617C "训"
    0x24, 0xC8, 0x0C, 0x0C,  // 0x617D "讯"
    0x24, 0xE0, 0x0C, 0x0C,  // 0x617E "逊"
    0x24, 0xF8, 0x0C, 0x0C,  // 0x617F "迅"
    0x25, 0x10, 0x0C, 0x0C,  // 0x6180 "压"
    0x25, 0x28, 0x0C, 0x0C,  // 0x6181 "押"
    0x25, 0x40, 0x0C, 0x0C,  // 0x6182 "鸦"
    0x25, 0x58, 0x0C, 0x0C,  // 0x6183 "鸭"
    0x25, 0x70, 0x0C, 0x0C,  // 0x6184 "呀"
    0x25, 0x88, 0x0C, 0x0C,  // 0x6185 "丫"
    0x25, 0xA0, 0x0C, 0x0C,  // 0x6186 "芽"
    0x25, 0xB8, 0x0C, 0x0C,  // 0x6187 "牙"
    0x25, 0xD0, 0x0C, 0x0C,  // 0x6188 "蚜"
    0x25, 0xE8, 0x0C, 0x0C,  // 0x6189 "崖"
    0x26, 0x00, 0x0C, 0x0C,  // 0x618A "衙"
    0x26, 0x18, 0x0C, 0x0C,  // 0x618B "涯"
    0x26, 0x30, 0x0C, 0x0C,  // 0x618C "雅"
    0x26, 0x48, 0x0C, 0x0C,  // 0x618D "哑"
    0x26, 0x60, 0x0C, 0x0C,  // 0x618E "亚"
    0x26, 0x78, 0x0C, 0x0C,  // 0x618F "讶"
    0x26, 0x90, 0x0C, 0x0C,  // 0x6190 "焉"
    0x26, 0xA8, 0x0C, 0x0C,  // 0x6191 "咽"
    0x26, 0xC0, 0x0C, 0x0C,  // 0x6192 "阉"
    0x26, 0xD8, 0x0C, 0x0C,  // 0x6193 "烟"
    0x26, 0xF0, 0x0C, 0x0C,  // 0x6194 "淹"
    0x27, 0x08, 0x0C, 0x0C,  // 0x6195 "盐"
    0x27, 0x20, 0x0C, 0x0C,  // 0x6196 "严"
    0x27, 0x38, 0x0C, 0x0C,  // 0x6197 "研"
    0x27, 0x50, 0x0C, 0x0C,  // 0x6198 "蜒"
    0x27, 0x68, 0x0C, 0x0C,  // 0x6199 "岩"
    0x27, 0x80, 0x0C, 0x0C,  // 0x619A "延"
    0x27, 0x98, 0x0C, 0x0C,  // 0x619B "言"
    0x27, 0xB0, 0x0C, 0x0C,  // 0x619C "颜"
    0x27, 0xC8, 0x0C, 0x0C,  // 0x619D "阎"
    0x27, 0xE0, 0x0C, 0x0C,  // 0x619E "炎"
    0x27, 0xF8, 0x0C, 0x0C,  // 0x619F "沿"
    0x28, 0x10, 0x0C, 0x0C,  // 0x61A0 "奄"
    0x28, 0x28, 0x0C, 0x0C,  // 0x61A1 "掩"
    0x28, 0x40, 0x0C, 0x0C,  // 0x61A2 "眼"
    0x28, 0x58, 0x0C, 0x0C,  // 0x61A3 "衍"
    0x28, 0x70, 0x0C, 0x0C,  // 0x61A4 "演"
    0x28, 0x88, 0x0C, 0x0C,  // 0x61A5 "艳"
    0x28, 0xA0, 0x0C, 0x0C,  // 0x61A6 "堰"
    0x28, 0xB8, 0x0C, 0x0C,  // 0x61A7 "燕"
    0x28, 0xD0, 0x0C, 0x0C,  // 0x61A8 "厌"
    0x28, 0xE8, 0x0C, 0x0C,  // 0x61A9 "砚"
    0x29, 0x00, 0x0C, 0x0C,  // 0x61AA "雁"
    0x29, 0x18, 0x0C, 0x0C,  // 0x61AB "唁"
    0x29, 0x30, 0x0C, 0x0C,  // 0x61AC "彦"
    0x29, 0x48, 0x0C, 0x0C,  // 0x61AD "焰"
    0x29, 0x60, 0x0C, 0x0C,  // 0x61AE "宴"
    0x29, 0x78, 0x0C, 0x0C,  // 0x61AF "谚"
    0x29, 0x90, 0x0C, 0x0C,  // 0x61B0 "验"
    0x29, 0xA8, 0x0C, 0x0C,  // 0x61B1 "殃"
    0x29, 0xC0, 0x0C, 0x0C,  // 0x61B2 "央"
    0x29, 0xD8, 0x0C, 0x0C,  // 0x61B3 "鸯"
    0x29, 0xF0, 0x0C, 0x0C,  // 0x61B4 "秧"
    0x2A, 0x08, 0x0C, 0x0C,  // 0x61B5 "杨"
    0x2A, 0x20, 0x0C, 0x0C,  // 0x61B6 "扬"
    0x2A, 0x38, 0x0C, 0x0C,  // 0x61B7 "佯"
    0x2A, 0x50, 0x0C, 0x0C,  // 0x61B8 "疡"
    0x2A, 0x68, 0x0C, 0x0C,  // 0x61B9 "羊"
    0x2A, 0x80, 0x0C, 0x0C,  // 0x61BA "洋"
    0x2A, 0x98, 0x0C, 0x0C,  // 0x61BB "阳"
    0x2A, 0xB0, 0x0C, 0x0C,  // 0x61BC "氧"
    0x2A, 0xC8, 0x0C, 0x0C,  // 0x61BD "仰"
    0x2A, 0xE0, 0x0C, 0x0C,  // 0x61BE "痒"
    0x2A, 0xF8, 0x0C, 0x0C,  // 0x61BF "养"
    0x2B, 0x10, 0x0C, 0x0C,  // 0x61C0 "样"
    0x2B, 0x28, 0x0C, 0x0C,  // 0x61C1 "漾"
    0x2B, 0x40, 0x0C, 0x0C,  // 0x61C2 "邀"
    0x2B, 0x58, 0x0C, 0x0C,  // 0x61C3 "腰"
    0x2B, 0x70, 0x0C, 0x0C,  // 0x61C4 "妖"
    0x2B, 0x88, 0x0C, 0x0C,  // 0x61C5 "瑶"
    0x2B, 0xA0, 0x0C, 0x0C,  // 0x61C6 "摇"
    0x2B, 0xB8, 0x0C, 0x0C,  // 0x61C7 "尧"
    0x2B, 0xD0, 0x0C, 0x0C,  // 0x61C8 "遥"
    0x2B, 0xE8, 0x0C, 0x0C,  // 0x61C9 "窑"
    0x2C, 0x00, 0x0C, 0x0C,  // 0x61CA "谣"
    0x2C, 0x18, 0x0C, 0x0C,  // 0x61CB "姚"
    0x2C, 0x30, 0x0C, 0x0C,  // 0x61CC "咬"
    0x2C, 0x48, 0x0C, 0x0C,  // 0x61CD "舀"
    0x2C, 0x60, 0x0C, 0x0C,  // 0x61CE "药"
    0x2C, 0x78, 0x0C, 0x0C,  // 0x61CF "要"
    0x2C, 0x90, 0x0C, 0x0C,  // 0x61D0 "耀"
    0x2C, 0xA8, 0x0C, 0x0C,  // 0x61D1 "椰"
    0x2C, 0xC0, 0x0C, 0x0C,  // 0x61D2 "噎"
    0x2C, 0xD8, 0x0C, 0x0C,  // 0x61D3 "耶"
    0x2C, 0xF0, 0x0C, 0x0C,  // 0x61D4 "爷"
    0x2D, 0x08, 0x0C, 0x0C,  // 0x61D5 "野"
    0x2D, 0x20, 0x0C, 0x0C,  // 0x61D6 "冶"
    0x2D, 0x38, 0x0C, 0x0C,  // 0x61D7 "也"
    0x2D, 0x50, 0x0C, 0x0C,  // 0x61D8 "页"
    0x2D, 0x68, 0x0C, 0x0C,  // 0x61D9 "掖"
    0x2D, 0x80, 0x0C, 0x0C,  // 0x61DA "业"
    0x2D, 0x98, 0x0C, 0x0C,  // 0x61DB "叶"
    0x2D, 0xB0, 0x0C, 0x0C,  // 0x61DC "曳"
    0x2D, 0xC8, 0x0C, 0x0C,  // 0x61DD "腋"
    0x2D, 0xE0, 0x0C, 0x0C,  // 0x61DE "夜"
    0x2D, 0xF8, 0x0C, 0x0C,  // 0x61DF "液"
    0x2E, 0x10, 0x0C, 0x0C,  // 0x61E0 "一"
    0x2E, 0x28, 0x0C, 0x0C,  // 0x61E1 "壹"
    0x2E, 0x40, 0x0C, 0x0C,  // 0x61E2 "医"
    0x2E, 0x58, 0x0C, 0x0C,  // 0x61E3 "揖"
    0x2E, 0x70, 0x0C, 0x0C,  // 0x61E4 "铱"
    0x2E, 0x88, 0x0C, 0x0C,  // 0x61E5 "依"
    0x2E, 0xA0, 0x0C, 0x0C,  // 0x61E6 "伊"
    0x2E, 0xB8, 0x0C, 0x0C,  // 0x61E7 "衣"
    0x2E, 0xD0, 0x0C, 0x0C,  // 0x61E8 "颐"
    0x2E, 0xE8, 0x0C, 0x0C,  // 0x61E9 "夷"
    0x2F, 0x00, 0x0C, 0x0C,  // 0x61EA "遗"
    0x2F, 0x18, 0x0C, 0x0C,  // 0x61EB "移"
    0x2F, 0x30, 0x0C, 0x0C,  // 0x61EC "仪"
    0x2F, 0x48, 0x0C, 0x0C,  // 0x61ED "胰"
    0x2F, 0x60, 0x0C, 0x0C,  // 0x61EE "疑"
    0x2F, 0x78, 0x0C, 0x0C,  // 0x61EF "沂"
    0x2F, 0x90, 0x0C, 0x0C,  // 0x61F0 "宜"
    0x2F, 0xA8, 0x0C, 0x0C,  // 0x61F1 "姨"
    0x2F, 0xC0, 0x0C, 0x0C,  // 0x61F2 "彝"
    0x2F, 0xD8, 0x0C, 0x0C,  // 0x61F3 "椅"
    0x2F, 0xF0, 0x0C, 0x0C,  // 0x61F4 "蚁"
    0x30, 0x08, 0x0C, 0x0C,  // 0x61F5 "倚"
    0x30, 0x20, 0x0C, 0x0C,  // 0x61F6 "已"
    0x30, 0x38, 0x0C, 0x0C,  // 0x61F7 "乙"
    0x30, 0x50, 0x0C, 0x0C,  // 0x61F8 "矣"
    0x30, 0x68, 0x0C, 0x0C,  // 0x61F9 "以"
    0x30, 0x80, 0x0C, 0x0C,  // 0x61FA "艺"
    0x30, 0x98, 0x0C, 0x0C,  // 0x61FB "抑"
    0x30, 0xB0, 0x0C, 0x0C,  // 0x61FC "易"
    0x30, 0xC8, 0x0C, 0x0C,  // 0x61FD "邑"
    0x30, 0xE0, 0x0C, 0x0C,  // 0x61FE "屹"
    0x30, 0xF8, 0x0C, 0x0C,  // 0x61FF "亿"
    0x31, 0x10, 0x0C, 0x0C,  // 0x6200 "役"
    0x31, 0x28, 0x0C, 0x0C,  // 0x6201 "臆"
    0x31, 0x40, 0x0C, 0x0C,  // 0x6202 "逸"
    0x31, 0x58, 0x0C, 0x0C,  // 0x6203 "肄"
    0x31, 0x70, 0x0C, 0x0C,  // 0x6204 "疫"
    0x31, 0x88, 0x0C, 0x0C,  // 0x6205 "亦"
    0x31, 0xA0, 0x0C, 0x0C,  // 0x6206 "裔"
    0x31, 0xB8, 0x0C, 0x0C,  // 0x6207 "意"
    0x31, 0xD0, 0x0C, 0x0C,  // 0x6208 "毅"
    0x31, 0xE8, 0x0C, 0x0C,  // 0x6209 "忆"
    0x32, 0x00, 0x0C, 0x0C,  // 0x620A "义"
    0x32, 0x18, 0x0C, 0x0C,  // 0x620B "益"
    0x32, 0x30, 0x0C, 0x0C,  // 0x620C "溢"
    0x32, 0x48, 0x0C, 0x0C,  // 0x620D "诣"
    0x32, 0x60, 0x0C, 0x0C,  // 0x620E "议"
    0x32, 0x78, 0x0C, 0x0C,  // 0x620F "谊"
    0x32, 0x90, 0x0C, 0x0C,  // 0x6210 "译"
    0x32, 0xA8, 0x0C, 0x0C,  // 0x6211 "异"
    0x32, 0xC0, 0x0C, 0x0C,  // 0x6212 "翼"
    0x32, 0xD8, 0x0C, 0x0C,  // 0x6213 "翌"
    0x32, 0xF0, 0x0C, 0x0C,  // 0x6214 "绎"
    0x33, 0x08, 0x0C, 0x0C,  // 0x6215 "茵"
    0x33, 0x20, 0x0C, 0x0C,  // 0x6216 "荫"
    0x33, 0x38, 0x0C, 0x0C,  // 0x6217 "因"
    0x33, 0x50, 0x0C, 0x0C,  // 0x6218 "殷"
    0x33, 0x68, 0x0C, 0x0C,  // 0x6219 "音"
    0x33, 0x80, 0x0C, 0x0C,  // 0x621A "阴"
    0x33, 0x98, 0x0C, 0x0C,  // 0x621B "姻"
    0x33, 0xB0, 0x0C, 0x0C,  // 0x621C "吟"
    0x33, 0xC8, 0x0C, 0x0C,  // 0x621D "银"
    0x33, 0xE0, 0x0C, 0x0C,  // 0x621E "淫"
    0x33, 0xF8, 0x0C, 0x0C,  // 0x621F "寅"
    0x34, 0x10, 0x0C, 0x0C,  // 0x6220 "饮"
    0x34, 0x28, 0x0C, 0x0C,  // 0x6221 "尹"
    0x34, 0x40, 0x0C, 0x0C,  // 0x6222 "引"
    0x34, 0x58, 0x0C, 0x0C,  // 0x6223 "隐"
    0x34, 0x70, 0x0C, 0x0C,  // 0x6224 "印"
    0x34, 0x88, 0x0C, 0x0C,  // 0x6225 "英"
    0x34, 0xA0, 0x0C, 0x0C,  // 0x6226 "樱"
    0x34, 0xB8, 0x0C, 0x0C,  // 0x6227 "婴"
    0x34, 0xD0, 0x0C, 0x0C,  // 0x6228 "鹰"
    0x34, 0xE8, 0x0C, 0x0C,  // 0x6229 "应"
    0x35, 0x00, 0x0C, 0x0C,  // 0x622A "缨"
    0x35, 0x18, 0x0C, 0x0C,  // 0x622B "莹"
    0x35, 0x30, 0x0C, 0x0C,  // 0x622C "萤"
    0x35, 0x48, 0x0C, 0x0C,  // 0x622D "营"
    0x35, 0x60, 0x0C, 0x0C,  // 0x622E "荧"
    0x35, 0x78, 0x0C, 0x0C,  // 0x622F "蝇"
    0x35, 0x90, 0x0C, 0x0C,  // 0x6230 "迎"
    0x35, 0xA8, 0x0C, 0x0C,  // 0x6231 "赢"
    0x35, 0xC0, 0x0C, 0x0C,  // 0x6232 "盈"
    0x35, 0xD8, 0x0C, 0x0C,  // 0x6233 "影"
    0x35, 0xF0, 0x0C, 0x0C,  // 0x6234 "颖"
    0x36, 0x08, 0x0C, 0x0C,  // 0x6235 "硬"
    0x36, 0x20, 0x0C, 0x0C,  // 0x6236 "映"
    0x36, 0x38, 0x0C, 0x0C,  // 0x6237 "哟"
    0x36, 0x50, 0x0C, 0x0C,  // 0x6238 "拥"
    0x36, 0x68, 0x0C, 0x0C,  // 0x6239 "佣"
    0x36, 0x80, 0x0C, 0x0C,  // 0x623A "臃"
    0x36, 0x98, 0x0C, 0x0C,  // 0x623B "痈"
    0x36, 0xB0, 0x0C, 0x0C,  // 0x623C "庸"
    0x36, 0xC8, 0x0C, 0x0C,  // 0x623D "雍"
    0x36, 0xE0, 0x0C, 0x0C,  // 0x623E "踊"
    0x36, 0xF8, 0x0C, 0x0C,  // 0x623F "蛹"
    0x37, 0x10, 0x0C, 0x0C,  // 0x6240 "咏"
    0x37, 0x28, 0x0C, 0x0C,  // 0x6241 "泳"
    0x37, 0x40, 0x0C, 0x0C,  // 0x6242 "涌"
    0x37, 0x58, 0x0C, 0x0C,  // 0x6243 "永"
    0x37, 0x70, 0x0C, 0x0C,  // 0x6244 "恿"
    0x37, 0x88, 0x0C, 0x0C,  // 0x6245 "勇"
    0x37, 0xA0, 0x0C, 0x0C,  // 0x6246 "用"
    0x37, 0xB8, 0x0C, 0x0C,  // 0x6247 "幽"
    0x37, 0xD0, 0x0C, 0x0C,  // 0x6248 "优"
    0x37, 0xE8, 0x0C, 0x0C,  // 0x6249 "悠"
    0x38, 0x00, 0x0C, 0x0C,  // 0x624A "忧"
    0x38, 0x18, 0x0C, 0x0C,  // 0x624B "尤"
    0x38, 0x30, 0x0C, 0x0C,  // 0x624C "由"
    0x38, 0x48, 0x0C, 0x0C,  // 0x624D "邮"
    0x38, 0x60, 0x0C, 0x0C,  // 0x624E "铀"
    0x38, 0x78, 0x0C, 0x0C,  // 0x624F "犹"
    0x38, 0x90, 0x0C, 0x0C,  // 0x6250 "油"
    0x38, 0xA8, 0x0C, 0x0C,  // 0x6251 "游"
    0x38, 0xC0, 0x0C, 0x0C,  // 0x6252 "酉"
    0x38, 0xD8, 0x0C, 0x0C,  // 0x6253 "有"
    0x38, 0xF0, 0x0C, 0x0C,  // 0x6254 "友"
    0x39, 0x08, 0x0C, 0x0C,  // 0x6255 "右"
    0x39, 0x20, 0x0C, 0x0C,  // 0x6256 "佑"
    0x39, 0x38, 0x0C, 0x0C,  // 0x6257 "釉"
    0x39, 0x50, 0x0C, 0x0C,  // 0x6258 "诱"
    0x39, 0x68, 0x0C, 0x0C,  // 0x6259 "又"
    0x39, 0x80, 0x0C, 0x0C,  // 0x625A "幼"
    0x39, 0x98, 0x0C, 0x0C,  // 0x625B "迂"
    0x39, 0xB0, 0x0C, 0x0C,  // 0x625C "淤"
    0x39, 0xC8, 0x0C, 0x0C,  // 0x625D "于"
    0x39, 0xE0, 0x0C, 0x0C,  // 0x625E "盂"
    0x39, 0xF8, 0x0C, 0x0C,  // 0x625F "榆"
    0x3A, 0x10, 0x0C, 0x0C,  // 0x6260 "虞"
    0x3A, 0x28, 0x0C, 0x0C,  // 0x6261 "愚"
    0x3A, 0x40, 0x0C, 0x0C,  // 0x6262 "舆"
    0x3A, 0x58, 0x0C, 0x0C,  // 0x6263 "余"
    0x3A, 0x70, 0x0C, 0x0C,  // 0x6264 "俞"
    0x3A, 0x88, 0x0C, 0x0C,  // 0x6265 "逾"
    0x3A, 0xA0, 0x0C, 0x0C,  // 0x6266 "鱼"
    0x3A, 0xB8, 0x0C, 0x0C,  // 0x6267 "愉"
    0x3A, 0xD0, 0x0C, 0x0C,  // 0x6268 "渝"
    0x3A, 0xE8, 0x0C, 0x0C,  // 0x6269 "渔"
    0x3B, 0x00, 0x0C, 0x0C,  // 0x626A "隅"
    0x3B, 0x18, 0x0C, 0x0C,  // 0x626B "予"
    0x3B, 0x30, 0x0C, 0x0C,  // 0x626C "娱"
    0x3B, 0x48, 0x0C, 0x0C,  // 0x626D "雨"
    0x3B, 0x60, 0x0C, 0x0C,  // 0x626E "与"
    0x3B, 0x78, 0x0C, 0x0C,  // 0x626F "屿"
    0x3B, 0x90, 0x0C, 0x0C,  // 0x6270 "禹"
    0x3B, 0xA8, 0x0C, 0x0C,  // 0x6271 "宇"
    0x3B, 0xC0, 0x0C, 0x0C,  // 0x6272 "语"
    0x3B, 0xD8, 0x0C, 0x0C,  // 0x6273 "羽"
    0x3B, 0xF0, 0x0C, 0x0C,  // 0x6274 "玉"
    0x3C, 0x08, 0x0C, 0x0C,  // 0x6275 "域"
    0x3C, 0x20, 0x0C, 0x0C,  // 0x6276 "芋"
    0x3C, 0x38, 0x0C, 0x0C,  // 0x6277 "郁"
    0x3C, 0x50, 0x0C, 0x0C,  // 0x6278 "吁"
    0x3C, 0x68, 0x0C, 0x0C,  // 0x6279 "遇"
    0x3C, 0x80, 0x0C, 0x0C,  // 0x627A "喻"
    0x3C, 0x98, 0x0C, 0x0C,  // 0x627B "峪"
    0x3C, 0xB0, 0x0C, 0x0C,  // 0x627C "御"
    0x3C, 0xC8, 0x0C, 0x0C,  // 0x627D "愈"
    0x3C, 0xE0, 0x0C, 0x0C,  // 0x627E "欲"
    0x3C, 0xF8, 0x0C, 0x0C,  // 0x627F "狱"
    0x3D, 0x10, 0x0C, 0x0C,  // 0x6280 "育"
    0x3D, 0x28, 0x0C, 0x0C,  // 0x6281 "誉"
    0x3D, 0x40, 0x0C, 0x0C,  // 0x6282 "浴"
    0x3D, 0x58, 0x0C, 0x0C,  // 0x6283 "寓"
    0x3D, 0x70, 0x0C, 0x0C,  // 0x6284 "裕"
    0x3D, 0x88, 0x0C, 0x0C,  // 0x6285 "预"
    0x3D, 0xA0, 0x0C, 0x0C,  // 0x6286 "豫"
    0x3D, 0xB8, 0x0C, 0x0C,  // 0x6287 "驭"
    0x3D, 0xD0, 0x0C, 0x0C,  // 0x6288 "鸳"
    0x3D, 0xE8, 0x0C, 0x0C,  // 0x6289 "渊"
    0x3E, 0x00, 0x0C, 0x0C,  // 0x628A "冤"
    0x3E, 0x18, 0x0C, 0x0C,  // 0x628B "元"
    0x3E, 0x30, 0x0C, 0x0C,  // 0x628C "垣"
    0x3E, 0x48, 0x0C, 0x0C,  // 0x628D "袁"
    0x3E, 0x60, 0x0C, 0x0C,  // 0x628E "原"
    0x3E, 0x78, 0x0C, 0x0C,  // 0x628F "援"
    0x3E, 0x90, 0x0C, 0x0C,  // 0x6290 "辕"
    0x3E, 0xA8, 0x0C, 0x0C,  // 0x6291 "园"
    0x3E, 0xC0, 0x0C, 0x0C,  // 0x6292 "员"
    0x3E, 0xD8, 0x0C, 0x0C,  // 0x6293 "圆"
    0x3E, 0xF0, 0x0C, 0x0C,  // 0x6294 "猿"
    0x3F, 0x08, 0x0C, 0x0C,  // 0x6295 "源"
    0x3F, 0x20, 0x0C, 0x0C,  // 0x6296 "缘"
    0x3F, 0x38, 0x0C, 0x0C,  // 0x6297 "远"
    0x3F, 0x50, 0x0C, 0x0C,  // 0x6298 "苑"
    0x3F, 0x68, 0x0C, 0x0C,  // 0x6299 "愿"
    0x3F, 0x80, 0x0C, 0x0C,  // 0x629A "怨"
    0x3F, 0x98, 0x0C, 0x0C,  // 0x629B "院"
    0x3F, 0xB0, 0x0C, 0x0C,  // 0x629C "曰"
    0x3F, 0xC8, 0x0C, 0x0C,  // 0x629D "约"
    0x3F, 0xE0, 0x0C, 0x0C,  // 0x629E "越"
    0x3F, 0xF8, 0x0C, 0x0C,  // 0x629F "跃"
    0x40, 0x10, 0x0C, 0x0C,  // 0x62A0 "钥"
    0x40, 0x28, 0x0C, 0x0C,  // 0x62A1 "岳"
    0x40, 0x40, 0x0C, 0x0C,  // 0x62A2 "粤"
    0x40, 0x58, 0x0C, 0x0C,  // 0x62A3 "月"
    0x40, 0x70, 0x0C, 0x0C,  // 0x62A4 "悦"
    0x40, 0x88, 0x0C, 0x0C,  // 0x62A5 "阅"
    0x40, 0xA0, 0x0C, 0x0C,  // 0x62A6 "耘"
    0x40, 0xB8, 0x0C, 0x0C,  // 0x62A7 "云"
    0x40, 0xD0, 0x0C, 0x0C,  // 0x62A8 "郧"
    0x40, 0xE8, 0x0C, 0x0C,  // 0x62A9 "匀"
    0x41, 0x00, 0x0C, 0x0C,  // 0x62AA "陨"
    0x41, 0x18, 0x0C, 0x0C,  // 0x62AB "允"
    0x41, 0x30, 0x0C, 0x0C,  // 0x62AC "运"
    0x41, 0x48, 0x0C, 0x0C,  // 0x62AD "蕴"
    0x41, 0x60, 0x0C, 0x0C,  // 0x62AE "酝"
    0x41, 0x78, 0x0C, 0x0C,  // 0x62AF "晕"
    0x41, 0x90, 0x0C, 0x0C,  // 0x62B0 "韵"
    0x41, 0xA8, 0x0C, 0x0C,  // 0x62B1 "孕"
    0x41, 0xC0, 0x0C, 0x0C,  // 0x62B2 "匝"
    0x41, 0xD8, 0x0C, 0x0C,  // 0x62B3 "砸"
    0x41, 0xF0, 0x0C, 0x0C,  // 0x62B4 "杂"
    0x42, 0x08, 0x0C, 0x0C,  // 0x62B5 "栽"
    0x42, 0x20, 0x0C, 0x0C,  // 0x62B6 "哉"
    0x42, 0x38, 0x0C, 0x0C,  // 0x62B7 "灾"
    0x42, 0x50, 0x0C, 0x0C,  // 0x62B8 "宰"
    0x42, 0x68, 0x0C, 0x0C,  // 0x62B9 "载"
    0x42, 0x80, 0x0C, 0x0C,  // 0x62BA "再"
    0x42, 0x98, 0x0C, 0x0C,  // 0x62BB "在"
    0x42, 0xB0, 0x0C, 0x0C,  // 0x62BC "咱"
    0x42, 0xC8, 0x0C, 0x0C,  // 0x62BD "攒"
    0x42, 0xE0, 0x0C, 0x0C,  // 0x62BE "暂"
    0x42, 0xF8, 0x0C, 0x0C,  // 0x62BF "赞"
    0x43, 0x10, 0x0C, 0x0C,  // 0x62C0 "赃"
    0x43, 0x28, 0x0C, 0x0C,  // 0x62C1 "脏"
    0x43, 0x40, 0x0C, 0x0C,  // 0x62C2 "葬"
    0x43, 0x58, 0x0C, 0x0C,  // 0x62C3 "遭"
    0x43, 0x70, 0x0C, 0x0C,  // 0x62C4 "糟"
    0x43, 0x88, 0x0C, 0x0C,  // 0x62C5 "凿"
    0x43, 0xA0, 0x0C, 0x0C,  // 0x62C6 "藻"
    0x43, 0xB8, 0x0C, 0x0C,  // 0x62C7 "枣"
    0x43, 0xD0, 0x0C, 0x0C,  // 0x62C8 "早"
    0x43, 0xE8, 0x0C, 0x0C,  // 0x62C9 "澡"
    0x44, 0x00, 0x0C, 0x0C,  // 0x62CA "蚤"
    0x44, 0x18, 0x0C, 0x0C,  // 0x62CB "躁"
    0x44, 0x30, 0x0C, 0x0C,  // 0x62CC "噪"
    0x44, 0x48, 0x0C, 0x0C,  // 0x62CD "造"
    0x44, 0x60, 0x0C, 0x0C,  // 0x62CE "皂"
    0x44, 0x78, 0x0C, 0x0C,  // 0x62CF "灶"
    0x44, 0x90, 0x0C, 0x0C,  // 0x62D0 "燥"
    0x44, 0xA8, 0x0C, 0x0C,  // 0x62D1 "责"
    0x44, 0xC0, 0x0C, 0x0C,  // 0x62D2 "择"
    0x44, 0xD8, 0x0C, 0x0C,  // 0x62D3 "则"
    0x44, 0xF0, 0x0C, 0x0C,  // 0x62D4 "泽"
    0x45, 0x08, 0x0C, 0x0C,  // 0x62D5 "贼"
    0x45, 0x20, 0x0C, 0x0C,  // 0x62D6 "怎"
    0x45, 0x38, 0x0C, 0x0C,  // 0x62D7 "增"
    0x45, 0x50, 0x0C, 0x0C,  // 0x62D8 "憎"
    0x45, 0x68, 0x0C, 0x0C,  // 0x62D9 "曾"
    0x45, 0x80, 0x0C, 0x0C,  // 0x62DA "赠"
    0x45, 0x98, 0x0C, 0x0C,  // 0x62DB "扎"
    0x45, 0xB0, 0x0C, 0x0C,  // 0x62DC "喳"
    0x45, 0xC8, 0x0C, 0x0C,  // 0x62DD "渣"
    0x45, 0xE0, 0x0C, 0x0C,  // 0x62DE "札"
    0x45, 0xF8, 0x0C, 0x0C,  // 0x62DF "轧"
    0x46, 0x10, 0x0C, 0x0C,  // 0x62E0 "铡"
    0x46, 0x28, 0x0C, 0x0C,  // 0x62E1 "闸"
    0x46, 0x40, 0x0C, 0x0C,  // 0x62E2 "眨"
    0x46, 0x58, 0x0C, 0x0C,  // 0x62E3 "栅"
    0x46, 0x70, 0x0C, 0x0C,  // 0x62E4 "榨"
    0x46, 0x88, 0x0C, 0x0C,  // 0x62E5 "咋"
    0x46, 0xA0, 0x0C, 0x0C,  // 0x62E6 "乍"
    0x46, 0xB8, 0x0C, 0x0C,  // 0x62E7 "炸"
    0x46, 0xD0, 0x0C, 0x0C,  // 0x62E8 "诈"
    0x46, 0xE8, 0x0C, 0x0C,  // 0x62E9 "摘"
    0x47, 0x00, 0x0C, 0x0C,  // 0x62EA "斋"
    0x47, 0x18, 0x0C, 0x0C,  // 0x62EB "宅"
    0x47, 0x30, 0x0C, 0x0C,  // 0x62EC "窄"
    0x47, 0x48, 0x0C, 0x0C,  // 0x62ED "债"
    0x47, 0x60, 0x0C, 0x0C,  // 0x62EE "寨"
    0x47, 0x78, 0x0C, 0x0C,  // 0x62EF "瞻"
    0x47, 0x90, 0x0C, 0x0C,  // 0x62F0 "毡"
    0x47, 0xA8, 0x0C, 0x0C,  // 0x62F1 "詹"
    0x47, 0xC0, 0x0C, 0x0C,  // 0x62F2 "粘"
    0x47, 0xD8, 0x0C, 0x0C,  // 0x62F3 "沾"
    0x47, 0xF0, 0x0C, 0x0C,  // 0x62F4 "盏"
    0x48, 0x08, 0x0C, 0x0C,  // 0x62F5 "斩"
    0x48, 0x20, 0x0C, 0x0C,  // 0x62F6 "辗"
    0x48, 0x38, 0x0C, 0x0C,  // 0x62F7 "崭"
    0x48, 0x50, 0x0C, 0x0C,  // 0x62F8 "展"
    0x48, 0x68, 0x0C, 0x0C,  // 0x62F9 "蘸"
    0x48, 0x80, 0x0C, 0x0C,  // 0x62FA "栈"
    0x48, 0x98, 0x0C, 0x0C,  // 0x62FB "占"
    0x48, 0xB0, 0x0C, 0x0C,  // 0x62FC "战"
    0x48, 0xC8, 0x0C, 0x0C,  // 0x62FD "站"
    0x48, 0xE0, 0x0C, 0x0C,  // 0x62FE "湛"
    0x48, 0xF8, 0x0C, 0x0C,  // 0x62FF "绽"
    0x49, 0x10, 0x0C, 0x0C,  // 0x6300 "樟"
    0x49, 0x28, 0x0C, 0x0C,  // 0x6301 "章"
    0x49, 0x40, 0x0C, 0x0C,  // 0x6302 "彰"
    0x49, 0x58, 0x0C, 0x0C,  // 0x6303 "漳"
    0x49, 0x70, 0x0C, 0x0C,  // 0x6304 "张"
    0x49, 0x88, 0x0C, 0x0C,  // 0x6305 "掌"
    0x49, 0xA0, 0x0C, 0x0C,  // 0x6306 "涨"
    0x49, 0xB8, 0x0C, 0x0C,  // 0x6307 "杖"
    0x49, 0xD0, 0x0C, 0x0C,  // 0x6308 "丈"
    0x49, 0xE8, 0x0C, 0x0C,  // 0x6309 "帐"
    0x4A, 0x00, 0x0C, 0x0C,  // 0x630A "账"
    0x4A, 0x18, 0x0C, 0x0C,  // 0x630B "仗"
    0x4A, 0x30, 0x0C, 0x0C,  // 0x630C "胀"
    0x4A, 0x48, 0x0C, 0x0C,  // 0x630D "瘴"
    0x4A, 0x60, 0x0C, 0x0C,  // 0x630E "障"
    0x4A, 0x78, 0x0C, 0x0C,  // 0x630F "招"
    0x4A, 0x90, 0x0C, 0x0C,  // 0x6310 "昭"
    0x4A, 0xA8, 0x0C, 0x0C,  // 0x6311 "找"
    0x4A, 0xC0, 0x0C, 0x0C,  // 0x6312 "沼"
    0x4A, 0xD8, 0x0C, 0x0C,  // 0x6313 "赵"
    0x4A, 0xF0, 0x0C, 0x0C,  // 0x6314 "照"
    0x4B, 0x08, 0x0C, 0x0C,  // 0x6315 "罩"
    0x4B, 0x20, 0x0C, 0x0C,  // 0x6316 "兆"
    0x4B, 0x38, 0x0C, 0x0C,  // 0x6317 "肇"
    0x4B, 0x50, 0x0C, 0x0C,  // 0x6318 "召"
    0x4B, 0x68, 0x0C, 0x0C,  // 0x6319 "遮"
    0x4B, 0x80, 0x0C, 0x0C,  // 0x631A "折"
    0x4B, 0x98, 0x0C, 0x0C,  // 0x631B "哲"
    0x4B, 0xB0, 0x0C, 0x0C,  // 0x631C "蛰"
    0x4B, 0xC8, 0x0C, 0x0C,  // 0x631D "辙"
    0x4B, 0xE0, 0x0C, 0x0C,  // 0x631E "者"
    0x4B, 0xF8, 0x0C, 0x0C,  // 0x631F "锗"
    0x4C, 0x10, 0x0C, 0x0C,  // 0x6320 "蔗"
    0x4C, 0x28, 0x0C, 0x0C,  // 0x6321 "这"
    0x4C, 0x40, 0x0C, 0x0C,  // 0x6322 "浙"
    0x4C, 0x58, 0x0C, 0x0C,  // 0x6323 "珍"
    0x4C, 0x70, 0x0C, 0x0C,  // 0x6324 "斟"
    0x4C, 0x88, 0x0C, 0x0C,  // 0x6325 "真"
    0x4C, 0xA0, 0x0C, 0x0C,  // 0x6326 "甄"
    0x4C, 0xB8, 0x0C, 0x0C,  // 0x6327 "砧"
    0x4C, 0xD0, 0x0C, 0x0C,  // 0x6328 "臻"
    0x4C, 0xE8, 0x0C, 0x0C,  // 0x6329 "贞"
    0x4D, 0x00, 0x0C, 0x0C,  // 0x632A "针"
    0x4D, 0x18, 0x0C, 0x0C,  // 0x632B "侦"
    0x4D, 0x30, 0x0C, 0x0C,  // 0x632C "枕"
    0x4D, 0x48, 0x0C, 0x0C,  // 0x632D "疹"
    0x4D, 0x60, 0x0C, 0x0C,  // 0x632E "诊"
    0x4D, 0x78, 0x0C, 0x0C,  // 0x632F "震"
    0x4D, 0x90, 0x0C, 0x0C,  // 0x6330 "振"
    0x4D, 0xA8, 0x0C, 0x0C,  // 0x6331 "镇"
    0x4D, 0xC0, 0x0C, 0x0C,  // 0x6332 "阵"
    0x4D, 0xD8, 0x0C, 0x0C,  // 0x6333 "蒸"
    0x4D, 0xF0, 0x0C, 0x0C,  // 0x6334 "挣"
    0x4E, 0x08, 0x0C, 0x0C,  // 0x6335 "睁"
    0x4E, 0x20, 0x0C, 0x0C,  // 0x6336 "征"
    0x4E, 0x38, 0x0C, 0x0C,  // 0x6337 "狰"
    0x4E, 0x50, 0x0C, 0x0C,  // 0x6338 "争"
    0x4E, 0x68, 0x0C, 0x0C,  // 0x6339 "怔"
    0x4E, 0x80, 0x0C, 0x0C,  // 0x633A "整"
    0x4E, 0x98, 0x0C, 0x0C,  // 0x633B "拯"
    0x4E, 0xB0, 0x0C, 0x0C,  // 0x633C "正"
    0x4E, 0xC8, 0x0C, 0x0C,  // 0x633D "政"
    0x4E, 0xE0, 0x0C, 0x0C,  // 0x633E "帧"
    0x4E, 0xF8, 0x0C, 0x0C,  // 0x633F "症"
    0x4F, 0x10, 0x0C, 0x0C,  // 0x6340 "郑"
    0x4F, 0x28, 0x0C, 0x0C,  // 0x6341 "证"
    0x4F, 0x40, 0x0C, 0x0C,  // 0x6342 "芝"
    0x4F, 0x58, 0x0C, 0x0C,  // 0x6343 "枝"
    0x4F, 0x70, 0x0C, 0x0C,  // 0x6344 "支"
    0x4F, 0x88, 0x0C, 0x0C,  // 0x6345 "吱"
    0x4F, 0xA0, 0x0C, 0x0C,  // 0x6346 "蜘"
    0x4F, 0xB8, 0x0C, 0x0C,  // 0x6347 "知"
    0x4F, 0xD0, 0x0C, 0x0C,  // 0x6348 "肢"
    0x4F, 0xE8, 0x0C, 0x0C,  // 0x6349 "脂"
    0x50, 0x00, 0x0C, 0x0C,  // 0x634A "汁"
    0x50, 0x18, 0x0C, 0x0C,  // 0x634B "之"
    0x50, 0x30, 0x0C, 0x0C,  // 0x634C "织"
    0x50, 0x48, 0x0C, 0x0C,  // 0x634D "职"
    0x50, 0x60, 0x0C, 0x0C,  // 0x634E "直"
    0x50, 0x78, 0x0C, 0x0C,  // 0x634F "植"
    0x50, 0x90, 0x0C, 0x0C,  // 0x6350 "殖"
    0x50, 0xA8, 0x0C, 0x0C,  // 0x6351 "执"
    0x50, 0xC0, 0x0C, 0x0C,  // 0x6352 "值"
    0x50, 0xD8, 0x0C, 0x0C,  // 0x6353 "侄"
    0x50, 0xF0, 0x0C, 0x0C,  // 0x6354 "址"
    0x51, 0x08, 0x0C, 0x0C,  // 0x6355 "指"
    0x51, 0x20, 0x0C, 0x0C,  // 0x6356 "止"
    0x51, 0x38, 0x0C, 0x0C,  // 0x6357 "趾"
    0x51, 0x50, 0x0C, 0x0C,  // 0x6358 "只"
    0x51, 0x68, 0x0C, 0x0C,  // 0x6359 "旨"
    0x51, 0x80, 0x0C, 0x0C,  // 0x635A "纸"
    0x51, 0x98, 0x0C, 0x0C,  // 0x635B "志"
    0x51, 0xB0, 0x0C, 0x0C,  // 0x635C "挚"
    0x51, 0xC8, 0x0C, 0x0C,  // 0x635D "掷"
    0x51, 0xE0, 0x0C, 0x0C,  // 0x635E "至"
    0x51, 0xF8, 0x0C, 0x0C,  // 0x635F "致"
    0x52, 0x10, 0x0C, 0x0C,  // 0x6360 "置"
    0x52, 0x28, 0x0C, 0x0C,  // 0x6361 "帜"
    0x52, 0x40, 0x0C, 0x0C,  // 0x6362 "峙"
    0x52, 0x58, 0x0C, 0x0C,  // 0x6363 "制"
    0x52, 0x70, 0x0C, 0x0C,  // 0x6364 "智"
    0x52, 0x88, 0x0C, 0x0C,  // 0x6365 "秩"
    0x52, 0xA0, 0x0C, 0x0C,  // 0x6366 "稚"
    0x52, 0xB8, 0x0C, 0x0C,  // 0x6367 "质"
    0x52, 0xD0, 0x0C, 0x0C,  // 0x6368 "炙"
    0x52, 0xE8, 0x0C, 0x0C,  // 0x6369 "痔"
    0x53, 0x00, 0x0C, 0x0C,  // 0x636A "滞"
    0x53, 0x18, 0x0C, 0x0C,  // 0x636B "治"
    0x53, 0x30, 0x0C, 0x0C,  // 0x636C "窒"
    0x53, 0x48, 0x0C, 0x0C,  // 0x636D "中"
    0x53, 0x60, 0x0C, 0x0C,  // 0x636E "盅"
    0x53, 0x78, 0x0C, 0x0C,  // 0x636F "忠"
    0x53, 0x90, 0x0C, 0x0C,  // 0x6370 "钟"
    0x53, 0xA8, 0x0C, 0x0C,  // 0x6371 "衷"
    0x53, 0xC0, 0x0C, 0x0C,  // 0x6372 "终"
    0x53, 0xD8, 0x0C, 0x0C,  // 0x6373 "种"
    0x53, 0xF0, 0x0C, 0x0C,  // 0x6374 "肿"
    0x54, 0x08, 0x0C, 0x0C,  // 0x6375 "重"
    0x54, 0x20, 0x0C, 0x0C,  // 0x6376 "仲"
    0x54, 0x38, 0x0C, 0x0C,  // 0x6377 "众"
    0x54, 0x50, 0x0C, 0x0C,  // 0x6378 "舟"
    0x54, 0x68, 0x0C, 0x0C,  // 0x6379 "周"
    0x54, 0x80, 0x0C, 0x0C,  // 0x637A "州"
    0x54, 0x98, 0x0C, 0x0C,  // 0x637B "洲"
    0x54, 0xB0, 0x0C, 0x0C,  // 0x637C "诌"
    0x54, 0xC8, 0x0C, 0x0C,  // 0x637D "粥"
    0x54, 0xE0, 0x0C, 0x0C,  // 0x637E "轴"
    0x54, 0xF8, 0x0C, 0x0C,  // 0x637F "肘"
    0x55, 0x10, 0x0C, 0x0C,  // 0x6380 "帚"
    0x55, 0x28, 0x0C, 0x0C,  // 0x6381 "咒"
    0x55, 0x40, 0x0C, 0x0C,  // 0x6382 "皱"
    0x55, 0x58, 0x0C, 0x0C,  // 0x6383 "宙"
    0x55, 0x70, 0x0C, 0x0C,  // 0x6384 "昼"
    0x55, 0x88, 0x0C, 0x0C,  // 0x6385 "骤"
    0x55, 0xA0, 0x0C, 0x0C,  // 0x6386 "珠"
    0x55, 0xB8, 0x0C, 0x0C,  // 0x6387 "株"
    0x55, 0xD0, 0x0C, 0x0C,  // 0x6388 "蛛"
    0x55, 0xE8, 0x0C, 0x0C,  // 0x6389 "朱"
    0x56, 0x00, 0x0C, 0x0C,  // 0x638A "猪"
    0x56, 0x18, 0x0C, 0x0C,  // 0x638B "诸"
    0x56, 0x30, 0x0C, 0x0C,  // 0x638C "诛"
    0x56, 0x48, 0x0C, 0x0C,  // 0x638D "逐"
    0x56, 0x60, 0x0C, 0x0C,  // 0x638E "竹"
    0x56, 0x78, 0x0C, 0x0C,  // 0x638F "烛"
    0x56, 0x90, 0x0C, 0x0C,  // 0x6390 "煮"
    0x56, 0xA8, 0x0C, 0x0C,  // 0x6391 "拄"
    0x56, 0xC0, 0x0C, 0x0C,  // 0x6392 "瞩"
    0x56, 0xD8, 0x0C, 0x0C,  // 0x6393 "嘱"
    0x56, 0xF0, 0x0C, 0x0C,  // 0x6394 "主"
    0x57, 0x08, 0x0C, 0x0C,  // 0x6395 "著"
    0x57, 0x20, 0x0C, 0x0C,  // 0x6396 "柱"
    0x57, 0x38, 0x0C, 0x0C,  // 0x6397 "助"
    0x57, 0x50, 0x0C, 0x0C,  // 0x6398 "蛀"
    0x57, 0x68, 0x0C, 0x0C,  // 0x6399 "贮"
    0x57, 0x80, 0x0C, 0x0C,  // 0x639A "铸"
    0x57, 0x98, 0x0C, 0x0C,  // 0x639B "筑"
    0x57, 0xB0, 0x0C, 0x0C,  // 0x639C "住"
    0x57, 0xC8, 0x0C, 0x0C,  // 0x639D "注"
    0x57, 0xE0, 0x0C, 0x0C,  // 0x639E "祝"
    0x57, 0xF8, 0x0C, 0x0C,  // 0x639F "驻"
    0x58, 0x10, 0x0C, 0x0C,  // 0x63A0 "抓"
    0x58, 0x28, 0x0C, 0x0C,  // 0x63A1 "爪"
    0x58, 0x40, 0x0C, 0x0C,  // 0x63A2 "拽"
    0x58, 0x58, 0x0C, 0x0C,  // 0x63A3 "专"
    0x58, 0x70, 0x0C, 0x0C,  // 0x63A4 "砖"
    0x58, 0x88, 0x0C, 0x0C,  // 0x63A5 "转"
    0x58, 0xA0, 0x0C, 0x0C,  // 0x63A6 "撰"
    0x58, 0xB8, 0x0C, 0x0C,  // 0x63A7 "赚"
    0x58, 0xD0, 0x0C, 0x0C,  // 0x63A8 "篆"
    0x58, 0xE8, 0x0C, 0x0C,  // 0x63A9 "桩"
    0x59, 0x00, 0x0C, 0x0C,  // 0x63AA "庄"
    0x59, 0x18, 0x0C, 0x0C,  // 0x63AB "装"
    0x59, 0x30, 0x0C, 0x0C,  // 0x63AC "妆"
    0x59, 0x48, 0x0C, 0x0C,  // 0x63AD "撞"
    0x59, 0x60, 0x0C, 0x0C,  // 0x63AE "壮"
    0x59, 0x78, 0x0C, 0x0C,  // 0x63AF "状"
    0x59, 0x90, 0x0C, 0x0C,  // 0x63B0 "椎"
    0x59, 0xA8, 0x0C, 0x0C,  // 0x63B1 "锥"
    0x59, 0xC0, 0x0C, 0x0C,  // 0x63B2 "追"
    0x59, 0xD8, 0x0C, 0x0C,  // 0x63B3 "赘"
    0x59, 0xF0, 0x0C, 0x0C,  // 0x63B4 "坠"
    0x5A, 0x08, 0x0C, 0x0C,  // 0x63B5 "缀"
    0x5A, 0x20, 0x0C, 0x0C,  // 0x63B6 "谆"
    0x5A, 0x38, 0x0C, 0x0C,  // 0x63B7 "准"
    0x5A, 0x50, 0x0C, 0x0C,  // 0x63B8 "捉"
    0x5A, 0x68, 0x0C, 0x0C,  // 0x63B9 "拙"
    0x5A, 0x80, 0x0C, 0x0C,  // 0x63BA "卓"
    0x5A, 0x98, 0x0C, 0x0C,  // 0x63BB "桌"
    0x5A, 0xB0, 0x0C, 0x0C,  // 0x63BC "琢"
    0x5A, 0xC8, 0x0C, 0x0C,  // 0x63BD "茁"
    0x5A, 0xE0, 0x0C, 0x0C,  // 0x63BE "酌"
    0x5A, 0xF8, 0x0C, 0x0C,  // 0x63BF "啄"
    0x5B, 0x10, 0x0C, 0x0C,  // 0x63C0 "着"
    0x5B, 0x28, 0x0C, 0x0C,  // 0x63C1 "灼"
    0x5B, 0x40, 0x0C, 0x0C,  // 0x63C2 "浊"
    0x5B, 0x58, 0x0C, 0x0C,  // 0x63C3 "兹"
    0x5B, 0x70, 0x0C, 0x0C,  // 0x63C4 "咨"
    0x5B, 0x88, 0x0C, 0x0C,  // 0x63C5 "资"
    0x5B, 0xA0, 0x0C, 0x0C,  // 0x63C6 "姿"
    0x5B, 0xB8, 0x0C, 0x0C,  // 0x63C7 "滋"
    0x5B, 0xD0, 0x0C, 0x0C,  // 0x63C8 "淄"
    0x5B, 0xE8, 0x0C, 0x0C,  // 0x63C9 "孜"
    0x5C, 0x00, 0x0C, 0x0C,  // 0x63CA "紫"
    0x5C, 0x18, 0x0C, 0x0C,  // 0x63CB "仔"
    0x5C, 0x30, 0x0C, 0x0C,  // 0x63CC "籽"
    0x5C, 0x48, 0x0C, 0x0C,  // 0x63CD "滓"
    0x5C, 0x60, 0x0C, 0x0C,  // 0x63CE "子"
    0x5C, 0x78, 0x0C, 0x0C,  // 0x63CF "自"
    0x5C, 0x90, 0x0C, 0x0C,  // 0x63D0 "渍"
    0x5C, 0xA8, 0x0C, 0x0C,  // 0x63D1 "字"
    0x5C, 0xC0, 0x0C, 0x0C,  // 0x63D2 "鬃"
    0x5C, 0xD8, 0x0C, 0x0C,  // 0x63D3 "棕"
    0x5C, 0xF0, 0x0C, 0x0C,  // 0x63D4 "踪"
    0x5D, 0x08, 0x0C, 0x0C,  // 0x63D5 "宗"
    0x5D, 0x20, 0x0C, 0x0C,  // 0x63D6 "综"
    0x5D, 0x38, 0x0C, 0x0C,  // 0x63D7 "总"
    0x5D, 0x50, 0x0C, 0x0C,  // 0x63D8 "纵"
    0x5D, 0x68, 0x0C, 0x0C,  // 0x63D9 "邹"
    0x5D, 0x80, 0x0C, 0x0C,  // 0x63DA "走"
    0x5D, 0x98, 0x0C, 0x0C,  // 0x63DB "奏"
    0x5D, 0xB0, 0x0C, 0x0C,  // 0x63DC "揍"
    0x5D, 0xC8, 0x0C, 0x0C,  // 0x63DD "租"
    0x5D, 0xE0, 0x0C, 0x0C,  // 0x63DE "足"
    0x5D, 0xF8, 0x0C, 0x0C,  // 0x63DF "卒"
    0x5E, 0x10, 0x0C, 0x0C,  // 0x63E0 "族"
    0x5E, 0x28, 0x0C, 0x0C,  // 0x63E1 "祖"
    0x5E, 0x40, 0x0C, 0x0C,  // 0x63E2 "诅"
    0x5E, 0x58, 0x0C, 0x0C,  // 0x63E3 "阻"
    0x5E, 0x70, 0x0C, 0x0C,  // 0x63E4 "组"
    0x5E, 0x88, 0x0C, 0x0C,  // 0x63E5 "钻"
    0x5E, 0xA0, 0x0C, 0x0C,  // 0x63E6 "纂"
    0x5E, 0xB8, 0x0C, 0x0C,  // 0x63E7 "嘴"
    0x5E, 0xD0, 0x0C, 0x0C,  // 0x63E8 "醉"
    0x5E, 0xE8, 0x0C, 0x0C,  // 0x63E9 "最"
    0x5F, 0x00, 0x0C, 0x0C,  // 0x63EA "罪"
    0x5F, 0x18, 0x0C, 0x0C,  // 0x63EB "尊"
    0x5F, 0x30, 0x0C, 0x0C,  // 0x63EC "遵"
    0x5F, 0x48, 0x0C, 0x0C,  // 0x63ED "昨"
    0x5F, 0x60, 0x0C, 0x0C,  // 0x63EE "左"
    0x5F, 0x78, 0x0C, 0x0C,  // 0x63EF "佐"
    0x5F, 0x90, 0x0C, 0x0C,  // 0x63F0 "柞"
    0x5F, 0xA8, 0x0C, 0x0C,  // 0x63F1 "做"
    0x5F, 0xC0, 0x0C, 0x0C,  // 0x63F2 "作"
    0x5F, 0xD8, 0x0C, 0x0C,  // 0x63F3 "坐"
    0x5F, 0xF0, 0x0C, 0x0C,  // 0x63F4 "座"
    // Bitmap Data:
    0xFE, 0x01, 0xFE, 0x00, 0xFE, 0x00, 0xFF, 0x07, 0xFE, 0x01, 0xC2, 0x00, 0xFA, 0x00, 0xFA, 0x04,
    0x0A, 0x0C, 0xFF, 0x07, 0x02, 0x00, 0x00, 0x00, 0xFF, 0x0F, 0x9A, 0x01, 0xE7, 0x01, 0x42, 0x00,
    0xFA, 0x01, 0x8A, 0x00, 0xFA, 0x05, 0x02, 0x0C, 0xFE, 0x0F, 0x03, 0x00, 0x02, 0x00, 0x00, 0x00,
    0x10, 0x03, 0xFF, 0x01, 0x10, 0x09, 0xD8, 0x08, 0xBC, 0x04, 0xBE, 0x07, 0xEB, 0x01, 0xAA, 0x03,
    0xAC, 0x06, 0xA8, 0x0C, 0x00, 0x04, 0x00, 0x00, 0x48, 0x04, 0xFF, 0x0F, 0xFF, 0x0B, 0xA8, 0x08,
    0x68, 0x04, 0x3E, 0x07, 0xEB, 0x01, 0x28, 0x03, 0x2E, 0x06, 0xAC, 0x0C, 0x80, 0x00, 0x00, 0x00,
    0xFE, 0x03, 0x84, 0x00, 0xFE, 0x09, 0x04, 0x08, 0x24, 0x04, 0xCF, 0x07, 0x04, 0x03, 0xFF, 0x07,
    0x24, 0x0C, 0x06, 0x0C, 0x04, 0x00, 0x00, 0x00, 0xFE, 0x03, 0x84, 0x00, 0xFE, 0x09, 0xC0, 0x08,
    0xEC, 0x04, 0xBE, 0x07, 0xEB, 0x03, 0xA8, 0x03, 0xAE, 0x06, 0xAC, 0x0C, 0x80, 0x04, 0x00, 0x00,
    0x04, 0x02, 0x04, 0x02, 0x7C, 0x09, 0xC8, 0x0F, 0x4B, 0x04, 0xCB, 0x04, 0x08, 0x03, 0xFC, 0x07,
    0xE8, 0x04, 0x02, 0x04, 0x00, 0x04, 0x00, 0x00, 0xF8, 0x07, 0x4E, 0x02, 0xFA, 0x03, 0xF8, 0x03,
    0xAE, 0x07, 0xA8, 0x0C, 0xAE, 0x08, 0xAF, 0x08, 0xE8, 0x09, 0xFE, 0x0D, 0x00, 0x06, 0x00, 0x00,
    0xD8, 0x04, 0xFE, 0x03, 0xE6, 0x00, 0xE6, 0x0F, 0xBE, 0x00, 0xF7, 0x04, 0x16, 0x07, 0xFE, 0x00,
    0xBE, 0x0C, 0xE2, 0x0E, 0x02, 0x00, 0x00, 0x00, 0x42, 0x00, 0xFA, 0x0F, 0x42, 0x07, 0x07, 0x07,
    0xFA, 0x07, 0xFA, 0x07, 0xBF, 0x05, 0xBA, 0x0F, 0xFA, 0x0E, 0xC2, 0x07, 0x02, 0x00, 0x00, 0x00,
    0x2E, 0x06, 0xFF, 0x03, 0x2C, 0x03, 0xE4, 0x0A, 0xAA, 0x0B, 0xDA, 0x0F, 0xFE, 0x06, 0x9A, 0x07,
    0xBB, 0x05, 0xEC, 0x0C, 0x20, 0x00, 0x00, 0x00, 0x04, 0x08, 0x04, 0x04, 0x34, 0x04, 0xDF, 0x02,
    0x04, 0x03, 0x84, 0x03, 0xFF, 0x06, 0x34, 0x04, 0x04, 0x0C, 0x06, 0x0C, 0x00, 0x00, 0x00, 0x00,
    0xF2, 0x07, 0xFE, 0x07, 0xF2, 0x03, 0xF2, 0x03, 0xA2, 0x00, 0xBF, 0x03, 0x94, 0x06, 0xD4, 0x0C,
    0xFF, 0x0F, 0xBE, 0x00, 0x80, 0x00, 0x00, 0x00, 0x38, 0x02, 0x52, 0x0A, 0xDE, 0x0D, 0xF2, 0x04,
    0xFE, 0x07, 0xDE, 0x02, 0xD9, 0x07, 0xDF, 0x05, 0x77, 0x0C, 0x18, 0x04, 0x00, 0x00, 0x00, 0x00,
    0xFE, 0x0F, 0x3A, 0x01, 0xC6, 0x05, 0xE8, 0x07, 0xB9, 0x07, 0x9E, 0x07, 0x88, 0x07, 0x9E, 0x07,
    0xF9, 0x07, 0x6C, 0x04, 0x00, 0x04, 0x00, 0x00, 0xE6, 0x02, 0xBE, 0x02, 0xFC, 0x0F, 0xFF, 0x0A,
    0x2E, 0x0B, 0xAC, 0x09, 0xFD, 0x06, 0x3F, 0x03, 0xE4, 0x07, 0x2C, 0x0C, 0x24, 0x00, 0x00, 0x00,
    0xD8, 0x08, 0xFE, 0x0B, 0xA7, 0x07, 0xF6, 0x06, 0xB6, 0x07, 0xE6, 0x05, 0xE6, 0x08, 0xFE, 0x00,
    0xFE, 0x07, 0x02, 0x0C, 0x00, 0x0E, 0x00, 0x00, 0x18, 0x08, 0x0C, 0x08, 0x84, 0x05, 0xE4, 0x05,
    0x3F, 0x07, 0x8E, 0x03, 0xC4, 0x06, 0x44, 0x06, 0x0C, 0x0C, 0x2C, 0x00, 0x20, 0x00, 0x00, 0x00,
    0x30, 0x00, 0xFE, 0x0F, 0x47, 0x00, 0xF4, 0x03, 0xBC, 0x02, 0xFF, 0x07, 0xF4, 0x0F, 0xBC, 0x0B,
    0xF4, 0x0B, 0x26, 0x0E, 0x20, 0x00, 0x00, 0x00, 0xC8, 0x04, 0xFF, 0x0F, 0x2C, 0x00, 0x68, 0x08,
    0xCC, 0x09, 0xF4, 0x05, 0x3F, 0x02, 0xC6, 0x03, 0x44, 0x06, 0x2C, 0x0C, 0x04, 0x00, 0x00, 0x00,
    0xFE, 0x07, 0x22, 0x01, 0xFE, 0x03, 0x20, 0x00, 0xE4, 0x0F, 0xFC, 0x05, 0x23, 0x05, 0x3E, 0x05,
    0xEE, 0x0F, 0x32, 0x00, 0x20, 0x00, 0x00, 0x00, 0xF0, 0x07, 0xFF, 0x01, 0x50, 0x01, 0x50, 0x01,
    0x57, 0x01, 0xD7, 0x0F, 0x50, 0x01, 0x50, 0x01, 0x7F, 0x01, 0x98, 0x01, 0x00, 0x01, 0x00, 0x00,
    0xFE, 0x07, 0x5A, 0x04, 0xFE, 0x0F, 0xFE, 0x0F, 0x4C, 0x09, 0xF4, 0x05, 0x3F, 0x02, 0xC6, 0x03,
    0xC4, 0x06, 0x2C, 0x0C, 0x24, 0x00, 0x00, 0x00, 0x8C, 0x01, 0x4E, 0x05, 0x7A, 0x03, 0x7E, 0x03,
    0xEF, 0x0F, 0xBB, 0x07, 0x3A, 0x03, 0x6A, 0x07, 0x4E, 0x05, 0x8E, 0x05, 0x00, 0x00, 0x00, 0x00,
    0xFE, 0x03, 0x7E, 0x04, 0xFE, 0x0F, 0xFE, 0x0F, 0x04, 0x06, 0xF4, 0x03, 0x27, 0x00, 0xF6, 0x07,
    0xF4, 0x0F, 0x04, 0x0C, 0x00, 0x06, 0x00, 0x00, 0xC0, 0x07, 0xDF, 0x07, 0x56, 0x02, 0x74, 0x02,
    0x34, 0x00, 0xF4, 0x0F, 0x54, 0x00, 0x56, 0x02, 0xDF, 0x07, 0xE0, 0x03, 0x00, 0x00, 0x00, 0x00,
    0x90, 0x08, 0x9C, 0x08, 0xDC, 0x0F, 0xF4, 0x0C, 0xBE, 0x0F, 0x97, 0x0F, 0xB4, 0x0F, 0xDC, 0x0F,
    0xDC, 0x0F, 0xD0, 0x0C, 0x10, 0x00, 0x00, 0x00, 0xFE, 0x07, 0xFE, 0x03, 0x02, 0x02, 0x7E, 0x02,
    0x40, 0x02, 0x7E, 0x02, 0x7E, 0x02, 0x02, 0x02, 0xFE, 0x07, 0x06, 0x03, 0x00, 0x00, 0x00, 0x00,
    0x2C, 0x04, 0xEC, 0x07, 0xFF, 0x04, 0xAC, 0x0E, 0xEE, 0x0B, 0x60, 0x04, 0xFF, 0x06, 0x8B, 0x03,
    0xF8, 0x06, 0x0C, 0x0C, 0x04, 0x00, 0x00, 0x00, 0x18, 0x0D, 0xD8, 0x06, 0x7F, 0x01, 0xDE, 0x0F,
    0xFE, 0x0C, 0x30, 0x03, 0x9E, 0x0C, 0xEA, 0x00, 0xB8, 0x07, 0x8C, 0x0D, 0x00, 0x00, 0x00, 0x00,
    0xFE, 0x03, 0xFA, 0x02, 0xFB, 0x0F, 0xDE, 0x03, 0xFE, 0x01, 0x9A, 0x05, 0xFE, 0x0F, 0xFE, 0x07,
    0x9A, 0x0D, 0xFE, 0x0F, 0x02, 0x00, 0x00, 0x00, 0x48, 0x00, 0xF7, 0x0F, 0xFE, 0x08, 0xAC, 0x01,
    0x24, 0x06, 0xA2, 0x03, 0xFE, 0x00, 0xE2, 0x01, 0x22, 0x07, 0x32, 0x0E, 0x20, 0x04, 0x00, 0x00,
    0xF8, 0x0F, 0xFF, 0x0F, 0x27, 0x04, 0xFC, 0x03, 0xFF, 0x0C, 0xAC, 0x0F, 0x30, 0x04, 0xFE, 0x07,
    0xFB, 0x07, 0x38, 0x0C, 0x08, 0x04, 0x00, 0x00, 0x00, 0x09, 0xFE, 0x09, 0x56, 0x05, 0x3B, 0x07,
    0xFF, 0x03, 0xFE, 0x01, 0x7E, 0x07, 0x56, 0x05, 0xFE, 0x0D, 0x80, 0x0D, 0x00, 0x01, 0x00, 0x00,
    0x38, 0x00, 0xFF, 0x0F, 0x18, 0x01, 0xFE, 0x09, 0x7E, 0x05, 0x3B, 0x07, 0xFF, 0x01, 0x7E, 0x03,
    0x7E, 0x05, 0xFE, 0x0D, 0x00, 0x05, 0x00, 0x00, 0x98, 0x07, 0xF6, 0x07, 0x18, 0x09, 0xFE, 0x09,
    0x5A, 0x05, 0xBB, 0x07, 0xFF, 0x01, 0x7E, 0x07, 0x7E, 0x05, 0xFE, 0x0D, 0x00, 0x05, 0x00, 0x00,
    0x04, 0x00, 0xFC, 0x07, 0x9F, 0x0C, 0x9F, 0x0C, 0xF4, 0x0C, 0xF4, 0x0C, 0x9F, 0x0C, 0x96, 0x0C,
    0xFC, 0x0C, 0x06, 0x07, 0x00, 0x00, 0x00, 0x00, 0xC8, 0x04, 0xFF, 0x0F, 0x2C, 0x04, 0x5E, 0x06,
    0xFE, 0x05, 0x52, 0x06, 0xDE, 0x07, 0xFC, 0x05, 0xF8, 0x0C, 0xFF, 0x0F, 0x00, 0x00, 0x00, 0x00,
    0x44, 0x04, 0xFF, 0x0F, 0xFF, 0x0F, 0x14, 0x04, 0x80, 0x03, 0xFE, 0x00, 0x00, 0x00, 0x3F, 0x00,
    0xE0, 0x03, 0x00, 0x0E, 0x00, 0x04, 0x00, 0x00, 0xFE, 0x01, 0x84, 0x00, 0xFE, 0x05, 0x00, 0x06,
    0xFE, 0x01, 0x3E, 0x00, 0x00, 0x00, 0xFF, 0x01, 0x80, 0x07, 0x00, 0x06, 0x00, 0x00, 0x00, 0x00,
    0xFE, 0x03, 0x82, 0x00, 0xFE, 0x01, 0x02, 0x00, 0xFE, 0x07, 0x22, 0x0C, 0x3E, 0x08, 0x22, 0x08,
    0x7E, 0x0C, 0x7E, 0x0E, 0x00, 0x04, 0x00, 0x00, 0x08, 0x00, 0xF6, 0x07, 0xA7, 0x0C, 0x9C, 0x08,
    0xF6, 0x08, 0xEC, 0x08, 0x87, 0x08, 0xFC, 0x08, 0xF4, 0x0D, 0x06, 0x0E, 0x00, 0x04, 0x00, 0x00,
    0x00, 0x04, 0x00, 0x03, 0xF8, 0x00, 0x1C, 0x00, 0x00, 0x00, 0x06, 0x00, 0xFE, 0x00, 0x80, 0x03,
    0x00, 0x07, 0x00, 0x04, 0x00, 0x00, 0x00, 0x00, 0xD8, 0x04, 0xFC, 0x03, 0xFE, 0x01, 0xF8, 0x07,
    0xF8, 0x0F, 0x4B, 0x0C, 0x7A, 0x0C, 0x48, 0x0C, 0xFA, 0x0C, 0xFA, 0x06, 0x00, 0x04, 0x00, 0x00,
    0x00, 0x00, 0xFE, 0x07, 0x22, 0x04, 0x22, 0x04, 0x3E, 0x04, 0x3E, 0x04, 0x22, 0x04, 0x22, 0x04,
    0x7E, 0x04, 0x00, 0x07, 0x00, 0x04, 0x00, 0x00, 0xC8, 0x04, 0xFF, 0x0F, 0xFF, 0x07, 0x2C, 0x0B,
    0xE8, 0x05, 0x7F, 0x04, 0xEB, 0x03, 0xAA, 0x03, 0xEE, 0x04, 0x0C, 0x0C, 0x00, 0x00, 0x00, 0x00,
    0xFE, 0x07, 0xF2, 0x07, 0xF2, 0x0B, 0x5E, 0x06, 0xC8, 0x0B, 0xFF, 0x04, 0xEF, 0x07, 0xAB, 0x03,
    0xEE, 0x06, 0x2C, 0x0C, 0x00, 0x00, 0x00, 0x00, 0xF6, 0x01, 0xFF, 0x01, 0xFE, 0x0F, 0xFF, 0x01,
    0x62, 0x01, 0xFE, 0x07, 0x22, 0x0C, 0x3E, 0x0C, 0x62, 0x0C, 0x7E, 0x06, 0x00, 0x04, 0x00, 0x00,
    0xC8, 0x04, 0xFF, 0x0F, 0xFE, 0x03, 0x2C, 0x00, 0xFE, 0x07, 0x22, 0x0C, 0x3E, 0x0C, 0x26, 0x0C,
    0x7E, 0x0C, 0x7E, 0x06, 0x00, 0x04, 0x00, 0x00, 0x2C, 0x01, 0xFF, 0x0F, 0xFF, 0x07, 0xAA, 0x01,
    0xFE, 0x07, 0xFE, 0x07, 0x3E, 0x04, 0x3E, 0x04, 0x3E, 0x04, 0x7E, 0x07, 0x00, 0x04, 0x00, 0x00,
    0x08, 0x03, 0xFF, 0x01, 0x98, 0x09, 0x88, 0x08, 0xFE, 0x05, 0xFE, 0x06, 0xFA, 0x03, 0x1A, 0x02,
    0xFE, 0x02, 0xFE, 0x0E, 0x00, 0x00, 0x00, 0x00, 0xAC, 0x03, 0xF6, 0x03, 0xEE, 0x0F, 0xFE, 0x03,
    0xBE, 0x0B, 0x2E, 0x06, 0xFE, 0x03, 0x4E, 0x05, 0xF7, 0x0F, 0xE6, 0x07, 0x00, 0x00, 0x00, 0x00,
    0x80, 0x00, 0xBE, 0x0C, 0xAA, 0x0E, 0xAE, 0x07, 0xFA, 0x05, 0xFE, 0x04, 0xAE, 0x05, 0xAA, 0x06,
    0xBE, 0x04, 0x8A, 0x00, 0x80, 0x00, 0x00, 0x00, 0x48, 0x00, 0xE4, 0x07, 0xE2, 0x0F, 0x17, 0x0D,
    0xD8, 0x09, 0x5C, 0x09, 0x17, 0x09, 0xF2, 0x0D, 0x36, 0x0C, 0x20, 0x06, 0x00, 0x00, 0x00, 0x00,
    0x00, 0x00, 0xFC, 0x0F, 0x48, 0x04, 0x4C, 0x00, 0x4F, 0x00, 0x48, 0x00, 0x48, 0x00, 0x48, 0x00,
    0xFC, 0x0F, 0x00, 0x00, 0x00, 0x00, 0x00, 0x00, 0xC8, 0x00, 0xFF, 0x0F, 0xFF, 0x0F, 0x6C, 0x00,
    0xFC, 0x0F, 0xFC, 0x0F, 0x46, 0x04, 0x47, 0x04, 0x44, 0x04, 0xFC, 0x0F, 0x00, 0x00, 0x00, 0x00,
    0x02, 0x00, 0xFA, 0x0F, 0xD2, 0x06, 0x0A, 0x00, 0x0E, 0x00, 0x02, 0x00, 0x02, 0x00, 0xFA, 0x07,
    0xFA, 0x07, 0x03, 0x00, 0x00, 0x00, 0x00, 0x00, 0x48, 0x04, 0xFF, 0x0F, 0x3C, 0x00, 0x1E, 0x04,
    0x5E, 0x06, 0xCE, 0x07, 0xFA, 0x05, 0x4E, 0x07, 0x4A, 0x06, 0xFE, 0x0C, 0x80, 0x00, 0x00, 0x00,
    0x30, 0x00, 0xFE, 0x0F, 0x03, 0x00, 0x02, 0x00, 0xFA, 0x0F, 0x9A, 0x04, 0x9E, 0x04, 0x92, 0x04,
    0xFA, 0x0F, 0xF2, 0x07, 0x02, 0x00, 0x00, 0x00, 0xFE, 0x05, 0x82, 0x07, 0xFE, 0x01, 0xFE, 0x0B,
    0xFE, 0x06, 0x18, 0x04, 0xFF, 0x02, 0x81, 0x03, 0xF8, 0x06, 0x0C, 0x0C, 0x04, 0x04, 0x00, 0x00,
    0x92, 0x04, 0x92, 0x07, 0xFE, 0x01, 0x93, 0x00, 0xD0, 0x00, 0x2A, 0x00, 0xAA, 0x00, 0xFE, 0x0F,
    0x2A, 0x00, 0xAA, 0x00, 0x80, 0x00, 0x00, 0x00, 0xD2, 0x01, 0xFE, 0x0F, 0xFE, 0x07, 0x5A, 0x01,
    0x7E, 0x01, 0xD4, 0x01, 0xFF, 0x03, 0xDC, 0x0F, 0x54, 0x00, 0x7E, 0x01, 0x00, 0x01, 0x00, 0x00,
    0x22, 0x06, 0xFE, 0x03, 0x22, 0x0E, 0x3A, 0x06, 0xEF, 0x01, 0xFA, 0x0B, 0x4E, 0x02, 0xFE, 0x07,
    0xFE, 0x07, 0x62, 0x04, 0x02, 0x04, 0x00, 0x00, 0x22, 0x02, 0xFE, 0x0B, 0x22, 0x05, 0x72, 0x07,
    0xF6, 0x03, 0x7F, 0x04, 0x02, 0x04, 0xFE, 0x07, 0x62, 0x04, 0x22, 0x04, 0x00, 0x04, 0x00, 0x00,
    0x48, 0x0C, 0xFF, 0x0F, 0x2C, 0x04, 0xFE, 0x03, 0x9F, 0x05, 0xFE, 0x0F, 0x76, 0x00, 0xCE, 0x07,
    0xFE, 0x07, 0x7A, 0x0C, 0x10, 0x00, 0x00, 0x00, 0xC8, 0x04, 0xFF, 0x0F, 0x6E, 0x0C, 0x28, 0x0E,
    0xFE, 0x0B, 0x34, 0x04, 0xF2, 0x03, 0x92, 0x03, 0xF2, 0x06, 0x12, 0x0C, 0x00, 0x04, 0x00, 0x00,
    0xE0, 0x07, 0xFE, 0x00, 0xBF, 0x05, 0xFE, 0x0F, 0xFE, 0x0F, 0x3E, 0x04, 0xEE, 0x07, 0xA2, 0x03,
    0xFE, 0x06, 0x78, 0x0C, 0x10, 0x04, 0x00, 0x00, 0x38, 0x02, 0xE6, 0x03, 0x22, 0x06, 0xFE, 0x0B,
    0x1C, 0x08, 0xFA, 0x05, 0x0E, 0x07, 0xFA, 0x03, 0x0A, 0x06, 0xFB, 0x0D, 0x00, 0x00, 0x00, 0x00,
    0xC8, 0x00, 0xFF, 0x0F, 0x69, 0x0C, 0x48, 0x0E, 0xFE, 0x0B, 0x36, 0x04, 0xF2, 0x07, 0x92, 0x03,
    0xF2, 0x06, 0x12, 0x0C, 0x00, 0x04, 0x00, 0x00, 0xFE, 0x07, 0x5E, 0x00, 0xDF, 0x07, 0xD8, 0x0F,
    0x98, 0x0F, 0xFE, 0x05, 0xF2, 0x06, 0x92, 0x03, 0xF2, 0x07, 0x32, 0x0C, 0x00, 0x04, 0x00, 0x00,
    0x48, 0x04, 0xFF, 0x0F, 0x28, 0x08, 0x7C, 0x04, 0x78, 0x06, 0xCE, 0x03, 0x40, 0x04, 0x4F, 0x0E,
    0xF8, 0x07, 0x30, 0x00, 0x20, 0x00, 0x00, 0x00, 0xC8, 0x04, 0xFF, 0x0F, 0xFF, 0x07, 0xAC, 0x00,
    0x9C, 0x00, 0x98, 0x00, 0xFF, 0x0F, 0x98, 0x00, 0x9E, 0x00, 0xD2, 0x00, 0x80, 0x00, 0x00, 0x00,
    0x30, 0x00, 0xFE, 0x0F, 0x83, 0x00, 0x84, 0x00, 0x9C, 0x00, 0xB0, 0x00, 0xFF, 0x0F, 0x98, 0x00,
    0x9E, 0x00, 0xD6, 0x00, 0x80, 0x00, 0x00, 0x00, 0xBC, 0x07, 0xF7, 0x09, 0xAE, 0x06, 0xFE, 0x01,
    0xFE, 0x07, 0x7E, 0x07, 0xE6, 0x07, 0xBD, 0x07, 0xFF, 0x0F, 0xAE, 0x00, 0x20, 0x00, 0x00, 0x00,
    0xA0, 0x00, 0xA6, 0x00, 0xBC, 0x00, 0xA8, 0x00, 0xFF, 0x0F, 0xFF, 0x0F, 0xB0, 0x00, 0xAC, 0x00,
    0xB6, 0x00, 0xD0, 0x00, 0x80, 0x00, 0x00, 0x00, 0x80, 0x09, 0xE8, 0x04, 0x08, 0x06, 0xF8, 0x01,
    0x7F, 0x04, 0x08, 0x0C, 0xF8, 0x0F, 0xFC, 0x07, 0x20, 0x00, 0xC0, 0x01, 0x80, 0x01, 0x00, 0x00,
    0x98, 0x06, 0xF6, 0x02, 0xB3, 0x02, 0x88, 0x02, 0xBC, 0x00, 0xA8, 0x00, 0xFF, 0x0F, 0xB8, 0x00,
    0xBC, 0x00, 0xB6, 0x00, 0x80, 0x00, 0x00, 0x00, 0x84, 0x08, 0xA4, 0x04, 0xFF, 0x03, 0xFF, 0x00,
    0xB4, 0x00, 0x84, 0x00, 0xFE, 0x0F, 0x32, 0x07, 0x3E, 0x02, 0xC6, 0x03, 0x00, 0x01, 0x00, 0x00,
    0x92, 0x00, 0xDA, 0x00, 0xBF, 0x07, 0x9F, 0x00, 0x9E, 0x00, 0xD2, 0x0F, 0xFE, 0x00, 0xA2, 0x06,
    0xEE, 0x07, 0x3B, 0x00, 0x00, 0x00, 0x00, 0x00, 0xE8, 0x00, 0xFF, 0x0F, 0xFF, 0x0F, 0xEC, 0x04,
    0xFE, 0x03, 0xFF, 0x00, 0x94, 0x00, 0xFE, 0x0F, 0x12, 0x01, 0xEE, 0x03, 0x82, 0x01, 0x00, 0x00,
    0xE8, 0x00, 0xFF, 0x0F, 0x6D, 0x08, 0x6C, 0x08, 0x70, 0x04, 0xDC, 0x03, 0xF3, 0x05, 0x5E, 0x0D,
    0x54, 0x07, 0x72, 0x01, 0x00, 0x00, 0x00, 0x00, 0xFE, 0x07, 0x5A, 0x04, 0xFE, 0x0F, 0xE2, 0x08,
    0x72, 0x04, 0xDE, 0x07, 0xFB, 0x05, 0x5E, 0x0D, 0x5E, 0x07, 0x72, 0x01, 0x50, 0x00, 0x00, 0x00,
    0x98, 0x06, 0xF6, 0x0A, 0x9A, 0x0A, 0xAC, 0x06, 0xFF, 0x03, 0xBF, 0x00, 0xA4, 0x00, 0xFE, 0x0F,
    0x12, 0x03, 0xEE, 0x03, 0x82, 0x01, 0x00, 0x00, 0x78, 0x00, 0xFF, 0x0F, 0x6C, 0x01, 0xA4, 0x02,
    0xEC, 0x02, 0xBE, 0x02, 0xEF, 0x0F, 0xE8, 0x02, 0xEE, 0x02, 0x90, 0x02, 0x80, 0x00, 0x00, 0x00,
    0xE2, 0x07, 0xFE, 0x07, 0xF6, 0x03, 0xF2, 0x0B, 0x72, 0x04, 0xDE, 0x03, 0xFB, 0x05, 0x5E, 0x0D,
    0xDE, 0x07, 0x72, 0x01, 0x10, 0x00, 0x00, 0x00, 0xFC, 0x04, 0xFF, 0x07, 0xFF, 0x03, 0xFC, 0x03,
    0x04, 0x07, 0x24, 0x01, 0xFF, 0x0F, 0xFF, 0x0F, 0x24, 0x01, 0xA4, 0x01, 0x00, 0x01, 0x00, 0x00,
    0x5C, 0x00, 0xF7, 0x0F, 0x54, 0x0E, 0x54, 0x0B, 0x76, 0x04, 0xDC, 0x03, 0xFB, 0x05, 0x5E, 0x0D,
    0x5E, 0x07, 0x72, 0x01, 0x10, 0x00, 0x00, 0x00, 0x30, 0x00, 0xFE, 0x0F, 0x63, 0x08, 0x74, 0x04,
    0x54, 0x06, 0xDD, 0x01, 0x77, 0x0D, 0x5C, 0x0D, 0x56, 0x07, 0x76, 0x00, 0x10, 0x00, 0x00, 0x00,
    0x10, 0x04, 0xF6, 0x07, 0x60, 0x0B, 0x74, 0x05, 0x5C, 0x06, 0xFD, 0x01, 0x77, 0x05, 0x5C, 0x0D,
    0xF6, 0x07, 0x76, 0x00, 0x50, 0x00, 0x00, 0x00, 0x42, 0x00, 0xF2, 0x07, 0xFA, 0x0F, 0x1F, 0x0C,
    0x12, 0x08, 0xF2, 0x09, 0x1F, 0x09, 0x92, 0x0F, 0xF2, 0x0D, 0x02, 0x07, 0x02, 0x04, 0x00, 0x00,
    0xFE, 0x03, 0x52, 0x04, 0xFE, 0x0F, 0x32, 0x00, 0xFC, 0x07, 0x97, 0x0C, 0xF4, 0x0C, 0x74, 0x0D,
    0xFC, 0x0D, 0xFC, 0x0C, 0x00, 0x04, 0x00, 0x00, 0x30, 0x00, 0xF8, 0x07, 0xFE, 0x0F, 0x97, 0x0C,
    0x94, 0x0C, 0xF4, 0x0C, 0x04, 0x0D, 0x84, 0x0F, 0xFE, 0x0D, 0x04, 0x07, 0x00, 0x00, 0x00, 0x00,
    0x32, 0x04, 0xFA, 0x03, 0xBE, 0x0E, 0xE6, 0x0F, 0xFF, 0x05, 0xB7, 0x05, 0xF6, 0x02, 0xFE, 0x05,
    0xFE, 0x05, 0xF2, 0x0C, 0x02, 0x00, 0x00, 0x00, 0x12, 0x02, 0xDA, 0x05, 0x92, 0x0D, 0xF2, 0x0F,
    0x5E, 0x01, 0x72, 0x03, 0x10, 0x00, 0xFC, 0x05, 0x00, 0x0C, 0xFF, 0x0F, 0x00, 0x00, 0x00, 0x00,
    0x62, 0x07, 0xDA, 0x07, 0x32, 0x00, 0xFF, 0x01, 0x9A, 0x06, 0xFA, 0x05, 0xFF, 0x09, 0x9E, 0x0F,
    0xFA, 0x01, 0x0A, 0x01, 0x00, 0x00, 0x00, 0x00, 0x8C, 0x00, 0xCE, 0x03, 0xFC, 0x07, 0xBC, 0x0D,
    0xBE, 0x0D, 0xFE, 0x0D, 0x3C, 0x0C, 0x3C, 0x0F, 0xED, 0x0D, 0x0E, 0x06, 0x04, 0x04, 0x00, 0x00,
    0x30, 0x00, 0xFE, 0x0F, 0x43, 0x04, 0x52, 0x02, 0xDE, 0x01, 0xD2, 0x00, 0xF2, 0x0F, 0xD2, 0x01,
    0x5E, 0x03, 0x60, 0x06, 0x40, 0x04, 0x00, 0x00, 0x18, 0x08, 0xFE, 0x0B, 0xBB, 0x0A, 0x50, 0x0A,
    0x7E, 0x0F, 0xBA, 0x0F, 0xFA, 0x0A, 0x2A, 0x0A, 0x4E, 0x0B, 0xD0, 0x0C, 0x80, 0x00, 0x00, 0x00,
    0x18, 0x00, 0xFF, 0x0F, 0x18, 0x04, 0x3C, 0x02, 0xFC, 0x07, 0x97, 0x0C, 0xF4, 0x08, 0xF4, 0x09,
    0x84, 0x0F, 0xFC, 0x0D, 0x00, 0x06, 0x00, 0x00, 0x18, 0x04, 0x1C, 0x00, 0x84, 0x00, 0x84, 0x00,
    0xE5, 0x07, 0xE6, 0x07, 0x84, 0x01, 0x84, 0x07, 0x9C, 0x04, 0x0C, 0x04, 0x04, 0x00, 0x00, 0x00,
    0xC8, 0x0C, 0xFF, 0x0F, 0x6A, 0x00, 0x38, 0x00, 0xFC, 0x0F, 0x97, 0x0C, 0xF4, 0x09, 0xF4, 0x0B,
    0xFC, 0x0B, 0xFC, 0x0D, 0x00, 0x04, 0x00, 0x00, 0xC8, 0x04, 0xFF, 0x0F, 0xFF, 0x07, 0x2C, 0x00,
    0xFE, 0x0F, 0xFE, 0x07, 0xEA, 0x04, 0x3A, 0x03, 0xFE, 0x07, 0x22, 0x0C, 0x00, 0x04, 0x00, 0x00,
    0x40, 0x02, 0x5E, 0x05, 0xDF, 0x05, 0x7C, 0x07, 0xCC, 0x0F, 0xCC, 0x07, 0x7C, 0x07, 0xFF, 0x05,
    0x5F, 0x01, 0x70, 0x03, 0x40, 0x00, 0x00, 0x00, 0xA4, 0x06, 0xFC, 0x03, 0xFE, 0x0D, 0xEF, 0x0F,
    0x6C, 0x03, 0x3C, 0x00, 0xEF, 0x00, 0xC0, 0x0C, 0x04, 0x0E, 0xFC, 0x07, 0x00, 0x00, 0x00, 0x00,
    0xFC, 0x07, 0x57, 0x05, 0xFC, 0x05, 0xFE, 0x03, 0x38, 0x00, 0xFE, 0x07, 0x97, 0x0C, 0xF4, 0x09,
    0x14, 0x09, 0xFE, 0x0D, 0x00, 0x06, 0x00, 0x00, 0x30, 0x03, 0xFF, 0x01, 0x88, 0x03, 0x4C, 0x05,
    0xFE, 0x07, 0x7C, 0x0E, 0xCC, 0x0F, 0x7C, 0x03, 0xDF, 0x05, 0x70, 0x01, 0x40, 0x01, 0x00, 0x00,
    0xC8, 0x00, 0xFF, 0x0F, 0xFF, 0x0F, 0x6C, 0x01, 0xCA, 0x00, 0x62, 0x00, 0xFE, 0x0F, 0x26, 0x00,
    0x62, 0x00, 0xC2, 0x01, 0x00, 0x00, 0x00, 0x00, 0xE2, 0x06, 0xFE, 0x07, 0xF2, 0x03, 0xF2, 0x03,
    0x7E, 0x01, 0xDC, 0x01, 0xFF, 0x01, 0xFF, 0x0F, 0x54, 0x01, 0x7E, 0x01, 0x00, 0x01, 0x00, 0x00,
    0x00, 0x06, 0x00, 0x03, 0x00, 0x07, 0xFF, 0x0F, 0x00, 0x0C, 0xE2, 0x0F, 0xFF, 0x0C, 0x00, 0x06,
    0x2A, 0x01, 0x22, 0x07, 0x00, 0x00, 0x00, 0x00, 0x00, 0x01, 0x7E, 0x01, 0xD2, 0x01, 0xD2, 0x01,
    0x7F, 0x01, 0xDE, 0x0F, 0x52, 0x01, 0x52, 0x01, 0x7E, 0x01, 0x00, 0x01, 0x00, 0x01, 0x00, 0x00,
    0x10, 0x03, 0x10, 0x03, 0x10, 0x01, 0xFF, 0x0F, 0x00, 0x00, 0x00, 0x00, 0xFF, 0x07, 0x10, 0x04,
    0x18, 0x04, 0x0C, 0x06, 0x00, 0x04, 0x00, 0x00, 0x52, 0x02, 0x5A, 0x03, 0xD2, 0x03, 0x7F, 0x03,
    0xE0, 0x0F, 0xC0, 0x0F, 0x7F, 0x03, 0x52, 0x03, 0x56, 0x03, 0x1A, 0x02, 0x00, 0x00, 0x00, 0x00,
    0x14, 0x00, 0xD8, 0x0F, 0xE8, 0x0F, 0xBF, 0x02, 0xA0, 0x02, 0xAE, 0x02, 0xBF, 0x0A, 0xF2, 0x0F,
    0xF2, 0x07, 0x1E, 0x00, 0x00, 0x00, 0x00, 0x00, 0x00, 0x08, 0xFE, 0x05, 0xFE, 0x04, 0x02, 0x03,
    0xFA, 0x01, 0x7A, 0x01, 0x02, 0x01, 0x02, 0x02, 0xFF, 0x06, 0x00, 0x0C, 0x00, 0x00, 0x00, 0x00,
    0x58, 0x00, 0xF7, 0x0F, 0x55, 0x06, 0x54, 0x0A, 0xD4, 0x0D, 0xFE, 0x05, 0xC2, 0x03, 0xFA, 0x02,
    0x02, 0x06, 0xFE, 0x07, 0x00, 0x04, 0x00, 0x00, 0x30, 0x00, 0xFC, 0x0F, 0x07, 0x00, 0x24, 0x00,
    0xAC, 0x0F, 0xBC, 0x04, 0xA7, 0x04, 0xBC, 0x04, 0xAC, 0x0F, 0xA6, 0x00, 0x20, 0x00, 0x00, 0x00,
    0x8A, 0x04, 0x66, 0x0C, 0xFE, 0x07, 0x83, 0x08, 0xFE, 0x05, 0xFE, 0x06, 0xFA, 0x03, 0xFA, 0x01,
    0x02, 0x02, 0xFE, 0x07, 0x00, 0x04, 0x00, 0x00, 0x50, 0x00, 0xC8, 0x0F, 0xE6, 0x0F, 0x27, 0x05,
    0x9A, 0x07, 0x9A, 0x07, 0x2E, 0x05, 0xE6, 0x0F, 0xE0, 0x0F, 0x60, 0x00, 0x40, 0x00, 0x00, 0x00,
    0x18, 0x06, 0xFC, 0x07, 0xF6, 0x07, 0xDB, 0x0E, 0xEE, 0x0F, 0xEE, 0x0E, 0xDE, 0x0C, 0xFA, 0x07,
    0xF8, 0x02, 0x10, 0x06, 0x00, 0x00, 0x00, 0x00, 0x30, 0x06, 0xFF, 0x03, 0x18, 0x03, 0x48, 0x02,
    0x8C, 0x0F, 0xB4, 0x04, 0x87, 0x04, 0xB4, 0x04, 0xDC, 0x0F, 0x26, 0x00, 0x20, 0x00, 0x00, 0x00,
    0x44, 0x00, 0xF7, 0x0F, 0xFE, 0x0C, 0xAC, 0x0D, 0xFC, 0x0B, 0x7C, 0x04, 0xFF, 0x07, 0x3F, 0x03,
    0xE4, 0x07, 0x6C, 0x0C, 0x04, 0x04, 0x00, 0x00, 0x24, 0x09, 0x30, 0x05, 0xF8, 0x07, 0x2E, 0x01,
    0xFF, 0x01, 0x74, 0x01, 0xEC, 0x0F, 0xF8, 0x0F, 0x32, 0x01, 0xB2, 0x01, 0x00, 0x00, 0x00, 0x00,
    0x14, 0x02, 0x10, 0x01, 0x9E, 0x01, 0x7F, 0x00, 0xFC, 0x0F, 0xFC, 0x07, 0x7F, 0x01, 0x96, 0x01,
    0x90, 0x01, 0x12, 0x03, 0x00, 0x01, 0x00, 0x00, 0x08, 0x01, 0x88, 0x01, 0x68, 0x01, 0x38, 0x01,
    0xFF, 0x0F, 0xFF, 0x0F, 0x38, 0x01, 0xC8, 0x01, 0x88, 0x01, 0x8C, 0x01, 0x00, 0x01, 0x00, 0x00,
    0x28, 0x02, 0x27, 0x01, 0xAF, 0x03, 0x6C, 0x02, 0xFE, 0x0F, 0xF6, 0x07, 0xE7, 0x01, 0xAC, 0x01,
    0x24, 0x01, 0x26, 0x03, 0x00, 0x01, 0x00, 0x00, 0x00, 0x06, 0xFE, 0x03, 0x54, 0x05, 0xF4, 0x0F,
    0xF4, 0x0F, 0x07, 0x07, 0xF4, 0x01, 0x54, 0x05, 0xFE, 0x0F, 0xF2, 0x07, 0x00, 0x00, 0x00, 0x00,
    0xD8, 0x02, 0xF6, 0x0A, 0x19, 0x06, 0xFE, 0x03, 0x7E, 0x04, 0xFE, 0x0F, 0xFE, 0x07, 0xFE, 0x03,
    0x52, 0x0C, 0xFE, 0x0F, 0x02, 0x00, 0x00, 0x00, 0x12, 0x0C, 0xF2, 0x07, 0xEA, 0x01, 0x2E, 0x01,
    0xFE, 0x07, 0xFE, 0x0F, 0x22, 0x01, 0x2A, 0x05, 0xFA, 0x0F, 0x3B, 0x00, 0x00, 0x00, 0x00, 0x00,
    0x92, 0x04, 0x92, 0x06, 0xBA, 0x03, 0xBE, 0x05, 0xE6, 0x0F, 0xE2, 0x07, 0x82, 0x01, 0xBE, 0x02,
    0xFE, 0x06, 0x43, 0x04, 0x00, 0x00, 0x00, 0x00, 0xFE, 0x07, 0x7A, 0x02, 0xFE, 0x0B, 0x5E, 0x06,
    0xF6, 0x01, 0x54, 0x0D, 0xF7, 0x0F, 0xF7, 0x07, 0x54, 0x05, 0xFF, 0x0F, 0x00, 0x00, 0x00, 0x00,
    0x20, 0x04, 0xE6, 0x03, 0x24, 0x06, 0x24, 0x07, 0xFF, 0x0D, 0x3E, 0x0C, 0x24, 0x0C, 0xFF, 0x0F,
    0x25, 0x0C, 0x24, 0x0C, 0x20, 0x04, 0x00, 0x00, 0x22, 0x04, 0xE6, 0x03, 0x20, 0x04, 0xE2, 0x07,
    0xBE, 0x0F, 0xB6, 0x0F, 0xF6, 0x0F, 0xB6, 0x0E, 0xFE, 0x0F, 0xE3, 0x0D, 0x00, 0x04, 0x00, 0x00,
    0x00, 0x0A, 0xE0, 0x09, 0xFE, 0x07, 0xFE, 0x03, 0xFF, 0x01, 0xFE, 0x01, 0xFE, 0x0F, 0xFE, 0x03,
    0xE0, 0x01, 0x00, 0x01, 0x00, 0x00, 0x00, 0x00, 0xFE, 0x07, 0xFE, 0x07, 0x00, 0x06, 0x10, 0x02,
    0x00, 0x02, 0xFF, 0x07, 0x20, 0x04, 0x30, 0x04, 0x18, 0x04, 0x08, 0x07, 0x00, 0x04, 0x00, 0x00,
    0xF0, 0x0F, 0x7E, 0x07, 0xBC, 0x07, 0xBC, 0x05, 0xBE, 0x05, 0xFE, 0x07, 0x10, 0x00, 0xFE, 0x0F,
    0x3A, 0x01, 0xCE, 0x03, 0x82, 0x01, 0x00, 0x00, 0x38, 0x02, 0xA6, 0x01, 0x27, 0x01, 0x6C, 0x01,
    0xFA, 0x07, 0x5E, 0x0D, 0x57, 0x0D, 0x7E, 0x0D, 0xDA, 0x0D, 0x82, 0x0F, 0x00, 0x04, 0x00, 0x00,
    0x4C, 0x00, 0xF6, 0x0F, 0x1B, 0x08, 0xCC, 0x0F, 0xFC, 0x09, 0x64, 0x04, 0xBF, 0x03, 0xE4, 0x03,
    0x6C, 0x06, 0x04, 0x0C, 0x00, 0x04, 0x00, 0x00, 0xEA, 0x04, 0xAA, 0x02, 0xBE, 0x0F, 0xAA, 0x07,
    0xAA, 0x00, 0xFE, 0x00, 0xAA, 0x00, 0xAB, 0x0F, 0xBE, 0x0F, 0xFE, 0x00, 0x00, 0x00, 0x00, 0x00,
    0x02, 0x00, 0xFA, 0x0F, 0x4A, 0x05, 0x7F, 0x05, 0x6E, 0x01, 0xFA, 0x0F, 0x7F, 0x0A, 0x4A, 0x09,
    0xFA, 0x09, 0x02, 0x0F, 0x02, 0x04, 0x00, 0x00, 0xFA, 0x0F, 0xB2, 0x01, 0xFF, 0x0F, 0xB7, 0x05,
    0xFA, 0x0F, 0x62, 0x04, 0xFF, 0x06, 0x9A, 0x03, 0xE2, 0x06, 0x12, 0x0C, 0x00, 0x00, 0x00, 0x00,
    0x00, 0x01, 0x7F, 0x01, 0x20, 0x01, 0x24, 0x01, 0xC4, 0x0F, 0xFF, 0x07, 0x7E, 0x01, 0x64, 0x01,
    0x66, 0x01, 0xB0, 0x01, 0x00, 0x00, 0x00, 0x00, 0x20, 0x0A, 0xBF, 0x09, 0xF4, 0x07, 0xB4, 0x03,
    0xAE, 0x01, 0xBF, 0x00, 0xFC, 0x0F, 0x34, 0x0D, 0xB2, 0x0D, 0xBA, 0x0C, 0x38, 0x06, 0x00, 0x00,
    0x20, 0x0E, 0x3F, 0x0B, 0xB4, 0x07, 0x94, 0x0F, 0xD4, 0x0A, 0xBF, 0x09, 0xB4, 0x09, 0xE4, 0x0E,
    0x26, 0x01, 0x38, 0x03, 0x10, 0x02, 0x00, 0x00, 0x02, 0x00, 0xFA, 0x03, 0x12, 0x00, 0x12, 0x00,
    0xFE, 0x0F, 0xFE, 0x07, 0x12, 0x00, 0x13, 0x03, 0xFB, 0x03, 0x10, 0x00, 0x00, 0x00, 0x00, 0x00,
    0x00, 0x07, 0xFE, 0x01, 0x00, 0x04, 0xF8, 0x0F, 0x41, 0x06, 0x43, 0x02, 0xFC, 0x07, 0xC8, 0x0C,
    0x60, 0x08, 0x22, 0x0C, 0x00, 0x04, 0x00, 0x00, 0xD8, 0x04, 0xFE, 0x03, 0xFE, 0x08, 0xFE, 0x0C,
    0xDA, 0x07, 0xDB, 0x01, 0xFA, 0x00, 0xDA, 0x0F, 0xFE, 0x00, 0x8A, 0x00, 0x00, 0x00, 0x00, 0x00,
    0xFC, 0x0F, 0x15, 0x03, 0x13, 0x01, 0xD0, 0x00, 0x72, 0x02, 0xFE, 0x07, 0x12, 0x00, 0x12, 0x04,
    0xFE, 0x0F, 0xFE, 0x07, 0x00, 0x00, 0x00, 0x00, 0xFE, 0x0F, 0xDC, 0x01, 0xFF, 0x07, 0xD8, 0x05,
    0xFE, 0x0F, 0xF2, 0x0F, 0x7E, 0x06, 0x8B, 0x03, 0xF8, 0x06, 0x0C, 0x0C, 0x08, 0x00, 0x00, 0x00,
    0x7E, 0x09, 0x3E, 0x09, 0x7F, 0x07, 0xFE, 0x03, 0x7F, 0x01, 0x58, 0x01, 0xCE, 0x0F, 0xB7, 0x01,
    0x7C, 0x01, 0x46, 0x01, 0x40, 0x00, 0x00, 0x00, 0xC0, 0x09, 0x00, 0x04, 0xF8, 0x07, 0xF8, 0x07,
    0x86, 0x05, 0xC6, 0x04, 0x78, 0x04, 0x1E, 0x06, 0x24, 0x04, 0xC0, 0x01, 0x80, 0x00, 0x00, 0x00,
    0xFE, 0x01, 0xFE, 0x0F, 0x52, 0x02, 0xDE, 0x07, 0xCE, 0x03, 0x2C, 0x01, 0x7D, 0x01, 0xE6, 0x0F,
    0x3C, 0x01, 0xA6, 0x01, 0x20, 0x00, 0x00, 0x00, 0x7E, 0x08, 0xFE, 0x0A, 0x6A, 0x0A, 0x7E, 0x0A,
    0xFE, 0x0F, 0x56, 0x0F, 0x5F, 0x0A, 0xF3, 0x0A, 0x5E, 0x0B, 0x76, 0x0C, 0x10, 0x00, 0x00, 0x00,
    0x3E, 0x00, 0x7E, 0x00, 0xB6, 0x0F, 0xB6, 0x03, 0xBE, 0x03, 0xAA, 0x03, 0xAE, 0x03, 0xFB, 0x0F,
    0xAE, 0x07, 0x3A, 0x00, 0x08, 0x00, 0x00, 0x00, 0x20, 0x04, 0xE6, 0x07, 0xE4, 0x05, 0xFE, 0x07,
    0x2A, 0x0D, 0xEE, 0x0F, 0xA4, 0x0C, 0xFF, 0x0F, 0xFE, 0x0F, 0xAE, 0x0C, 0xB0, 0x04, 0x00, 0x00,
    0xFE, 0x0F, 0xBA, 0x01, 0xEE, 0x01, 0xC2, 0x01, 0x7F, 0x01, 0x28, 0x05, 0xEC, 0x07, 0x7F, 0x01,
    0x6C, 0x01, 0x74, 0x05, 0x20, 0x00, 0x00, 0x00, 0xFE, 0x01, 0xFE, 0x0F, 0xFF, 0x03, 0xF6, 0x01,
    0xFE, 0x0F, 0xFF, 0x0C, 0xFA, 0x05, 0xFE, 0x07, 0x7A, 0x04, 0xFE, 0x0C, 0x00, 0x00, 0x00, 0x00,
    0x20, 0x04, 0xE6, 0x07, 0x24, 0x06, 0x08, 0x06, 0x88, 0x0D, 0xFE, 0x0C, 0x0F, 0x0E, 0x08, 0x0F,
    0xFC, 0x0F, 0x08, 0x0C, 0x00, 0x00, 0x00, 0x00, 0x98, 0x06, 0xF6, 0x02, 0x9A, 0x06, 0x88, 0x03,
    0xFE, 0x0F, 0x54, 0x01, 0xD7, 0x07, 0xD6, 0x07, 0xD4, 0x0F, 0xFE, 0x0F, 0x00, 0x00, 0x00, 0x00,
    0xFE, 0x05, 0xFA, 0x03, 0x7A, 0x03, 0xFE, 0x07, 0x02, 0x06, 0x02, 0x07, 0x9E, 0x04, 0xDA, 0x04,
    0x32, 0x0C, 0x32, 0x0C, 0x00, 0x04, 0x00, 0x00, 0x00, 0x06, 0xFE, 0x01, 0xF6, 0x0F, 0x50, 0x01,
    0xD3, 0x07, 0x53, 0x01, 0xD0, 0x07, 0xD0, 0x07, 0x7E, 0x0D, 0xE0, 0x07, 0x00, 0x00, 0x00, 0x00,
    0x30, 0x00, 0xFE, 0x0F, 0x03, 0x08, 0xFA, 0x08, 0xEA, 0x05, 0xEA, 0x07, 0xFE, 0x07, 0x2A, 0x04,
    0xFA, 0x0C, 0xFA, 0x0C, 0x00, 0x04, 0x00, 0x00, 0x44, 0x08, 0x3C, 0x08, 0x1C, 0x04, 0xFC, 0x04,
    0x07, 0x07, 0x46, 0x07, 0xFC, 0x05, 0xCC, 0x0C, 0x34, 0x0C, 0x36, 0x0C, 0x00, 0x00, 0x00, 0x00,
    0x08, 0x00, 0x08, 0x00, 0x08, 0x00, 0x08, 0x00, 0xFB, 0x0F, 0x2A, 0x00, 0x68, 0x00, 0xC8, 0x00,
    0x88, 0x00, 0x0C, 0x00, 0x00, 0x00, 0x00, 0x00, 0xA4, 0x0C, 0xFF, 0x07, 0xFE, 0x09, 0xAE, 0x04,
    0x70, 0x07, 0xFF, 0x01, 0x24, 0x01, 0xFF, 0x0F, 0xFE, 0x0F, 0xAE, 0x01, 0x20, 0x00, 0x00, 0x00,
    0xBC, 0x04, 0xF7, 0x07, 0xBE, 0x00, 0xB6, 0x00, 0xF6, 0x07, 0xB4, 0x03, 0x2C, 0x01, 0xFF, 0x0F,
    0xFE, 0x07, 0xAE, 0x00, 0x20, 0x00, 0x00, 0x00, 0xBC, 0x04, 0xF7, 0x03, 0xBE, 0x00, 0xBE, 0x06,
    0xFE, 0x02, 0xBB, 0x02, 0xAC, 0x01, 0xFF, 0x0F, 0xFE, 0x0F, 0xAE, 0x01, 0x20, 0x00, 0x00, 0x00,
    0x22, 0x04, 0xE6, 0x07, 0xE0, 0x05, 0xFE, 0x07, 0xEC, 0x0F, 0xE3, 0x0B, 0xA3, 0x0C, 0xE0, 0x0F,
    0xBE, 0x0E, 0xE4, 0x0F, 0x00, 0x04, 0x00, 0x00, 0x68, 0x00, 0xFF, 0x0F, 0x68, 0x04, 0x5C, 0x03,
    0xD2, 0x01, 0x52, 0x0C, 0xF2, 0x0F, 0xF2, 0x07, 0xD2, 0x00, 0x92, 0x03, 0x10, 0x02, 0x00, 0x00,
    0xF8, 0x07, 0xF8, 0x0C, 0xBC, 0x07, 0xFF, 0x00, 0xDA, 0x07, 0x7E, 0x0C, 0x58, 0x0A, 0x6C, 0x09,
    0xB6, 0x09, 0xDA, 0x0E, 0x00, 0x04, 0x00, 0x00, 0xFE, 0x03, 0x4A, 0x04, 0xFE, 0x07, 0x82, 0x04,
    0xFC, 0x06, 0xD6, 0x07, 0xDE, 0x0F, 0xDE, 0x07, 0xD6, 0x03, 0xFD, 0x06, 0x80, 0x04, 0x00, 0x00,
    0x20, 0x02, 0x24, 0x03, 0xB4, 0x0F, 0xF4, 0x0F, 0x7E, 0x04, 0xFF, 0x05, 0x34, 0x03, 0xBC, 0x06,
    0xFE, 0x0C, 0x26, 0x0C, 0x20, 0x00, 0x00, 0x00, 0x7C, 0x09, 0x3E, 0x09, 0xFF, 0x0F, 0xFE, 0x0E,
    0xFE, 0x0F, 0xFC, 0x0F, 0xEE, 0x0E, 0xBC, 0x0F, 0xBC, 0x0F, 0x24, 0x0C, 0x20, 0x08, 0x00, 0x00,
    0xFE, 0x06, 0x3E, 0x00, 0xFF, 0x07, 0x7E, 0x0C, 0xFE, 0x09, 0x98, 0x0B, 0x5F, 0x0C, 0x74, 0x0E,
    0xDC, 0x01, 0xC4, 0x06, 0x00, 0x00, 0x00, 0x00, 0x40, 0x04, 0x5E, 0x07, 0xFA, 0x01, 0x5A, 0x04,
    0xDE, 0x0F, 0xC2, 0x01, 0xFC, 0x01, 0xFC, 0x04, 0x00, 0x0C, 0xFF, 0x07, 0x00, 0x00, 0x00, 0x00,
    0x58, 0x04, 0xFE, 0x03, 0x7E, 0x02, 0x7A, 0x01, 0xFA, 0x07, 0xFF, 0x0E, 0x7E, 0x0A, 0xFA, 0x0B,
    0xFA, 0x0D, 0x02, 0x07, 0x00, 0x01, 0x00, 0x00, 0xC8, 0x00, 0xFF, 0x0F, 0xFF, 0x07, 0xC8, 0x00,
    0x78, 0x00, 0xFF, 0x0F, 0xE8, 0x0C, 0x48, 0x04, 0x66, 0x03, 0xB2, 0x01, 0x00, 0x00, 0x00, 0x00,
    0x38, 0x06, 0xCE, 0x01, 0xF8, 0x07, 0x1C, 0x04, 0xF4, 0x07, 0xF4, 0x07, 0xF6, 0x06, 0xFF, 0x02,
    0xD2, 0x07, 0x1C, 0x0C, 0x00, 0x0A, 0x00, 0x00, 0x18, 0x0F, 0xF6, 0x0F, 0xFC, 0x09, 0xFE, 0x04,
    0xFF, 0x0B, 0xF4, 0x08, 0xFA, 0x05, 0xEE, 0x07, 0xEE, 0x03, 0xFA, 0x0D, 0x02, 0x00, 0x00, 0x00,
    0x9A, 0x07, 0xF6, 0x0F, 0x18, 0x09, 0x0E, 0x05, 0xF4, 0x07, 0x15, 0x03, 0x5F, 0x01, 0xDC, 0x03,
    0x2C, 0x07, 0xA6, 0x0D, 0x00, 0x01, 0x00, 0x00, 0x0C, 0x09, 0x06, 0x05, 0xFA, 0x07, 0x22, 0x03,
    0x2B, 0x03, 0xEA, 0x01, 0xEA, 0x03, 0x2A, 0x07, 0x26, 0x05, 0x86, 0x01, 0x00, 0x00, 0x00, 0x00,
    0xC8, 0x0C, 0xFF, 0x0F, 0x2C, 0x01, 0x28, 0x09, 0xFE, 0x05, 0xF0, 0x03, 0x13, 0x01, 0xDA, 0x03,
    0x2C, 0x07, 0x26, 0x0D, 0x04, 0x01, 0x00, 0x00, 0x80, 0x08, 0x80, 0x04, 0xFE, 0x06, 0x92, 0x03,
    0x92, 0x00, 0x92, 0x00, 0xF2, 0x01, 0x93, 0x06, 0x9A, 0x0C, 0x90, 0x00, 0x00, 0x00, 0x00, 0x00,
    0x82, 0x07, 0xEC, 0x06, 0x1C, 0x02, 0xD0, 0x01, 0x78, 0x04, 0xFE, 0x0F, 0xFF, 0x07, 0xF0, 0x00,
    0x88, 0x03, 0x0C, 0x06, 0x00, 0x00, 0x00, 0x00, 0x68, 0x00, 0xFF, 0x0F, 0x68, 0x00, 0x4A, 0x00,
    0xFA, 0x0F, 0x82, 0x01, 0xFE, 0x00, 0xCA, 0x04, 0x9A, 0x0D, 0xFA, 0x07, 0x02, 0x00, 0x00, 0x00,
    0x0A, 0x04, 0xFA, 0x0F, 0x0A, 0x01, 0x8A, 0x00, 0x7E, 0x00, 0x6E, 0x00, 0xCA, 0x04, 0x8A, 0x05,
    0xFA, 0x0F, 0xFB, 0x03, 0x02, 0x00, 0x00, 0x00, 0x24, 0x04, 0xB6, 0x06, 0xB6, 0x03, 0xB6, 0x01,
    0xFE, 0x0F, 0xFE, 0x07, 0xB7, 0x03, 0xFD, 0x02, 0xF4, 0x06, 0x24, 0x04, 0x00, 0x00, 0x00, 0x00,
    0x1C, 0x00, 0xF7, 0x07, 0x1C, 0x02, 0x4C, 0x09, 0x49, 0x06, 0xFE, 0x03, 0x48, 0x00, 0xFE, 0x0F,
    0xFB, 0x0F, 0x4C, 0x00, 0x40, 0x00, 0x00, 0x00, 0x38, 0x06, 0xFF, 0x03, 0x18, 0x03, 0x0E, 0x02,
    0xFA, 0x0F, 0x82, 0x01, 0xFE, 0x00, 0xDE, 0x04, 0x92, 0x0D, 0xFA, 0x0F, 0x02, 0x00, 0x00, 0x00,
    0xD8, 0x04, 0xFE, 0x03, 0x7C, 0x00, 0xE8, 0x0F, 0x28, 0x02, 0xEB, 0x01, 0xFA, 0x00, 0xA8, 0x05,
    0x68, 0x0F, 0xEE, 0x07, 0x08, 0x00, 0x00, 0x00, 0x48, 0x08, 0x48, 0x04, 0x49, 0x07, 0xFE, 0x01,
    0x48, 0x00, 0x48, 0x00, 0xFE, 0x0F, 0x4B, 0x00, 0x48, 0x00, 0x4C, 0x00, 0x40, 0x00, 0x00, 0x00,
    0x24, 0x02, 0xFC, 0x0B, 0x24, 0x0D, 0x26, 0x0F, 0xFC, 0x09, 0x64, 0x04, 0xBF, 0x07, 0x3F, 0x07,
    0xE4, 0x04, 0x6C, 0x0C, 0x04, 0x00, 0x00, 0x00, 0x62, 0x07, 0xDA, 0x0F, 0x7E, 0x0C, 0xFF, 0x0F,
    0xF2, 0x04, 0xD2, 0x05, 0x7F, 0x03, 0xD2, 0x07, 0xF2, 0x0C, 0x12, 0x0C, 0x00, 0x00, 0x00, 0x00,
    0xC8, 0x0C, 0xFF, 0x0F, 0xA8, 0x00, 0xD8, 0x0F, 0xFE, 0x0F, 0xB2, 0x07, 0xFE, 0x07, 0x9A, 0x04,
    0xF7, 0x0F, 0xD8, 0x00, 0x40, 0x00, 0x00, 0x00, 0x40, 0x04, 0xFF, 0x0F, 0x2C, 0x06, 0x3C, 0x0A,
    0x9E, 0x01, 0x70, 0x04, 0xFF, 0x03, 0xA3, 0x03, 0xE6, 0x06, 0x0C, 0x0C, 0x00, 0x04, 0x00, 0x00,
    0x5C, 0x00, 0xF7, 0x0F, 0x54, 0x06, 0xDC, 0x03, 0xC8, 0x01, 0x38, 0x01, 0xFF, 0x0F, 0x38, 0x01,
    0xE8, 0x01, 0x8C, 0x01, 0x00, 0x01, 0x00, 0x00, 0x98, 0x07, 0xF6, 0x0F, 0x1E, 0x0C, 0xFC, 0x0B,
    0x7C, 0x04, 0xE4, 0x04, 0xBF, 0x03, 0xA4, 0x07, 0xFC, 0x04, 0x0C, 0x0C, 0x00, 0x00, 0x00, 0x00,
    0x00, 0x00, 0xFF, 0x0F, 0x08, 0x01, 0xFC, 0x01, 0x78, 0x07, 0x48, 0x05, 0xFF, 0x01, 0x48, 0x0F,
    0xFE, 0x07, 0x7A, 0x01, 0x00, 0x01, 0x00, 0x00, 0x3C, 0x01, 0x24, 0x05, 0xAF, 0x0F, 0xEF, 0x0F,
    0xB6, 0x04, 0x98, 0x06, 0xC8, 0x01, 0xFF, 0x04, 0x08, 0x0C, 0xF8, 0x07, 0x08, 0x00, 0x00, 0x00,
    0x40, 0x0C, 0xFF, 0x0F, 0x24, 0x01, 0xFC, 0x01, 0xFC, 0x03, 0x4C, 0x07, 0xFF, 0x05, 0x4D, 0x0D,
    0xFF, 0x0F, 0x7E, 0x01, 0x00, 0x01, 0x00, 0x00, 0x98, 0x00, 0xFF, 0x0F, 0xF7, 0x07, 0xD4, 0x02,
    0xD4, 0x01, 0xFC, 0x0F, 0x46, 0x04, 0x47, 0x04, 0x44, 0x04, 0xFC, 0x0F, 0x00, 0x00, 0x00, 0x00,
    0x6C, 0x01, 0xD6, 0x0F, 0xF7, 0x00, 0x2C, 0x00, 0xF2, 0x0F, 0xAC, 0x04, 0xBF, 0x04, 0xAC, 0x04,
    0xEC, 0x0F, 0xE2, 0x07, 0x00, 0x00, 0x00, 0x00, 0x30, 0x00, 0xFC, 0x0F, 0xFF, 0x07, 0x00, 0x00,
    0xFC, 0x0F, 0x44, 0x04, 0x47, 0x04, 0x45, 0x04, 0x44, 0x04, 0xFC, 0x0F, 0x00, 0x00, 0x00, 0x00,
    0x80, 0x07, 0xBE, 0x07, 0xAA, 0x00, 0xAA, 0x00, 0xEB, 0x0F, 0xEA, 0x07, 0xAA, 0x00, 0xBE, 0x04,
    0xFE, 0x07, 0x80, 0x03, 0x00, 0x00, 0x00, 0x00, 0xE0, 0x07, 0xFC, 0x01, 0xFF, 0x05, 0xFC, 0x0F,
    0xFE, 0x07, 0xFC, 0x0F, 0xFC, 0x07, 0x47, 0x00, 0x44, 0x00, 0xFC, 0x0F, 0x00, 0x00, 0x00, 0x00,
    0xFE, 0x07, 0x5A, 0x04, 0xFE, 0x0F, 0xFE, 0x07, 0x3C, 0x01, 0x2C, 0x05, 0xAF, 0x0F, 0xEE, 0x07,
    0x2C, 0x01, 0x9E, 0x01, 0x98, 0x00, 0x00, 0x00, 0xFE, 0x07, 0x52, 0x0C, 0xFE, 0x0F, 0x06, 0x01,
    0xFC, 0x01, 0x4C, 0x07, 0xFF, 0x01, 0x4D, 0x0D, 0xFF, 0x0F, 0xFE, 0x01, 0x00, 0x01, 0x00, 0x00,
    0x98, 0x0F, 0xF2, 0x01, 0x3C, 0x01, 0x2C, 0x05, 0xEF, 0x0F, 0xFC, 0x04, 0x9C, 0x07, 0xFF, 0x05,
    0x0F, 0x0C, 0xF8, 0x07, 0x08, 0x00, 0x00, 0x00, 0x18, 0x01, 0xF2, 0x0F, 0x3E, 0x00, 0x04, 0x04,
    0xFC, 0x0F, 0x44, 0x04, 0x47, 0x04, 0x44, 0x04, 0xFC, 0x07, 0xFC, 0x0F, 0x00, 0x00, 0x00, 0x00,
    0x7E, 0x01, 0x7E, 0x05, 0xFA, 0x0C, 0xFF, 0x0F, 0x50, 0x04, 0x3A, 0x04, 0xCE, 0x03, 0x86, 0x03,
    0x7F, 0x06, 0x19, 0x04, 0x00, 0x04, 0x00, 0x00, 0xC8, 0x0C, 0xFF, 0x0F, 0x28, 0x00, 0xFC, 0x0F,
    0xF4, 0x07, 0x54, 0x01, 0xFF, 0x0F, 0x54, 0x05, 0x56, 0x0D, 0xF4, 0x07, 0x04, 0x00, 0x00, 0x00,
    0x00, 0x00, 0x00, 0x00, 0x00, 0x00, 0x02, 0x0F, 0xFF, 0x0F, 0x10, 0x00, 0x20, 0x00, 0x60, 0x00,
    0xC0, 0x00, 0x80, 0x00, 0x00, 0x00, 0x00, 0x00, 0xFC, 0x01, 0x84, 0x01, 0xFE, 0x01, 0xF4, 0x0F,
    0xF4, 0x0F, 0x54, 0x01, 0xFF, 0x0F, 0x55, 0x01, 0xF7, 0x0F, 0xF6, 0x07, 0x04, 0x00, 0x00, 0x00,
    0x84, 0x00, 0x44, 0x00, 0xF7, 0x0F, 0xDE, 0x00, 0xBC, 0x01, 0x00, 0x00, 0xFF, 0x0F, 0x10, 0x00,
    0x20, 0x00, 0x60, 0x00, 0x40, 0x00, 0x00, 0x00, 0x00, 0x03, 0xFF, 0x01, 0x88, 0x01, 0x88, 0x00,
    0xFE, 0x01, 0x2A, 0x00, 0xAB, 0x0F, 0xAA, 0x03, 0xFE, 0x00, 0x20, 0x01, 0x00, 0x01, 0x00, 0x00,
    0x02, 0x01, 0x82, 0x00, 0x42, 0x00, 0x22, 0x00, 0xFA, 0x07, 0xFE, 0x0F, 0x12, 0x00, 0x22, 0x00,
    0x62, 0x00, 0xC2, 0x01, 0x00, 0x00, 0x00, 0x00, 0x84, 0x00, 0x64, 0x00, 0xFC, 0x07, 0x2F, 0x00,
    0x27, 0x00, 0xFC, 0x0F, 0x24, 0x02, 0x24, 0x02, 0xF4, 0x03, 0x06, 0x00, 0x00, 0x00, 0x00, 0x00,
    0x20, 0x08, 0x20, 0x0B, 0xFE, 0x09, 0x60, 0x0C, 0x20, 0x04, 0xFF, 0x07, 0x24, 0x03, 0xA4, 0x01,
    0xE4, 0x00, 0x30, 0x00, 0x20, 0x00, 0x00, 0x00, 0x6C, 0x07, 0x9B, 0x0F, 0x67, 0x00, 0xFE, 0x01,
    0xFE, 0x06, 0xFE, 0x07, 0xFF, 0x09, 0xDE, 0x0F, 0xFE, 0x03, 0x0A, 0x01, 0x00, 0x00, 0x00, 0x00,
    0x24, 0x00, 0xBC, 0x0F, 0xBF, 0x00, 0xB6, 0x00, 0xEC, 0x07, 0x26, 0x00, 0xFE, 0x0F, 0xFE, 0x0F,
    0x3A, 0x02, 0xC6, 0x03, 0x82, 0x01, 0x00, 0x00, 0x18, 0x00, 0xFF, 0x0F, 0x88, 0x00, 0x7C, 0x00,
    0xFC, 0x07, 0x2F, 0x00, 0xFF, 0x0F, 0xFC, 0x07, 0x24, 0x02, 0xE4, 0x03, 0x04, 0x00, 0x00, 0x00,
    0xC8, 0x08, 0xFF, 0x0F, 0x28, 0x09, 0xBE, 0x04, 0xFE, 0x07, 0x7E, 0x09, 0x5B, 0x0F, 0x7A, 0x01,
    0xFE, 0x02, 0xCE, 0x04, 0x40, 0x00, 0x00, 0x00, 0x8A, 0x04, 0x6C, 0x0C, 0xFE, 0x07, 0x02, 0x00,
    0xEA, 0x0F, 0xC8, 0x02, 0xDF, 0x02, 0xDA, 0x0E, 0xEE, 0x0F, 0x5A, 0x00, 0x10, 0x00, 0x00, 0x00,
    0x54, 0x01, 0xD4, 0x0F, 0xFF, 0x05, 0xDF, 0x03, 0xD6, 0x0B, 0x70, 0x06, 0xFF, 0x03, 0xD0, 0x03,
    0xF6, 0x06, 0x18, 0x0E, 0x00, 0x00, 0x00, 0x00, 0x88, 0x01, 0xF8, 0x00, 0xFF, 0x0F, 0x68, 0x02,
    0x4C, 0x01, 0xC8, 0x01, 0x78, 0x04, 0xFE, 0x0F, 0xFF, 0x07, 0x0C, 0x00, 0x08, 0x00, 0x00, 0x00,
    0x08, 0x00, 0x08, 0x02, 0x08, 0x01, 0xC8, 0x00, 0x68, 0x04, 0x38, 0x0C, 0xFF, 0x0F, 0x08, 0x00,
    0x08, 0x00, 0x0C, 0x00, 0x08, 0x00, 0x00, 0x00, 0xFE, 0x05, 0x82, 0x03, 0xFA, 0x03, 0xFE, 0x06,
    0xFE, 0x06, 0x88, 0x01, 0xE8, 0x04, 0x38, 0x0C, 0xFF, 0x0F, 0x08, 0x00, 0x08, 0x00, 0x00, 0x00,
    0xFE, 0x07, 0x42, 0x02, 0xFE, 0x03, 0x42, 0x06, 0x5E, 0x03, 0xDA, 0x01, 0xFE, 0x0F, 0xFB, 0x01,
    0x5F, 0x03, 0x66, 0x06, 0x00, 0x00, 0x00, 0x00, 0xFE, 0x07, 0x3A, 0x06, 0xFA, 0x03, 0x5E, 0x06,
    0x4E, 0x03, 0xDA, 0x01, 0xFE, 0x0F, 0xF9, 0x07, 0xCD, 0x03, 0x67, 0x06, 0x00, 0x04, 0x00, 0x00,
    0x40, 0x04, 0x46, 0x06, 0x5A, 0x03, 0xC2, 0x01, 0xEE, 0x0F, 0xFA, 0x0F, 0xD2, 0x01, 0x4F, 0x03,
    0x46, 0x06, 0x60, 0x06, 0x00, 0x00, 0x00, 0x00, 0x06, 0x06, 0x9A, 0x01, 0xE6, 0x00, 0xFE, 0x0F,
    0x9B, 0x09, 0xAF, 0x09, 0xCC, 0x04, 0x44, 0x06, 0x32, 0x03, 0x92, 0x01, 0x00, 0x00, 0x00, 0x00,
    0x92, 0x00, 0xB2, 0x04, 0xF2, 0x02, 0x9F, 0x01, 0xFA, 0x0F, 0xFA, 0x0F, 0x8F, 0x01, 0xEA, 0x02,
    0xBA, 0x06, 0xC2, 0x04, 0x00, 0x00, 0x00, 0x00, 0x62, 0x09, 0xFA, 0x05, 0xFE, 0x07, 0x7F, 0x07,
    0x7A, 0x0D, 0x4A, 0x0F, 0x7F, 0x03, 0xEA, 0x03, 0xDA, 0x04, 0x8A, 0x04, 0x80, 0x00, 0x00, 0x00,
    0xA8, 0x00, 0x7C, 0x00, 0xDF, 0x0F, 0xFE, 0x0B, 0xFE, 0x07, 0xFA, 0x05, 0xEE, 0x05, 0xEE, 0x07,
    0x6A, 0x0E, 0x58, 0x00, 0x40, 0x00, 0x00, 0x00, 0x10, 0x01, 0x9C, 0x09, 0x5C, 0x09, 0xB6, 0x0A,
    0xDF, 0x0E, 0x55, 0x05, 0xB6, 0x07, 0x56, 0x02, 0xDC, 0x02, 0x90, 0x01, 0x80, 0x00, 0x00, 0x00,
    0x48, 0x04, 0x6A, 0x0C, 0xFA, 0x07, 0x5E, 0x05, 0xFE, 0x07, 0xEA, 0x07, 0x5A, 0x07, 0xFA, 0x07,
    0x6B, 0x04, 0x6C, 0x00, 0x00, 0x00, 0x00, 0x00, 0x62, 0x04, 0xFE, 0x02, 0xD6, 0x03, 0xF2, 0x04,
    0x52, 0x04, 0x58, 0x06, 0xFF, 0x03, 0xAA, 0x03, 0xAE, 0x05, 0xA8, 0x0C, 0x00, 0x02, 0x00, 0x00,
    0x38, 0x00, 0xFF, 0x0F, 0x3C, 0x03, 0x7C, 0x01, 0xF7, 0x0F, 0xA4, 0x08, 0xEC, 0x07, 0xFE, 0x00,
    0xF2, 0x0F, 0xF2, 0x07, 0x10, 0x00, 0x00, 0x00, 0x18, 0x00, 0xFF, 0x0F, 0x88, 0x00, 0xD8, 0x0D,
    0x7C, 0x0B, 0xBF, 0x0A, 0x5D, 0x05, 0xB6, 0x07, 0xD4, 0x02, 0xD0, 0x02, 0x80, 0x00, 0x00, 0x00,
    0x30, 0x04, 0xFF, 0x03, 0x1E, 0x03, 0x0C, 0x06, 0xF8, 0x07, 0x00, 0x04, 0xFE, 0x07, 0xFF, 0x07,
    0x00, 0x04, 0xF8, 0x0F, 0x00, 0x00, 0x00, 0x00, 0x44, 0x00, 0x40, 0x00, 0xEF, 0x07, 0x5E, 0x0C,
    0x4C, 0x08, 0x5C, 0x0B, 0xFF, 0x0F, 0x66, 0x0C, 0x62, 0x06, 0x62, 0x00, 0x00, 0x00, 0x00, 0x00,
    0xFC, 0x07, 0xFE, 0x00, 0xB7, 0x0D, 0xFE, 0x0F, 0x10, 0x00, 0xEC, 0x0F, 0x23, 0x09, 0xA6, 0x09,
    0xF8, 0x08, 0x18, 0x0E, 0x10, 0x00, 0x00, 0x00, 0x20, 0x00, 0x10, 0x00, 0xF8, 0x07, 0x26, 0x0C,
    0x23, 0x08, 0x23, 0x09, 0xEC, 0x09, 0x78, 0x0C, 0x30, 0x0E, 0x30, 0x04, 0x00, 0x00, 0x00, 0x00,
    0x18, 0x07, 0xD3, 0x07, 0x72, 0x00, 0x3C, 0x00, 0xF8, 0x07, 0x2E, 0x0C, 0x23, 0x09, 0xEC, 0x09,
    0xF8, 0x0C, 0x30, 0x06, 0x10, 0x00, 0x00, 0x00, 0xBA, 0x0F, 0xAA, 0x04, 0xFA, 0x03, 0xFF, 0x07,
    0x6A, 0x03, 0xFA, 0x07, 0x5F, 0x06, 0xFE, 0x03, 0xEE, 0x06, 0x2A, 0x0E, 0x00, 0x00, 0x00, 0x00,
    0x48, 0x0C, 0xFF, 0x0F, 0x2C, 0x00, 0x78, 0x04, 0x5E, 0x03, 0xFE, 0x01, 0xD2, 0x0F, 0x7E, 0x03,
    0x56, 0x06, 0xF0, 0x04, 0x00, 0x00, 0x00, 0x00, 0xDC, 0x01, 0xFF, 0x0F, 0x5C, 0x00, 0xB6, 0x04,
    0xE6, 0x07, 0x38, 0x04, 0xEE, 0x0F, 0x5F, 0x0C, 0x5E, 0x0F, 0xF4, 0x0F, 0x00, 0x00, 0x00, 0x00,
    0xE8, 0x00, 0xFF, 0x0F, 0x2C, 0x00, 0x6E, 0x00, 0xFA, 0x0F, 0xFF, 0x06, 0xDE, 0x06, 0xFF, 0x06,
    0xDA, 0x0F, 0x7E, 0x00, 0x00, 0x00, 0x00, 0x00, 0x02, 0x00, 0xFE, 0x00, 0xDA, 0x0F, 0xFF, 0x06,
    0xFE, 0x06, 0xFE, 0x06, 0xFF, 0x06, 0xDA, 0x0F, 0xFE, 0x00, 0x02, 0x00, 0x00, 0x00, 0x00, 0x00,
    0x02, 0x00, 0xFA, 0x01, 0xFA, 0x01, 0xAF, 0x00, 0xAA, 0x0F, 0xAA, 0x07, 0xAF, 0x00, 0xFA, 0x00,
    0x1A, 0x00, 0x02, 0x01, 0x00, 0x00, 0x00, 0x00, 0x80, 0x03, 0xFE, 0x08, 0xFE, 0x05, 0xFA, 0x07,
    0xF2, 0x03, 0xFE, 0x06, 0x0A, 0x04, 0xFA, 0x05, 0x02, 0x0C, 0xFF, 0x07, 0x00, 0x00, 0x00, 0x00,
    0x1C, 0x04, 0xF6, 0x05, 0x77, 0x02, 0x9E, 0x01, 0xFA, 0x0F, 0xFE, 0x0F, 0x93, 0x01, 0x9E, 0x03,
    0xF2, 0x06, 0x12, 0x04, 0x00, 0x04, 0x00, 0x00, 0xF8, 0x0F, 0xFF, 0x0F, 0xFF, 0x05, 0xFE, 0x03,
    0xFA, 0x01, 0xFE, 0x06, 0xFE, 0x04, 0xFC, 0x05, 0x04, 0x0C, 0xFF, 0x07, 0x00, 0x00, 0x00, 0x00,
    0x20, 0x06, 0xFE, 0x03, 0x22, 0x04, 0xFE, 0x0F, 0xFE, 0x07, 0xFE, 0x03, 0xFE, 0x04, 0x22, 0x0C,
    0xFF, 0x07, 0x30, 0x00, 0x20, 0x00, 0x00, 0x00, 0x18, 0x07, 0xF2, 0x0F, 0x18, 0x04, 0xFE, 0x07,
    0xFA, 0x03, 0x3A, 0x02, 0xFE, 0x06, 0xFC, 0x00, 0xFC, 0x04, 0xFF, 0x0F, 0x00, 0x00, 0x00, 0x00,
    0x00, 0x06, 0xFF, 0x03, 0x8A, 0x04, 0xAA, 0x0C, 0xAA, 0x07, 0xAA, 0x05, 0xAA, 0x04, 0xAA, 0x06,
    0xBF, 0x06, 0xC2, 0x08, 0x00, 0x00, 0x00, 0x00, 0xFE, 0x07, 0xF2, 0x07, 0xF2, 0x03, 0x5E, 0x02,
    0x7C, 0x00, 0xBF, 0x0F, 0xBE, 0x06, 0xBC, 0x06, 0xBF, 0x0F, 0xFC, 0x0F, 0x04, 0x00, 0x00, 0x00,
    0xC8, 0x04, 0xFF, 0x0F, 0x2C, 0x00, 0xFC, 0x0F, 0xAA, 0x05, 0x9A, 0x04, 0xFE, 0x07, 0xAA, 0x04,
    0xAB, 0x04, 0xF8, 0x0F, 0x08, 0x00, 0x00, 0x00, 0x02, 0x00, 0x02, 0x04, 0x1E, 0x02, 0x72, 0x02,
    0xDE, 0x01, 0xDA, 0x01, 0x72, 0x03, 0x1E, 0x06, 0x02, 0x04, 0x00, 0x04, 0x00, 0x00, 0x00, 0x00,
    0x92, 0x00, 0xD2, 0x07, 0xF2, 0x07, 0xBF, 0x04, 0x9E, 0x04, 0xFA, 0x07, 0xFF, 0x07, 0x92, 0x04,
    0x92, 0x04, 0x9A, 0x04, 0x00, 0x00, 0x00, 0x00, 0x42, 0x04, 0xC2, 0x06, 0xA2, 0x03, 0x9F, 0x05,
    0xFA, 0x0F, 0xFA, 0x07, 0xBF, 0x01, 0xE2, 0x03, 0x62, 0x06, 0x62, 0x04, 0x00, 0x00, 0x00, 0x00,
    0x44, 0x08, 0x24, 0x00, 0xF4, 0x07, 0x8C, 0x02, 0xBF, 0x02, 0xBF, 0x02, 0xCC, 0x02, 0xF4, 0x07,
    0x34, 0x00, 0x26, 0x04, 0x00, 0x00, 0x00, 0x00, 0xE2, 0x07, 0xFE, 0x07, 0xF2, 0x03, 0xF2, 0x07,
    0xF0, 0x07, 0xEC, 0x07, 0xBF, 0x02, 0xAF, 0x02, 0xFC, 0x07, 0x32, 0x04, 0x10, 0x04, 0x00, 0x00,
    0xC8, 0x04, 0xFF, 0x0F, 0xEC, 0x04, 0xEC, 0x06, 0xE6, 0x03, 0xBF, 0x0D, 0xFC, 0x0F, 0x9F, 0x01,
    0xE6, 0x02, 0xE6, 0x06, 0x00, 0x00, 0x00, 0x00, 0x2C, 0x09, 0xFE, 0x04, 0xFE, 0x03, 0x7A, 0x07,
    0x5B, 0x0F, 0x4E, 0x07, 0x7A, 0x03, 0xFA, 0x06, 0xDE, 0x0C, 0x86, 0x00, 0x00, 0x00, 0x00, 0x00,
    0x90, 0x07, 0x88, 0x0F, 0x4E, 0x00, 0x3B, 0x00, 0x88, 0x07, 0xC8, 0x04, 0x7B, 0x00, 0x3C, 0x0C,
    0x0C, 0x0F, 0x08, 0x00, 0x08, 0x00, 0x00, 0x00, 0x44, 0x04, 0x54, 0x06, 0x54, 0x01, 0xD7, 0x01,
    0x7E, 0x01, 0x54, 0x07, 0x57, 0x01, 0x55, 0x01, 0xDC, 0x05, 0x64, 0x04, 0x00, 0x00, 0x00, 0x00,
    0x10, 0x00, 0xF6, 0x0F, 0x04, 0x06, 0xAC, 0x01, 0xA4, 0x00, 0xB4, 0x00, 0xF7, 0x0F, 0x9C, 0x08,
    0x1C, 0x08, 0x46, 0x0E, 0x44, 0x04, 0x00, 0x00, 0xC8, 0x04, 0xFF, 0x0F, 0x6E, 0x0C, 0x28, 0x06,
    0xFE, 0x03, 0x52, 0x00, 0x52, 0x00, 0xF2, 0x0F, 0x93, 0x00, 0x98, 0x01, 0x10, 0x00, 0x00, 0x00,
    0xA0, 0x04, 0xBE, 0x04, 0xA0, 0x02, 0xBF, 0x01, 0xE4, 0x0F, 0xD4, 0x07, 0xBF, 0x03, 0xA4, 0x02,
    0xA6, 0x06, 0xFA, 0x04, 0x00, 0x00, 0x00, 0x00, 0xA4, 0x02, 0xFE, 0x07, 0xFE, 0x0D, 0xED, 0x0F,
    0x0C, 0x03, 0x8C, 0x01, 0xE8, 0x04, 0x38, 0x0C, 0xFF, 0x07, 0x08, 0x00, 0x08, 0x00, 0x00, 0x00,
    0xC8, 0x04, 0xFF, 0x0F, 0x2C, 0x00, 0x1C, 0x01, 0xBC, 0x01, 0xEB, 0x04, 0x3A, 0x05, 0xEE, 0x0F,
    0xBA, 0x08, 0xB8, 0x00, 0x80, 0x00, 0x00, 0x00, 0xC8, 0x0C, 0xFF, 0x0F, 0xAC, 0x00, 0xDC, 0x08,
    0x7C, 0x0B, 0xBE, 0x0A, 0x5D, 0x05, 0xB6, 0x07, 0xDC, 0x02, 0xDC, 0x02, 0x00, 0x00, 0x00, 0x00,
    0xFC, 0x06, 0xFF, 0x03, 0xCD, 0x03, 0x7C, 0x03, 0xFC, 0x01, 0x7F, 0x01, 0xFE, 0x0F, 0xFC, 0x0F,
    0x57, 0x01, 0xFC, 0x01, 0x00, 0x01, 0x00, 0x00, 0x1C, 0x04, 0xEF, 0x0F, 0x1C, 0x03, 0x98, 0x01,
    0xFE, 0x00, 0x6B, 0x05, 0x7A, 0x0F, 0xEE, 0x0E, 0xBA, 0x00, 0x80, 0x00, 0xC0, 0x00, 0x00, 0x00,
    0x10, 0x00, 0xF6, 0x0F, 0x16, 0x05, 0x38, 0x03, 0xBE, 0x00, 0x6B, 0x05, 0x7A, 0x05, 0xEE, 0x0F,
    0xBA, 0x0A, 0xB8, 0x00, 0x80, 0x00, 0x00, 0x00, 0xDC, 0x06, 0xF7, 0x02, 0x98, 0x06, 0xFE, 0x03,
    0xFE, 0x08, 0xFA, 0x0A, 0xAB, 0x0A, 0xFA, 0x0F, 0xAA, 0x0A, 0xFA, 0x0F, 0x00, 0x00, 0x00, 0x00,
    0x18, 0x00, 0xF7, 0x0F, 0x54, 0x0E, 0x54, 0x0C, 0xE4, 0x07, 0xEC, 0x00, 0x3F, 0x00, 0x26, 0x00,
    0x3C, 0x00, 0x36, 0x00, 0x20, 0x00, 0x00, 0x00, 0x00, 0x06, 0xE4, 0x03, 0x24, 0x00, 0x3C, 0x00,
    0x25, 0x00, 0x27, 0x00, 0x3C, 0x00, 0x2C, 0x00, 0x26, 0x00, 0x36, 0x00, 0x00, 0x00, 0x00, 0x00,
    0xFC, 0x0F, 0x01, 0x01, 0xF2, 0x01, 0xBC, 0x01, 0xFA, 0x07, 0xFA, 0x01, 0xF6, 0x01, 0xF2, 0x05,
    0x02, 0x0D, 0xFE, 0x07, 0x00, 0x00, 0x00, 0x00, 0xFE, 0x0F, 0xBE, 0x07, 0x3F, 0x07, 0x3E, 0x07,
    0xFE, 0x0F, 0x02, 0x0C, 0xFA, 0x05, 0xFE, 0x03, 0x0A, 0x02, 0xFA, 0x0D, 0x00, 0x00, 0x00, 0x00,
    0x00, 0x00, 0xC0, 0x0F, 0x7F, 0x05, 0x54, 0x05, 0x54, 0x05, 0x54, 0x05, 0x54, 0x05, 0x5F, 0x05,
    0xDF, 0x0F, 0xC0, 0x07, 0x00, 0x00, 0x00, 0x00, 0xCA, 0x04, 0x6E, 0x0C, 0xFE, 0x07, 0x03, 0x00,
    0xFE, 0x0F, 0x5E, 0x05, 0x56, 0x05, 0x56, 0x05, 0x5E, 0x05, 0xFE, 0x0F, 0x00, 0x00, 0x00, 0x00,
    0x00, 0x03, 0xFF, 0x01, 0x9A, 0x03, 0x88, 0x0B, 0xB2, 0x05, 0xF2, 0x06, 0x2A, 0x03, 0xE6, 0x0D,
    0x22, 0x0C, 0xF2, 0x07, 0x20, 0x00, 0x00, 0x00, 0xB8, 0x00, 0x88, 0x0C, 0xAE, 0x0E, 0xAC, 0x0F,
    0xAF, 0x05, 0xAF, 0x04, 0xAC, 0x06, 0xAA, 0x06, 0x98, 0x0C, 0x8C, 0x00, 0x00, 0x00, 0x00, 0x00,
    0x1C, 0x00, 0x88, 0x07, 0x7E, 0x01, 0x5E, 0x00, 0xD7, 0x0F, 0xD6, 0x01, 0x7C, 0x00, 0xFB, 0x05,
    0x98, 0x07, 0x0C, 0x00, 0x00, 0x00, 0x00, 0x00, 0x20, 0x00, 0x20, 0x00, 0xFF, 0x0F, 0x30, 0x04,
    0x28, 0x02, 0xEC, 0x02, 0x26, 0x01, 0x22, 0x02, 0x20, 0x06, 0x20, 0x06, 0x00, 0x00, 0x00, 0x00,
    0x30, 0x00, 0xFE, 0x0F, 0xB3, 0x00, 0xB8, 0x0C, 0xAE, 0x0E, 0x8C, 0x07, 0x8F, 0x05, 0xAC, 0x06,
    0xB6, 0x06, 0x9A, 0x0C, 0x80, 0x00, 0x00, 0x00, 0xFE, 0x07, 0xFE, 0x04, 0xFE, 0x0F, 0xFE, 0x0F,
    0x32, 0x05, 0xF2, 0x06, 0x2E, 0x03, 0xE6, 0x04, 0x23, 0x0C, 0xF0, 0x07, 0x20, 0x00, 0x00, 0x00,
    0x00, 0x06, 0xFE, 0x03, 0x02, 0x00, 0x02, 0x00, 0x02, 0x00, 0x02, 0x00, 0x02, 0x00, 0x02, 0x00,
    0x02, 0x00, 0x03, 0x00, 0x00, 0x00, 0x00, 0x00, 0xFE, 0x0F, 0xFC, 0x03, 0x5F, 0x01, 0xF8, 0x05,
    0xF6, 0x0F, 0xF2, 0x0F, 0x7C, 0x04, 0x8F, 0x03, 0xF8, 0x07, 0x08, 0x0C, 0x08, 0x04, 0x00, 0x00,
    0xFC, 0x00, 0xFF, 0x0F, 0xFF, 0x0F, 0xFC, 0x02, 0x20, 0x05, 0xF2, 0x06, 0x7A, 0x03, 0xE6, 0x05,
    0x22, 0x0C, 0xF0, 0x07, 0x20, 0x00, 0x00, 0x00, 0xFE, 0x03, 0x84, 0x00, 0xFE, 0x00, 0xC0, 0x00,
    0xFE, 0x0F, 0x5E, 0x05, 0x56, 0x05, 0x56, 0x05, 0x7E, 0x05, 0xFE, 0x0F, 0x40, 0x00, 0x00, 0x00,
    0x30, 0x00, 0xFC, 0x0F, 0x17, 0x00, 0xC1, 0x0F, 0xFE, 0x07, 0x5A, 0x05, 0x4A, 0x05, 0x4A, 0x05,
    0x7E, 0x05, 0xDE, 0x0F, 0x00, 0x00, 0x00, 0x00, 0xE4, 0x07, 0xE4, 0x03, 0xFF, 0x07, 0xA4, 0x04,
    0xB6, 0x0C, 0xF2, 0x0F, 0x5E, 0x0F, 0x52, 0x0D, 0x72, 0x0F, 0xFE, 0x0F, 0x00, 0x04, 0x00, 0x00,
    0xC8, 0x04, 0xFE, 0x0F, 0xFF, 0x07, 0xA8, 0x08, 0x78, 0x08, 0x18, 0x04, 0xFE, 0x06, 0xFF, 0x03,
    0xC8, 0x01, 0xD8, 0x00, 0x10, 0x00, 0x00, 0x00, 0x58, 0x00, 0xF7, 0x0F, 0xD5, 0x0E, 0x54, 0x0A,
    0xE4, 0x09, 0x3C, 0x04, 0xFE, 0x06, 0xFF, 0x03, 0xCC, 0x01, 0xD8, 0x00, 0x10, 0x00, 0x00, 0x00,
    0xFC, 0x02, 0xFC, 0x02, 0xAF, 0x0F, 0xAF, 0x0A, 0xFE, 0x0B, 0x06, 0x07, 0xFE, 0x03, 0x92, 0x00,
    0x92, 0x0C, 0xFE, 0x0F, 0x00, 0x00, 0x00, 0x00, 0xFE, 0x03, 0x84, 0x00, 0xFE, 0x01, 0xFC, 0x01,
    0xEF, 0x0F, 0xFE, 0x0D, 0x7A, 0x07, 0xFE, 0x03, 0x42, 0x0C, 0xFE, 0x0F, 0x02, 0x00, 0x00, 0x00,
    0x18, 0x0F, 0xF2, 0x07, 0x1C, 0x01, 0xFC, 0x01, 0xAF, 0x0F, 0xFC, 0x09, 0x02, 0x07, 0xFE, 0x01,
    0x42, 0x04, 0xFE, 0x0F, 0x00, 0x00, 0x00, 0x00, 0x00, 0x09, 0xFE, 0x05, 0xFD, 0x07, 0xA0, 0x03,
    0xF6, 0x0F, 0xFD, 0x0F, 0xA0, 0x03, 0xF6, 0x07, 0xFD, 0x05, 0x00, 0x0D, 0x00, 0x04, 0x00, 0x00,
    0xFE, 0x03, 0x84, 0x00, 0xFC, 0x09, 0xC4, 0x08, 0x78, 0x04, 0x0C, 0x04, 0xFF, 0x02, 0xFF, 0x03,
    0xC8, 0x01, 0xD8, 0x00, 0x30, 0x00, 0x00, 0x00, 0x30, 0x04, 0xFE, 0x03, 0xFF, 0x01, 0x48, 0x0B,
    0x78, 0x08, 0x18, 0x04, 0xFE, 0x06, 0xFF, 0x03, 0xC8, 0x01, 0xD8, 0x00, 0x30, 0x00, 0x00, 0x00,
    0x04, 0x01, 0x64, 0x01, 0x7C, 0x01, 0x4E, 0x01, 0xF7, 0x0F, 0xF4, 0x0F, 0x44, 0x01, 0x44, 0x01,
    0x64, 0x01, 0x06, 0x01, 0x00, 0x01, 0x00, 0x00, 0xC8, 0x0C, 0xFF, 0x0F, 0x6C, 0x04, 0x28, 0x04,
    0xF8, 0x07, 0x00, 0x04, 0xFF, 0x07, 0xFF, 0x07, 0x20, 0x04, 0x30, 0x04, 0x00, 0x04, 0x00, 0x00,
    0xC8, 0x04, 0xFF, 0x0F, 0x2C, 0x00, 0xFC, 0x0F, 0xBF, 0x01, 0xFC, 0x0F, 0xF6, 0x0F, 0xFC, 0x06,
    0xCB, 0x03, 0x78, 0x0C, 0x08, 0x04, 0x00, 0x00, 0x0C, 0x02, 0xBE, 0x03, 0x9E, 0x03, 0xFF, 0x03,
    0xFA, 0x0F, 0xFE, 0x0F, 0x40, 0x03, 0x7E, 0x03, 0x62, 0x03, 0x3F, 0x03, 0x00, 0x02, 0x00, 0x00,
    0x64, 0x00, 0xFE, 0x0F, 0x1B, 0x00, 0x10, 0x0B, 0xFF, 0x07, 0x98, 0x05, 0x8A, 0x03, 0xFE, 0x04,
    0x02, 0x0C, 0xFE, 0x07, 0x00, 0x00, 0x00, 0x00, 0x12, 0x0F, 0xF6, 0x0F, 0x1C, 0x00, 0xFC, 0x07,
    0xB7, 0x05, 0xFC, 0x0F, 0x32, 0x04, 0xFE, 0x07, 0xCB, 0x07, 0x78, 0x0C, 0x08, 0x00, 0x00, 0x00,
    0xE8, 0x00, 0xFF, 0x0F, 0xEC, 0x01, 0xE8, 0x00, 0xFF, 0x0F, 0x7E, 0x00, 0x6C, 0x00, 0xFE, 0x0F,
    0x32, 0x02, 0xCE, 0x03, 0x82, 0x01, 0x00, 0x00, 0xFE, 0x0F, 0xFE, 0x07, 0x92, 0x04, 0x92, 0x04,
    0x9E, 0x07, 0x9E, 0x04, 0x92, 0x04, 0xF2, 0x04, 0xF3, 0x04, 0x02, 0x04, 0x00, 0x00, 0x00, 0x00,
    0x00, 0x02, 0xFE, 0x01, 0x2A, 0x00, 0xEA, 0x0F, 0x2A, 0x04, 0xEA, 0x04, 0xAA, 0x03, 0xEE, 0x02,
    0x63, 0x06, 0x30, 0x04, 0x00, 0x00, 0x00, 0x00, 0x20, 0x08, 0x18, 0x09, 0x0C, 0x09, 0x04, 0x09,
    0xFE, 0x0F, 0xFF, 0x0F, 0x00, 0x09, 0x04, 0x09, 0x98, 0x09, 0x30, 0x0C, 0x00, 0x00, 0x00, 0x00,
    0x00, 0x07, 0xF0, 0x01, 0xFE, 0x0C, 0xEC, 0x0F, 0xEC, 0x04, 0xEC, 0x05, 0xEC, 0x06, 0xFF, 0x07,
    0xFE, 0x0D, 0x90, 0x0C, 0x80, 0x00, 0x00, 0x00, 0x38, 0x00, 0xFF, 0x0F, 0x0C, 0x08, 0x18, 0x04,
    0x1C, 0x06, 0xE4, 0x01, 0xFF, 0x00, 0xE4, 0x0F, 0x1C, 0x0C, 0x0C, 0x0C, 0x00, 0x06, 0x00, 0x00,
    0x98, 0x07, 0xF6, 0x07, 0x1C, 0x04, 0x0E, 0x04, 0xF2, 0x03, 0xF2, 0x00, 0x12, 0x00, 0xFA, 0x07,
    0x06, 0x04, 0x02, 0x04, 0x00, 0x07, 0x00, 0x00, 0xFE, 0x0F, 0x92, 0x01, 0xEE, 0x05, 0xC6, 0x06,
    0xF4, 0x03, 0x9C, 0x04, 0xF7, 0x0F, 0xF5, 0x07, 0x84, 0x01, 0x26, 0x07, 0x04, 0x00, 0x00, 0x00,
    0xE4, 0x03, 0x74, 0x02, 0xFF, 0x07, 0x94, 0x04, 0xBC, 0x04, 0xA6, 0x06, 0xD3, 0x0E, 0x7B, 0x0D,
    0xA4, 0x0D, 0x8C, 0x04, 0x08, 0x00, 0x00, 0x00, 0x48, 0x00, 0xE7, 0x0F, 0xFE, 0x07, 0xEC, 0x01,
    0x08, 0x00, 0x68, 0x00, 0xC8, 0x04, 0x08, 0x0C, 0xFF, 0x07, 0x08, 0x00, 0x08, 0x00, 0x00, 0x00,
    0xC8, 0x0C, 0xFF, 0x0F, 0x2C, 0x00, 0x18, 0x02, 0xDE, 0x03, 0x7E, 0x0A, 0xE7, 0x0F, 0x7C, 0x03,
    0xFE, 0x02, 0x4C, 0x03, 0x04, 0x02, 0x00, 0x00, 0x92, 0x00, 0x7A, 0x00, 0xFE, 0x0F, 0x5B, 0x02,
    0x92, 0x03, 0xEE, 0x04, 0xFF, 0x0F, 0xF4, 0x07, 0x54, 0x00, 0x8C, 0x03, 0x00, 0x03, 0x00, 0x00,
    0x00, 0x03, 0xFF, 0x09, 0x88, 0x04, 0xF8, 0x03, 0x78, 0x02, 0xE0, 0x07, 0x2F, 0x04, 0xFF, 0x03,
    0xC6, 0x07, 0x64, 0x0C, 0x04, 0x0E, 0x00, 0x00, 0x68, 0x00, 0xFF, 0x0F, 0x78, 0x00, 0x2E, 0x08,
    0xDE, 0x03, 0x5E, 0x07, 0x52, 0x05, 0x5E, 0x07, 0xFA, 0x01, 0x34, 0x04, 0x20, 0x00, 0x00, 0x00,
    0x00, 0x06, 0xFC, 0x03, 0x20, 0x02, 0x20, 0x07, 0xE0, 0x05, 0x3F, 0x04, 0xE8, 0x03, 0xC7, 0x03,
    0x76, 0x04, 0x04, 0x0C, 0x00, 0x0E, 0x00, 0x00, 0x40, 0x08, 0x40, 0x01, 0x7E, 0x01, 0x52, 0x01,
    0xD2, 0x0F, 0xD2, 0x07, 0x52, 0x01, 0x5F, 0x01, 0x62, 0x05, 0x00, 0x04, 0x00, 0x00, 0x00, 0x00,
    0x90, 0x04, 0x52, 0x02, 0x7A, 0x03, 0xFA, 0x01, 0xFE, 0x0F, 0xFE, 0x07, 0xF9, 0x01, 0xF9, 0x03,
    0xD4, 0x02, 0xFC, 0x06, 0x00, 0x00, 0x00, 0x00, 0xCA, 0x00, 0xFE, 0x07, 0xFF, 0x0F, 0x49, 0x00,
    0x3E, 0x05, 0x3E, 0x05, 0xE8, 0x07, 0xE8, 0x05, 0xBF, 0x05, 0xAE, 0x05, 0x00, 0x00, 0x00, 0x00,
    0x34, 0x06, 0xFA, 0x03, 0xCF, 0x07, 0x42, 0x0F, 0xFA, 0x0C, 0xC2, 0x0F, 0x7E, 0x0C, 0x5A, 0x0E,
    0x4A, 0x05, 0x4A, 0x03, 0x00, 0x02, 0x00, 0x00, 0x98, 0x0F, 0xF6, 0x0F, 0x7A, 0x00, 0x6E, 0x08,
    0xFA, 0x0B, 0x5E, 0x0F, 0x52, 0x0D, 0x5E, 0x0F, 0xFA, 0x09, 0x36, 0x0C, 0x20, 0x00, 0x00, 0x00,
    0x10, 0x04, 0xF6, 0x07, 0x06, 0x0B, 0xF8, 0x07, 0x38, 0x02, 0xE8, 0x07, 0x2F, 0x06, 0xFF, 0x03,
    0xEA, 0x03, 0x2E, 0x04, 0x00, 0x0E, 0x00, 0x00, 0x00, 0x03, 0xE0, 0x01, 0x78, 0x01, 0x50, 0x05,
    0xFC, 0x0F, 0x74, 0x01, 0xD2, 0x01, 0xF3, 0x00, 0x9A, 0x01, 0x08, 0x03, 0x00, 0x02, 0x00, 0x00,
    0x20, 0x0C, 0xE6, 0x07, 0x24, 0x06, 0x20, 0x06, 0xBE, 0x0E, 0xAA, 0x0E, 0xEA, 0x0F, 0xAA, 0x0E,
    0xFE, 0x0E, 0x20, 0x0F, 0x00, 0x04, 0x00, 0x00, 0x7E, 0x05, 0x4A, 0x0D, 0x7E, 0x0F, 0xC6, 0x07,
    0xFE, 0x00, 0xBE, 0x01, 0xBF, 0x01, 0xBF, 0x09, 0xAA, 0x0F, 0xFE, 0x03, 0x40, 0x00, 0x00, 0x00,
    0xC2, 0x00, 0xFE, 0x0F, 0xFE, 0x0F, 0x6B, 0x00, 0x42, 0x00, 0x7A, 0x00, 0xFE, 0x0F, 0xFE, 0x0F,
    0x7A, 0x00, 0x4B, 0x00, 0x40, 0x00, 0x00, 0x00, 0xFE, 0x03, 0x84, 0x00, 0xFE, 0x01, 0x34, 0x00,
    0x2C, 0x06, 0xA7, 0x0D, 0xE5, 0x0C, 0x64, 0x0C, 0x24, 0x0C, 0x04, 0x0E, 0x00, 0x04, 0x00, 0x00,
    0x58, 0x04, 0xFE, 0x0B, 0xFE, 0x08, 0x1C, 0x04, 0xFC, 0x03, 0xF3, 0x02, 0x52, 0x04, 0xF0, 0x0F,
    0x10, 0x02, 0xF2, 0x07, 0x10, 0x00, 0x00, 0x00, 0xC8, 0x04, 0xFF, 0x0F, 0xFE, 0x03, 0xAC, 0x00,
    0x84, 0x01, 0x84, 0x03, 0x1F, 0x04, 0xF4, 0x0F, 0xE4, 0x03, 0x54, 0x00, 0x10, 0x00, 0x00, 0x00,
    0xC0, 0x07, 0xFE, 0x03, 0xDA, 0x07, 0x5E, 0x05, 0xFE, 0x0D, 0x40, 0x0C, 0xFF, 0x0D, 0x10, 0x0F,
    0x0C, 0x0F, 0x8C, 0x0D, 0x00, 0x04, 0x00, 0x00, 0x30, 0x01, 0xF6, 0x0F, 0x3C, 0x00, 0xFC, 0x07,
    0xFC, 0x0F, 0x10, 0x08, 0xFF, 0x0B, 0x88, 0x08, 0xFC, 0x0D, 0x08, 0x07, 0x00, 0x04, 0x00, 0x00,
    0x20, 0x04, 0xE6, 0x03, 0x24, 0x06, 0x00, 0x05, 0xFE, 0x04, 0x12, 0x0C, 0x52, 0x0C, 0xD2, 0x0C,
    0xBE, 0x0D, 0x00, 0x0F, 0x00, 0x04, 0x00, 0x00, 0xF2, 0x0C, 0x12, 0x0C, 0xDE, 0x07, 0x32, 0x00,
    0xFC, 0x07, 0x10, 0x0C, 0xFF, 0x0F, 0x88, 0x0C, 0xF8, 0x0D, 0x78, 0x0C, 0x00, 0x07, 0x00, 0x00,
    0x7E, 0x01, 0x4A, 0x0D, 0x7E, 0x0D, 0xEE, 0x07, 0xF0, 0x00, 0xFC, 0x07, 0xFE, 0x0D, 0xFF, 0x0D,
    0x88, 0x0C, 0xFC, 0x04, 0x00, 0x07, 0x00, 0x00, 0x02, 0x03, 0xFE, 0x01, 0x2A, 0x01, 0xFE, 0x0F,
    0x83, 0x04, 0xF8, 0x07, 0x00, 0x04, 0xFF, 0x07, 0x20, 0x04, 0x30, 0x04, 0x00, 0x04, 0x00, 0x00,
    0x10, 0x00, 0xFE, 0x0F, 0x1E, 0x06, 0x10, 0x01, 0xFE, 0x00, 0xFF, 0x00, 0x14, 0x03, 0x14, 0x03,
    0xF6, 0x0F, 0x18, 0x00, 0x10, 0x00, 0x00, 0x00, 0x30, 0x00, 0xFC, 0x0F, 0x57, 0x08, 0x48, 0x0B,
    0xAC, 0x09, 0xFE, 0x05, 0xF3, 0x07, 0x9C, 0x02, 0x8E, 0x03, 0xC6, 0x00, 0x00, 0x00, 0x00, 0x00,
    0x00, 0x0C, 0xE2, 0x03, 0xFE, 0x00, 0x12, 0x00, 0x32, 0x00, 0xD2, 0x01, 0x12, 0x03, 0x3E, 0x06,
    0x3E, 0x04, 0x00, 0x04, 0x00, 0x00, 0x00, 0x00, 0x10, 0x0B, 0xD4, 0x0D, 0x54, 0x04, 0xF4, 0x03,
    0xFF, 0x04, 0x1F, 0x0C, 0xF4, 0x0F, 0x54, 0x00, 0x96, 0x00, 0x90, 0x03, 0x10, 0x00, 0x00, 0x00,
    0x64, 0x04, 0xBF, 0x03, 0xEC, 0x03, 0x64, 0x06, 0xCE, 0x04, 0x7A, 0x0F, 0xFE, 0x0F, 0x4A, 0x0C,
    0x22, 0x0E, 0xFE, 0x0F, 0x00, 0x04, 0x00, 0x00, 0x00, 0x04, 0xFE, 0x03, 0x7E, 0x00, 0x12, 0x00,
    0x52, 0x00, 0xD2, 0x00, 0xF2, 0x0F, 0x93, 0x00, 0x90, 0x01, 0x18, 0x01, 0x10, 0x00, 0x00, 0x00,
    0x38, 0x04, 0xFE, 0x03, 0xFF, 0x01, 0x0C, 0x0F, 0x7E, 0x06, 0xFE, 0x03, 0x42, 0x01, 0x42, 0x00,
    0x7E, 0x03, 0x7E, 0x0E, 0x00, 0x00, 0x00, 0x00, 0x04, 0x08, 0x64, 0x04, 0x74, 0x06, 0xFC, 0x03,
    0x6F, 0x00, 0xE6, 0x07, 0xF4, 0x0F, 0x34, 0x08, 0x64, 0x0C, 0x06, 0x0F, 0x00, 0x00, 0x00, 0x00,
    0x86, 0x07, 0xEC, 0x07, 0x18, 0x00, 0xFC, 0x00, 0xF8, 0x00, 0x48, 0x00, 0xFF, 0x0F, 0x48, 0x00,
    0x48, 0x00, 0xF8, 0x00, 0x00, 0x00, 0x00, 0x00, 0x00, 0x0C, 0xFC, 0x0C, 0xF8, 0x04, 0x08, 0x04,
    0xFE, 0x07, 0xFF, 0x07, 0x08, 0x04, 0x08, 0x07, 0xFC, 0x06, 0x00, 0x0C, 0x00, 0x00, 0x00, 0x00,
    0xF0, 0x04, 0x96, 0x06, 0xD6, 0x03, 0xD4, 0x04, 0xDE, 0x0F, 0xDF, 0x07, 0xD4, 0x01, 0xF4, 0x02,
    0xBE, 0x06, 0xB0, 0x04, 0x00, 0x00, 0x00, 0x00, 0x2C, 0x08, 0x26, 0x04, 0x20, 0x07, 0xFC, 0x05,
    0x2F, 0x02, 0xE7, 0x0F, 0xB8, 0x09, 0xE0, 0x08, 0xAC, 0x08, 0x36, 0x0E, 0x00, 0x00, 0x00, 0x00,
    0xC8, 0x04, 0xFF, 0x0F, 0xFF, 0x07, 0x2C, 0x00, 0xF8, 0x0F, 0x48, 0x04, 0xFF, 0x07, 0xFF, 0x07,
    0x48, 0x04, 0xFC, 0x0F, 0x08, 0x00, 0x00, 0x00, 0xFA, 0x0F, 0x7E, 0x05, 0x3E, 0x05, 0xFA, 0x07,
    0xFA, 0x0F, 0xFE, 0x07, 0x7E, 0x00, 0xFE, 0x07, 0x70, 0x00, 0xFE, 0x0F, 0x00, 0x00, 0x00, 0x00,
    0xFE, 0x03, 0xFC, 0x01, 0xFC, 0x05, 0xFE, 0x03, 0x24, 0x01, 0xF4, 0x01, 0xBF, 0x07, 0xB7, 0x08,
    0xFC, 0x0F, 0xBE, 0x00, 0x20, 0x00, 0x00, 0x00, 0xFE, 0x07, 0xF2, 0x07, 0xF2, 0x03, 0x7E, 0x02,
    0xB4, 0x00, 0xF4, 0x01, 0xBF, 0x06, 0xB5, 0x0C, 0xFC, 0x0F, 0xBE, 0x00, 0xA0, 0x00, 0x00, 0x00,
    0xCA, 0x00, 0xFE, 0x07, 0xFF, 0x0F, 0x69, 0x04, 0xFE, 0x03, 0xEA, 0x03, 0xFE, 0x03, 0xFE, 0x05,
    0xEA, 0x0D, 0xFE, 0x0F, 0x02, 0x00, 0x00, 0x00, 0x68, 0x06, 0x3A, 0x03, 0xFE, 0x07, 0xBB, 0x0F,
    0xF8, 0x09, 0x7C, 0x0B, 0x3F, 0x0C, 0x1F, 0x0F, 0x6C, 0x03, 0xC4, 0x06, 0x00, 0x00, 0x00, 0x00,
    0x98, 0x04, 0x36, 0x02, 0xB7, 0x01, 0xFE, 0x01, 0x7A, 0x07, 0x36, 0x01, 0x33, 0x09, 0xBF, 0x0F,
    0xBA, 0x01, 0xD2, 0x01, 0x00, 0x00, 0x00, 0x00, 0x30, 0x00, 0xFE, 0x0F, 0x03, 0x08, 0x10, 0x04,
    0x88, 0x03, 0xFF, 0x00, 0x08, 0x00, 0xF8, 0x07, 0x08, 0x0C, 0x00, 0x0E, 0x00, 0x04, 0x00, 0x00,
    0xDC, 0x02, 0xF7, 0x0A, 0x1C, 0x05, 0xCC, 0x03, 0xFE, 0x00, 0xEA, 0x03, 0x7E, 0x01, 0xEE, 0x07,
    0x2A, 0x0C, 0xFE, 0x0F, 0x00, 0x00, 0x00, 0x00, 0xFE, 0x07, 0x12, 0x02, 0xFE, 0x07, 0xD2, 0x01,
    0xFE, 0x0F, 0xDA, 0x0C, 0xB8, 0x06, 0xFF, 0x03, 0xFF, 0x03, 0x08, 0x0E, 0x08, 0x04, 0x00, 0x00,
    0x00, 0x04, 0x42, 0x04, 0x42, 0x04, 0xF2, 0x07, 0x7E, 0x04, 0x42, 0x04, 0x42, 0x04, 0xFE, 0x07,
    0x1E, 0x04, 0x00, 0x04, 0x00, 0x04, 0x00, 0x00, 0x00, 0x09, 0x7E, 0x09, 0x7E, 0x05, 0x52, 0x07,
    0xD3, 0x03, 0x52, 0x01, 0xD2, 0x03, 0xFE, 0x05, 0x7E, 0x0D, 0x80, 0x0D, 0x00, 0x00, 0x00, 0x00,
    0x44, 0x00, 0xE5, 0x0F, 0xFF, 0x0F, 0xFC, 0x04, 0xB4, 0x06, 0xC4, 0x03, 0xFC, 0x04, 0x04, 0x04,
    0x04, 0x0E, 0xFE, 0x07, 0x00, 0x00, 0x00, 0x00, 0x80, 0x0F, 0xBE, 0x0F, 0x20, 0x04, 0x20, 0x04,
    0xFF, 0x07, 0xFF, 0x07, 0x20, 0x04, 0x20, 0x04, 0xBE, 0x0F, 0x80, 0x0F, 0x00, 0x00, 0x00, 0x00,
    0x78, 0x00, 0xFF, 0x0F, 0x2C, 0x04, 0xFE, 0x07, 0xFA, 0x07, 0x7A, 0x06, 0xFA, 0x07, 0xDE, 0x05,
    0xFE, 0x0F, 0xFE, 0x07, 0x10, 0x00, 0x00, 0x00, 0xC0, 0x03, 0xFE, 0x04, 0xFA, 0x05, 0x5A, 0x07,
    0xDA, 0x07, 0x7E, 0x03, 0xC2, 0x04, 0x82, 0x0C, 0xFE, 0x0F, 0x13, 0x00, 0x10, 0x00, 0x00, 0x00,
    0xDE, 0x07, 0x5A, 0x06, 0xFA, 0x03, 0x4E, 0x03, 0x12, 0x01, 0x97, 0x0F, 0xFE, 0x02, 0xFE, 0x02,
    0xB7, 0x0F, 0xB2, 0x00, 0x22, 0x00, 0x00, 0x00, 0x5C, 0x00, 0xF7, 0x07, 0x54, 0x02, 0xD6, 0x07,
    0xFE, 0x03, 0x52, 0x06, 0xFE, 0x07, 0xC8, 0x07, 0xFF, 0x04, 0xFC, 0x07, 0x08, 0x00, 0x00, 0x00,
    0xBC, 0x04, 0xA7, 0x00, 0xBD, 0x04, 0xF4, 0x0F, 0x1C, 0x00, 0xFF, 0x0F, 0xA5, 0x04, 0xFF, 0x07,
    0xAE, 0x05, 0xB4, 0x04, 0x04, 0x04, 0x00, 0x00, 0xB0, 0x0F, 0xF6, 0x04, 0xFE, 0x0F, 0xFE, 0x0F,
    0xFE, 0x05, 0xD2, 0x07, 0xDC, 0x09, 0xF3, 0x0F, 0x5E, 0x01, 0x78, 0x07, 0x08, 0x00, 0x00, 0x00,
    0xFE, 0x0F, 0x92, 0x00, 0xEE, 0x05, 0x52, 0x02, 0xD8, 0x07, 0x56, 0x0C, 0xF3, 0x0F, 0x56, 0x01,
    0x58, 0x03, 0x58, 0x06, 0x08, 0x00, 0x00, 0x00, 0x74, 0x04, 0x5C, 0x03, 0xFF, 0x03, 0x6E, 0x06,
    0xFA, 0x07, 0xDC, 0x07, 0x7F, 0x0D, 0xFF, 0x0D, 0x4A, 0x0D, 0x52, 0x0C, 0x00, 0x00, 0x00, 0x00,
    0xE2, 0x07, 0xFE, 0x07, 0xE6, 0x03, 0xE2, 0x03, 0xBE, 0x0F, 0xBC, 0x07, 0x20, 0x04, 0xFF, 0x07,
    0x20, 0x04, 0xBE, 0x0F, 0x9C, 0x07, 0x00, 0x00, 0x30, 0x00, 0xFE, 0x0F, 0x23, 0x04, 0xFC, 0x07,
    0x90, 0x02, 0xD4, 0x0F, 0x7F, 0x05, 0x74, 0x05, 0xDC, 0x0F, 0xD6, 0x07, 0x10, 0x00, 0x00, 0x00,
    0xE2, 0x0F, 0xE2, 0x0F, 0xFE, 0x07, 0xFE, 0x07, 0x7F, 0x0C, 0xFE, 0x0F, 0xFE, 0x0F, 0xFE, 0x0A,
    0xE2, 0x0F, 0x62, 0x08, 0x00, 0x00, 0x00, 0x00, 0xC8, 0x04, 0xFF, 0x0F, 0x2C, 0x00, 0xF4, 0x0F,
    0xF8, 0x0F, 0xFC, 0x06, 0xF7, 0x07, 0xB8, 0x06, 0xEC, 0x0F, 0xE2, 0x0F, 0x00, 0x00, 0x00, 0x00,
    0xF8, 0x07, 0xFE, 0x00, 0xFB, 0x07, 0xAE, 0x0C, 0xF8, 0x0F, 0xF8, 0x0C, 0x88, 0x04, 0xFF, 0x07,
    0x88, 0x04, 0xF8, 0x06, 0x00, 0x0C, 0x00, 0x00, 0x40, 0x04, 0x3C, 0x04, 0xCF, 0x03, 0xE8, 0x03,
    0x3C, 0x06, 0x00, 0x04, 0xFF, 0x07, 0xFF, 0x05, 0x10, 0x0C, 0x70, 0x0C, 0x00, 0x04, 0x00, 0x00,
    0xC8, 0x0C, 0xFF, 0x0F, 0x2C, 0x00, 0xE8, 0x0F, 0xCE, 0x0F, 0xE8, 0x07, 0x6F, 0x00, 0xC8, 0x07,
    0x4E, 0x0C, 0xDE, 0x0F, 0x00, 0x00, 0x00, 0x00, 0x00, 0x04, 0xFE, 0x03, 0xFE, 0x00, 0x00, 0x00,
    0x00, 0x00, 0xFE, 0x03, 0x00, 0x00, 0x00, 0x00, 0xFF, 0x0F, 0x00, 0x00, 0x00, 0x00, 0x00, 0x00,
    0x0C, 0x08, 0xDE, 0x04, 0xF8, 0x04, 0xAC, 0x02, 0x87, 0x01, 0x86, 0x0C, 0xEC, 0x0F, 0x98, 0x00,
    0x94, 0x00, 0xC6, 0x00, 0x80, 0x00, 0x00, 0x00, 0xE8, 0x00, 0xFF, 0x0F, 0x38, 0x06, 0x7C, 0x05,
    0xDC, 0x07, 0xFF, 0x0B, 0xFA, 0x0F, 0xDA, 0x07, 0x7E, 0x03, 0x30, 0x06, 0x10, 0x00, 0x00, 0x00,
    0x30, 0x00, 0xFC, 0x0F, 0x37, 0x00, 0x24, 0x00, 0xE4, 0x02, 0xFC, 0x02, 0xAF, 0x06, 0xA4, 0x0F,
    0xE4, 0x09, 0xB4, 0x00, 0x00, 0x00, 0x00, 0x00, 0xFC, 0x07, 0xFE, 0x01, 0xDB, 0x05, 0xFE, 0x0F,
    0x64, 0x00, 0xFE, 0x0F, 0x8E, 0x04, 0x02, 0x04, 0xFE, 0x0F, 0xF0, 0x07, 0x20, 0x00, 0x00, 0x00,
    0xFE, 0x03, 0x84, 0x00, 0xFE, 0x01, 0xE0, 0x0F, 0xCE, 0x0F, 0xE8, 0x07, 0xEF, 0x00, 0xC8, 0x07,
    0x4E, 0x08, 0xDE, 0x0F, 0x00, 0x00, 0x00, 0x00, 0xC0, 0x03, 0x7C, 0x01, 0x54, 0x01, 0x54, 0x01,
    0xFF, 0x0F, 0xFF, 0x07, 0x54, 0x01, 0x54, 0x01, 0xFE, 0x03, 0x40, 0x00, 0x00, 0x00, 0x00, 0x00,
    0x58, 0x04, 0xFE, 0x03, 0x7E, 0x00, 0x60, 0x00, 0xF0, 0x0F, 0x4F, 0x0C, 0x4E, 0x0B, 0xF0, 0x0F,
    0x62, 0x0C, 0x22, 0x06, 0x00, 0x00, 0x00, 0x00, 0x1C, 0x00, 0xFA, 0x0F, 0x2E, 0x05, 0xEE, 0x06,
    0xFB, 0x07, 0x63, 0x07, 0xE6, 0x07, 0x6E, 0x04, 0xFE, 0x0F, 0x16, 0x00, 0x00, 0x00, 0x00, 0x00,
    0xFC, 0x01, 0xFF, 0x0F, 0xFC, 0x01, 0xFE, 0x00, 0xF2, 0x03, 0x7E, 0x02, 0xFB, 0x07, 0xFE, 0x07,
    0xF6, 0x03, 0xFA, 0x07, 0x0A, 0x04, 0x00, 0x00, 0x00, 0x07, 0xFE, 0x05, 0x24, 0x02, 0x84, 0x01,
    0xE5, 0x00, 0xFF, 0x0F, 0x64, 0x00, 0x84, 0x01, 0x14, 0x03, 0x16, 0x02, 0x00, 0x02, 0x00, 0x00,
    0xFC, 0x0F, 0x05, 0x01, 0x4E, 0x01, 0x78, 0x01, 0x4A, 0x01, 0x7A, 0x03, 0x5E, 0x07, 0xC2, 0x07,
    0x42, 0x0C, 0xFE, 0x07, 0x00, 0x00, 0x00, 0x00, 0x30, 0x00, 0xFC, 0x07, 0x97, 0x04, 0xD2, 0x05,
    0xF4, 0x04, 0x0C, 0x06, 0xF8, 0x00, 0xF8, 0x04, 0xFE, 0x0F, 0xFF, 0x07, 0x00, 0x00, 0x00, 0x00,
    0xFE, 0x01, 0x84, 0x00, 0xFE, 0x09, 0x34, 0x04, 0x18, 0x06, 0xCF, 0x01, 0xF9, 0x00, 0xC0, 0x01,
    0x18, 0x06, 0x0C, 0x0C, 0x00, 0x00, 0x00, 0x00, 0x70, 0x04, 0xF8, 0x03, 0xFF, 0x09, 0x0C, 0x0E,
    0x38, 0x04, 0x0E, 0x03, 0xF3, 0x01, 0xE0, 0x01, 0x18, 0x06, 0x0C, 0x0C, 0x00, 0x00, 0x00, 0x00,
    0xC8, 0x0C, 0xFF, 0x0F, 0x2C, 0x01, 0x48, 0x01, 0xFA, 0x01, 0x4A, 0x01, 0xFE, 0x07, 0x4A, 0x01,
    0xFB, 0x01, 0x68, 0x05, 0x28, 0x00, 0x00, 0x00, 0x9E, 0x00, 0xF7, 0x0F, 0x94, 0x04, 0xDC, 0x02,
    0xFA, 0x09, 0xFA, 0x09, 0xFE, 0x0F, 0x4A, 0x0B, 0xFB, 0x09, 0x68, 0x0D, 0x48, 0x00, 0x00, 0x00,
    0x08, 0x01, 0x0A, 0x01, 0xFA, 0x01, 0x6A, 0x01, 0xFE, 0x07, 0xFE, 0x07, 0x6A, 0x01, 0xFB, 0x01,
    0x0A, 0x05, 0x28, 0x05, 0x00, 0x00, 0x00, 0x00, 0x20, 0x01, 0xAA, 0x00, 0xEA, 0x0F, 0xBA, 0x06,
    0xAF, 0x04, 0xAB, 0x04, 0xEA, 0x0F, 0xEE, 0x0F, 0xAA, 0x01, 0xB2, 0x01, 0x00, 0x01, 0x00, 0x00,
    0x68, 0x00, 0xFF, 0x0F, 0x6C, 0x01, 0xEC, 0x01, 0xEC, 0x0F, 0xFE, 0x0F, 0xAF, 0x04, 0xA8, 0x07,
    0xEC, 0x0F, 0xBE, 0x00, 0x80, 0x00, 0x00, 0x00, 0xFA, 0x0F, 0x7E, 0x05, 0x7E, 0x05, 0xFA, 0x07,
    0x02, 0x01, 0x7C, 0x01, 0x5B, 0x0D, 0xCB, 0x0F, 0xFC, 0x01, 0x7E, 0x01, 0x02, 0x01, 0x00, 0x00,
    0xE0, 0x03, 0xFE, 0x00, 0xF6, 0x0F, 0x76, 0x05, 0x56, 0x05, 0x36, 0x05, 0x76, 0x05, 0x76, 0x07,
    0xD7, 0x07, 0x98, 0x00, 0x00, 0x00, 0x00, 0x00, 0x98, 0x07, 0xF6, 0x0F, 0x3E, 0x01, 0x46, 0x01,
    0x7C, 0x05, 0x49, 0x0D, 0xCB, 0x0F, 0xC8, 0x01, 0x7C, 0x01, 0x42, 0x01, 0x00, 0x01, 0x00, 0x00,
    0xB8, 0x05, 0xF6, 0x06, 0xBA, 0x02, 0x88, 0x02, 0xF4, 0x01, 0x84, 0x00, 0xFF, 0x0F, 0x84, 0x08,
    0xF4, 0x09, 0xF4, 0x0E, 0x00, 0x04, 0x00, 0x00, 0x2A, 0x0B, 0x1E, 0x0F, 0xFE, 0x07, 0xFE, 0x07,
    0x7F, 0x0F, 0xFE, 0x0B, 0xFE, 0x0E, 0xFE, 0x07, 0xBE, 0x07, 0xB8, 0x0F, 0x00, 0x00, 0x00, 0x00,
    0xDE, 0x00, 0xEE, 0x0F, 0xDE, 0x06, 0xFE, 0x07, 0xCE, 0x06, 0xDE, 0x0E, 0x1F, 0x04, 0xFF, 0x03,
    0xE6, 0x07, 0x2C, 0x0E, 0x00, 0x08, 0x00, 0x00, 0xD8, 0x06, 0xF7, 0x02, 0x98, 0x02, 0x0C, 0x02,
    0xF8, 0x00, 0xA8, 0x00, 0xAF, 0x0F, 0xAA, 0x03, 0xFA, 0x00, 0xFA, 0x01, 0x00, 0x01, 0x00, 0x00,
    0xD8, 0x04, 0xFE, 0x03, 0x7E, 0x0C, 0xF0, 0x07, 0xFC, 0x07, 0xFF, 0x03, 0x42, 0x02, 0xFC, 0x0F,
    0x40, 0x08, 0x22, 0x0C, 0x22, 0x06, 0x00, 0x00, 0x02, 0x03, 0x92, 0x0F, 0xF2, 0x08, 0xEF, 0x04,
    0x32, 0x06, 0xFA, 0x03, 0xEF, 0x00, 0x26, 0x03, 0x62, 0x06, 0x32, 0x0C, 0x00, 0x04, 0x00, 0x00,
    0xE0, 0x07, 0xFC, 0x07, 0xE6, 0x07, 0xE6, 0x04, 0xF8, 0x07, 0xFE, 0x07, 0x64, 0x04, 0xFE, 0x06,
    0xDB, 0x05, 0x64, 0x0E, 0x00, 0x00, 0x00, 0x00, 0xF8, 0x03, 0xFF, 0x03, 0x10, 0x01, 0xFF, 0x03,
    0x30, 0x01, 0xFE, 0x0F, 0xA7, 0x04, 0xFF, 0x07, 0xB6, 0x04, 0xB4, 0x04, 0x00, 0x04, 0x00, 0x00,
    0xD4, 0x0F, 0xD6, 0x06, 0x7E, 0x02, 0xD2, 0x07, 0x34, 0x01, 0x3C, 0x01, 0xF7, 0x0F, 0xF6, 0x0F,
    0x3C, 0x01, 0xA6, 0x01, 0x20, 0x00, 0x00, 0x00, 0xA4, 0x04, 0xFC, 0x02, 0xEC, 0x06, 0xF7, 0x0E,
    0xDC, 0x09, 0xB4, 0x0F, 0xFF, 0x0C, 0xB5, 0x06, 0xDC, 0x03, 0x86, 0x06, 0x00, 0x00, 0x00, 0x00,
    0x68, 0x00, 0x7A, 0x0C, 0xEC, 0x07, 0xEE, 0x05, 0xD7, 0x07, 0xCF, 0x06, 0xCE, 0x0F, 0xDA, 0x09,
    0x76, 0x08, 0x72, 0x0E, 0x40, 0x00, 0x00, 0x00, 0x10, 0x00, 0xF3, 0x07, 0x16, 0x06, 0x0A, 0x00,
    0xEA, 0x03, 0x2A, 0x01, 0xEA, 0x01, 0xEA, 0x05, 0x02, 0x0C, 0xFF, 0x07, 0x00, 0x00, 0x00, 0x00,
    0xF8, 0x07, 0xF8, 0x07, 0x02, 0x06, 0xFE, 0x03, 0x20, 0x02, 0x20, 0x02, 0xFF, 0x07, 0x20, 0x0C,
    0x10, 0x0C, 0x10, 0x07, 0x00, 0x04, 0x00, 0x00, 0x04, 0x02, 0xF4, 0x03, 0xDC, 0x01, 0xFF, 0x0F,
    0xD4, 0x01, 0x7E, 0x03, 0x06, 0x00, 0xFE, 0x05, 0x00, 0x0C, 0xFF, 0x0F, 0x00, 0x00, 0x00, 0x00,
    0xFE, 0x05, 0xFE, 0x03, 0x7E, 0x03, 0xFE, 0x0E, 0x80, 0x06, 0x7E, 0x05, 0xF4, 0x03, 0xD4, 0x05,
    0xDE, 0x0C, 0xDE, 0x07, 0x40, 0x00, 0x00, 0x00, 0x82, 0x07, 0xEC, 0x0F, 0x78, 0x08, 0x34, 0x04,
    0x0C, 0x06, 0xFF, 0x03, 0x78, 0x00, 0x88, 0x03, 0x18, 0x06, 0x0C, 0x0C, 0x00, 0x04, 0x00, 0x00,
    0xFE, 0x03, 0xFE, 0x01, 0xFE, 0x0F, 0xFE, 0x0F, 0x22, 0x03, 0xFF, 0x07, 0xEE, 0x0D, 0xAC, 0x0D,
    0x3F, 0x06, 0xBC, 0x03, 0x00, 0x03, 0x00, 0x00, 0x22, 0x0D, 0x5A, 0x03, 0x6E, 0x07, 0xBF, 0x0E,
    0xFA, 0x09, 0x7A, 0x0E, 0xDF, 0x0C, 0x8A, 0x0F, 0xFA, 0x02, 0x02, 0x06, 0x02, 0x00, 0x00, 0x00,
    0xFC, 0x0F, 0xFE, 0x0F, 0x44, 0x06, 0x74, 0x06, 0xDF, 0x05, 0xD4, 0x05, 0xF4, 0x05, 0x14, 0x04,
    0xFE, 0x0F, 0xFE, 0x0F, 0x00, 0x00, 0x00, 0x00, 0x20, 0x0A, 0x18, 0x01, 0xAF, 0x04, 0x77, 0x06,
    0x7C, 0x03, 0xC4, 0x01, 0xFC, 0x05, 0x04, 0x0D, 0x84, 0x0F, 0xFC, 0x03, 0x00, 0x00, 0x00, 0x00,
    0x00, 0x06, 0xC0, 0x09, 0x7F, 0x04, 0xC0, 0x04, 0x80, 0x03, 0xC0, 0x01, 0x7F, 0x00, 0xF0, 0x01,
    0x00, 0x07, 0x00, 0x06, 0x00, 0x00, 0x00, 0x00, 0x00, 0x0B, 0xC0, 0x01, 0x7F, 0x04, 0x32, 0x02,
    0xE0, 0x03, 0xC0, 0x01, 0x7F, 0x00, 0x7E, 0x00, 0xC0, 0x01, 0x00, 0x07, 0x00, 0x00, 0x00, 0x00,
    0x86, 0x07, 0xFC, 0x01, 0xB8, 0x09, 0xEC, 0x09, 0xBC, 0x07, 0x9F, 0x03, 0xAC, 0x07, 0xEC, 0x05,
    0xDE, 0x0D, 0x90, 0x01, 0x80, 0x00, 0x00, 0x00, 0xDE, 0x01, 0xFE, 0x0F, 0xFF, 0x0F, 0xD6, 0x04,
    0x12, 0x04, 0xFE, 0x07, 0x92, 0x04, 0x92, 0x04, 0xFE, 0x07, 0x02, 0x04, 0x00, 0x04, 0x00, 0x00,
    0xFA, 0x0F, 0x7E, 0x05, 0x7E, 0x05, 0xFA, 0x07, 0xFE, 0x07, 0xE4, 0x0F, 0x7F, 0x05, 0x64, 0x05,
    0xFF, 0x0F, 0xF4, 0x0F, 0x14, 0x00, 0x00, 0x00, 0x24, 0x06, 0xFB, 0x03, 0x7E, 0x0C, 0xFE, 0x0F,
    0x7A, 0x09, 0xFE, 0x05, 0xFB, 0x03, 0xD6, 0x03, 0x5E, 0x07, 0x52, 0x0D, 0x00, 0x01, 0x00, 0x00,
    0x30, 0x00, 0xFE, 0x0F, 0x03, 0x0C, 0xD0, 0x07, 0xFE, 0x03, 0x12, 0x06, 0xF2, 0x07, 0x92, 0x0C,
    0x9E, 0x0C, 0x80, 0x0C, 0x00, 0x00, 0x00, 0x00, 0xDE, 0x07, 0xF2, 0x07, 0xF2, 0x03, 0x5E, 0x02,
    0xFE, 0x07, 0x7E, 0x03, 0xFB, 0x0F, 0xFA, 0x0F, 0x7A, 0x03, 0xFE, 0x03, 0x02, 0x00, 0x00, 0x00,
    0x8C, 0x04, 0x86, 0x02, 0xFF, 0x0F, 0xFE, 0x0F, 0xFA, 0x07, 0xFE, 0x04, 0xFB, 0x05, 0xFE, 0x0F,
    0x82, 0x02, 0x82, 0x06, 0x80, 0x00, 0x00, 0x00, 0x1E, 0x00, 0xFA, 0x07, 0x7A, 0x02, 0x5E, 0x02,
    0xFB, 0x0F, 0xFB, 0x0F, 0x56, 0x02, 0x7A, 0x02, 0xFE, 0x07, 0x06, 0x01, 0x00, 0x00, 0x00, 0x00,
    0xC8, 0x04, 0xFF, 0x0F, 0xAC, 0x01, 0xC8, 0x00, 0xEE, 0x0F, 0xB8, 0x05, 0xEF, 0x07, 0xF8, 0x07,
    0xAC, 0x05, 0xEE, 0x05, 0x20, 0x04, 0x00, 0x00, 0xC0, 0x00, 0xEE, 0x0F, 0xFC, 0x0F, 0x24, 0x05,
    0x27, 0x05, 0xFF, 0x07, 0x64, 0x05, 0x64, 0x05, 0xFE, 0x05, 0x30, 0x05, 0x00, 0x00, 0x00, 0x00,
    0x30, 0x00, 0xFE, 0x0F, 0x83, 0x00, 0xEE, 0x0F, 0xFE, 0x0F, 0xA8, 0x05, 0xFF, 0x07, 0xF8, 0x07,
    0xEE, 0x05, 0xF6, 0x07, 0x00, 0x04, 0x00, 0x00, 0xFE, 0x07, 0xD2, 0x08, 0xFE, 0x0F, 0x1A, 0x0E,
    0xFC, 0x03, 0x7F, 0x00, 0xEA, 0x0F, 0x2E, 0x09, 0xEE, 0x09, 0x08, 0x0E, 0x08, 0x04, 0x00, 0x00,
    0xD8, 0x04, 0xFE, 0x03, 0xFE, 0x01, 0xC8, 0x01, 0x30, 0x01, 0x5F, 0x01, 0xCE, 0x0F, 0x30, 0x01,
    0x7A, 0x01, 0xCA, 0x01, 0x00, 0x01, 0x00, 0x00, 0xAC, 0x01, 0xFE, 0x0F, 0xFE, 0x0F, 0xD4, 0x00,
    0x34, 0x01, 0x1C, 0x01, 0xE7, 0x0F, 0xB6, 0x07, 0x1C, 0x01, 0xE6, 0x01, 0x80, 0x01, 0x00, 0x00,
    0x30, 0x07, 0xE6, 0x0F, 0x38, 0x01, 0x64, 0x01, 0x1C, 0x01, 0x3C, 0x01, 0xE7, 0x0F, 0x3C, 0x01,
    0x3C, 0x01, 0xE6, 0x01, 0x00, 0x00, 0x00, 0x00, 0x38, 0x03, 0xBE, 0x01, 0xEC, 0x00, 0xEA, 0x00,
    0xBF, 0x0F, 0xB8, 0x0F, 0x6E, 0x00, 0xE8, 0x00, 0xBF, 0x01, 0x30, 0x01, 0x00, 0x01, 0x00, 0x00,
    0xC8, 0x00, 0xFA, 0x06, 0xFF, 0x0F, 0x68, 0x00, 0x08, 0x00, 0xE8, 0x00, 0xC8, 0x04, 0xFE, 0x0F,
    0xFF, 0x07, 0x08, 0x00, 0x08, 0x00, 0x00, 0x00, 0xC4, 0x00, 0x64, 0x00, 0xF4, 0x0F, 0x9C, 0x00,
    0x97, 0x00, 0x94, 0x04, 0xD4, 0x0F, 0xF4, 0x07, 0x94, 0x00, 0x96, 0x00, 0x80, 0x00, 0x00, 0x00,
    0x08, 0x00, 0x08, 0x00, 0x38, 0x00, 0xE8, 0x00, 0x08, 0x04, 0x08, 0x0C, 0xFF, 0x0F, 0x08, 0x00,
    0x08, 0x00, 0x08, 0x00, 0x08, 0x00, 0x00, 0x00, 0xE2, 0x07, 0xFE, 0x07, 0xF6, 0x0B, 0xE2, 0x07,
    0x54, 0x0B, 0xF7, 0x01, 0x7E, 0x07, 0x56, 0x07, 0x57, 0x01, 0x74, 0x05, 0x40, 0x00, 0x00, 0x00,
    0x48, 0x0C, 0xFF, 0x07, 0x2C, 0x04, 0xF8, 0x07, 0xDF, 0x02, 0xEC, 0x0F, 0x6C, 0x06, 0xCC, 0x03,
    0xDF, 0x07, 0x70, 0x04, 0x00, 0x04, 0x00, 0x00, 0xC0, 0x04, 0xFF, 0x0F, 0x3D, 0x04, 0x54, 0x06,
    0xD5, 0x01, 0xF6, 0x01, 0x5C, 0x07, 0x56, 0x05, 0xDF, 0x01, 0x66, 0x04, 0x00, 0x00, 0x00, 0x00,
    0xC8, 0x0C, 0xFF, 0x0F, 0x3F, 0x00, 0x1C, 0x00, 0xE4, 0x0F, 0x7F, 0x05, 0x64, 0x05, 0x7E, 0x05,
    0xFE, 0x0F, 0xF4, 0x0F, 0x10, 0x00, 0x00, 0x00, 0xC8, 0x04, 0xFF, 0x0F, 0xFE, 0x07, 0x68, 0x08,
    0x3E, 0x01, 0x64, 0x01, 0xFF, 0x07, 0x70, 0x01, 0x1E, 0x01, 0xB4, 0x05, 0x00, 0x00, 0x00, 0x00,
    0x58, 0x00, 0xF7, 0x0F, 0xD4, 0x06, 0x54, 0x02, 0xE4, 0x00, 0xFF, 0x0F, 0x76, 0x05, 0x7E, 0x05,
    0xFF, 0x0F, 0xF4, 0x0F, 0x10, 0x00, 0x00, 0x00, 0xC8, 0x04, 0xFF, 0x0F, 0xE9, 0x00, 0x6C, 0x00,
    0x6F, 0x0F, 0x5F, 0x05, 0x58, 0x05, 0x7F, 0x05, 0xE4, 0x0F, 0x62, 0x00, 0x00, 0x00, 0x00, 0x00,
    0x22, 0x0C, 0xE6, 0x07, 0x6C, 0x06, 0x08, 0x06, 0x08, 0x0D, 0xFE, 0x0C, 0x7F, 0x0C, 0x48, 0x0C,
    0x88, 0x0D, 0x08, 0x0D, 0x00, 0x04, 0x00, 0x00, 0x88, 0x00, 0x47, 0x00, 0x6F, 0x0F, 0x7C, 0x05,
    0x5A, 0x05, 0x5C, 0x05, 0x77, 0x05, 0x6C, 0x0F, 0x4C, 0x00, 0xC2, 0x00, 0x40, 0x00, 0x00, 0x00,
    0xD8, 0x04, 0xFE, 0x03, 0x3E, 0x01, 0x8A, 0x08, 0xFE, 0x0F, 0xAB, 0x00, 0xAA, 0x00, 0xFE, 0x0F,
    0xCA, 0x0F, 0x8A, 0x00, 0x88, 0x00, 0x00, 0x00, 0xC8, 0x04, 0xFE, 0x0F, 0xFF, 0x07, 0x2C, 0x00,
    0x04, 0x00, 0x04, 0x04, 0x04, 0x0C, 0xFC, 0x0F, 0x04, 0x00, 0x06, 0x00, 0x00, 0x00, 0x00, 0x00,
    0x10, 0x08, 0x10, 0x04, 0x10, 0x02, 0x90, 0x01, 0xFF, 0x00, 0x73, 0x00, 0x90, 0x01, 0x10, 0x03,
    0x10, 0x06, 0x18, 0x04, 0x00, 0x00, 0x00, 0x00, 0x40, 0x04, 0x50, 0x06, 0x5E, 0x03, 0xD2, 0x01,
    0xF2, 0x0F, 0xF2, 0x0F, 0xD2, 0x01, 0x5F, 0x03, 0x42, 0x06, 0x60, 0x06, 0x00, 0x00, 0x00, 0x00,
    0x82, 0x08, 0x42, 0x08, 0x32, 0x04, 0xFE, 0x04, 0x96, 0x03, 0x12, 0x03, 0xD2, 0x01, 0x72, 0x00,
    0x1A, 0x00, 0x02, 0x00, 0x00, 0x00, 0x00, 0x00, 0x30, 0x00, 0xFE, 0x0F, 0x23, 0x05, 0xEC, 0x06,
    0xF8, 0x03, 0xFF, 0x0F, 0xEF, 0x07, 0xE8, 0x02, 0xEE, 0x06, 0xB2, 0x04, 0x80, 0x00, 0x00, 0x00,
    0x88, 0x0A, 0xFE, 0x07, 0xFE, 0x07, 0xFF, 0x03, 0xFA, 0x07, 0xFA, 0x07, 0x3F, 0x06, 0xFD, 0x03,
    0xF2, 0x06, 0x04, 0x0C, 0x00, 0x0C, 0x00, 0x00, 0x74, 0x00, 0xD4, 0x07, 0xDF, 0x03, 0x54, 0x00,
    0xFF, 0x0F, 0xF4, 0x06, 0x54, 0x02, 0xDF, 0x07, 0xF4, 0x00, 0x36, 0x00, 0x00, 0x00, 0x00, 0x00,
    0x62, 0x04, 0xFE, 0x02, 0xD6, 0x01, 0x72, 0x00, 0x32, 0x00, 0xF8, 0x0F, 0x96, 0x04, 0x93, 0x04,
    0xDC, 0x0F, 0xB8, 0x0F, 0x00, 0x00, 0x00, 0x00, 0x60, 0x00, 0xF8, 0x0F, 0xFE, 0x0F, 0x22, 0x00,
    0x00, 0x00, 0x3F, 0x00, 0xFE, 0x01, 0x12, 0x07, 0x16, 0x04, 0x18, 0x0C, 0x00, 0x0C, 0x00, 0x00,
    0x08, 0x08, 0x3C, 0x08, 0xFF, 0x07, 0x04, 0x04, 0xC4, 0x03, 0x87, 0x02, 0x1C, 0x06, 0xF7, 0x07,
    0x76, 0x0C, 0x36, 0x08, 0x30, 0x00, 0x00, 0x00, 0x08, 0x00, 0x0C, 0x02, 0x7F, 0x0F, 0x89, 0x0F,
    0xE8, 0x04, 0xEF, 0x05, 0x1C, 0x03, 0xB6, 0x07, 0xA6, 0x0D, 0x74, 0x0C, 0x00, 0x00, 0x00, 0x00,
    0x64, 0x00, 0xF6, 0x0F, 0x1B, 0x00, 0xA0, 0x00, 0x84, 0x01, 0x84, 0x07, 0x9F, 0x0C, 0xE4, 0x0F,
    0xA4, 0x00, 0xD4, 0x00, 0x00, 0x00, 0x00, 0x00, 0x20, 0x0C, 0xEE, 0x07, 0x20, 0x05, 0x28, 0x0D,
    0xEC, 0x0B, 0xAE, 0x0F, 0xFF, 0x0B, 0xE8, 0x09, 0x7E, 0x0F, 0x08, 0x0E, 0x08, 0x04, 0x00, 0x00,
    0x00, 0x06, 0x08, 0x00, 0xFC, 0x07, 0x1E, 0x0F, 0x9B, 0x09, 0x99, 0x0B, 0x18, 0x0C, 0xFE, 0x06,
    0x1C, 0x03, 0x08, 0x06, 0x00, 0x00, 0x00, 0x00, 0xFE, 0x03, 0xFE, 0x03, 0x52, 0x03, 0xFE, 0x0F,
    0x1E, 0x0D, 0x08, 0x07, 0xFF, 0x01, 0xEF, 0x07, 0x00, 0x0C, 0x0C, 0x0C, 0x00, 0x04, 0x00, 0x00,
    0xC8, 0x08, 0xFF, 0x0F, 0xFE, 0x07, 0x28, 0x08, 0xFE, 0x03, 0xFE, 0x01, 0x22, 0x01, 0x22, 0x01,
    0xFE, 0x03, 0xFE, 0x05, 0x00, 0x04, 0x00, 0x00, 0x20, 0x04, 0x20, 0x03, 0xFE, 0x01, 0x22, 0x00,
    0x3E, 0x00, 0x3A, 0x04, 0x22, 0x04, 0xFE, 0x0F, 0x22, 0x00, 0x20, 0x00, 0x20, 0x00, 0x00, 0x00,
    0x00, 0x01, 0xFC, 0x01, 0x55, 0x01, 0x57, 0x01, 0xFC, 0x0F, 0xFC, 0x0F, 0x57, 0x01, 0x55, 0x01,
    0xFC, 0x01, 0x00, 0x01, 0x00, 0x01, 0x00, 0x00, 0xFC, 0x01, 0xFF, 0x01, 0xFE, 0x0F, 0xFC, 0x0F,
    0x57, 0x01, 0xFC, 0x01, 0xFE, 0x0F, 0xFE, 0x0F, 0x3A, 0x03, 0xC6, 0x03, 0x82, 0x01, 0x00, 0x00,
    0xC8, 0x04, 0xFF, 0x0F, 0xFE, 0x03, 0x2C, 0x01, 0xFC, 0x01, 0x46, 0x01, 0xFC, 0x0F, 0x5E, 0x01,
    0x7F, 0x01, 0xFC, 0x01, 0x00, 0x01, 0x00, 0x00, 0xFF, 0x07, 0x5A, 0x04, 0x4A, 0x0C, 0xFF, 0x07,
    0x00, 0x04, 0xFE, 0x05, 0x12, 0x04, 0x12, 0x04, 0xFE, 0x05, 0xFE, 0x05, 0x00, 0x04, 0x00, 0x00,
    0x00, 0x04, 0x00, 0x04, 0xFE, 0x05, 0x12, 0x04, 0x12, 0x04, 0x12, 0x04, 0x12, 0x04, 0xFE, 0x05,
    0xFE, 0x04, 0x00, 0x04, 0x00, 0x04, 0x00, 0x00, 0x18, 0x09, 0x4C, 0x0F, 0xF7, 0x0C, 0xF6, 0x07,
    0xF6, 0x03, 0xF6, 0x07, 0xB6, 0x0D, 0xF6, 0x00, 0xF6, 0x07, 0x02, 0x0C, 0x00, 0x0F, 0x00, 0x00,
    0x30, 0x00, 0xFE, 0x0F, 0x03, 0x04, 0x00, 0x04, 0xFE, 0x05, 0x12, 0x04, 0x12, 0x04, 0x12, 0x04,
    0xFE, 0x05, 0x02, 0x04, 0x00, 0x04, 0x00, 0x00, 0x38, 0x00, 0xFF, 0x0F, 0x1C, 0x01, 0x18, 0x01,
    0xFC, 0x01, 0x56, 0x01, 0xFC, 0x0F, 0x56, 0x01, 0x7F, 0x01, 0xFC, 0x01, 0x00, 0x01, 0x00, 0x00,
    0x18, 0x05, 0xF2, 0x0F, 0x7E, 0x08, 0xC8, 0x09, 0xAC, 0x06, 0xF8, 0x03, 0xEF, 0x00, 0x94, 0x03,
    0xD2, 0x06, 0x72, 0x0C, 0x00, 0x04, 0x00, 0x00, 0x10, 0x00, 0xF6, 0x0F, 0x02, 0x07, 0xBA, 0x03,
    0xEE, 0x03, 0x20, 0x06, 0xF2, 0x05, 0xFE, 0x05, 0xFE, 0x0D, 0x13, 0x0D, 0x00, 0x05, 0x00, 0x00,
    0x7A, 0x04, 0x52, 0x0C, 0xDE, 0x07, 0x00, 0x01, 0xFC, 0x01, 0x57, 0x01, 0xFC, 0x0F, 0x56, 0x01,
    0x7F, 0x01, 0xFC, 0x01, 0x00, 0x01, 0x00, 0x00, 0x22, 0x0C, 0xDE, 0x0F, 0x8E, 0x05, 0x12, 0x05,
    0xFE, 0x07, 0xFE, 0x07, 0x2A, 0x05, 0xEA, 0x07, 0xAE, 0x07, 0x22, 0x0C, 0x00, 0x00, 0x00, 0x00,
    0x20, 0x04, 0xA6, 0x04, 0xBC, 0x04, 0xA0, 0x04, 0xBF, 0x04, 0xBF, 0x04, 0xB0, 0x04, 0xAC, 0x04,
    0xE6, 0x0F, 0x20, 0x04, 0x00, 0x00, 0x00, 0x00, 0xC8, 0x04, 0xFF, 0x0F, 0xFF, 0x07, 0x2C, 0x04,
    0xAC, 0x04, 0xBC, 0x04, 0xBF, 0x04, 0xB1, 0x04, 0xAC, 0x04, 0xF6, 0x0F, 0x00, 0x00, 0x00, 0x00,
    0x18, 0x08, 0x08, 0x08, 0xFE, 0x05, 0xAC, 0x07, 0xAF, 0x01, 0xAF, 0x07, 0xAC, 0x0C, 0xFA, 0x0C,
    0x18, 0x0C, 0x0C, 0x07, 0x00, 0x00, 0x00, 0x00, 0x64, 0x02, 0xD8, 0x0F, 0xD4, 0x08, 0x1F, 0x0A,
    0xD0, 0x05, 0xE0, 0x06, 0xFF, 0x07, 0xD6, 0x0D, 0x58, 0x0F, 0xC2, 0x03, 0x00, 0x00, 0x00, 0x00,
    0xC8, 0x00, 0xFF, 0x0F, 0xFE, 0x07, 0x68, 0x04, 0xAC, 0x04, 0xA8, 0x04, 0xBF, 0x04, 0xB0, 0x04,
    0xAC, 0x05, 0xF6, 0x0F, 0x00, 0x00, 0x00, 0x00, 0x00, 0x00, 0x02, 0x04, 0x02, 0x02, 0xC2, 0x01,
    0x7E, 0x00, 0x02, 0x00, 0x02, 0x04, 0x02, 0x04, 0xFE, 0x07, 0x7E, 0x00, 0x00, 0x00, 0x00, 0x00,
    0xC8, 0x04, 0xFF, 0x0F, 0xFF, 0x03, 0xAC, 0x03, 0x7E, 0x02, 0xC6, 0x03, 0x5F, 0x02, 0xF2, 0x07,
    0x7E, 0x0C, 0xC2, 0x07, 0x40, 0x00, 0x00, 0x00, 0xFE, 0x07, 0x52, 0x06, 0xF2, 0x03, 0x5E, 0x02,
    0xE2, 0x0F, 0xFA, 0x07, 0xA2, 0x04, 0xAF, 0x04, 0xB9, 0x04, 0xED, 0x0F, 0x00, 0x00, 0x00, 0x00,
    0x30, 0x00, 0xFE, 0x0F, 0x92, 0x04, 0xBA, 0x04, 0xF6, 0x03, 0x9A, 0x02, 0x92, 0x02, 0xFC, 0x01,
    0x00, 0x0C, 0xFF, 0x0F, 0x00, 0x00, 0x00, 0x00, 0x80, 0x07, 0xFE, 0x06, 0x7E, 0x00, 0xCB, 0x03,
    0x5B, 0x00, 0x52, 0x04, 0xF2, 0x07, 0x5E, 0x08, 0xC0, 0x0F, 0xC0, 0x00, 0x00, 0x00, 0x00, 0x00,
    0x48, 0x00, 0xFF, 0x0F, 0x7E, 0x06, 0x6C, 0x01, 0xE4, 0x00, 0xFC, 0x03, 0xBF, 0x06, 0xA4, 0x0C,
    0xEC, 0x0F, 0xBE, 0x00, 0xA0, 0x00, 0x00, 0x00, 0x80, 0x00, 0x9E, 0x00, 0xBE, 0x00, 0xA0, 0x03,
    0xA0, 0x00, 0xA0, 0x04, 0xE0, 0x0F, 0xEF, 0x07, 0xAE, 0x00, 0xB8, 0x00, 0x80, 0x00, 0x00, 0x00,
    0xB2, 0x04, 0xBA, 0x04, 0xFE, 0x07, 0xF6, 0x03, 0x9A, 0x02, 0xB2, 0x02, 0xFC, 0x01, 0xFC, 0x05,
    0xFE, 0x0F, 0xFF, 0x07, 0x00, 0x00, 0x00, 0x00, 0x92, 0x01, 0xF2, 0x00, 0xFE, 0x0F, 0xDB, 0x00,
    0xEC, 0x0F, 0xFA, 0x07, 0xB6, 0x04, 0xAE, 0x04, 0xBB, 0x04, 0xEF, 0x0F, 0x04, 0x00, 0x00, 0x00,
    0x30, 0x00, 0xFF, 0x0F, 0x18, 0x01, 0x18, 0x00, 0xF8, 0x00, 0xA8, 0x00, 0xAF, 0x0F, 0xA8, 0x00,
    0xF8, 0x00, 0x7A, 0x01, 0x00, 0x01, 0x00, 0x00, 0x20, 0x0C, 0xE6, 0x07, 0x24, 0x04, 0x04, 0x04,
    0xF7, 0x0F, 0xBE, 0x0C, 0xBC, 0x0C, 0xB7, 0x0E, 0xFD, 0x0F, 0x06, 0x0C, 0x04, 0x04, 0x00, 0x00,
    0x12, 0x08, 0xF6, 0x07, 0x8C, 0x07, 0xDE, 0x07, 0xE6, 0x07, 0x9F, 0x07, 0x9C, 0x07, 0xB4, 0x07,
    0xEC, 0x07, 0xC6, 0x04, 0x40, 0x04, 0x00, 0x00, 0x64, 0x00, 0xF2, 0x0F, 0x9B, 0x04, 0xFE, 0x07,
    0xBA, 0x07, 0xBE, 0x0F, 0xAF, 0x0B, 0xBA, 0x0C, 0xBA, 0x07, 0xFA, 0x03, 0x02, 0x02, 0x00, 0x00,
    0x4C, 0x00, 0xF6, 0x0F, 0xBB, 0x01, 0xC0, 0x00, 0xBE, 0x03, 0x96, 0x06, 0x96, 0x04, 0xD6, 0x0F,
    0xFF, 0x01, 0xE0, 0x00, 0x80, 0x00, 0x00, 0x00, 0xFC, 0x07, 0x4E, 0x04, 0x4B, 0x00, 0xFC, 0x07,
    0x68, 0x00, 0x3C, 0x00, 0xE7, 0x04, 0x04, 0x0C, 0x84, 0x0F, 0xFC, 0x03, 0x00, 0x00, 0x00, 0x00,
    0xFE, 0x07, 0xF2, 0x07, 0xDE, 0x02, 0x6E, 0x0A, 0xFE, 0x09, 0xDE, 0x0F, 0x52, 0x09, 0x5E, 0x0F,
    0xDA, 0x09, 0x36, 0x0C, 0x20, 0x00, 0x00, 0x00, 0x38, 0x06, 0xFF, 0x01, 0x9F, 0x01, 0x0C, 0x03,
    0x02, 0x00, 0x02, 0x04, 0x02, 0x0C, 0xFE, 0x0F, 0x02, 0x00, 0x02, 0x00, 0x02, 0x00, 0x00, 0x00,
    0x42, 0x08, 0x3A, 0x08, 0xF2, 0x0B, 0x5E, 0x0F, 0x52, 0x09, 0x56, 0x0D, 0xDC, 0x0B, 0xFA, 0x09,
    0x24, 0x0C, 0x60, 0x04, 0x00, 0x00, 0x00, 0x00, 0x48, 0x01, 0x56, 0x01, 0x57, 0x01, 0x5E, 0x03,
    0x7A, 0x03, 0x7E, 0x05, 0xD3, 0x0F, 0xDE, 0x07, 0xD2, 0x01, 0xE2, 0x01, 0x00, 0x00, 0x00, 0x00,
    0xFE, 0x07, 0x52, 0x02, 0xFE, 0x07, 0x26, 0x08, 0xFE, 0x01, 0x5E, 0x07, 0x52, 0x01, 0x5E, 0x07,
    0xFA, 0x03, 0x36, 0x04, 0x20, 0x00, 0x00, 0x00, 0xA0, 0x08, 0x96, 0x08, 0xFE, 0x04, 0xFE, 0x07,
    0xBB, 0x01, 0xB8, 0x03, 0xFE, 0x07, 0xFF, 0x0C, 0x9F, 0x0C, 0x92, 0x06, 0x10, 0x00, 0x00, 0x00,
    0x02, 0x02, 0x9A, 0x01, 0xF2, 0x00, 0xFA, 0x00, 0x8E, 0x01, 0x02, 0x00, 0xFF, 0x0F, 0x00, 0x00,
    0x3E, 0x03, 0xE7, 0x03, 0x80, 0x00, 0x00, 0x00, 0x10, 0x03, 0xFF, 0x09, 0x98, 0x0D, 0xC8, 0x06,
    0xFE, 0x03, 0x56, 0x06, 0xD4, 0x07, 0x56, 0x0D, 0x7F, 0x0D, 0x60, 0x0D, 0x00, 0x04, 0x00, 0x00,
    0x30, 0x00, 0xFC, 0x0F, 0x07, 0x00, 0xFE, 0x07, 0xFE, 0x07, 0x22, 0x06, 0x7E, 0x0C, 0xFE, 0x03,
    0x22, 0x06, 0x32, 0x0C, 0x00, 0x00, 0x00, 0x00, 0x18, 0x07, 0xF6, 0x07, 0x18, 0x00, 0xF2, 0x0F,
    0xDC, 0x03, 0xFF, 0x03, 0xF3, 0x02, 0xDC, 0x07, 0x76, 0x0C, 0xF2, 0x07, 0x00, 0x00, 0x00, 0x00,
    0x20, 0x04, 0xE6, 0x07, 0x24, 0x06, 0xFC, 0x07, 0x6C, 0x0F, 0x24, 0x0D, 0xFF, 0x0D, 0x20, 0x0D,
    0xFC, 0x0F, 0xFC, 0x0F, 0x00, 0x04, 0x00, 0x00, 0xD2, 0x07, 0xD2, 0x07, 0x7E, 0x00, 0xD2, 0x07,
    0xDA, 0x0F, 0x38, 0x04, 0x7F, 0x02, 0x8B, 0x03, 0xF8, 0x06, 0x0C, 0x0C, 0x08, 0x04, 0x00, 0x00,
    0x08, 0x00, 0xE6, 0x0F, 0x3F, 0x05, 0x2C, 0x05, 0xFE, 0x07, 0xF4, 0x07, 0x27, 0x05, 0x3C, 0x05,
    0xE4, 0x0F, 0x06, 0x00, 0x00, 0x00, 0x00, 0x00, 0x92, 0x04, 0x4E, 0x0C, 0xFE, 0x0F, 0xE2, 0x08,
    0x78, 0x04, 0x80, 0x03, 0xFF, 0x00, 0xF0, 0x03, 0x18, 0x06, 0x08, 0x0C, 0x00, 0x00, 0x00, 0x00,
    0x98, 0x07, 0xD2, 0x07, 0x76, 0x04, 0xDC, 0x06, 0xA6, 0x07, 0xAF, 0x0C, 0xDA, 0x0F, 0xBE, 0x00,
    0xE6, 0x02, 0xE0, 0x06, 0x20, 0x00, 0x00, 0x00, 0x90, 0x00, 0xDA, 0x00, 0xFE, 0x0F, 0xBD, 0x04,
    0x9F, 0x04, 0xF8, 0x07, 0xEE, 0x07, 0x8C, 0x04, 0xDF, 0x05, 0x3F, 0x06, 0x00, 0x00, 0x00, 0x00,
    0xF8, 0x04, 0x3F, 0x03, 0xF8, 0x03, 0x38, 0x06, 0xF0, 0x0F, 0xDC, 0x07, 0xFB, 0x02, 0xDE, 0x07,
    0xD4, 0x0C, 0xF2, 0x0F, 0x00, 0x00, 0x00, 0x00, 0xC8, 0x04, 0xFF, 0x0F, 0xFE, 0x03, 0x2C, 0x00,
    0xFE, 0x0F, 0x22, 0x06, 0x3E, 0x0D, 0xFE, 0x09, 0x22, 0x06, 0x30, 0x0E, 0x00, 0x00, 0x00, 0x00,
    0x00, 0x06, 0xFE, 0x03, 0x04, 0x00, 0xF8, 0x0F, 0x41, 0x06, 0x5B, 0x07, 0xF8, 0x0D, 0x4C, 0x03,
    0x4C, 0x04, 0x62, 0x0E, 0x00, 0x00, 0x00, 0x00, 0x10, 0x06, 0xFE, 0x03, 0x52, 0x02, 0x70, 0x01,
    0xFC, 0x0F, 0x20, 0x0C, 0xFF, 0x0B, 0x18, 0x09, 0xF8, 0x09, 0xF8, 0x0C, 0x00, 0x04, 0x00, 0x00,
    0xE2, 0x00, 0x2A, 0x00, 0x9A, 0x07, 0xBF, 0x00, 0xEE, 0x0F, 0xEE, 0x0F, 0xBF, 0x04, 0xBA, 0x07,
    0xCA, 0x03, 0x62, 0x00, 0x00, 0x00, 0x00, 0x00, 0x08, 0x04, 0xF6, 0x04, 0xF3, 0x02, 0x9E, 0x03,
    0xFA, 0x09, 0xF6, 0x0F, 0x93, 0x00, 0x9E, 0x00, 0xFA, 0x06, 0x82, 0x03, 0x00, 0x00, 0x00, 0x00,
    0x72, 0x00, 0xD2, 0x07, 0x5E, 0x00, 0x5A, 0x00, 0xF3, 0x0F, 0x72, 0x02, 0x5E, 0x04, 0xD6, 0x07,
    0x72, 0x00, 0x32, 0x00, 0x00, 0x00, 0x00, 0x00, 0x00, 0x00, 0xF4, 0x04, 0x74, 0x02, 0x97, 0x03,
    0xD6, 0x01, 0xFC, 0x0F, 0x16, 0x00, 0x17, 0x02, 0x3C, 0x06, 0xC4, 0x03, 0x00, 0x00, 0x00, 0x00,
    0x22, 0x06, 0xE6, 0x03, 0x20, 0x06, 0x74, 0x05, 0xD7, 0x0D, 0xD6, 0x0C, 0xFC, 0x0F, 0x57, 0x0D,
    0x5C, 0x0F, 0xC4, 0x0D, 0x00, 0x04, 0x00, 0x00, 0xD8, 0x06, 0xF6, 0x02, 0x9A, 0x02, 0x7C, 0x00,
    0xD4, 0x07, 0x5C, 0x00, 0xF3, 0x0F, 0x5E, 0x02, 0xD6, 0x07, 0x32, 0x00, 0x10, 0x00, 0x00, 0x00,
    0xFE, 0x0D, 0xF8, 0x07, 0xDF, 0x01, 0xFA, 0x03, 0xFA, 0x0D, 0x8A, 0x09, 0xFA, 0x07, 0xEE, 0x03,
    0x2A, 0x06, 0xFA, 0x0D, 0x02, 0x00, 0x00, 0x00, 0xC8, 0x04, 0xFF, 0x0F, 0x6C, 0x0C, 0x28, 0x06,
    0xFC, 0x01, 0x84, 0x0F, 0xFF, 0x04, 0xFE, 0x04, 0xA4, 0x0F, 0xB6, 0x07, 0x00, 0x00, 0x00, 0x00,
    0x18, 0x07, 0xF6, 0x0F, 0x1E, 0x08, 0xFA, 0x05, 0xFA, 0x07, 0xDE, 0x06, 0xDF, 0x02, 0xDA, 0x06,
    0xFA, 0x0F, 0x02, 0x0D, 0x00, 0x01, 0x00, 0x00, 0xFA, 0x07, 0x1E, 0x02, 0xF2, 0x0B, 0x12, 0x0D,
    0xFC, 0x07, 0xFF, 0x03, 0x24, 0x01, 0xFF, 0x03, 0xFC, 0x07, 0xFC, 0x0D, 0x00, 0x01, 0x00, 0x00,
    0x00, 0x0C, 0x00, 0x06, 0xF0, 0x01, 0x90, 0x06, 0x9F, 0x04, 0x94, 0x02, 0x94, 0x06, 0xF4, 0x00,
    0xF6, 0x02, 0x04, 0x0C, 0x00, 0x00, 0x00, 0x00, 0x00, 0x09, 0xFC, 0x0D, 0x24, 0x07, 0xFF, 0x03,
    0xFE, 0x01, 0xFF, 0x01, 0xFF, 0x03, 0x24, 0x07, 0xFC, 0x0D, 0x80, 0x09, 0x00, 0x01, 0x00, 0x00,
    0xFC, 0x0F, 0xFE, 0x07, 0xFF, 0x05, 0xFE, 0x0F, 0x18, 0x06, 0xDC, 0x03, 0x55, 0x06, 0xF7, 0x0F,
    0x9C, 0x0C, 0x9E, 0x08, 0x04, 0x00, 0x00, 0x00, 0x34, 0x08, 0xF4, 0x0A, 0xFF, 0x0A, 0x84, 0x0A,
    0xD4, 0x0F, 0xBC, 0x0F, 0x3F, 0x0A, 0x04, 0x0B, 0x7C, 0x0B, 0xC0, 0x0C, 0x00, 0x00, 0x00, 0x00,
    0xFC, 0x01, 0xFC, 0x01, 0xA4, 0x00, 0xA4, 0x00, 0xFF, 0x07, 0xA4, 0x0C, 0xA4, 0x0C, 0xB4, 0x0C,
    0xFC, 0x0C, 0x00, 0x06, 0x00, 0x04, 0x00, 0x00, 0x30, 0x00, 0xFE, 0x0F, 0x03, 0x00, 0xFE, 0x0F,
    0xFC, 0x07, 0x04, 0x04, 0xFC, 0x07, 0x24, 0x04, 0x64, 0x04, 0xFE, 0x07, 0x00, 0x00, 0x00, 0x00,
    0x10, 0x00, 0xFC, 0x07, 0x57, 0x02, 0xF4, 0x03, 0xF4, 0x03, 0x54, 0x02, 0xF4, 0x0B, 0x04, 0x0C,
    0xFC, 0x07, 0x0C, 0x00, 0x00, 0x00, 0x00, 0x00, 0x00, 0x06, 0xFE, 0x01, 0x00, 0x00, 0x80, 0x0F,
    0x81, 0x04, 0xFF, 0x04, 0x94, 0x04, 0x90, 0x04, 0x90, 0x0F, 0x92, 0x00, 0x00, 0x00, 0x00, 0x00,
    0x38, 0x00, 0xFF, 0x0F, 0x08, 0x0C, 0x18, 0x07, 0xFC, 0x00, 0x84, 0x0F, 0xFF, 0x04, 0xFE, 0x04,
    0x84, 0x0F, 0x96, 0x07, 0x10, 0x00, 0x00, 0x00, 0x04, 0x08, 0xFC, 0x09, 0xED, 0x0C, 0xBF, 0x06,
    0x8C, 0x03, 0xBC, 0x03, 0xBF, 0x06, 0xFD, 0x0D, 0xFC, 0x0D, 0x06, 0x0D, 0x00, 0x00, 0x00, 0x00,
    0x18, 0x07, 0xF6, 0x0F, 0x3A, 0x08, 0x1C, 0x07, 0xD4, 0x03, 0x14, 0x06, 0xF7, 0x07, 0x94, 0x0C,
    0x94, 0x0C, 0x9E, 0x0C, 0x04, 0x04, 0x00, 0x00, 0xFE, 0x0F, 0xFE, 0x06, 0xFA, 0x03, 0xFA, 0x01,
    0xFE, 0x07, 0xA0, 0x04, 0x7F, 0x06, 0xA2, 0x03, 0xEE, 0x07, 0x38, 0x0C, 0x08, 0x04, 0x00, 0x00,
    0xF2, 0x03, 0xFE, 0x03, 0xF2, 0x05, 0xF2, 0x07, 0xFF, 0x01, 0xEA, 0x03, 0xDE, 0x03, 0xDE, 0x07,
    0xD8, 0x0D, 0xFF, 0x0F, 0x02, 0x00, 0x00, 0x00, 0xFE, 0x01, 0x82, 0x00, 0x86, 0x00, 0xFE, 0x00,
    0x82, 0x01, 0xC2, 0x00, 0x22, 0x04, 0x1A, 0x0C, 0x0A, 0x0F, 0xFF, 0x07, 0x00, 0x00, 0x00, 0x00,
    0xFE, 0x03, 0xEA, 0x03, 0xFE, 0x07, 0xEA, 0x0F, 0xFE, 0x07, 0x38, 0x0C, 0xFF, 0x0F, 0xF9, 0x07,
    0xFE, 0x07, 0xA4, 0x04, 0x04, 0x04, 0x00, 0x00, 0xC6, 0x03, 0xFE, 0x07, 0x0C, 0x06, 0xFF, 0x01,
    0xEA, 0x03, 0xEA, 0x03, 0x7E, 0x01, 0xEA, 0x07, 0x7A, 0x0C, 0xFE, 0x0F, 0x00, 0x00, 0x00, 0x00,
    0x00, 0x00, 0x82, 0x01, 0xC2, 0x00, 0x42, 0x00, 0x22, 0x00, 0x32, 0x04, 0x12, 0x04, 0x0A, 0x0C,
    0xFE, 0x07, 0x1E, 0x00, 0x00, 0x00, 0x00, 0x00, 0x48, 0x04, 0xFF, 0x0F, 0x6C, 0x01, 0x08, 0x01,
    0xF8, 0x01, 0xA8, 0x01, 0xAF, 0x0F, 0xAA, 0x01, 0xFA, 0x01, 0xFA, 0x01, 0x00, 0x01, 0x00, 0x00,
    0x00, 0x00, 0xD8, 0x07, 0x5E, 0x00, 0x40, 0x00, 0xF0, 0x0F, 0xF0, 0x0F, 0x40, 0x00, 0x5F, 0x04,
    0xE2, 0x07, 0x40, 0x00, 0x00, 0x00, 0x00, 0x00, 0x18, 0x00, 0xFF, 0x0F, 0xF7, 0x07, 0x54, 0x02,
    0x74, 0x00, 0x18, 0x00, 0x6F, 0x04, 0xC5, 0x0C, 0x04, 0x0C, 0xFC, 0x07, 0x00, 0x00, 0x00, 0x00,
    0x10, 0x02, 0xF6, 0x0B, 0x00, 0x05, 0xFE, 0x07, 0xFE, 0x00, 0xEA, 0x03, 0x7E, 0x01, 0xEA, 0x07,
    0x2A, 0x0C, 0xFE, 0x0F, 0x00, 0x00, 0x00, 0x00, 0xFE, 0x07, 0xF2, 0x07, 0xFA, 0x0B, 0x5E, 0x0A,
    0x78, 0x04, 0x4E, 0x02, 0xFF, 0x01, 0xFF, 0x01, 0x48, 0x07, 0x6C, 0x0C, 0x00, 0x04, 0x00, 0x00,
    0x18, 0x09, 0x54, 0x0D, 0x76, 0x0B, 0xFB, 0x0B, 0xFC, 0x07, 0xEC, 0x05, 0x6F, 0x03, 0x3A, 0x03,
    0x1A, 0x01, 0x10, 0x00, 0x00, 0x00, 0x00, 0x00, 0xF2, 0x07, 0xFE, 0x07, 0xF2, 0x0B, 0xA6, 0x04,
    0xFE, 0x06, 0xE6, 0x03, 0xFF, 0x0F, 0xD4, 0x03, 0xBF, 0x06, 0xE4, 0x04, 0x84, 0x04, 0x00, 0x00,
    0x78, 0x02, 0xFF, 0x03, 0xF8, 0x01, 0xFC, 0x07, 0xFE, 0x02, 0xE6, 0x01, 0xFF, 0x0F, 0xD4, 0x01,
    0xBF, 0x06, 0xE4, 0x04, 0x04, 0x04, 0x00, 0x00, 0x20, 0x0C, 0xE6, 0x07, 0x64, 0x06, 0x30, 0x06,
    0x2E, 0x0A, 0xA8, 0x09, 0xFF, 0x08, 0xA8, 0x0C, 0x2C, 0x0D, 0x20, 0x0F, 0x00, 0x04, 0x00, 0x00,
    0x10, 0x00, 0xF6, 0x07, 0x16, 0x07, 0x84, 0x04, 0xFE, 0x03, 0x84, 0x01, 0xFF, 0x0F, 0x94, 0x01,
    0xBF, 0x06, 0xE4, 0x04, 0x84, 0x04, 0x00, 0x00, 0xE8, 0x00, 0x78, 0x00, 0xDA, 0x07, 0xFE, 0x03,
    0xEE, 0x03, 0xFE, 0x03, 0xFE, 0x03, 0xDF, 0x07, 0xF8, 0x00, 0x68, 0x04, 0x40, 0x00, 0x00, 0x00,
    0x02, 0x00, 0x02, 0x00, 0x02, 0x00, 0x02, 0x04, 0xFE, 0x0F, 0xFE, 0x07, 0x02, 0x00, 0x02, 0x00,
    0x02, 0x00, 0x02, 0x00, 0x00, 0x00, 0x00, 0x00, 0xFE, 0x07, 0x42, 0x02, 0xDA, 0x02, 0xFE, 0x03,
    0x02, 0x00, 0x02, 0x04, 0x02, 0x0C, 0xFE, 0x0F, 0x02, 0x00, 0x03, 0x00, 0x02, 0x00, 0x00, 0x00,
    0xFE, 0x01, 0x82, 0x00, 0xFE, 0x00, 0xFE, 0x00, 0x02, 0x00, 0x02, 0x04, 0x02, 0x0C, 0xFE, 0x0F,
    0x02, 0x00, 0x03, 0x00, 0x02, 0x00, 0x00, 0x00, 0x1C, 0x00, 0xF7, 0x0F, 0x54, 0x06, 0x56, 0x02,
    0x02, 0x00, 0x02, 0x00, 0x02, 0x0C, 0xFE, 0x0F, 0x02, 0x00, 0x02, 0x00, 0x02, 0x00, 0x00, 0x00,
    0x02, 0x04, 0xFE, 0x07, 0xFE, 0x0B, 0x02, 0x08, 0xFA, 0x05, 0xF8, 0x07, 0xFE, 0x03, 0x7A, 0x02,
    0xF8, 0x07, 0xF9, 0x0D, 0x00, 0x00, 0x00, 0x00, 0x40, 0x0D, 0x78, 0x07, 0x7E, 0x01, 0xFF, 0x0F,
    0xCC, 0x07, 0x0C, 0x00, 0xFF, 0x0F, 0x7F, 0x01, 0x78, 0x01, 0xF8, 0x07, 0x00, 0x00, 0x00, 0x00,
    0x58, 0x00, 0xF7, 0x07, 0x54, 0x0E, 0x54, 0x06, 0x9C, 0x03, 0xD4, 0x06, 0xF7, 0x07, 0xF6, 0x0F,
    0x9C, 0x0C, 0x96, 0x0C, 0x00, 0x00, 0x00, 0x00, 0x18, 0x0C, 0x1E, 0x07, 0xC4, 0x03, 0x04, 0x06,
    0xE7, 0x07, 0xE7, 0x0F, 0x84, 0x0C, 0x84, 0x0C, 0x9C, 0x0C, 0x16, 0x0C, 0x00, 0x04, 0x00, 0x00,
    0x10, 0x04, 0xF6, 0x0F, 0x02, 0x06, 0x00, 0x01, 0x00, 0x00, 0x00, 0x04, 0x00, 0x0C, 0xFC, 0x0F,
    0x02, 0x00, 0x02, 0x00, 0x00, 0x00, 0x00, 0x00, 0x40, 0x00, 0x54, 0x0C, 0x50, 0x06, 0x52, 0x05,
    0xFE, 0x05, 0x7E, 0x04, 0x52, 0x05, 0x5B, 0x06, 0x5B, 0x0E, 0x40, 0x00, 0x40, 0x00, 0x00, 0x00,
    0x04, 0x04, 0x64, 0x03, 0xFC, 0x01, 0xCE, 0x04, 0x47, 0x0C, 0xF4, 0x0F, 0x44, 0x00, 0xC4, 0x01,
    0x64, 0x03, 0x06, 0x06, 0x00, 0x00, 0x00, 0x00, 0xA0, 0x00, 0x98, 0x00, 0x4C, 0x02, 0x4F, 0x02,
    0xB5, 0x04, 0xB4, 0x0D, 0x7C, 0x0C, 0xCE, 0x00, 0xC4, 0x00, 0xC0, 0x00, 0x00, 0x00, 0x00, 0x00,
    0x10, 0x08, 0xF0, 0x0B, 0xFA, 0x0B, 0xBE, 0x09, 0xF8, 0x0F, 0xF8, 0x0F, 0xAE, 0x09, 0xEA, 0x0B,
    0x70, 0x0A, 0x12, 0x0C, 0x00, 0x00, 0x00, 0x00, 0x38, 0x00, 0xFF, 0x0F, 0x18, 0x00, 0xF2, 0x0B,
    0xBE, 0x0B, 0xFE, 0x0B, 0xFA, 0x0F, 0xBF, 0x0B, 0xFE, 0x0B, 0x12, 0x0C, 0x00, 0x00, 0x00, 0x00,
    0x12, 0x03, 0xD0, 0x03, 0x70, 0x09, 0xD2, 0x09, 0x9A, 0x07, 0x08, 0x03, 0xFF, 0x01, 0x0F, 0x04,
    0x08, 0x0C, 0xF8, 0x07, 0x08, 0x00, 0x00, 0x00, 0xC8, 0x00, 0xFF, 0x0F, 0xFF, 0x07, 0x6C, 0x06,
    0x64, 0x03, 0xDC, 0x05, 0xF7, 0x0F, 0xF4, 0x07, 0xC4, 0x01, 0x64, 0x07, 0x04, 0x04, 0x00, 0x00,
    0x30, 0x00, 0xFE, 0x0F, 0x03, 0x00, 0xFE, 0x0F, 0x0A, 0x00, 0xEA, 0x03, 0x2A, 0x01, 0xEA, 0x05,
    0x0A, 0x0C, 0xFE, 0x0F, 0x00, 0x00, 0x00, 0x00, 0x38, 0x00, 0xFF, 0x0F, 0x18, 0x00, 0xFE, 0x0F,
    0xFE, 0x07, 0xEA, 0x03, 0x2A, 0x01, 0xEA, 0x05, 0x0A, 0x0C, 0xFE, 0x0F, 0x00, 0x00, 0x00, 0x00,
    0xC2, 0x07, 0xEE, 0x03, 0x1C, 0x04, 0x64, 0x03, 0xFC, 0x01, 0xCE, 0x0C, 0xF7, 0x0F, 0xD4, 0x00,
    0xC4, 0x01, 0x66, 0x07, 0x00, 0x00, 0x00, 0x00, 0x98, 0x07, 0xF3, 0x07, 0x18, 0x00, 0xFF, 0x0F,
    0x0A, 0x00, 0xEA, 0x01, 0x2A, 0x00, 0xEA, 0x05, 0x0A, 0x04, 0xFF, 0x07, 0x00, 0x00, 0x00, 0x00,
    0x7C, 0x08, 0x7E, 0x0C, 0x22, 0x06, 0xFE, 0x03, 0x56, 0x00, 0xDF, 0x07, 0xFC, 0x0C, 0x44, 0x08,
    0x7E, 0x0C, 0x7E, 0x0E, 0x00, 0x00, 0x00, 0x00, 0xC8, 0x04, 0xFF, 0x0F, 0xFF, 0x07, 0x2C, 0x01,
    0x18, 0x01, 0x6E, 0x01, 0x0C, 0x00, 0xFF, 0x0F, 0xFE, 0x07, 0xC0, 0x00, 0x00, 0x00, 0x00, 0x00,
    0x00, 0x01, 0x10, 0x01, 0x32, 0x01, 0x6E, 0x00, 0x80, 0x00, 0x80, 0x00, 0xFF, 0x0F, 0x80, 0x00,
    0x80, 0x00, 0x40, 0x00, 0x40, 0x00, 0x00, 0x00, 0xFE, 0x0F, 0x12, 0x09, 0xEE, 0x05, 0x16, 0x06,
    0xD4, 0x03, 0x14, 0x06, 0xFF, 0x07, 0x94, 0x04, 0x94, 0x0C, 0x94, 0x0C, 0x00, 0x00, 0x00, 0x00,
    0x02, 0x04, 0x02, 0x04, 0xFA, 0x05, 0x4A, 0x07, 0x4A, 0x04, 0x4A, 0x04, 0x4A, 0x07, 0xFA, 0x05,
    0x7A, 0x04, 0x02, 0x04, 0x00, 0x04, 0x00, 0x00, 0x20, 0x04, 0xE6, 0x03, 0x24, 0x06, 0x02, 0x06,
    0x7A, 0x0E, 0xAA, 0x0F, 0x2A, 0x0E, 0xEA, 0x0F, 0x7E, 0x0E, 0x03, 0x0F, 0x00, 0x04, 0x00, 0x00,
    0xD8, 0x04, 0xFC, 0x0B, 0xFC, 0x08, 0xFC, 0x08, 0xEC, 0x0F, 0xAF, 0x0E, 0xAE, 0x08, 0xAC, 0x0F,
    0xFC, 0x09, 0x2E, 0x0C, 0x00, 0x00, 0x00, 0x00, 0x14, 0x01, 0xD4, 0x0F, 0x7F, 0x05, 0x74, 0x05,
    0xDC, 0x07, 0x56, 0x00, 0xFE, 0x0F, 0xFE, 0x0F, 0x3A, 0x02, 0xC6, 0x03, 0x80, 0x01, 0x00, 0x00,
    0x30, 0x00, 0x18, 0x0C, 0xFF, 0x0F, 0x5A, 0x07, 0x76, 0x07, 0x66, 0x07, 0x3E, 0x07, 0xDA, 0x0F,
    0xFE, 0x07, 0x22, 0x00, 0x00, 0x00, 0x00, 0x00, 0x12, 0x00, 0x9A, 0x07, 0xFA, 0x07, 0x1A, 0x00,
    0x5F, 0x03, 0xDF, 0x07, 0x1A, 0x0C, 0xFE, 0x0F, 0xF6, 0x03, 0x92, 0x02, 0x80, 0x00, 0x00, 0x00,
    0x9E, 0x00, 0xCE, 0x00, 0xFF, 0x0F, 0x28, 0x09, 0x54, 0x09, 0xB4, 0x05, 0x3F, 0x07, 0xF4, 0x03,
    0x36, 0x05, 0x9A, 0x0D, 0x00, 0x00, 0x00, 0x00, 0x92, 0x05, 0xEC, 0x0C, 0xFE, 0x0F, 0x02, 0x04,
    0xF8, 0x0C, 0xC8, 0x04, 0xFE, 0x07, 0xFE, 0x07, 0x88, 0x04, 0xFC, 0x0E, 0x00, 0x0C, 0x00, 0x00,
    0x10, 0x00, 0xF6, 0x0F, 0x04, 0x06, 0x10, 0x0B, 0xD4, 0x0D, 0xFE, 0x07, 0x9F, 0x03, 0xF4, 0x07,
    0x16, 0x05, 0x98, 0x0D, 0x10, 0x01, 0x00, 0x00, 0x10, 0x03, 0xFF, 0x01, 0x98, 0x03, 0x98, 0x01,
    0xD4, 0x0F, 0xD6, 0x0F, 0x7F, 0x05, 0x5C, 0x05, 0xDC, 0x0F, 0x56, 0x00, 0x10, 0x00, 0x00, 0x00,
    0xFE, 0x07, 0xD2, 0x02, 0xFE, 0x03, 0x96, 0x01, 0xD4, 0x0F, 0xD4, 0x0F, 0x7F, 0x05, 0x5C, 0x05,
    0xDC, 0x0F, 0x56, 0x00, 0x10, 0x00, 0x00, 0x00, 0xFE, 0x0D, 0xFA, 0x07, 0x7A, 0x01, 0xFE, 0x07,
    0x94, 0x01, 0xD4, 0x0F, 0x7F, 0x05, 0x74, 0x05, 0xDC, 0x0F, 0xD6, 0x0F, 0x10, 0x00, 0x00, 0x00,
    0xC8, 0x00, 0xFF, 0x0F, 0xFF, 0x0F, 0x6C, 0x04, 0x58, 0x04, 0x10, 0x04, 0xFF, 0x07, 0xFF, 0x07,
    0x10, 0x04, 0x10, 0x04, 0x00, 0x04, 0x00, 0x00, 0x5E, 0x04, 0xF7, 0x07, 0x54, 0x0E, 0xD4, 0x07,
    0xFE, 0x09, 0xBE, 0x04, 0xBF, 0x07, 0xB2, 0x07, 0xFE, 0x05, 0x9A, 0x0C, 0x00, 0x04, 0x00, 0x00,
    0xFE, 0x07, 0xD2, 0x00, 0xD2, 0x0C, 0xFE, 0x07, 0x10, 0x04, 0x00, 0x04, 0xFE, 0x07, 0xFF, 0x07,
    0x10, 0x04, 0x10, 0x04, 0x00, 0x04, 0x00, 0x00, 0x00, 0x06, 0xFE, 0x0B, 0x90, 0x08, 0x94, 0x08,
    0xFC, 0x05, 0xB7, 0x06, 0xB6, 0x07, 0xFC, 0x0D, 0x92, 0x0C, 0x1A, 0x0C, 0x00, 0x00, 0x00, 0x00,
    0x18, 0x07, 0xF6, 0x0F, 0x3C, 0x06, 0xFE, 0x0B, 0x94, 0x08, 0xFC, 0x04, 0xB7, 0x07, 0xB6, 0x07,
    0xFC, 0x05, 0x1A, 0x0C, 0x00, 0x04, 0x00, 0x00, 0xC8, 0x04, 0xFF, 0x06, 0x8F, 0x03, 0xFC, 0x0F,
    0x08, 0x06, 0xFC, 0x03, 0x44, 0x00, 0x47, 0x00, 0x46, 0x00, 0x7C, 0x00, 0x04, 0x00, 0x00, 0x00,
    0xF8, 0x02, 0xCE, 0x03, 0xF8, 0x01, 0x1C, 0x01, 0xEE, 0x0F, 0xCA, 0x04, 0xEF, 0x07, 0xEF, 0x07,
    0x48, 0x0C, 0xDE, 0x0F, 0x10, 0x00, 0x00, 0x00, 0x58, 0x04, 0xCF, 0x03, 0xF8, 0x01, 0x6C, 0x03,
    0x62, 0x0A, 0xFA, 0x0B, 0x4A, 0x0A, 0x4A, 0x0E, 0xFA, 0x0B, 0x7A, 0x0C, 0x00, 0x00, 0x00, 0x00,
    0x5E, 0x04, 0xF7, 0x07, 0x56, 0x03, 0x56, 0x03, 0xFE, 0x0F, 0x6B, 0x09, 0x79, 0x04, 0xEE, 0x07,
    0xEE, 0x07, 0x7A, 0x0C, 0x18, 0x04, 0x00, 0x00, 0x00, 0x03, 0xFE, 0x0F, 0x4A, 0x09, 0x6B, 0x09,
    0x2B, 0x04, 0x7E, 0x04, 0x82, 0x03, 0x82, 0x03, 0xFE, 0x06, 0x18, 0x04, 0x08, 0x04, 0x00, 0x00,
    0xFE, 0x07, 0x96, 0x05, 0x7C, 0x04, 0xFF, 0x07, 0x5C, 0x0E, 0x94, 0x06, 0xFE, 0x03, 0x12, 0x00,
    0xF3, 0x0F, 0x11, 0x00, 0x10, 0x00, 0x00, 0x00, 0x98, 0x06, 0xF6, 0x02, 0x9A, 0x02, 0xFE, 0x0F,
    0xFE, 0x0F, 0x6B, 0x09, 0x5E, 0x04, 0xC6, 0x07, 0xDE, 0x07, 0x52, 0x0C, 0x10, 0x04, 0x00, 0x00,
    0x08, 0x03, 0xFF, 0x01, 0xC8, 0x00, 0xB8, 0x00, 0xFE, 0x0F, 0xA7, 0x04, 0xA8, 0x04, 0xFF, 0x07,
    0xA0, 0x04, 0xB4, 0x06, 0x04, 0x04, 0x00, 0x00, 0x00, 0x08, 0xF8, 0x04, 0x79, 0x06, 0xCE, 0x03,
    0x48, 0x00, 0xCC, 0x07, 0xCF, 0x07, 0x7F, 0x04, 0x78, 0x04, 0x00, 0x06, 0x00, 0x04, 0x00, 0x00,
    0xFE, 0x0F, 0x92, 0x00, 0xBE, 0x05, 0xC2, 0x04, 0x00, 0x03, 0xFE, 0x01, 0x3F, 0x00, 0xE0, 0x01,
    0x00, 0x07, 0x00, 0x06, 0x00, 0x04, 0x00, 0x00, 0x0C, 0x02, 0x14, 0x01, 0xE4, 0x00, 0xFC, 0x03,
    0x0C, 0x03, 0xE8, 0x00, 0xC8, 0x04, 0x08, 0x0C, 0xFF, 0x07, 0x08, 0x00, 0x08, 0x00, 0x00, 0x00,
    0x10, 0x03, 0xFF, 0x01, 0x10, 0x03, 0x7C, 0x07, 0xEF, 0x0F, 0xFC, 0x09, 0x7E, 0x04, 0xFE, 0x02,
    0xFB, 0x03, 0x38, 0x0C, 0x08, 0x04, 0x00, 0x00, 0xFC, 0x03, 0x04, 0x01, 0xFC, 0x03, 0x04, 0x00,
    0xF4, 0x01, 0x84, 0x00, 0xFF, 0x0F, 0x84, 0x08, 0xF4, 0x09, 0xF4, 0x0C, 0x04, 0x0E, 0x00, 0x00,
    0xFE, 0x07, 0xF2, 0x07, 0xDE, 0x02, 0x46, 0x03, 0xFC, 0x01, 0xBF, 0x07, 0x8E, 0x05, 0xBE, 0x09,
    0xFF, 0x0F, 0xFE, 0x01, 0x00, 0x01, 0x00, 0x00, 0x7C, 0x01, 0x7C, 0x05, 0xDB, 0x0F, 0xFC, 0x09,
    0x7E, 0x08, 0x32, 0x04, 0xFF, 0x02, 0xC9, 0x03, 0x78, 0x06, 0x0C, 0x04, 0x00, 0x04, 0x00, 0x00,
    0xF4, 0x00, 0xFE, 0x07, 0xFF, 0x07, 0xF4, 0x06, 0x76, 0x0A, 0xFA, 0x05, 0x8A, 0x07, 0xFE, 0x03,
    0x0A, 0x02, 0xFE, 0x0D, 0x02, 0x00, 0x00, 0x00, 0xFE, 0x0F, 0xFE, 0x07, 0x78, 0x04, 0x48, 0x04,
    0xFE, 0x05, 0x4A, 0x07, 0x78, 0x07, 0xFC, 0x07, 0xFE, 0x07, 0xFF, 0x0F, 0x00, 0x00, 0x00, 0x00,
    0x18, 0x00, 0xFF, 0x0F, 0xD7, 0x06, 0x54, 0x02, 0xF4, 0x00, 0xF4, 0x00, 0xFE, 0x07, 0xFF, 0x0F,
    0x84, 0x08, 0xF4, 0x0C, 0x04, 0x06, 0x00, 0x00, 0x00, 0x04, 0xFE, 0x03, 0x0A, 0x00, 0xEA, 0x0F,
    0xAA, 0x05, 0xBE, 0x05, 0xBE, 0x05, 0xAB, 0x05, 0xE9, 0x0F, 0x0C, 0x00, 0x08, 0x00, 0x00, 0x00,
    0x20, 0x04, 0xE6, 0x07, 0x00, 0x06, 0xFE, 0x0D, 0x0A, 0x08, 0xFA, 0x0F, 0xDE, 0x0A, 0xDE, 0x0E,
    0xFB, 0x0F, 0x0C, 0x0C, 0x00, 0x00, 0x00, 0x00, 0xC8, 0x04, 0xFF, 0x0F, 0x28, 0x04, 0xEA, 0x06,
    0xDE, 0x03, 0xFE, 0x0F, 0x62, 0x04, 0xDE, 0x07, 0xDE, 0x07, 0x72, 0x0C, 0x00, 0x04, 0x00, 0x00,
    0xFE, 0x03, 0x84, 0x00, 0xFE, 0x09, 0x5C, 0x0A, 0x4C, 0x09, 0xAE, 0x0F, 0xFB, 0x06, 0xF8, 0x06,
    0x8C, 0x03, 0xC6, 0x01, 0x00, 0x00, 0x00, 0x00, 0x50, 0x08, 0x48, 0x08, 0x4C, 0x09, 0xAE, 0x0D,
    0xFB, 0x07, 0x70, 0x06, 0x58, 0x02, 0x4C, 0x03, 0xC6, 0x01, 0xC0, 0x00, 0x00, 0x00, 0x00, 0x00,
    0xC4, 0x00, 0x24, 0x00, 0xB4, 0x01, 0x9C, 0x03, 0x07, 0x04, 0x04, 0x0C, 0xFC, 0x0F, 0xB4, 0x00,
    0x36, 0x00, 0x76, 0x00, 0x20, 0x00, 0x00, 0x00, 0x10, 0x03, 0xFF, 0x01, 0x98, 0x04, 0xF8, 0x02,
    0x58, 0x03, 0xCE, 0x00, 0xE0, 0x0F, 0xDF, 0x01, 0x52, 0x03, 0x50, 0x06, 0x00, 0x04, 0x00, 0x00,
    0xFE, 0x06, 0xFE, 0x03, 0xAB, 0x0D, 0xFE, 0x0F, 0x60, 0x04, 0x5E, 0x03, 0xE6, 0x0F, 0xE2, 0x0F,
    0x5E, 0x03, 0x70, 0x06, 0x40, 0x04, 0x00, 0x00, 0x60, 0x04, 0x60, 0x06, 0x58, 0x03, 0xCF, 0x01,
    0xE0, 0x0F, 0xE1, 0x07, 0xDF, 0x01, 0x58, 0x03, 0x50, 0x06, 0x58, 0x06, 0x00, 0x00, 0x00, 0x00,
    0xFE, 0x07, 0xFE, 0x07, 0xF2, 0x03, 0x7E, 0x06, 0x70, 0x02, 0xDE, 0x01, 0xE2, 0x0F, 0xE2, 0x05,
    0x5F, 0x03, 0x50, 0x06, 0x50, 0x06, 0x00, 0x00, 0xE0, 0x07, 0xFE, 0x01, 0xFF, 0x05, 0xFE, 0x0F,
    0x1C, 0x00, 0x1C, 0x00, 0xF5, 0x0F, 0xC7, 0x0C, 0x64, 0x0C, 0x2E, 0x0C, 0x04, 0x04, 0x00, 0x00,
    0x60, 0x06, 0x5E, 0x03, 0xCE, 0x01, 0xF2, 0x0F, 0x5E, 0x01, 0x78, 0x03, 0x10, 0x00, 0xFC, 0x05,
    0x00, 0x0C, 0xFF, 0x0F, 0x00, 0x00, 0x00, 0x00, 0x30, 0x00, 0xFF, 0x0F, 0x08, 0x00, 0x30, 0x00,
    0xFC, 0x0F, 0xDF, 0x02, 0xDB, 0x02, 0xD8, 0x06, 0xFE, 0x0F, 0xD2, 0x07, 0x00, 0x00, 0x00, 0x00,
    0xFE, 0x09, 0xFE, 0x0A, 0x5E, 0x0A, 0x72, 0x0A, 0x1A, 0x0F, 0xFE, 0x0F, 0x5B, 0x0A, 0xDA, 0x0A,
    0xFE, 0x0B, 0x0A, 0x0C, 0x00, 0x08, 0x00, 0x00, 0xFC, 0x06, 0xFF, 0x03, 0xFC, 0x02, 0xFC, 0x07,
    0x94, 0x0C, 0xFE, 0x07, 0x52, 0x02, 0xFF, 0x01, 0xD2, 0x07, 0x7E, 0x04, 0x00, 0x0E, 0x00, 0x00,
    0xF8, 0x03, 0xFF, 0x03, 0xF8, 0x01, 0xF8, 0x03, 0x94, 0x0D, 0xFE, 0x0F, 0x52, 0x02, 0xFF, 0x03,
    0xD2, 0x07, 0x7C, 0x0C, 0x10, 0x0E, 0x00, 0x00, 0xD4, 0x04, 0xFE, 0x07, 0x32, 0x01, 0xFF, 0x03,
    0x7E, 0x06, 0x78, 0x0F, 0xFE, 0x01, 0xBB, 0x05, 0xFE, 0x0D, 0xDE, 0x07, 0x80, 0x00, 0x00, 0x00,
    0x30, 0x00, 0xFE, 0x0F, 0x97, 0x00, 0x94, 0x04, 0xFE, 0x0F, 0x52, 0x06, 0x7F, 0x02, 0xFF, 0x03,
    0xF6, 0x06, 0x3C, 0x0C, 0x00, 0x0A, 0x00, 0x00, 0xB6, 0x01, 0xFE, 0x0F, 0xEF, 0x04, 0xFA, 0x0F,
    0xC6, 0x08, 0xFE, 0x0D, 0x8A, 0x07, 0xFE, 0x03, 0x2A, 0x06, 0xFB, 0x0D, 0x00, 0x00, 0x00, 0x00,
    0x10, 0x00, 0xF6, 0x0F, 0x54, 0x06, 0x30, 0x01, 0xFE, 0x0F, 0x83, 0x00, 0x40, 0x00, 0xFF, 0x07,
    0x18, 0x0C, 0x0C, 0x06, 0x00, 0x04, 0x00, 0x00, 0xE8, 0x05, 0x7F, 0x07, 0xF8, 0x03, 0x98, 0x06,
    0x92, 0x08, 0xFE, 0x0F, 0x52, 0x02, 0xFF, 0x01, 0xD2, 0x07, 0x7C, 0x0C, 0x10, 0x0A, 0x00, 0x00,
    0x40, 0x07, 0x4E, 0x00, 0xDA, 0x07, 0x7E, 0x07, 0xFE, 0x0C, 0xFE, 0x0F, 0x7E, 0x0C, 0x5A, 0x06,
    0xCE, 0x01, 0x62, 0x03, 0x00, 0x00, 0x00, 0x00, 0x00, 0x06, 0xFE, 0x03, 0x02, 0x00, 0xFA, 0x07,
    0xFA, 0x07, 0x8A, 0x0C, 0x8A, 0x0D, 0xFA, 0x0C, 0x1A, 0x0C, 0x02, 0x07, 0x00, 0x00, 0x00, 0x00,
    0xC8, 0x04, 0xFF, 0x0F, 0x6D, 0x0C, 0x24, 0x06, 0xFE, 0x01, 0x1A, 0x00, 0xFA, 0x0F, 0x8A, 0x0C,
    0xFA, 0x0D, 0x1A, 0x0C, 0x02, 0x04, 0x00, 0x00, 0x22, 0x0C, 0xE6, 0x07, 0x60, 0x04, 0xDE, 0x0F,
    0xFE, 0x0B, 0xF6, 0x0A, 0x66, 0x0A, 0xA6, 0x0B, 0xBF, 0x0F, 0xE0, 0x0F, 0x00, 0x04, 0x00, 0x00,
    0x7E, 0x00, 0xEA, 0x01, 0xEE, 0x0D, 0x7E, 0x0D, 0x6A, 0x07, 0x6E, 0x01, 0x42, 0x0C, 0xFE, 0x0F,
    0x3A, 0x02, 0xC6, 0x03, 0x82, 0x01, 0x00, 0x00, 0x1E, 0x04, 0xE7, 0x07, 0x9C, 0x02, 0x9C, 0x05,
    0xFE, 0x0F, 0xFE, 0x07, 0x52, 0x02, 0xFF, 0x01, 0xD6, 0x07, 0x7C, 0x0C, 0x10, 0x0E, 0x00, 0x00,
    0x00, 0x06, 0xFE, 0x00, 0x4A, 0x07, 0x6A, 0x0D, 0xDE, 0x08, 0x5E, 0x0B, 0x7A, 0x0C, 0x6E, 0x0E,
    0xFE, 0x01, 0x00, 0x06, 0x00, 0x00, 0x00, 0x00, 0x02, 0x00, 0xFA, 0x07, 0x0A, 0x00, 0xFA, 0x07,
    0x1E, 0x00, 0xFA, 0x03, 0xFA, 0x03, 0x0A, 0x04, 0xFA, 0x07, 0x13, 0x00, 0x02, 0x00, 0x00, 0x00,
    0x00, 0x04, 0x00, 0x06, 0xFE, 0x03, 0xFE, 0x00, 0x00, 0x00, 0x02, 0x00, 0xFE, 0x07, 0x00, 0x04,
    0x00, 0x04, 0x00, 0x07, 0x00, 0x00, 0x00, 0x00, 0x02, 0x01, 0x02, 0x01, 0xFE, 0x01, 0x6A, 0x01,
    0x0A, 0x01, 0x0A, 0x01, 0xFE, 0x07, 0xFE, 0x07, 0x02, 0x01, 0x83, 0x01, 0x00, 0x00, 0x00, 0x00,
    0x20, 0x06, 0x18, 0x03, 0xCE, 0x01, 0x67, 0x04, 0x04, 0x0C, 0xFC, 0x07, 0x04, 0x00, 0xC4, 0x00,
    0x8C, 0x01, 0x0C, 0x03, 0x00, 0x00, 0x00, 0x00, 0x1C, 0x04, 0xF7, 0x0F, 0x0C, 0x03, 0x86, 0x02,
    0xFE, 0x03, 0xFE, 0x03, 0x52, 0x00, 0x52, 0x01, 0xFE, 0x0F, 0x02, 0x01, 0x00, 0x01, 0x00, 0x00,
    0x98, 0x07, 0xF3, 0x07, 0x1E, 0x01, 0x02, 0x01, 0xFE, 0x01, 0x2A, 0x01, 0x2A, 0x01, 0xFE, 0x0F,
    0xFE, 0x0F, 0x83, 0x01, 0x80, 0x00, 0x00, 0x00, 0x00, 0x02, 0x00, 0x02, 0x00, 0x02, 0x00, 0x02,
    0x00, 0x02, 0x00, 0x02, 0x00, 0x02, 0x04, 0x02, 0x04, 0x02, 0x00, 0x02, 0x00, 0x00, 0x00, 0x00,
    0x34, 0x0A, 0xEC, 0x07, 0xCC, 0x07, 0xCC, 0x00, 0xFC, 0x07, 0x54, 0x08, 0xFF, 0x00, 0x85, 0x03,
    0x07, 0x04, 0x06, 0x0E, 0x00, 0x00, 0x00, 0x00, 0x08, 0x06, 0x1E, 0x0B, 0xD2, 0x09, 0x78, 0x04,
    0xDF, 0x04, 0x53, 0x03, 0xD0, 0x03, 0xF2, 0x04, 0x5E, 0x04, 0x18, 0x0C, 0x00, 0x00, 0x00, 0x00,
    0x80, 0x00, 0x9F, 0x07, 0xF8, 0x0F, 0x0E, 0x02, 0x0E, 0x00, 0xEA, 0x03, 0x0E, 0x00, 0x08, 0x0C,
    0xFF, 0x0F, 0xEF, 0x03, 0x00, 0x00, 0x00, 0x00, 0x88, 0x01, 0xC6, 0x0F, 0xF7, 0x0F, 0x9C, 0x08,
    0x8A, 0x0C, 0xF6, 0x05, 0x57, 0x07, 0xFC, 0x07, 0xCC, 0x0C, 0x62, 0x0C, 0x00, 0x0A, 0x00, 0x00,
    0x30, 0x00, 0xFC, 0x0F, 0x17, 0x00, 0x10, 0x04, 0x10, 0x04, 0x7F, 0x02, 0xD0, 0x03, 0x92, 0x03,
    0x76, 0x04, 0x28, 0x0E, 0x00, 0x00, 0x00, 0x00, 0x04, 0x06, 0x24, 0x02, 0x24, 0x03, 0x26, 0x05,
    0xBE, 0x04, 0xE2, 0x0C, 0x62, 0x0C, 0x32, 0x0C, 0x22, 0x0C, 0x00, 0x04, 0x00, 0x00, 0x00, 0x00,
    0xFC, 0x0F, 0xED, 0x06, 0xF3, 0x03, 0xFC, 0x03, 0x2E, 0x02, 0xFE, 0x01, 0xEE, 0x01, 0x5A, 0x02,
    0x92, 0x0F, 0xFF, 0x0F, 0x00, 0x00, 0x00, 0x00, 0x30, 0x07, 0xE6, 0x0F, 0x78, 0x00, 0x4C, 0x04,
    0x48, 0x07, 0xFE, 0x05, 0xFF, 0x04, 0x48, 0x05, 0x4C, 0x06, 0x68, 0x0C, 0x40, 0x00, 0x00, 0x00,
    0x22, 0x06, 0xFE, 0x03, 0x26, 0x02, 0x62, 0x05, 0x40, 0x0E, 0xC0, 0x07, 0xFF, 0x04, 0x40, 0x04,
    0x44, 0x06, 0x64, 0x0C, 0x40, 0x00, 0x00, 0x00, 0x22, 0x0F, 0xEE, 0x0F, 0x3A, 0x00, 0xAF, 0x0F,
    0xFA, 0x0F, 0xEA, 0x07, 0xFF, 0x07, 0x7E, 0x02, 0xFE, 0x0F, 0xA2, 0x00, 0x80, 0x00, 0x00, 0x00,
    0xFC, 0x01, 0xFF, 0x0F, 0x84, 0x09, 0xFC, 0x05, 0x00, 0x06, 0xFE, 0x01, 0x62, 0x00, 0x62, 0x00,
    0xFE, 0x07, 0x00, 0x04, 0x00, 0x07, 0x00, 0x00, 0x4A, 0x00, 0x4A, 0x00, 0xEE, 0x0F, 0x1A, 0x05,
    0xFE, 0x07, 0xFE, 0x07, 0x1F, 0x05, 0xEF, 0x0F, 0xE8, 0x00, 0x68, 0x00, 0x00, 0x00, 0x00, 0x00,
    0xC2, 0x0F, 0xBE, 0x07, 0xFE, 0x07, 0x3F, 0x05, 0xEF, 0x07, 0xBA, 0x05, 0xF2, 0x0C, 0xFE, 0x07,
    0xF2, 0x04, 0xFE, 0x0F, 0x00, 0x00, 0x00, 0x00, 0x24, 0x09, 0xFF, 0x09, 0x7C, 0x05, 0x7E, 0x07,
    0xF6, 0x01, 0xFE, 0x01, 0x3C, 0x03, 0xFC, 0x05, 0xFF, 0x0D, 0xB4, 0x0D, 0x00, 0x00, 0x00, 0x00,
    0x72, 0x00, 0xFE, 0x07, 0xF2, 0x0B, 0xF2, 0x07, 0x82, 0x03, 0xFE, 0x00, 0x22, 0x00, 0xFE, 0x03,
    0xFE, 0x07, 0x00, 0x04, 0x00, 0x07, 0x00, 0x00, 0x5C, 0x00, 0xF7, 0x0F, 0x54, 0x0E, 0x56, 0x07,
    0x42, 0x07, 0xFE, 0x00, 0x62, 0x00, 0xFE, 0x03, 0xFE, 0x07, 0x00, 0x06, 0x00, 0x04, 0x00, 0x00,
    0x34, 0x08, 0x3F, 0x04, 0xBE, 0x07, 0xFE, 0x05, 0xFE, 0x0F, 0xFA, 0x07, 0xEE, 0x03, 0x9F, 0x05,
    0x3C, 0x0D, 0x26, 0x00, 0x20, 0x00, 0x00, 0x00, 0x00, 0x04, 0x00, 0x07, 0xFE, 0x01, 0x12, 0x00,
    0x62, 0x00, 0x42, 0x00, 0xFE, 0x07, 0x02, 0x04, 0x00, 0x04, 0x00, 0x07, 0x00, 0x00, 0x00, 0x00,
    0x78, 0x04, 0xFF, 0x03, 0x7F, 0x01, 0x0E, 0x0B, 0xFA, 0x05, 0xFA, 0x07, 0xEE, 0x03, 0x6A, 0x02,
    0xFA, 0x07, 0xFB, 0x0D, 0x02, 0x00, 0x00, 0x00, 0x00, 0x06, 0xFE, 0x0B, 0x1E, 0x00, 0x12, 0x04,
    0xF2, 0x06, 0x92, 0x03, 0xD2, 0x03, 0xF3, 0x06, 0x13, 0x04, 0x00, 0x04, 0x00, 0x04, 0x00, 0x00,
    0x20, 0x0C, 0xE6, 0x07, 0x24, 0x06, 0x80, 0x05, 0xFE, 0x0E, 0x52, 0x0D, 0xD2, 0x0D, 0xF2, 0x0C,
    0xBA, 0x0D, 0x02, 0x0F, 0x00, 0x04, 0x00, 0x00, 0x64, 0x02, 0xD8, 0x0F, 0xD0, 0x00, 0x3F, 0x00,
    0xF0, 0x07, 0x10, 0x0C, 0x1F, 0x09, 0x16, 0x09, 0xF0, 0x0D, 0x02, 0x0E, 0x00, 0x04, 0x00, 0x00,
    0xFE, 0x05, 0xFA, 0x03, 0xFA, 0x01, 0xFE, 0x06, 0x00, 0x06, 0xFE, 0x05, 0x32, 0x06, 0xD2, 0x03,
    0xF3, 0x03, 0x19, 0x06, 0x00, 0x04, 0x00, 0x00, 0x12, 0x01, 0xCE, 0x04, 0xFC, 0x0F, 0xF3, 0x03,
    0x00, 0x00, 0xFE, 0x07, 0x02, 0x04, 0x42, 0x04, 0xFE, 0x0C, 0x3E, 0x06, 0x00, 0x07, 0x00, 0x00,
    0x0E, 0x04, 0xF7, 0x07, 0x0C, 0x0E, 0x0C, 0x07, 0xFE, 0x0B, 0x32, 0x04, 0xF2, 0x03, 0x92, 0x03,
    0xF2, 0x06, 0x12, 0x04, 0x00, 0x04, 0x00, 0x00, 0x18, 0x01, 0xF2, 0x0F, 0x36, 0x04, 0x10, 0x02,
    0x12, 0x02, 0x16, 0x05, 0xDE, 0x04, 0x72, 0x04, 0x32, 0x0C, 0x12, 0x04, 0x00, 0x04, 0x00, 0x00,
    0x00, 0x03, 0xFF, 0x09, 0x18, 0x05, 0x88, 0x04, 0x84, 0x03, 0xFD, 0x01, 0x2F, 0x04, 0x24, 0x0C,
    0xE4, 0x07, 0x24, 0x00, 0x00, 0x00, 0x00, 0x00, 0x22, 0x08, 0x22, 0x04, 0x26, 0x06, 0xEF, 0x01,
    0xFA, 0x00, 0xBA, 0x04, 0xAF, 0x0C, 0xA6, 0x07, 0xA2, 0x00, 0x32, 0x00, 0x00, 0x00, 0x00, 0x00,
    0x04, 0x00, 0x04, 0x04, 0x04, 0x03, 0xFC, 0x01, 0x3F, 0x00, 0x26, 0x04, 0x24, 0x0C, 0xE4, 0x07,
    0x24, 0x00, 0x04, 0x00, 0x00, 0x00, 0x00, 0x00, 0xFE, 0x03, 0x5A, 0x04, 0x5A, 0x0C, 0xFE, 0x0F,
    0x04, 0x06, 0xFC, 0x03, 0x3F, 0x04, 0x26, 0x0C, 0xE4, 0x07, 0xE4, 0x00, 0x04, 0x00, 0x00, 0x00,
    0x00, 0x06, 0xFE, 0x0B, 0x54, 0x08, 0x50, 0x04, 0xD3, 0x03, 0xF3, 0x01, 0x70, 0x0C, 0x50, 0x0C,
    0xDE, 0x07, 0x60, 0x00, 0x00, 0x00, 0x00, 0x00, 0xFE, 0x0F, 0x1A, 0x09, 0xE6, 0x09, 0x86, 0x06,
    0x84, 0x03, 0xFF, 0x00, 0x26, 0x0C, 0x24, 0x0E, 0xE4, 0x07, 0x04, 0x00, 0x00, 0x00, 0x00, 0x00,
    0xC8, 0x04, 0xFE, 0x07, 0x8B, 0x03, 0xF8, 0x0E, 0x08, 0x04, 0x88, 0x03, 0xF9, 0x04, 0x2E, 0x0C,
    0xE8, 0x0F, 0xEC, 0x01, 0x00, 0x00, 0x00, 0x00, 0x30, 0x00, 0xFC, 0x0F, 0x07, 0x08, 0x00, 0x04,
    0x80, 0x03, 0xFF, 0x00, 0x26, 0x04, 0x20, 0x0C, 0xE4, 0x07, 0x24, 0x00, 0x00, 0x00, 0x00, 0x00,
    0x10, 0x00, 0xF7, 0x0F, 0x02, 0x0E, 0x04, 0x07, 0x84, 0x03, 0xFD, 0x00, 0x27, 0x04, 0x24, 0x0C,
    0xE4, 0x07, 0x24, 0x00, 0x00, 0x00, 0x00, 0x00, 0xD8, 0x02, 0xF6, 0x02, 0xB3, 0x0A, 0x8C, 0x05,
    0x0C, 0x03, 0xE8, 0x01, 0x7B, 0x04, 0x26, 0x0C, 0xE0, 0x07, 0x64, 0x00, 0x00, 0x00, 0x00, 0x00,
    0x08, 0x06, 0xF9, 0x03, 0x2F, 0x06, 0xE0, 0x0F, 0x64, 0x04, 0x3C, 0x04, 0xEF, 0x03, 0xC0, 0x03,
    0x78, 0x06, 0x04, 0x0C, 0x04, 0x04, 0x00, 0x00, 0x22, 0x02, 0x00, 0x02, 0x02, 0x02, 0xFF, 0x0F,
    0x00, 0x00, 0x00, 0x00, 0xFF, 0x0F, 0x06, 0x02, 0x52, 0x02, 0x12, 0x03, 0x00, 0x00, 0x00, 0x00,
    0x28, 0x01, 0x28, 0x01, 0x28, 0x01, 0xFF, 0x0F, 0x00, 0x00, 0xFE, 0x0F, 0xFF, 0x0F, 0x28, 0x01,
    0x2C, 0x01, 0x2C, 0x01, 0x00, 0x01, 0x00, 0x00, 0xFE, 0x03, 0x84, 0x00, 0xFE, 0x01, 0x24, 0x01,
    0x24, 0x01, 0xFF, 0x0F, 0x00, 0x00, 0xFF, 0x0F, 0x24, 0x01, 0xA4, 0x01, 0x04, 0x01, 0x00, 0x00,
    0x02, 0x00, 0x02, 0x00, 0x02, 0x00, 0x02, 0x00, 0x02, 0x00, 0xFE, 0x03, 0x32, 0x06, 0x78, 0x04,
    0xCE, 0x0C, 0x04, 0x0E, 0x00, 0x00, 0x00, 0x00, 0xFE, 0x03, 0x7E, 0x00, 0x5A, 0x0C, 0xFE, 0x07,
    0xFE, 0x03, 0xFE, 0x07, 0x22, 0x04, 0x3E, 0x04, 0x22, 0x04, 0x3E, 0x07, 0x00, 0x04, 0x00, 0x00,
    0xFE, 0x0F, 0xFE, 0x07, 0xB2, 0x04, 0xB2, 0x04, 0xFE, 0x07, 0x02, 0x04, 0xFE, 0x07, 0xB2, 0x04,
    0xBA, 0x04, 0x82, 0x04, 0x00, 0x00, 0x00, 0x00, 0x11, 0x04, 0xF6, 0x07, 0x86, 0x01, 0x24, 0x01,
    0x24, 0x01, 0xFF, 0x0F, 0x00, 0x00, 0xFF, 0x0F, 0x24, 0x01, 0xA4, 0x01, 0x00, 0x00, 0x00, 0x00,
    0xFE, 0x01, 0x84, 0x00, 0xFC, 0x09, 0xFC, 0x04, 0x10, 0x03, 0xFF, 0x01, 0x3F, 0x00, 0xD2, 0x01,
    0x16, 0x07, 0x18, 0x0C, 0x00, 0x04, 0x00, 0x00, 0xFE, 0x07, 0xFE, 0x04, 0xFE, 0x0F, 0xFE, 0x03,
    0xF4, 0x03, 0x14, 0x00, 0xFF, 0x0F, 0xFF, 0x07, 0x14, 0x03, 0xF4, 0x03, 0x04, 0x00, 0x00, 0x00,
    0x00, 0x07, 0xFE, 0x05, 0x30, 0x0A, 0x3C, 0x0B, 0xE0, 0x04, 0xFF, 0x05, 0x66, 0x07, 0xEC, 0x07,
    0xEA, 0x0C, 0x32, 0x0C, 0x00, 0x04, 0x00, 0x00, 0x98, 0x07, 0xF6, 0x07, 0xFC, 0x08, 0xF4, 0x04,
    0xFF, 0x03, 0xFF, 0x00, 0xFF, 0x0F, 0xFF, 0x0F, 0x1C, 0x02, 0xDC, 0x03, 0x00, 0x00, 0x00, 0x00,
    0x00, 0x08, 0x5E, 0x08, 0xF2, 0x0F, 0x7F, 0x04, 0xDF, 0x03, 0xDA, 0x03, 0x7F, 0x04, 0xD2, 0x07,
    0x7E, 0x0C, 0x70, 0x00, 0x10, 0x00, 0x00, 0x00, 0x82, 0x08, 0x42, 0x04, 0xB2, 0x06, 0x9F, 0x03,
    0x82, 0x04, 0x82, 0x0C, 0xBF, 0x07, 0xE2, 0x03, 0x42, 0x00, 0xC2, 0x00, 0x40, 0x00, 0x00, 0x00,
    0xFE, 0x07, 0x3E, 0x05, 0x7E, 0x05, 0xFE, 0x0F, 0xFB, 0x07, 0x3C, 0x06, 0xC6, 0x01, 0x03, 0x0C,
    0xFC, 0x07, 0x30, 0x00, 0x10, 0x00, 0x00, 0x00, 0xFE, 0x03, 0x80, 0x08, 0xFE, 0x05, 0x60, 0x04,
    0x3C, 0x03, 0xE6, 0x01, 0x22, 0x0C, 0xEF, 0x0F, 0xF8, 0x03, 0x30, 0x00, 0x20, 0x00, 0x00, 0x00,
    0x18, 0x09, 0xD6, 0x04, 0xF7, 0x07, 0x92, 0x05, 0xB2, 0x0C, 0xD2, 0x07, 0x92, 0x00, 0xFE, 0x01,
    0xFE, 0x07, 0x02, 0x0C, 0x00, 0x0A, 0x00, 0x00, 0x20, 0x08, 0x30, 0x04, 0x2C, 0x06, 0xE6, 0x01,
    0x60, 0x04, 0x20, 0x0C, 0x27, 0x0F, 0xF8, 0x07, 0x30, 0x00, 0x30, 0x00, 0x20, 0x00, 0x00, 0x00,
    0xB8, 0x07, 0xF6, 0x02, 0xBA, 0x0A, 0xEC, 0x06, 0x38, 0x06, 0xCE, 0x03, 0x42, 0x04, 0x07, 0x0C,
    0xF8, 0x07, 0x30, 0x00, 0x20, 0x00, 0x00, 0x00, 0x10, 0x02, 0xFF, 0x0B, 0x12, 0x09, 0x18, 0x05,
    0x08, 0x04, 0xF8, 0x03, 0x8F, 0x03, 0xF8, 0x06, 0x18, 0x06, 0x0C, 0x0C, 0x00, 0x00, 0x00, 0x00,
    0x24, 0x08, 0x1C, 0x0B, 0xFF, 0x0D, 0x3E, 0x06, 0xF4, 0x03, 0xDC, 0x01, 0x3E, 0x03, 0xBE, 0x07,
    0x9C, 0x0C, 0x36, 0x0C, 0x00, 0x00, 0x00, 0x00, 0x30, 0x07, 0xE6, 0x0F, 0x78, 0x08, 0x30, 0x04,
    0x0E, 0x07, 0xC2, 0x01, 0x03, 0x04, 0xEE, 0x0F, 0xF8, 0x03, 0x30, 0x00, 0x20, 0x00, 0x00, 0x00,
    0x9C, 0x01, 0xFF, 0x0F, 0xFF, 0x0F, 0xDE, 0x08, 0x30, 0x04, 0xCE, 0x03, 0xC2, 0x04, 0x07, 0x0C,
    0xFC, 0x07, 0x70, 0x00, 0x00, 0x00, 0x00, 0x00, 0x44, 0x00, 0xE4, 0x0F, 0x74, 0x05, 0x4C, 0x05,
    0xC7, 0x07, 0xC4, 0x07, 0x4C, 0x05, 0xF4, 0x07, 0xF4, 0x0F, 0x26, 0x00, 0x20, 0x00, 0x00, 0x00,
    0x30, 0x00, 0xFC, 0x0F, 0x47, 0x08, 0x30, 0x04, 0x5C, 0x07, 0xC6, 0x01, 0x00, 0x0C, 0xCF, 0x0F,
    0xF8, 0x03, 0x30, 0x00, 0x20, 0x00, 0x00, 0x00, 0x10, 0x06, 0x88, 0x00, 0x4E, 0x0F, 0x72, 0x0C,
    0x50, 0x09, 0xC0, 0x0A, 0xFE, 0x08, 0x3C, 0x0E, 0x08, 0x03, 0x18, 0x06, 0x08, 0x00, 0x00, 0x00,
    0x38, 0x00, 0xFF, 0x0F, 0x18, 0x08, 0x10, 0x08, 0xFE, 0x05, 0x5E, 0x06, 0xDF, 0x03, 0x56, 0x02,
    0xFE, 0x07, 0x5A, 0x0C, 0x18, 0x00, 0x00, 0x00, 0x24, 0x09, 0x24, 0x05, 0x16, 0x05, 0xEC, 0x07,
    0x3F, 0x03, 0x1F, 0x01, 0xEC, 0x03, 0x1F, 0x07, 0x74, 0x0D, 0x34, 0x09, 0x00, 0x00, 0x00, 0x00,
    0x00, 0x01, 0x24, 0x01, 0x24, 0x01, 0x24, 0x01, 0xFF, 0x0F, 0xFF, 0x0F, 0x24, 0x01, 0x24, 0x01,
    0x26, 0x01, 0x84, 0x01, 0x00, 0x00, 0x00, 0x00, 0xA0, 0x04, 0xA4, 0x04, 0xFF, 0x07, 0xA4, 0x02,
    0xA4, 0x02, 0x38, 0x00, 0xE8, 0x04, 0x08, 0x0C, 0xFF, 0x0F, 0x08, 0x00, 0x00, 0x00, 0x00, 0x00,
    0xE8, 0x00, 0xFF, 0x0F, 0x2C, 0x0C, 0x6C, 0x06, 0xFE, 0x03, 0x92, 0x01, 0xF2, 0x00, 0x9A, 0x01,
    0xFE, 0x03, 0x02, 0x06, 0x00, 0x0E, 0x00, 0x00, 0xFC, 0x02, 0xFF, 0x03, 0x4C, 0x03, 0x7C, 0x07,
    0x6C, 0x02, 0xD7, 0x02, 0xFB, 0x0F, 0xFE, 0x07, 0xF6, 0x02, 0x70, 0x03, 0x00, 0x00, 0x00, 0x00,
    0xF8, 0x01, 0xFF, 0x01, 0xF8, 0x01, 0xF8, 0x01, 0x6C, 0x03, 0x77, 0x01, 0xFA, 0x0F, 0x5E, 0x07,
    0xF6, 0x03, 0x70, 0x02, 0x00, 0x00, 0x00, 0x00, 0x58, 0x00, 0xF7, 0x0F, 0x54, 0x06, 0x54, 0x02,
    0x6C, 0x03, 0x57, 0x03, 0xFB, 0x0F, 0x7E, 0x07, 0x76, 0x03, 0x70, 0x03, 0x00, 0x00, 0x00, 0x00,
    0x00, 0x06, 0xFF, 0x03, 0x0A, 0x01, 0x98, 0x01, 0x70, 0x00, 0xF8, 0x00, 0x8C, 0x01, 0xFE, 0x00,
    0xFF, 0x07, 0x00, 0x06, 0x00, 0x01, 0x00, 0x00, 0xD8, 0x04, 0xFE, 0x0B, 0x7E, 0x04, 0xFA, 0x07,
    0x6A, 0x02, 0xCB, 0x01, 0xEA, 0x03, 0x2A, 0x02, 0xFA, 0x03, 0x02, 0x0E, 0x00, 0x0E, 0x00, 0x00,
    0x30, 0x04, 0xFF, 0x03, 0xBE, 0x01, 0x2C, 0x03, 0x6C, 0x03, 0x77, 0x03, 0xFB, 0x0F, 0xFE, 0x0F,
    0xF6, 0x03, 0x72, 0x03, 0x00, 0x00, 0x00, 0x00, 0x22, 0x0C, 0xE6, 0x07, 0x24, 0x04, 0x2C, 0x05,
    0xB6, 0x0D, 0xFF, 0x0F, 0xFE, 0x0F, 0x9E, 0x0D, 0xF2, 0x0D, 0x30, 0x0D, 0x10, 0x04, 0x00, 0x00,
    0x82, 0x07, 0xEE, 0x07, 0x1C, 0x01, 0x02, 0x01, 0x7E, 0x01, 0x44, 0x01, 0x40, 0x05, 0x7E, 0x0D,
    0x4F, 0x0D, 0xE0, 0x07, 0x00, 0x00, 0x00, 0x00, 0xDC, 0x07, 0xF7, 0x02, 0xB8, 0x0E, 0xEE, 0x07,
    0x2C, 0x05, 0xF4, 0x0D, 0xFF, 0x0D, 0xFE, 0x0F, 0xFE, 0x09, 0x30, 0x09, 0x10, 0x00, 0x00, 0x00,
    0x10, 0x00, 0xF6, 0x0F, 0x00, 0x0F, 0xC2, 0x07, 0xFE, 0x03, 0x92, 0x01, 0xF2, 0x00, 0x9E, 0x01,
    0xFE, 0x03, 0x02, 0x06, 0x00, 0x0F, 0x00, 0x00, 0x02, 0x01, 0x8A, 0x03, 0xEA, 0x02, 0xBA, 0x02,
    0xFF, 0x0F, 0xCB, 0x0F, 0xAA, 0x02, 0xEE, 0x02, 0x8A, 0x03, 0x92, 0x01, 0x80, 0x00, 0x00, 0x00,
    0x00, 0x06, 0xFE, 0x03, 0x0A, 0x02, 0x2A, 0x01, 0xEA, 0x00, 0xFA, 0x00, 0x1A, 0x03, 0x7E, 0x00,
    0xFE, 0x07, 0x00, 0x0E, 0x00, 0x09, 0x00, 0x00, 0x30, 0x00, 0xFC, 0x0F, 0x07, 0x08, 0xF4, 0x04,
    0x94, 0x07, 0xFF, 0x01, 0x94, 0x00, 0xFF, 0x0F, 0x94, 0x02, 0xDC, 0x07, 0x80, 0x00, 0x00, 0x00,
    0x42, 0x00, 0x22, 0x00, 0xD2, 0x0F, 0x1A, 0x04, 0x4E, 0x04, 0x7E, 0x04, 0x0A, 0x04, 0xCA, 0x07,
    0xD2, 0x07, 0x33, 0x00, 0x20, 0x00, 0x00, 0x00, 0x00, 0x08, 0x08, 0x04, 0x08, 0x06, 0x08, 0x03,
    0xFF, 0x01, 0x7F, 0x00, 0xC8, 0x01, 0x08, 0x03, 0x2C, 0x06, 0x20, 0x0C, 0x00, 0x04, 0x00, 0x00,
    0xFE, 0x0C, 0xBA, 0x07, 0xFF, 0x05, 0xFF, 0x0D, 0xFF, 0x0F, 0xFA, 0x00, 0x7E, 0x06, 0x8F, 0x03,
    0xF8, 0x06, 0x0C, 0x0C, 0x00, 0x00, 0x00, 0x00, 0xFE, 0x07, 0xFE, 0x04, 0xD2, 0x0C, 0xFE, 0x0F,
    0x40, 0x04, 0x00, 0x03, 0xFF, 0x01, 0xEE, 0x01, 0x04, 0x06, 0x24, 0x0C, 0x20, 0x04, 0x00, 0x00,
    0xFE, 0x04, 0xFA, 0x03, 0xFD, 0x00, 0xFE, 0x0F, 0xBE, 0x01, 0xFE, 0x00, 0xBE, 0x04, 0xCE, 0x0F,
    0xF9, 0x07, 0xBF, 0x00, 0x80, 0x00, 0x00, 0x00, 0xC8, 0x04, 0xFE, 0x0F, 0xFF, 0x0F, 0x2C, 0x08,
    0x48, 0x06, 0xC8, 0x03, 0xFF, 0x00, 0xC8, 0x01, 0x4C, 0x06, 0x6C, 0x0C, 0x00, 0x04, 0x00, 0x00,
    0x48, 0x04, 0xFF, 0x0F, 0x2C, 0x08, 0xFC, 0x04, 0x54, 0x06, 0xFF, 0x01, 0x54, 0x00, 0xFF, 0x0F,
    0x5C, 0x02, 0xDC, 0x03, 0x40, 0x00, 0x00, 0x00, 0x7C, 0x01, 0x3F, 0x01, 0xFD, 0x0F, 0xA6, 0x00,
    0xE2, 0x0F, 0x7E, 0x05, 0xD6, 0x07, 0xD6, 0x07, 0x7E, 0x05, 0xCA, 0x0F, 0x00, 0x00, 0x00, 0x00,
    0xFC, 0x03, 0xFF, 0x0F, 0xFC, 0x03, 0xFC, 0x01, 0xC2, 0x0F, 0x7E, 0x05, 0x42, 0x05, 0xC2, 0x07,
    0x7E, 0x05, 0xC2, 0x0F, 0x02, 0x00, 0x00, 0x00, 0xAC, 0x09, 0xAE, 0x05, 0xFF, 0x03, 0xBE, 0x01,
    0xFE, 0x0F, 0xAE, 0x05, 0xEE, 0x07, 0xFE, 0x01, 0xDA, 0x07, 0x02, 0x0C, 0x00, 0x08, 0x00, 0x00,
    0xCC, 0x00, 0xE7, 0x0F, 0xF7, 0x07, 0x5C, 0x00, 0xCE, 0x01, 0x46, 0x05, 0x47, 0x0C, 0xFC, 0x0F,
    0x46, 0x00, 0x66, 0x00, 0x00, 0x00, 0x00, 0x00, 0x20, 0x00, 0xFC, 0x0F, 0x17, 0x08, 0x10, 0x04,
    0x10, 0x07, 0xFF, 0x01, 0x3F, 0x00, 0xF2, 0x01, 0x1E, 0x07, 0x18, 0x0C, 0x10, 0x04, 0x00, 0x00,
    0x30, 0x00, 0xFE, 0x0F, 0x83, 0x00, 0xA6, 0x00, 0xBA, 0x00, 0xA6, 0x08, 0xFA, 0x0F, 0xF2, 0x00,
    0xBF, 0x00, 0xA4, 0x00, 0x80, 0x00, 0x00, 0x00, 0xFE, 0x07, 0x7E, 0x04, 0x48, 0x0C, 0xFF, 0x07,
    0x00, 0x00, 0xFE, 0x0F, 0xE0, 0x02, 0xA8, 0x03, 0xEE, 0x06, 0x22, 0x04, 0x00, 0x04, 0x00, 0x00,
    0x99, 0x07, 0xF6, 0x07, 0x98, 0x00, 0x86, 0x00, 0x9E, 0x04, 0x82, 0x0C, 0xDE, 0x07, 0xFB, 0x00,
    0xBF, 0x00, 0x85, 0x00, 0x80, 0x00, 0x00, 0x00, 0x18, 0x05, 0xF2, 0x0F, 0x3A, 0x00, 0x24, 0x00,
    0xAC, 0x0F, 0xBD, 0x04, 0xA7, 0x04, 0xBC, 0x04, 0xEC, 0x0F, 0x26, 0x00, 0x20, 0x00, 0x00, 0x00,
    0xC4, 0x00, 0xF7, 0x0F, 0xFE, 0x0F, 0x4C, 0x00, 0xC2, 0x0F, 0x7E, 0x05, 0xD6, 0x07, 0xD6, 0x07,
    0x7E, 0x05, 0xCA, 0x0F, 0x02, 0x00, 0x00, 0x00, 0xC0, 0x00, 0xFF, 0x0F, 0xFC, 0x00, 0xB0, 0x00,
    0xFE, 0x0F, 0x13, 0x0C, 0xD0, 0x03, 0xFF, 0x00, 0xF2, 0x03, 0x1E, 0x06, 0x10, 0x04, 0x00, 0x00,
    0x84, 0x08, 0xF4, 0x04, 0x14, 0x03, 0xFF, 0x01, 0x54, 0x00, 0xD4, 0x00, 0xFF, 0x0F, 0x14, 0x02,
    0x1E, 0x02, 0xC0, 0x03, 0x00, 0x00, 0x00, 0x00, 0x04, 0x00, 0xFC, 0x0F, 0x54, 0x01, 0x54, 0x01,
    0xFF, 0x0F, 0xFF, 0x0F, 0x54, 0x05, 0x57, 0x0D, 0xFE, 0x0F, 0x06, 0x00, 0x04, 0x00, 0x00, 0x00,
    0xC8, 0x04, 0xFF, 0x0F, 0xFF, 0x0F, 0x2C, 0x04, 0x22, 0x06, 0xF2, 0x01, 0xFE, 0x00, 0xE2, 0x0F,
    0x22, 0x0C, 0x32, 0x06, 0x00, 0x04, 0x00, 0x00, 0x7C, 0x01, 0x3F, 0x01, 0xF4, 0x0F, 0xA4, 0x00,
    0xF4, 0x0F, 0x54, 0x01, 0xFF, 0x0F, 0xFF, 0x07, 0x56, 0x09, 0xF6, 0x0F, 0x04, 0x00, 0x00, 0x00,
    0x30, 0x00, 0xFE, 0x0F, 0x02, 0x04, 0xFE, 0x03, 0x64, 0x00, 0xFC, 0x0F, 0xEF, 0x00, 0xA4, 0x05,
    0xFC, 0x0F, 0xFE, 0x07, 0x24, 0x00, 0x00, 0x00, 0x48, 0x08, 0x2C, 0x09, 0x66, 0x0B, 0x56, 0x0F,
    0xD8, 0x0F, 0xD8, 0x0F, 0x5E, 0x0F, 0x66, 0x0B, 0xA6, 0x09, 0x24, 0x0D, 0x20, 0x08, 0x00, 0x00,
    0x28, 0x08, 0x24, 0x04, 0xF2, 0x03, 0x57, 0x00, 0x48, 0x00, 0x7C, 0x00, 0x37, 0x0F, 0x32, 0x00,
    0xB6, 0x00, 0xB0, 0x00, 0x00, 0x00, 0x00, 0x00, 0xFE, 0x07, 0x5A, 0x04, 0xFE, 0x0F, 0x06, 0x00,
    0xF4, 0x0F, 0x54, 0x01, 0xFF, 0x0F, 0xFF, 0x07, 0x56, 0x0D, 0xF6, 0x0F, 0x04, 0x00, 0x00, 0x00,
    0xFE, 0x07, 0x52, 0x04, 0xFE, 0x0F, 0xC2, 0x07, 0xFE, 0x01, 0xFA, 0x0F, 0x7F, 0x00, 0xD2, 0x04,
    0xFE, 0x0F, 0xFE, 0x07, 0x12, 0x00, 0x00, 0x00, 0x80, 0x07, 0xFE, 0x01, 0x40, 0x00, 0xF8, 0x0F,
    0x2C, 0x00, 0xE3, 0x00, 0xA2, 0x05, 0x24, 0x0C, 0xFE, 0x07, 0x32, 0x00, 0x20, 0x00, 0x00, 0x00,
    0x80, 0x07, 0xFE, 0x01, 0xDA, 0x0F, 0xFE, 0x05, 0x8F, 0x03, 0xFB, 0x03, 0xEA, 0x07, 0x6E, 0x0D,
    0xFE, 0x0F, 0x8A, 0x00, 0x00, 0x00, 0x00, 0x00, 0x24, 0x07, 0xE4, 0x03, 0xFF, 0x07, 0xF4, 0x07,
    0xA4, 0x0C, 0xB4, 0x0C, 0x00, 0x0C, 0xFF, 0x0F, 0x10, 0x0C, 0x30, 0x0C, 0x00, 0x00, 0x00, 0x00,
    0xC2, 0x0F, 0x7E, 0x05, 0xD6, 0x07, 0xD6, 0x07, 0x7E, 0x05, 0xC2, 0x07, 0x00, 0x00, 0xFC, 0x01,
    0x00, 0x0C, 0xFF, 0x0F, 0x00, 0x00, 0x00, 0x00, 0xA2, 0x01, 0xFE, 0x0F, 0xFC, 0x00, 0x6E, 0x0A,
    0xFE, 0x0B, 0xFE, 0x07, 0xFE, 0x07, 0xFC, 0x07, 0xFE, 0x0F, 0x11, 0x0C, 0x00, 0x00, 0x00, 0x00,
    0xFE, 0x05, 0xFA, 0x03, 0x7A, 0x01, 0xFE, 0x06, 0xD2, 0x07, 0xF2, 0x07, 0xF2, 0x03, 0x7F, 0x00,
    0xFA, 0x03, 0x0E, 0x06, 0x08, 0x0F, 0x00, 0x00, 0x08, 0x0A, 0x0E, 0x0A, 0xFB, 0x09, 0xDA, 0x0D,
    0xDA, 0x06, 0xDA, 0x06, 0xDA, 0x07, 0xFA, 0x0D, 0x7A, 0x0C, 0x02, 0x0C, 0x00, 0x00, 0x00, 0x00,
    0x30, 0x00, 0xFE, 0x0F, 0x07, 0x01, 0xFC, 0x01, 0x7C, 0x03, 0x6C, 0x07, 0xFF, 0x01, 0x4D, 0x0D,
    0xFF, 0x0F, 0x7E, 0x01, 0x00, 0x01, 0x00, 0x00, 0x30, 0x00, 0xFC, 0x0F, 0xF7, 0x07, 0x02, 0x00,
    0x60, 0x00, 0xC0, 0x00, 0x00, 0x04, 0xFF, 0x0F, 0xFE, 0x07, 0x08, 0x00, 0x08, 0x00, 0x00, 0x00,
    0x00, 0x02, 0xFE, 0x00, 0xFE, 0x00, 0xAA, 0x00, 0xAB, 0x0F, 0xAB, 0x0F, 0xAA, 0x00, 0xEE, 0x00,
    0xFE, 0x00, 0x00, 0x01, 0x00, 0x01, 0x00, 0x00, 0x10, 0x08, 0x08, 0x04, 0x06, 0x04, 0x62, 0x02,
    0x80, 0x03, 0xC0, 0x03, 0x72, 0x06, 0x16, 0x06, 0x0C, 0x0C, 0x08, 0x0C, 0x00, 0x00, 0x00, 0x00,
    0xFE, 0x07, 0x5A, 0x04, 0xFE, 0x0F, 0x0E, 0x0A, 0x7C, 0x09, 0xFB, 0x05, 0xDA, 0x07, 0xDA, 0x06,
    0xFE, 0x05, 0xFE, 0x0C, 0x02, 0x04, 0x00, 0x00, 0x10, 0x08, 0x08, 0x08, 0xFC, 0x05, 0x13, 0x06,
    0x13, 0x03, 0xFA, 0x01, 0x16, 0x02, 0x16, 0x02, 0xF8, 0x07, 0x00, 0x0C, 0x00, 0x00, 0x00, 0x00,
    0x0E, 0x00, 0x82, 0x0F, 0xFA, 0x06, 0xDA, 0x06, 0xDB, 0x07, 0xDB, 0x07, 0xDA, 0x06, 0xFE, 0x06,
    0x86, 0x0F, 0x06, 0x00, 0x00, 0x00, 0x00, 0x00, 0x10, 0x00, 0x13, 0x0E, 0xF6, 0x07, 0x00, 0x02,
    0x00, 0x01, 0x00, 0x00, 0xFF, 0x0F, 0x10, 0x00, 0x30, 0x00, 0xE0, 0x00, 0x00, 0x00, 0x00, 0x00,
    0xFE, 0x0F, 0x18, 0x01, 0xE7, 0x03, 0x1A, 0x00, 0xFE, 0x0F, 0x2B, 0x00, 0xC8, 0x04, 0x08, 0x0C,
    0xFF, 0x0F, 0x08, 0x00, 0x00, 0x00, 0x00, 0x00, 0xC8, 0x08, 0xFF, 0x05, 0x0F, 0x03, 0xF8, 0x07,
    0x0C, 0x04, 0x24, 0x04, 0x24, 0x00, 0x24, 0x00, 0x24, 0x00, 0xFE, 0x0F, 0x00, 0x00, 0x00, 0x00,
    0xF8, 0x06, 0xF7, 0x02, 0x98, 0x02, 0x8C, 0x01, 0xFC, 0x03, 0x48, 0x07, 0xFF, 0x05, 0x49, 0x0D,
    0xFF, 0x0F, 0x7E, 0x01, 0x00, 0x01, 0x00, 0x00, 0xFE, 0x03, 0x82, 0x00, 0xFE, 0x01, 0x38, 0x00,
    0xFE, 0x0F, 0x03, 0x00, 0xC0, 0x04, 0x00, 0x0C, 0xFF, 0x0F, 0x08, 0x00, 0x08, 0x00, 0x00, 0x00,
    0xFE, 0x01, 0x82, 0x00, 0xFE, 0x01, 0x02, 0x01, 0xFE, 0x07, 0x7F, 0x05, 0xFA, 0x05, 0x7F, 0x0F,
    0x7E, 0x0C, 0xC2, 0x07, 0x00, 0x00, 0x00, 0x00, 0xFE, 0x01, 0x80, 0x00, 0xFE, 0x01, 0x02, 0x09,
    0x7E, 0x05, 0xCE, 0x05, 0x4E, 0x07, 0xCC, 0x07, 0x7E, 0x0F, 0x81, 0x0C, 0x00, 0x08, 0x00, 0x00,
    0x10, 0x00, 0xF6, 0x07, 0x12, 0x03, 0xA4, 0x0B, 0x34, 0x0D, 0xBC, 0x04, 0xEF, 0x02, 0x34, 0x03,
    0xD4, 0x03, 0x46, 0x0C, 0x00, 0x00, 0x00, 0x00, 0xF2, 0x07, 0x20, 0x06, 0x26, 0x0A, 0x7E, 0x09,
    0x38, 0x04, 0xFF, 0x06, 0x88, 0x03, 0xF8, 0x07, 0x38, 0x04, 0x0C, 0x0C, 0x00, 0x00, 0x00, 0x00,
    0x68, 0x00, 0xFF, 0x0F, 0x6C, 0x00, 0xFE, 0x07, 0x4A, 0x0B, 0xFE, 0x05, 0x3E, 0x03, 0xFE, 0x01,
    0xFE, 0x07, 0x22, 0x0C, 0x20, 0x06, 0x00, 0x00, 0x1C, 0x00, 0xF7, 0x0F, 0xD4, 0x06, 0x54, 0x02,
    0x42, 0x01, 0xFA, 0x00, 0x42, 0x00, 0x7E, 0x0C, 0x12, 0x0C, 0xDA, 0x07, 0x00, 0x00, 0x00, 0x00,
    0x44, 0x08, 0xD4, 0x0F, 0xD4, 0x0F, 0xD6, 0x0F, 0xFC, 0x0F, 0xFC, 0x09, 0xD6, 0x0F, 0xD7, 0x08,
    0xDC, 0x0F, 0x64, 0x0C, 0x00, 0x08, 0x00, 0x00, 0x98, 0x07, 0xF3, 0x07, 0x1E, 0x02, 0xFE, 0x03,
    0xEA, 0x05, 0x7E, 0x07, 0x3E, 0x03, 0xFE, 0x00, 0xEE, 0x07, 0x33, 0x06, 0x00, 0x04, 0x00, 0x00,
    0x20, 0x00, 0x22, 0x00, 0x22, 0x00, 0x22, 0x00, 0xFE, 0x0F, 0xFE, 0x07, 0x22, 0x00, 0x22, 0x00,
    0x23, 0x00, 0x32, 0x00, 0x20, 0x00, 0x00, 0x00, 0x08, 0x00, 0x08, 0x00, 0xFF, 0x0F, 0x48, 0x04,
    0x48, 0x04, 0x48, 0x04, 0x48, 0x04, 0xFF, 0x0F, 0x08, 0x00, 0x0C, 0x00, 0x08, 0x00, 0x00, 0x00,
    0xC8, 0x00, 0xFF, 0x0F, 0xFF, 0x0F, 0x6C, 0x00, 0x22, 0x00, 0x22, 0x00, 0xFE, 0x0F, 0xFE, 0x0F,
    0x22, 0x00, 0x22, 0x00, 0x20, 0x00, 0x00, 0x00, 0xE8, 0x00, 0xFF, 0x0F, 0x6C, 0x00, 0x6C, 0x00,
    0xFF, 0x0F, 0xFF, 0x0F, 0x08, 0x04, 0x08, 0x04, 0xFF, 0x0F, 0x08, 0x00, 0x08, 0x00, 0x00, 0x00,
    0x88, 0x00, 0xA6, 0x00, 0xBF, 0x00, 0xAC, 0x00, 0xF6, 0x0F, 0xEC, 0x0F, 0xA7, 0x00, 0xBC, 0x00,
    0xB4, 0x00, 0x86, 0x00, 0x80, 0x00, 0x00, 0x00, 0xFE, 0x07, 0xFE, 0x00, 0x48, 0x04, 0xFF, 0x07,
    0x20, 0x00, 0x22, 0x00, 0x22, 0x00, 0xFE, 0x0F, 0x22, 0x00, 0x23, 0x00, 0x20, 0x00, 0x00, 0x00,
    0xA4, 0x07, 0xE4, 0x03, 0xFF, 0x07, 0xE4, 0x07, 0xB4, 0x0C, 0x22, 0x0C, 0x22, 0x0C, 0xFE, 0x0F,
    0x22, 0x0C, 0x22, 0x0C, 0x20, 0x04, 0x00, 0x00, 0xC0, 0x04, 0x7E, 0x06, 0xFC, 0x00, 0x6C, 0x0F,
    0x6C, 0x09, 0xFC, 0x0F, 0xDF, 0x0C, 0x75, 0x06, 0xDE, 0x02, 0xC6, 0x07, 0x80, 0x01, 0x00, 0x00,
    0xC2, 0x00, 0xFE, 0x0F, 0xFF, 0x07, 0xC9, 0x00, 0x22, 0x00, 0x22, 0x00, 0xFE, 0x0F, 0xFE, 0x0F,
    0x22, 0x00, 0x32, 0x00, 0x20, 0x00, 0x00, 0x00, 0x0A, 0x06, 0xFA, 0x03, 0xAA, 0x02, 0xFE, 0x0F,
    0x48, 0x09, 0x38, 0x04, 0xFF, 0x06, 0xCB, 0x03, 0xF8, 0x06, 0x0C, 0x0C, 0x08, 0x00, 0x00, 0x00,
    0xF6, 0x03, 0xFF, 0x0F, 0x7E, 0x0F, 0xFE, 0x03, 0x7A, 0x08, 0xD6, 0x0B, 0xFF, 0x07, 0xEE, 0x03,
    0xDE, 0x07, 0xFA, 0x0F, 0x00, 0x00, 0x00, 0x00, 0xFE, 0x07, 0xFE, 0x07, 0x0A, 0x01, 0x9A, 0x00,
    0x72, 0x00, 0xFA, 0x00, 0x8E, 0x01, 0x02, 0x04, 0xFF, 0x0F, 0x02, 0x00, 0x00, 0x00, 0x00, 0x00,
    0xFE, 0x0F, 0x9A, 0x01, 0x72, 0x00, 0xFE, 0x04, 0x8A, 0x0D, 0xFE, 0x07, 0x00, 0x00, 0xFC, 0x05,
    0x00, 0x0C, 0xFF, 0x07, 0x00, 0x00, 0x00, 0x00, 0x58, 0x00, 0xF7, 0x0F, 0x55, 0x06, 0x5E, 0x02,
    0xFE, 0x0F, 0xFE, 0x07, 0xD2, 0x00, 0x72, 0x00, 0xDA, 0x0D, 0xFE, 0x0F, 0x02, 0x00, 0x00, 0x00,
    0xFC, 0x0F, 0xA7, 0x04, 0xFC, 0x07, 0x24, 0x04, 0xE4, 0x0F, 0x24, 0x04, 0x04, 0x00, 0xFC, 0x07,
    0x04, 0x00, 0x06, 0x04, 0x00, 0x04, 0x00, 0x00, 0xFE, 0x07, 0xFE, 0x00, 0x4A, 0x04, 0xFE, 0x0F,
    0x02, 0x04, 0x00, 0x04, 0xFC, 0x07, 0xFC, 0x07, 0x02, 0x04, 0x02, 0x04, 0x00, 0x04, 0x00, 0x00,
    0x98, 0x06, 0xF6, 0x02, 0xBB, 0x02, 0x0C, 0x02, 0xFE, 0x0F, 0x8A, 0x01, 0xF2, 0x00, 0xFA, 0x00,
    0x8A, 0x0D, 0xFE, 0x0F, 0x00, 0x00, 0x00, 0x00, 0x10, 0x0C, 0xFE, 0x0F, 0x10, 0x02, 0x50, 0x03,
    0x97, 0x01, 0xD7, 0x01, 0x70, 0x03, 0x10, 0x06, 0xFE, 0x0F, 0xF2, 0x07, 0x00, 0x00, 0x00, 0x00,
    0x98, 0x05, 0xF6, 0x0F, 0x98, 0x00, 0xD4, 0x00, 0xFF, 0x0F, 0x5E, 0x08, 0x54, 0x08, 0xFF, 0x0B,
    0x54, 0x0C, 0xD6, 0x0E, 0x90, 0x00, 0x00, 0x00, 0xC8, 0x00, 0xFF, 0x0F, 0xFF, 0x0F, 0x6C, 0x04,
    0x44, 0x04, 0x04, 0x04, 0xFC, 0x07, 0xFC, 0x07, 0x00, 0x04, 0x02, 0x04, 0x00, 0x04, 0x00, 0x00,
    0x9C, 0x0F, 0x96, 0x0F, 0xFE, 0x00, 0xF6, 0x07, 0xFE, 0x01, 0xFE, 0x01, 0xF3, 0x07, 0xFE, 0x08,
    0x92, 0x0F, 0x9A, 0x00, 0x00, 0x00, 0x00, 0x00, 0x40, 0x02, 0x7E, 0x03, 0xDE, 0x03, 0xFA, 0x02,
    0xFB, 0x0F, 0xDA, 0x0F, 0xDA, 0x02, 0xDE, 0x03, 0x5E, 0x03, 0x60, 0x03, 0x00, 0x00, 0x00, 0x00,
    0x02, 0x04, 0xC2, 0x0F, 0x7E, 0x00, 0xEA, 0x07, 0xCB, 0x02, 0xCB, 0x02, 0xFA, 0x07, 0x7E, 0x0C,
    0xC2, 0x0F, 0x42, 0x00, 0x00, 0x00, 0x00, 0x00, 0x32, 0x00, 0x92, 0x0F, 0xFE, 0x07, 0xFE, 0x03,
    0xFF, 0x03, 0xFE, 0x03, 0xFE, 0x0B, 0xFE, 0x0F, 0x32, 0x00, 0x32, 0x00, 0x00, 0x00, 0x00, 0x00,
    0x84, 0x08, 0xA4, 0x0E, 0xA5, 0x00, 0xA6, 0x06, 0xFC, 0x0C, 0xFC, 0x00, 0xA6, 0x0E, 0xA7, 0x00,
    0xB4, 0x02, 0x84, 0x0E, 0x80, 0x00, 0x00, 0x00, 0x9C, 0x01, 0xFF, 0x0F, 0xFF, 0x07, 0xD6, 0x0C,
    0xAC, 0x06, 0xA6, 0x06, 0xFC, 0x04, 0xAE, 0x06, 0xA3, 0x03, 0xA4, 0x06, 0x80, 0x00, 0x00, 0x00,
    0xC8, 0x04, 0xFF, 0x0F, 0x28, 0x00, 0xEC, 0x0F, 0x5C, 0x00, 0xD8, 0x03, 0xDB, 0x02, 0xDE, 0x07,
    0x5E, 0x0C, 0xE2, 0x0F, 0x00, 0x00, 0x00, 0x00, 0x5C, 0x00, 0xF7, 0x0F, 0x54, 0x06, 0x54, 0x02,
    0xE2, 0x0F, 0xFA, 0x03, 0xDB, 0x02, 0xDA, 0x07, 0xDE, 0x0C, 0xE2, 0x0F, 0x02, 0x00, 0x00, 0x00,
    0xD2, 0x00, 0xFE, 0x0F, 0xF2, 0x00, 0xDA, 0x00, 0xC6, 0x0F, 0xFC, 0x07, 0xDB, 0x03, 0xDA, 0x07,
    0xFC, 0x0B, 0xC2, 0x0F, 0x40, 0x00, 0x00, 0x00, 0x20, 0x00, 0x3C, 0x00, 0xA6, 0x0F, 0xA0, 0x04,
    0xAC, 0x04, 0xBF, 0x04, 0xA0, 0x04, 0xA4, 0x0F, 0xA4, 0x07, 0x20, 0x00, 0x20, 0x00, 0x00, 0x00,
    0x22, 0x00, 0xA2, 0x03, 0xBE, 0x03, 0xB6, 0x02, 0xB6, 0x02, 0xFE, 0x07, 0x22, 0x0C, 0xFE, 0x0F,
    0x63, 0x00, 0x22, 0x00, 0x20, 0x00, 0x00, 0x00, 0xF6, 0x03, 0x9E, 0x03, 0xDE, 0x07, 0xE6, 0x0C,
    0xFE, 0x0F, 0x32, 0x04, 0xCE, 0x03, 0xF3, 0x00, 0x98, 0x03, 0x0C, 0x0E, 0x08, 0x04, 0x00, 0x00,
    0xC8, 0x0C, 0xFF, 0x0F, 0x2C, 0x00, 0xFD, 0x0F, 0xB2, 0x00, 0xDC, 0x07, 0xBE, 0x02, 0xFA, 0x03,
    0x42, 0x0C, 0xFE, 0x0F, 0x00, 0x00, 0x00, 0x00, 0x10, 0x04, 0x10, 0x04, 0x10, 0x06, 0x1F, 0x02,
    0xFE, 0x01, 0x88, 0x01, 0xCE, 0x02, 0x6C, 0x04, 0x28, 0x0C, 0x08, 0x0F, 0x00, 0x00, 0x00, 0x00,
    0xD8, 0x06, 0xDE, 0x07, 0x53, 0x02, 0xD6, 0x07, 0x0C, 0x00, 0xFE, 0x01, 0x6E, 0x01, 0x3F, 0x05,
    0x7C, 0x0D, 0xDE, 0x0F, 0xC0, 0x00, 0x00, 0x00, 0xFE, 0x07, 0xFE, 0x04, 0xFE, 0x0F, 0xFE, 0x07,
    0x98, 0x00, 0xCF, 0x0F, 0xBF, 0x04, 0xBC, 0x04, 0xEE, 0x0F, 0xE4, 0x04, 0x40, 0x00, 0x00, 0x00,
    0xD8, 0x04, 0xD8, 0x07, 0xFC, 0x01, 0x64, 0x00, 0x5C, 0x0E, 0x5F, 0x09, 0xD6, 0x08, 0x54, 0x08,
    0x54, 0x0C, 0x1E, 0x0E, 0x00, 0x00, 0x00, 0x00, 0x4E, 0x00, 0x66, 0x0F, 0x7C, 0x05, 0xFF, 0x05,
    0x70, 0x07, 0x7E, 0x07, 0x46, 0x00, 0xFC, 0x05, 0x00, 0x0C, 0xFF, 0x0F, 0x00, 0x00, 0x00, 0x00,
    0x02, 0x02, 0xF2, 0x03, 0xA2, 0x02, 0x9F, 0x02, 0xFA, 0x0F, 0xFA, 0x0F, 0x9F, 0x02, 0xA2, 0x02,
    0xF2, 0x02, 0x02, 0x03, 0x00, 0x01, 0x00, 0x00, 0x02, 0x01, 0x82, 0x07, 0xFA, 0x07, 0xFF, 0x06,
    0xFA, 0x05, 0xBA, 0x05, 0xBF, 0x06, 0xFE, 0x0C, 0xBA, 0x0E, 0xC2, 0x07, 0x00, 0x00, 0x00, 0x00,
    0x68, 0x00, 0xFF, 0x0F, 0xE8, 0x00, 0xFC, 0x00, 0xCC, 0x0F, 0xEF, 0x04, 0xB4, 0x04, 0xBC, 0x04,
    0xEE, 0x0F, 0xC4, 0x00, 0x40, 0x00, 0x00, 0x00, 0xF8, 0x04, 0xFF, 0x07, 0x4C, 0x03, 0xFC, 0x07,
    0xB0, 0x0E, 0xAC, 0x0F, 0xA7, 0x04, 0xA6, 0x04, 0xBC, 0x0F, 0x98, 0x00, 0x10, 0x00, 0x00, 0x00,
    0xFC, 0x0F, 0x81, 0x00, 0xA2, 0x00, 0xDC, 0x07, 0xFE, 0x02, 0xBA, 0x02, 0xDA, 0x07, 0xC2, 0x04,
    0x42, 0x0C, 0xFE, 0x07, 0x00, 0x00, 0x00, 0x00, 0xFE, 0x0F, 0x9A, 0x01, 0xE7, 0x01, 0xE2, 0x0F,
    0xFE, 0x07, 0xFE, 0x01, 0x36, 0x07, 0xF6, 0x01, 0x3E, 0x0D, 0xE3, 0x0F, 0x00, 0x00, 0x00, 0x00,
    0x5C, 0x00, 0xF7, 0x0F, 0x54, 0x06, 0xD4, 0x02, 0xDC, 0x0F, 0xCF, 0x0F, 0xBF, 0x04, 0xBC, 0x04,
    0xEE, 0x0F, 0xC4, 0x00, 0x40, 0x00, 0x00, 0x00, 0x20, 0x00, 0x30, 0x00, 0x18, 0x00, 0x0E, 0x00,
    0xF3, 0x0F, 0xF7, 0x07, 0x0C, 0x00, 0x18, 0x00, 0x30, 0x00, 0x30, 0x00, 0x00, 0x00, 0x00, 0x00,
    0xA0, 0x00, 0x98, 0x00, 0xC6, 0x0F, 0xEF, 0x04, 0xB0, 0x04, 0xB8, 0x04, 0xEE, 0x04, 0xC6, 0x0F,
    0xC0, 0x00, 0xC0, 0x00, 0x40, 0x00, 0x00, 0x00, 0xB8, 0x05, 0xE7, 0x06, 0xBA, 0x02, 0x28, 0x02,
    0xB8, 0x0F, 0xAE, 0x04, 0xA3, 0x04, 0xAC, 0x04, 0xF8, 0x0F, 0x30, 0x00, 0x10, 0x00, 0x00, 0x00,
    0xE8, 0x00, 0xFF, 0x0F, 0xFF, 0x07, 0x48, 0x00, 0xFE, 0x0F, 0x2A, 0x04, 0xEA, 0x04, 0x2A, 0x03,
    0xFE, 0x06, 0xC2, 0x0C, 0x00, 0x00, 0x00, 0x00, 0xFE, 0x07, 0xD2, 0x07, 0xF2, 0x07, 0xDF, 0x02,
    0xFE, 0x0F, 0xFE, 0x0F, 0x6A, 0x04, 0xAA, 0x03, 0xFF, 0x06, 0xC0, 0x04, 0x00, 0x04, 0x00, 0x00,
    0x34, 0x03, 0xF4, 0x01, 0xFF, 0x0F, 0xBC, 0x08, 0x6C, 0x04, 0xCE, 0x03, 0xFF, 0x00, 0x4C, 0x00,
    0xFF, 0x0F, 0x4C, 0x00, 0x40, 0x00, 0x00, 0x00, 0x02, 0x08, 0xFE, 0x00, 0xFE, 0x04, 0x52, 0x07,
    0xFE, 0x03, 0xFE, 0x06, 0x52, 0x04, 0x7E, 0x04, 0xFE, 0x0C, 0x03, 0x0C, 0x00, 0x00, 0x00, 0x00,
    0x00, 0x07, 0xFE, 0x09, 0xA2, 0x08, 0xB2, 0x04, 0xB2, 0x03, 0xFF, 0x01, 0xB2, 0x03, 0xB2, 0x06,
    0xFA, 0x0D, 0x22, 0x0C, 0x20, 0x00, 0x00, 0x00, 0x38, 0x0B, 0xDE, 0x0B, 0xEE, 0x03, 0xFF, 0x07,
    0xDE, 0x03, 0xDE, 0x03, 0xFF, 0x07, 0xFF, 0x07, 0xFE, 0x0F, 0x38, 0x0B, 0x00, 0x02, 0x00, 0x00,
    0x10, 0x03, 0xFF, 0x01, 0x18, 0x09, 0x9A, 0x08, 0xFA, 0x0C, 0x2A, 0x07, 0xFE, 0x07, 0x7A, 0x04,
    0xEA, 0x0C, 0xFB, 0x0C, 0x00, 0x00, 0x00, 0x00, 0xFE, 0x03, 0xFE, 0x01, 0x4A, 0x01, 0xFE, 0x0F,
    0x42, 0x0C, 0x30, 0x06, 0xFE, 0x01, 0xFF, 0x00, 0xB0, 0x03, 0x18, 0x06, 0x00, 0x04, 0x00, 0x00,
    0xE8, 0x00, 0xFF, 0x0F, 0x2C, 0x08, 0x6A, 0x08, 0xFA, 0x08, 0x6A, 0x07, 0xFE, 0x07, 0x7A, 0x04,
    0x6A, 0x0C, 0xFB, 0x0C, 0x00, 0x04, 0x00, 0x00, 0x00, 0x04, 0x02, 0x04, 0x00, 0x04, 0x00, 0x04,
    0xFC, 0x07, 0xFC, 0x07, 0x00, 0x04, 0x00, 0x04, 0x02, 0x04, 0x02, 0x06, 0x00, 0x00, 0x00, 0x00,
    0x04, 0x03, 0xFC, 0x01, 0xFC, 0x09, 0x86, 0x0C, 0xBC, 0x04, 0x7F, 0x06, 0xC7, 0x03, 0xE4, 0x03,
    0x3C, 0x06, 0x04, 0x0C, 0x00, 0x04, 0x00, 0x00, 0x04, 0x03, 0x04, 0x01, 0xFC, 0x09, 0x84, 0x04,
    0x8E, 0x06, 0x88, 0x03, 0xFF, 0x04, 0x0F, 0x04, 0x08, 0x0E, 0xF8, 0x07, 0x00, 0x00, 0x00, 0x00,
    0x14, 0x01, 0x94, 0x06, 0x74, 0x03, 0x3F, 0x08, 0xD4, 0x0F, 0x54, 0x01, 0x3F, 0x07, 0xD4, 0x01,
    0x96, 0x07, 0x94, 0x01, 0x90, 0x00, 0x00, 0x00, 0xA4, 0x0A, 0xA0, 0x0A, 0x90, 0x06, 0xFE, 0x07,
    0x97, 0x06, 0x9C, 0x02, 0xFF, 0x07, 0xAE, 0x06, 0xFE, 0x0E, 0xBE, 0x0B, 0x10, 0x00, 0x00, 0x00,
    0x30, 0x00, 0xFE, 0x0F, 0x83, 0x08, 0x88, 0x04, 0xFE, 0x03, 0xFE, 0x03, 0x88, 0x00, 0xFF, 0x01,
    0x88, 0x06, 0x88, 0x0C, 0x80, 0x00, 0x00, 0x00, 0x80, 0x04, 0xFE, 0x02, 0xAB, 0x05, 0xAF, 0x0C,
    0xFE, 0x07, 0xC2, 0x00, 0xF2, 0x04, 0x92, 0x0C, 0x92, 0x0F, 0xDE, 0x07, 0x00, 0x00, 0x00, 0x00,
    0x60, 0x00, 0x30, 0x04, 0x1C, 0x07, 0xC6, 0x05, 0x60, 0x04, 0x00, 0x04, 0x0F, 0x05, 0x18, 0x07,
    0x30, 0x04, 0x60, 0x00, 0x00, 0x00, 0x00, 0x00, 0x0C, 0x00, 0x86, 0x0F, 0xF8, 0x0F, 0x58, 0x04,
    0x4B, 0x04, 0x4B, 0x04, 0x48, 0x04, 0xF8, 0x07, 0x8C, 0x0F, 0x06, 0x00, 0x04, 0x00, 0x00, 0x00,
    0x00, 0x00, 0x72, 0x00, 0x5A, 0x00, 0x42, 0x00, 0x42, 0x04, 0x42, 0x0C, 0x42, 0x0C, 0x5E, 0x07,
    0xC2, 0x01, 0x00, 0x00, 0x00, 0x00, 0x00, 0x00, 0x00, 0x01, 0xFC, 0x01, 0x82, 0x04, 0x82, 0x06,
    0xFE, 0x03, 0x32, 0x00, 0x62, 0x00, 0xFE, 0x07, 0xFE, 0x07, 0x00, 0x06, 0x00, 0x04, 0x00, 0x00,
    0x48, 0x04, 0x4A, 0x02, 0xCA, 0x01, 0xCA, 0x04, 0xFE, 0x0F, 0xFE, 0x07, 0x8A, 0x01, 0x4A, 0x03,
    0x6B, 0x02, 0x08, 0x06, 0x00, 0x00, 0x00, 0x00, 0xC8, 0x04, 0xFF, 0x0F, 0xFE, 0x0B, 0xAC, 0x0C,
    0x88, 0x06, 0xFF, 0x03, 0x88, 0x00, 0xFF, 0x01, 0xFE, 0x02, 0x88, 0x06, 0x88, 0x00, 0x00, 0x00,
    0x08, 0x08, 0xEA, 0x05, 0xE8, 0x05, 0x08, 0x06, 0xEE, 0x03, 0x6E, 0x02, 0x08, 0x02, 0xF8, 0x07,
    0x29, 0x0C, 0x0C, 0x00, 0x00, 0x00, 0x00, 0x00, 0x88, 0x08, 0x88, 0x04, 0x88, 0x06, 0xFF, 0x03,
    0x88, 0x00, 0x88, 0x00, 0xFF, 0x01, 0x88, 0x02, 0x88, 0x06, 0xCC, 0x0C, 0x80, 0x00, 0x00, 0x00,
    0x58, 0x00, 0xF7, 0x0F, 0xF4, 0x07, 0x54, 0x02, 0x30, 0x01, 0xCE, 0x01, 0x77, 0x05, 0xC4, 0x0D,
    0x84, 0x0D, 0xFC, 0x07, 0x00, 0x00, 0x00, 0x00, 0x30, 0x00, 0x0C, 0x01, 0xC7, 0x01, 0x75, 0x01,
    0x14, 0x01, 0xC4, 0x01, 0x84, 0x05, 0x04, 0x0C, 0xFC, 0x0F, 0xFC, 0x03, 0x00, 0x00, 0x00, 0x00,
    0x18, 0x05, 0xF2, 0x0F, 0x76, 0x00, 0x3C, 0x01, 0xCE, 0x01, 0x37, 0x01, 0xC4, 0x05, 0x84, 0x0D,
    0x04, 0x0F, 0xFC, 0x07, 0x00, 0x00, 0x00, 0x00, 0x62, 0x00, 0x32, 0x00, 0xDA, 0x07, 0x5F, 0x02,
    0x52, 0x02, 0xD2, 0x03, 0xDF, 0x07, 0x16, 0x0C, 0xF2, 0x0F, 0xF2, 0x03, 0x00, 0x00, 0x00, 0x00,
    0x92, 0x01, 0xCC, 0x0C, 0xFE, 0x0F, 0xB2, 0x03, 0x18, 0x00, 0xF7, 0x03, 0x04, 0x01, 0xF4, 0x05,
    0x04, 0x0C, 0xFC, 0x07, 0x00, 0x00, 0x00, 0x00, 0x10, 0x01, 0xFF, 0x09, 0x98, 0x04, 0x98, 0x07,
    0xFE, 0x01, 0xD2, 0x0F, 0x52, 0x04, 0x52, 0x04, 0xD3, 0x0F, 0xD8, 0x07, 0x00, 0x00, 0x00, 0x00,
    0xC8, 0x00, 0xFF, 0x0F, 0xFF, 0x07, 0x68, 0x00, 0x98, 0x01, 0x6E, 0x01, 0x73, 0x05, 0x80, 0x0D,
    0x00, 0x0F, 0xFC, 0x07, 0x00, 0x00, 0x00, 0x00, 0xFE, 0x0D, 0xFA, 0x07, 0xFA, 0x02, 0xFE, 0x07,
    0x10, 0x01, 0xCE, 0x01, 0x77, 0x01, 0x80, 0x05, 0x04, 0x0D, 0xFC, 0x07, 0x00, 0x00, 0x00, 0x00,
    0xFC, 0x01, 0x97, 0x04, 0xF5, 0x05, 0xF4, 0x07, 0xFC, 0x0B, 0x2C, 0x09, 0xFF, 0x07, 0x73, 0x06,
    0x4E, 0x03, 0xC6, 0x01, 0x00, 0x00, 0x00, 0x00, 0x02, 0x01, 0x22, 0x03, 0x7E, 0x03, 0xD2, 0x03,
    0x37, 0x0F, 0xB7, 0x07, 0xD2, 0x03, 0x5E, 0x03, 0x3A, 0x03, 0x82, 0x01, 0x00, 0x00, 0x00, 0x00,
    0x22, 0x09, 0xFA, 0x07, 0x3A, 0x03, 0xEF, 0x07, 0x22, 0x04, 0xA2, 0x0F, 0xAF, 0x04, 0xFA, 0x04,
    0xA2, 0x07, 0xB2, 0x0F, 0x20, 0x00, 0x00, 0x00, 0xFC, 0x03, 0x84, 0x00, 0xFC, 0x01, 0x8C, 0x00,
    0xC8, 0x0F, 0x48, 0x04, 0x7F, 0x04, 0x48, 0x04, 0xC8, 0x0F, 0xCC, 0x07, 0x08, 0x00, 0x00, 0x00,
    0xAC, 0x05, 0xFB, 0x0F, 0xFE, 0x03, 0x7E, 0x00, 0xFA, 0x0F, 0xF4, 0x0B, 0x53, 0x08, 0xFE, 0x0F,
    0xF2, 0x0B, 0xDA, 0x0D, 0x00, 0x00, 0x00, 0x00, 0x30, 0x00, 0xFE, 0x0F, 0x0F, 0x00, 0xC8, 0x0F,
    0xC8, 0x0F, 0x48, 0x04, 0x7F, 0x04, 0x48, 0x04, 0xC8, 0x0F, 0x4C, 0x00, 0x08, 0x00, 0x00, 0x00,
    0x32, 0x07, 0xE6, 0x0F, 0x3C, 0x00, 0x0C, 0x00, 0xC8, 0x0F, 0x48, 0x04, 0x7F, 0x04, 0x48, 0x04,
    0xC8, 0x0F, 0x0C, 0x00, 0x00, 0x00, 0x00, 0x00, 0x42, 0x0C, 0xFA, 0x0F, 0x26, 0x04, 0xF2, 0x03,
    0xFE, 0x00, 0xFE, 0x0F, 0xFE, 0x07, 0x3E, 0x06, 0xE3, 0x03, 0x00, 0x07, 0x00, 0x04, 0x00, 0x00,
    0xC8, 0x04, 0xFF, 0x07, 0xCB, 0x03, 0x78, 0x03, 0x08, 0x06, 0xC8, 0x0F, 0x7E, 0x04, 0x7F, 0x04,
    0x48, 0x04, 0xCC, 0x0F, 0x08, 0x00, 0x00, 0x00, 0xF4, 0x04, 0xB4, 0x07, 0xBF, 0x04, 0xB4, 0x0F,
    0xFE, 0x08, 0x24, 0x04, 0xE4, 0x07, 0xBF, 0x03, 0xE0, 0x06, 0x24, 0x0C, 0x04, 0x04, 0x00, 0x00,
    0x08, 0x00, 0x08, 0x00, 0xC8, 0x0F, 0x48, 0x04, 0x7F, 0x04, 0x7F, 0x04, 0x48, 0x04, 0xC8, 0x0F,
    0xC8, 0x07, 0x0C, 0x00, 0x00, 0x00, 0x00, 0x00, 0xC0, 0x08, 0xDE, 0x0F, 0x54, 0x08, 0x54, 0x0F,
    0x7F, 0x09, 0x7E, 0x0F, 0x54, 0x0F, 0x74, 0x09, 0xFE, 0x0F, 0xC0, 0x0C, 0x00, 0x04, 0x00, 0x00,
    0x30, 0x00, 0x10, 0x00, 0xFF, 0x0F, 0xB4, 0x02, 0xBC, 0x02, 0xBE, 0x06, 0xF0, 0x0E, 0xFF, 0x0F,
    0x30, 0x00, 0x10, 0x00, 0x00, 0x00, 0x00, 0x00, 0x88, 0x00, 0x4C, 0x00, 0xE6, 0x0F, 0xBB, 0x04,
    0x8C, 0x04, 0x9C, 0x04, 0xB2, 0x07, 0xE2, 0x0F, 0x46, 0x00, 0xC0, 0x00, 0x00, 0x00, 0x00, 0x00,
    0xFE, 0x03, 0xFE, 0x00, 0x42, 0x04, 0xFF, 0x0F, 0x30, 0x00, 0x7E, 0x04, 0xA2, 0x03, 0xAE, 0x07,
    0xFE, 0x04, 0x18, 0x0C, 0x00, 0x00, 0x00, 0x00, 0xC8, 0x0F, 0x48, 0x02, 0x7F, 0x02, 0xE8, 0x07,
    0xCC, 0x0C, 0x38, 0x04, 0xFF, 0x02, 0x89, 0x03, 0x78, 0x06, 0x0C, 0x06, 0x08, 0x04, 0x00, 0x00,
    0xFE, 0x07, 0xFE, 0x06, 0xFA, 0x07, 0xCA, 0x0A, 0x7A, 0x09, 0xFA, 0x05, 0xFA, 0x07, 0xFE, 0x03,
    0x0A, 0x02, 0xFA, 0x0D, 0x02, 0x00, 0x00, 0x00, 0xFE, 0x0F, 0xFE, 0x0F, 0x0A, 0x04, 0xEA, 0x07,
    0x3E, 0x05, 0x3E, 0x05, 0xEA, 0x07, 0x0A, 0x04, 0xFE, 0x07, 0xFE, 0x07, 0x00, 0x00, 0x00, 0x00,
    0x00, 0x06, 0xFE, 0x03, 0xCA, 0x00, 0xFA, 0x0F, 0xBA, 0x04, 0xBB, 0x05, 0xFA, 0x07, 0xAA, 0x04,
    0xAE, 0x05, 0xAE, 0x05, 0x00, 0x04, 0x00, 0x00, 0x90, 0x0F, 0x92, 0x0F, 0xFE, 0x04, 0xFE, 0x04,
    0x92, 0x07, 0x9A, 0x00, 0x10, 0x00, 0xFC, 0x05, 0x00, 0x0C, 0xFF, 0x07, 0x00, 0x00, 0x00, 0x00,
    0x00, 0x06, 0xFE, 0x03, 0x3C, 0x00, 0x04, 0x00, 0xFE, 0x07, 0x02, 0x02, 0x06, 0x03, 0xF2, 0x06,
    0x82, 0x03, 0x00, 0x06, 0x00, 0x04, 0x00, 0x00, 0xE0, 0x0F, 0x3F, 0x03, 0xF8, 0x01, 0xB8, 0x05,
    0x3F, 0x0D, 0xE2, 0x07, 0x00, 0x00, 0xFC, 0x05, 0x00, 0x0C, 0xFF, 0x0F, 0x00, 0x00, 0x00, 0x00,
    0x86, 0x0A, 0x82, 0x0A, 0xFE, 0x0D, 0xF6, 0x07, 0xFF, 0x03, 0xFE, 0x0D, 0xF6, 0x0F, 0xFE, 0x03,
    0x86, 0x03, 0xC6, 0x02, 0x00, 0x00, 0x00, 0x00, 0xC8, 0x04, 0xFF, 0x0F, 0xFF, 0x07, 0x2C, 0x00,
    0x24, 0x01, 0x24, 0x01, 0xFF, 0x07, 0x24, 0x05, 0x24, 0x01, 0xB4, 0x05, 0x00, 0x00, 0x00, 0x00,
    0x68, 0x00, 0xFE, 0x0F, 0xEC, 0x00, 0xB4, 0x04, 0xFE, 0x07, 0xFF, 0x07, 0x94, 0x00, 0xB4, 0x0E,
    0xFF, 0x0F, 0x60, 0x00, 0x60, 0x00, 0x00, 0x00, 0x08, 0x03, 0x0A, 0x01, 0xFA, 0x03, 0xEA, 0x01,
    0xFE, 0x0F, 0xFE, 0x0F, 0xFB, 0x01, 0xF9, 0x03, 0x68, 0x02, 0xAC, 0x03, 0x00, 0x00, 0x00, 0x00,
    0xC8, 0x04, 0xC8, 0x0C, 0xFF, 0x0F, 0x2C, 0x08, 0x5C, 0x04, 0x5E, 0x03, 0xF2, 0x01, 0x52, 0x04,
    0x5E, 0x0E, 0xDE, 0x07, 0x00, 0x00, 0x00, 0x00, 0x30, 0x00, 0xFF, 0x0F, 0xD8, 0x04, 0x58, 0x00,
    0x22, 0x01, 0x3E, 0x01, 0xDA, 0x07, 0x3E, 0x01, 0x26, 0x01, 0x60, 0x05, 0x20, 0x04, 0x00, 0x00,
    0xE8, 0x00, 0xFF, 0x0F, 0x6C, 0x00, 0x48, 0x00, 0xFC, 0x0F, 0xF4, 0x07, 0x57, 0x05, 0x54, 0x05,
    0xFC, 0x0F, 0x0E, 0x07, 0x04, 0x00, 0x00, 0x00, 0x40, 0x00, 0x48, 0x04, 0x4A, 0x06, 0x4E, 0x03,
    0xF8, 0x01, 0xC8, 0x00, 0x4E, 0x01, 0x4B, 0x02, 0x4C, 0x06, 0x68, 0x04, 0x00, 0x00, 0x00, 0x00,
    0x0E, 0x00, 0x00, 0x00, 0xF8, 0x0F, 0x40, 0x05, 0x43, 0x05, 0x42, 0x05, 0x50, 0x05, 0xF8, 0x0F,
    0x0C, 0x01, 0x06, 0x00, 0x04, 0x00, 0x00, 0x00, 0x24, 0x04, 0xEE, 0x07, 0xEA, 0x01, 0xEA, 0x07,
    0x2A, 0x04, 0x32, 0x04, 0x52, 0x0C, 0xFE, 0x0F, 0xFE, 0x0D, 0x12, 0x06, 0x10, 0x04, 0x00, 0x00,
    0x08, 0x02, 0xF0, 0x01, 0xFE, 0x08, 0x86, 0x05, 0xFE, 0x06, 0xFE, 0x03, 0xFE, 0x00, 0xCA, 0x07,
    0x7E, 0x0C, 0x7E, 0x0C, 0x00, 0x04, 0x00, 0x00, 0x3C, 0x00, 0x16, 0x00, 0xF7, 0x0F, 0xBE, 0x04,
    0xBE, 0x04, 0xBE, 0x04, 0xB3, 0x04, 0xFE, 0x0F, 0x32, 0x07, 0x3A, 0x00, 0x10, 0x00, 0x00, 0x00,
    0x1C, 0x00, 0xF7, 0x0F, 0x1C, 0x06, 0x0C, 0x02, 0x0C, 0x01, 0xF4, 0x0F, 0x55, 0x05, 0x56, 0x05,
    0xF4, 0x0F, 0x1E, 0x0F, 0x04, 0x00, 0x00, 0x00, 0xEE, 0x07, 0xFF, 0x07, 0xE4, 0x07, 0xE6, 0x07,
    0xFA, 0x0F, 0xFF, 0x0F, 0xFA, 0x07, 0xFF, 0x07, 0xDA, 0x06, 0xDA, 0x07, 0x00, 0x04, 0x00, 0x00,
    0x38, 0x00, 0xFF, 0x0F, 0x18, 0x00, 0x18, 0x0A, 0xFE, 0x0F, 0x5A, 0x06, 0xDE, 0x03, 0x42, 0x04,
    0xFF, 0x07, 0x44, 0x0C, 0x00, 0x00, 0x00, 0x00, 0x98, 0x01, 0xD2, 0x0F, 0xBA, 0x01, 0xDE, 0x0C,
    0xFA, 0x0F, 0xFF, 0x06, 0xFA, 0x07, 0xDF, 0x06, 0xDE, 0x06, 0xFA, 0x07, 0x02, 0x04, 0x00, 0x00,
    0x04, 0x08, 0x1C, 0x08, 0xFF, 0x07, 0x14, 0x06, 0xDE, 0x03, 0xDE, 0x02, 0x14, 0x02, 0xFF, 0x07,
    0xC6, 0x0D, 0x04, 0x00, 0x04, 0x00, 0x00, 0x00, 0x20, 0x08, 0x22, 0x04, 0x3C, 0x02, 0xF8, 0x01,
    0x3E, 0x00, 0xFF, 0x07, 0xF0, 0x07, 0x2C, 0x0C, 0x26, 0x0C, 0x30, 0x07, 0x00, 0x00, 0x00, 0x00,
    0x00, 0x06, 0xFC, 0x03, 0x04, 0x00, 0x04, 0x00, 0x04, 0x00, 0x07, 0x00, 0x04, 0x00, 0x04, 0x00,
    0x04, 0x00, 0x06, 0x00, 0x00, 0x00, 0x00, 0x00, 0x20, 0x04, 0xE6, 0x03, 0x92, 0x04, 0x6E, 0x06,
    0xFE, 0x0F, 0xE3, 0x0F, 0x24, 0x0E, 0xFC, 0x0F, 0x24, 0x0E, 0x36, 0x0F, 0x00, 0x04, 0x00, 0x00,
    0x22, 0x02, 0xFE, 0x03, 0x32, 0x09, 0x22, 0x05, 0x7E, 0x06, 0xD6, 0x01, 0xFF, 0x07, 0xD4, 0x0F,
    0xFE, 0x0B, 0x7C, 0x0F, 0x00, 0x06, 0x00, 0x00, 0x28, 0x06, 0xFF, 0x03, 0xBF, 0x08, 0xAC, 0x03,
    0x28, 0x04, 0xFE, 0x02, 0xFA, 0x01, 0xBA, 0x07, 0x7E, 0x0C, 0x7E, 0x04, 0x00, 0x07, 0x00, 0x00,
    0x20, 0x00, 0x24, 0x01, 0x24, 0x01, 0x24, 0x01, 0xFF, 0x07, 0xFF, 0x07, 0x24, 0x01, 0x24, 0x01,
    0xA4, 0x01, 0x30, 0x04, 0x00, 0x00, 0x00, 0x00, 0xE4, 0x06, 0xFC, 0x07, 0x24, 0x02, 0xE6, 0x07,
    0x26, 0x09, 0x24, 0x09, 0xFE, 0x0F, 0xFF, 0x0F, 0x24, 0x09, 0xA4, 0x0D, 0x20, 0x0C, 0x00, 0x00,
    0x00, 0x08, 0xFC, 0x05, 0x00, 0x03, 0xFF, 0x01, 0x04, 0x02, 0x24, 0x02, 0x24, 0x02, 0x24, 0x02,
    0x24, 0x02, 0xFE, 0x07, 0x00, 0x00, 0x00, 0x00, 0x10, 0x00, 0xF8, 0x03, 0x56, 0x01, 0x57, 0x01,
    0xF4, 0x07, 0x5C, 0x0D, 0x56, 0x09, 0x54, 0x09, 0xF8, 0x09, 0x00, 0x0C, 0x00, 0x06, 0x00, 0x00,
    0xFC, 0x0F, 0x24, 0x06, 0xA6, 0x02, 0xB0, 0x02, 0xFE, 0x03, 0xFE, 0x03, 0xBA, 0x02, 0xBA, 0x06,
    0x22, 0x0E, 0xFE, 0x07, 0x00, 0x00, 0x00, 0x00, 0x74, 0x01, 0x1E, 0x01, 0xF7, 0x0F, 0xA4, 0x08,
    0xB4, 0x06, 0xF8, 0x03, 0x7F, 0x00, 0x18, 0x00, 0xF8, 0x0F, 0x00, 0x0C, 0x00, 0x04, 0x00, 0x00,
    0x00, 0x08, 0x7E, 0x04, 0x50, 0x02, 0xC2, 0x01, 0xFF, 0x00, 0xDC, 0x07, 0xC0, 0x07, 0xFE, 0x06,
    0x7E, 0x07, 0x00, 0x06, 0x00, 0x00, 0x00, 0x00, 0x10, 0x00, 0xF6, 0x07, 0x24, 0x0A, 0x18, 0x07,
    0xFC, 0x03, 0xE3, 0x07, 0xEA, 0x0F, 0x2E, 0x09, 0xE2, 0x09, 0x08, 0x0C, 0x00, 0x04, 0x00, 0x00,
    0x44, 0x08, 0xBE, 0x08, 0xBA, 0x04, 0xAE, 0x07, 0xE2, 0x01, 0xA6, 0x02, 0xBC, 0x02, 0xBA, 0x04,
    0xE6, 0x08, 0x64, 0x00, 0x00, 0x00, 0x00, 0x00, 0xE8, 0x00, 0xFF, 0x0F, 0x6C, 0x04, 0x6C, 0x00,
    0x24, 0x01, 0x24, 0x01, 0xFF, 0x07, 0x24, 0x05, 0x24, 0x01, 0xB4, 0x05, 0x00, 0x04, 0x00, 0x00,
    0xC8, 0x00, 0xFF, 0x0F, 0xFF, 0x0F, 0x6C, 0x00, 0xFE, 0x07, 0xFE, 0x07, 0x92, 0x04, 0x92, 0x04,
    0xF2, 0x04, 0xF2, 0x04, 0x00, 0x04, 0x00, 0x00, 0xFE, 0x07, 0xF2, 0x07, 0xF2, 0x0B, 0x5E, 0x06,
    0xFC, 0x03, 0x6F, 0x00, 0xEB, 0x0F, 0x2E, 0x0D, 0xEE, 0x0D, 0x28, 0x0E, 0x08, 0x04, 0x00, 0x00,
    0x20, 0x08, 0xFE, 0x0B, 0xEE, 0x09, 0x6A, 0x04, 0xFF, 0x03, 0xFF, 0x02, 0x6A, 0x06, 0xEE, 0x07,
    0xFE, 0x0D, 0x30, 0x08, 0x00, 0x00, 0x00, 0x00, 0x50, 0x04, 0x5C, 0x07, 0xD6, 0x05, 0xD3, 0x04,
    0x56, 0x07, 0x4C, 0x06, 0x00, 0x00, 0xFC, 0x05, 0x00, 0x0C, 0xFF, 0x0F, 0x00, 0x00, 0x00, 0x00,
    0x3C, 0x03, 0x3F, 0x01, 0xFC, 0x0F, 0x24, 0x00, 0xFE, 0x0F, 0xFE, 0x07, 0x8A, 0x04, 0xEA, 0x07,
    0xBE, 0x09, 0xDE, 0x0C, 0x00, 0x06, 0x00, 0x00, 0x18, 0x05, 0xD6, 0x0F, 0x38, 0x02, 0x34, 0x02,
    0x7C, 0x0F, 0xFD, 0x0C, 0xD3, 0x04, 0x64, 0x03, 0xF8, 0x07, 0x92, 0x0C, 0x00, 0x04, 0x00, 0x00,
    0xC8, 0x00, 0xFE, 0x0F, 0xFF, 0x0F, 0x68, 0x00, 0xFE, 0x0F, 0x9A, 0x04, 0x8A, 0x04, 0xEA, 0x0F,
    0xBE, 0x08, 0xDE, 0x0C, 0x00, 0x04, 0x00, 0x00, 0x5C, 0x00, 0xF7, 0x07, 0x54, 0x06, 0x54, 0x02,
    0xE4, 0x0F, 0x5E, 0x03, 0xF2, 0x00, 0xF2, 0x01, 0x5E, 0x05, 0xFE, 0x0F, 0x40, 0x00, 0x00, 0x00,
    0x44, 0x03, 0x7C, 0x01, 0x4B, 0x0D, 0xCB, 0x07, 0xFC, 0x01, 0x7E, 0x01, 0xFE, 0x0F, 0xFE, 0x07,
    0x7A, 0x02, 0xC6, 0x03, 0x02, 0x00, 0x00, 0x00, 0xFE, 0x0F, 0xFE, 0x0F, 0x2A, 0x05, 0x22, 0x05,
    0xFA, 0x05, 0x6A, 0x05, 0xE2, 0x05, 0xA6, 0x05, 0xFE, 0x0F, 0xFE, 0x07, 0x00, 0x00, 0x00, 0x00,
    0x40, 0x04, 0x7E, 0x02, 0x7E, 0x03, 0xEA, 0x01, 0xFE, 0x0F, 0xFE, 0x07, 0xEA, 0x01, 0x7E, 0x03,
    0x7E, 0x06, 0x40, 0x06, 0x00, 0x00, 0x00, 0x00, 0x42, 0x05, 0x42, 0x05, 0xFE, 0x0E, 0xE6, 0x0F,
    0xFF, 0x05, 0xFF, 0x07, 0x66, 0x06, 0xFE, 0x07, 0xFE, 0x0D, 0x62, 0x0D, 0x40, 0x00, 0x00, 0x00,
    0x20, 0x04, 0xE6, 0x03, 0x26, 0x02, 0x08, 0x04, 0x78, 0x04, 0x68, 0x0C, 0x08, 0x0E, 0xFF, 0x0F,
    0x08, 0x0C, 0x0C, 0x0C, 0x00, 0x00, 0x00, 0x00, 0xFE, 0x03, 0x84, 0x00, 0xFE, 0x01, 0x20, 0x00,
    0xF8, 0x0F, 0xAE, 0x04, 0xA3, 0x04, 0xAE, 0x04, 0xF8, 0x0F, 0x30, 0x00, 0x10, 0x00, 0x00, 0x00,
    0x3E, 0x00, 0xFE, 0x0F, 0xBC, 0x05, 0xFE, 0x0F, 0x3E, 0x08, 0x34, 0x05, 0xBC, 0x06, 0x6F, 0x03,
    0xB4, 0x03, 0xC6, 0x06, 0x00, 0x00, 0x00, 0x00, 0xC2, 0x04, 0xFA, 0x0F, 0xFE, 0x07, 0x26, 0x08,
    0x24, 0x05, 0xBC, 0x04, 0xEF, 0x02, 0x76, 0x03, 0xDC, 0x03, 0xC6, 0x06, 0x04, 0x00, 0x00, 0x00,
    0x18, 0x0F, 0xF6, 0x0F, 0x58, 0x00, 0xFC, 0x03, 0x7F, 0x02, 0xDD, 0x03, 0x7C, 0x0B, 0x4C, 0x0E,
    0xFC, 0x07, 0x46, 0x02, 0x40, 0x00, 0x00, 0x00, 0x28, 0x0C, 0xAF, 0x0A, 0xEF, 0x07, 0xFE, 0x05,
    0xAE, 0x02, 0xEE, 0x03, 0x2E, 0x05, 0xFE, 0x04, 0x9A, 0x07, 0x02, 0x04, 0x00, 0x0E, 0x00, 0x00,
    0x04, 0x02, 0x64, 0x09, 0x74, 0x05, 0xBC, 0x04, 0xEF, 0x06, 0x66, 0x03, 0xBC, 0x03, 0xD4, 0x06,
    0x44, 0x0C, 0x06, 0x00, 0x00, 0x00, 0x00, 0x00, 0x8E, 0x00, 0xAE, 0x08, 0x2A, 0x0F, 0x2A, 0x05,
    0xFF, 0x05, 0xFE, 0x05, 0x2A, 0x05, 0xBA, 0x0F, 0x4E, 0x00, 0x46, 0x00, 0x00, 0x00, 0x00, 0x00,
    0x7A, 0x01, 0x5E, 0x0D, 0x7E, 0x0D, 0xCE, 0x0F, 0x64, 0x0D, 0xB4, 0x05, 0xEF, 0x02, 0x66, 0x03,
    0xB4, 0x07, 0x86, 0x0C, 0x04, 0x00, 0x00, 0x00, 0xFA, 0x0F, 0x7E, 0x05, 0x7E, 0x05, 0xFA, 0x07,
    0xFA, 0x07, 0xFE, 0x0F, 0xFE, 0x07, 0x48, 0x04, 0xFF, 0x0F, 0xFE, 0x07, 0x08, 0x00, 0x00, 0x00,
    0xC4, 0x06, 0x7E, 0x03, 0x6C, 0x07, 0xFE, 0x0D, 0xF6, 0x0D, 0x8C, 0x0F, 0x5F, 0x0C, 0x74, 0x07,
    0x5C, 0x03, 0xC6, 0x06, 0x00, 0x00, 0x00, 0x00, 0x08, 0x00, 0xFF, 0x0F, 0x48, 0x02, 0x48, 0x02,
    0xFF, 0x07, 0x0C, 0x00, 0xFE, 0x0F, 0xFE, 0x0F, 0x3A, 0x03, 0xE6, 0x03, 0x82, 0x01, 0x00, 0x00,
    0xFC, 0x02, 0xBC, 0x02, 0xAF, 0x0F, 0xBC, 0x02, 0xFE, 0x03, 0x54, 0x00, 0x54, 0x00, 0xFF, 0x0F,
    0x54, 0x02, 0xD6, 0x07, 0x44, 0x00, 0x00, 0x00, 0x10, 0x00, 0x30, 0x00, 0x28, 0x0F, 0x26, 0x01,
    0x2B, 0x01, 0xBB, 0x01, 0xE4, 0x01, 0x28, 0x0F, 0x18, 0x01, 0x18, 0x00, 0x10, 0x00, 0x00, 0x00,
    0x88, 0x05, 0xDB, 0x07, 0x3E, 0x00, 0xF0, 0x07, 0x9A, 0x04, 0x70, 0x06, 0xFC, 0x07, 0x76, 0x04,
    0xDB, 0x04, 0xF2, 0x0F, 0x10, 0x00, 0x00, 0x00, 0x0C, 0x04, 0x2A, 0x02, 0xAA, 0x01, 0xFE, 0x00,
    0x6F, 0x05, 0x2B, 0x0F, 0xFE, 0x08, 0xAA, 0x01, 0x7E, 0x03, 0x46, 0x02, 0x00, 0x02, 0x00, 0x00,
    0xF8, 0x07, 0xF2, 0x07, 0x92, 0x05, 0xF2, 0x04, 0xFA, 0x07, 0xFE, 0x07, 0xD6, 0x04, 0x9A, 0x05,
    0x13, 0x05, 0xF0, 0x07, 0x00, 0x00, 0x00, 0x00, 0xFC, 0x01, 0x84, 0x08, 0xFC, 0x06, 0xFC, 0x03,
    0xD4, 0x0B, 0x50, 0x0B, 0xDC, 0x07, 0xFF, 0x03, 0xE2, 0x03, 0x76, 0x04, 0x04, 0x0E, 0x00, 0x00,
    0x0C, 0x01, 0x36, 0x00, 0x2A, 0x00, 0x2E, 0x00, 0xE2, 0x0F, 0xE2, 0x0F, 0x26, 0x00, 0x2E, 0x00,
    0xBE, 0x00, 0x82, 0x00, 0x00, 0x00, 0x00, 0x00, 0xFC, 0x01, 0xAE, 0x0F, 0xAF, 0x0F, 0xFE, 0x03,
    0xDA, 0x07, 0xDC, 0x0F, 0xF3, 0x07, 0xF6, 0x03, 0xDC, 0x0D, 0xF8, 0x07, 0x08, 0x00, 0x00, 0x00,
    0xC8, 0x04, 0xFF, 0x0F, 0x2C, 0x05, 0xFC, 0x06, 0xFC, 0x06, 0xE4, 0x0F, 0xEC, 0x0B, 0xFF, 0x0C,
    0xF6, 0x0E, 0x9E, 0x07, 0xC0, 0x05, 0x00, 0x00, 0xC8, 0x04, 0xFF, 0x0F, 0xFF, 0x07, 0x0C, 0x01,
    0x7E, 0x01, 0x7E, 0x01, 0xCA, 0x0F, 0x4A, 0x01, 0x7E, 0x01, 0x7E, 0x01, 0x00, 0x01, 0x00, 0x00,
    0x00, 0x01, 0x5E, 0x01, 0x5E, 0x01, 0x56, 0x01, 0xD6, 0x0F, 0xD6, 0x0F, 0x56, 0x01, 0x5E, 0x01,
    0x7F, 0x01, 0x80, 0x01, 0x00, 0x01, 0x00, 0x00, 0x18, 0x00, 0xFF, 0x0F, 0x98, 0x05, 0x7C, 0x06,
    0xF4, 0x07, 0x64, 0x0D, 0xFF, 0x0B, 0xFF, 0x0C, 0xF7, 0x04, 0x96, 0x07, 0x00, 0x01, 0x00, 0x00,
    0x38, 0x00, 0xFF, 0x0F, 0x18, 0x01, 0x50, 0x01, 0x7E, 0x01, 0x52, 0x01, 0xD2, 0x0F, 0x52, 0x01,
    0x7E, 0x01, 0xC2, 0x01, 0x00, 0x01, 0x00, 0x00, 0x38, 0x06, 0xFF, 0x03, 0x1F, 0x03, 0x0C, 0x03,
    0x7F, 0x01, 0x5E, 0x01, 0xD0, 0x0F, 0x50, 0x01, 0x7F, 0x01, 0x7A, 0x01, 0x00, 0x01, 0x00, 0x00,
    0x18, 0x05, 0xF2, 0x07, 0x3E, 0x00, 0x22, 0x00, 0x22, 0x00, 0x22, 0x00, 0xFE, 0x0F, 0x22, 0x00,
    0x22, 0x00, 0x22, 0x00, 0x20, 0x00, 0x00, 0x00, 0x18, 0x07, 0xD6, 0x0F, 0x76, 0x08, 0x0A, 0x04,
    0x1E, 0x06, 0xE2, 0x03, 0xC2, 0x01, 0x7A, 0x02, 0x1E, 0x06, 0x00, 0x04, 0x00, 0x00, 0x00, 0x00,
    0x44, 0x08, 0xA4, 0x0C, 0xB4, 0x04, 0x9C, 0x03, 0xF7, 0x01, 0x84, 0x04, 0x8C, 0x0C, 0xD4, 0x0F,
    0xB4, 0x00, 0x26, 0x00, 0x20, 0x00, 0x00, 0x00, 0xE8, 0x00, 0xFF, 0x0F, 0x6C, 0x08, 0x4C, 0x08,
    0x04, 0x07, 0xF4, 0x03, 0x17, 0x00, 0xF4, 0x07, 0x04, 0x0C, 0x04, 0x06, 0x00, 0x04, 0x00, 0x00,
    0xFE, 0x07, 0xFE, 0x00, 0xFF, 0x05, 0xFE, 0x0F, 0x0C, 0x0C, 0xF4, 0x07, 0xF5, 0x01, 0x16, 0x00,
    0xF4, 0x07, 0x04, 0x0C, 0x04, 0x06, 0x00, 0x00, 0x00, 0x03, 0xFF, 0x01, 0x88, 0x07, 0xF2, 0x07,
    0xFE, 0x07, 0xDE, 0x0F, 0xD7, 0x0F, 0xF6, 0x07, 0xFE, 0x03, 0xB2, 0x06, 0x00, 0x00, 0x00, 0x00,
    0xFE, 0x01, 0xFE, 0x00, 0xFE, 0x00, 0xF2, 0x06, 0xFE, 0x07, 0xFF, 0x0B, 0xFF, 0x0F, 0xBE, 0x00,
    0xFE, 0x03, 0xB2, 0x06, 0x20, 0x04, 0x00, 0x00, 0x62, 0x0B, 0x32, 0x07, 0xDE, 0x07, 0xDE, 0x07,
    0xDF, 0x0B, 0x5E, 0x0F, 0xFE, 0x01, 0xFE, 0x02, 0x22, 0x06, 0x32, 0x04, 0x00, 0x00, 0x00, 0x00,
    0x62, 0x04, 0xA2, 0x05, 0xBE, 0x05, 0xBE, 0x01, 0xF7, 0x0F, 0x77, 0x0B, 0x76, 0x0B, 0xFE, 0x0B,
    0x62, 0x0B, 0x62, 0x0E, 0x20, 0x00, 0x00, 0x00, 0xD0, 0x0D, 0xD4, 0x07, 0xF4, 0x05, 0x1F, 0x0C,
    0xF4, 0x07, 0xD4, 0x01, 0x96, 0x0F, 0xFE, 0x0F, 0x3A, 0x02, 0xCE, 0x03, 0x82, 0x01, 0x00, 0x00,
    0xC8, 0x04, 0xFF, 0x07, 0xCB, 0x03, 0x7C, 0x03, 0x42, 0x00, 0x42, 0x04, 0x62, 0x0C, 0xFA, 0x07,
    0x46, 0x00, 0x62, 0x00, 0x00, 0x00, 0x00, 0x00, 0x34, 0x03, 0xFC, 0x09, 0xFF, 0x0F, 0xBC, 0x01,
    0xA4, 0x01, 0xA4, 0x00, 0xFC, 0x07, 0x92, 0x0C, 0x1B, 0x0C, 0x50, 0x0E, 0x40, 0x04, 0x00, 0x00,
    0x20, 0x00, 0x20, 0x00, 0xBE, 0x00, 0xE8, 0x00, 0xA8, 0x04, 0xA8, 0x0C, 0xA8, 0x0C, 0xBF, 0x07,
    0xA2, 0x00, 0x30, 0x00, 0x20, 0x00, 0x00, 0x00, 0x18, 0x0F, 0xF6, 0x0F, 0x38, 0x00, 0x3C, 0x0C,
    0xAE, 0x0F, 0xA4, 0x04, 0xBF, 0x04, 0xA0, 0x04, 0xA4, 0x0F, 0x24, 0x00, 0x20, 0x00, 0x00, 0x00,
    0xFE, 0x03, 0xFE, 0x00, 0xFE, 0x01, 0x02, 0x00, 0xFA, 0x01, 0x8A, 0x00, 0xFA, 0x05, 0x02, 0x0C,
    0xFE, 0x0F, 0x02, 0x00, 0x00, 0x00, 0x00, 0x00, 0xFE, 0x01, 0x82, 0x00, 0xFE, 0x01, 0x80, 0x05,
    0xDF, 0x07, 0x76, 0x07, 0xD4, 0x04, 0xD4, 0x07, 0x5F, 0x0F, 0xEE, 0x0F, 0x40, 0x00, 0x00, 0x00,
    0xC2, 0x00, 0xF2, 0x0F, 0x3A, 0x00, 0xFF, 0x03, 0xD2, 0x03, 0x52, 0x03, 0xFF, 0x07, 0x12, 0x0C,
    0xF2, 0x0F, 0x1A, 0x00, 0x10, 0x00, 0x00, 0x00, 0x62, 0x0E, 0xDA, 0x0F, 0x72, 0x00, 0xFF, 0x03,
    0xF2, 0x03, 0x32, 0x01, 0xFF, 0x07, 0x12, 0x0C, 0xF2, 0x0F, 0x1A, 0x00, 0x00, 0x00, 0x00, 0x00,
    0xC8, 0x00, 0xFF, 0x0F, 0xFF, 0x07, 0x6C, 0x0A, 0x64, 0x0D, 0xBC, 0x05, 0xEF, 0x02, 0x76, 0x03,
    0x94, 0x07, 0xC6, 0x0C, 0x04, 0x00, 0x00, 0x00, 0x10, 0x02, 0x10, 0x01, 0xD2, 0x00, 0x72, 0x00,
    0xFE, 0x0F, 0xFE, 0x07, 0x72, 0x00, 0x93, 0x01, 0x1A, 0x03, 0x18, 0x03, 0x00, 0x00, 0x00, 0x00,
    0x14, 0x01, 0xD2, 0x00, 0xFE, 0x0F, 0x72, 0x00, 0xDA, 0x00, 0x98, 0x04, 0xFC, 0x07, 0x04, 0x02,
    0x04, 0x03, 0xFC, 0x07, 0x00, 0x00, 0x00, 0x00, 0x30, 0x00, 0xFE, 0x0F, 0x03, 0x00, 0xFA, 0x01,
    0x92, 0x00, 0x92, 0x00, 0xFA, 0x05, 0x02, 0x0C, 0xFE, 0x0F, 0x02, 0x00, 0x00, 0x00, 0x00, 0x00,
    0x20, 0x00, 0x10, 0x08, 0xB8, 0x0F, 0xAE, 0x04, 0xA3, 0x04, 0xA3, 0x04, 0xAC, 0x04, 0xB8, 0x0F,
    0x30, 0x00, 0x30, 0x00, 0x00, 0x00, 0x00, 0x00, 0x10, 0x08, 0x18, 0x0F, 0xF8, 0x09, 0x6C, 0x0F,
    0x6B, 0x0F, 0x6B, 0x0F, 0x6C, 0x0F, 0xFC, 0x0F, 0x08, 0x0F, 0x18, 0x0C, 0x08, 0x00, 0x00, 0x00,
    0xBC, 0x02, 0x7E, 0x05, 0xFF, 0x0C, 0xCC, 0x07, 0x9C, 0x00, 0xCE, 0x0F, 0xBF, 0x04, 0xBC, 0x04,
    0xEE, 0x0F, 0xC0, 0x00, 0x40, 0x00, 0x00, 0x00, 0xFC, 0x0F, 0x0B, 0x00, 0x4E, 0x05, 0xF8, 0x03,
    0xDE, 0x02, 0x6A, 0x01, 0xBA, 0x03, 0x8A, 0x06, 0xFE, 0x0F, 0xFE, 0x07, 0x00, 0x00, 0x00, 0x00,
    0x18, 0x05, 0xC6, 0x0F, 0x3A, 0x00, 0xFA, 0x01, 0xF2, 0x01, 0x92, 0x00, 0xFA, 0x05, 0x02, 0x0C,
    0xFE, 0x0F, 0x02, 0x00, 0x02, 0x00, 0x00, 0x00, 0x98, 0x07, 0xFB, 0x07, 0x1E, 0x00, 0xFE, 0x0F,
    0x0A, 0x04, 0xEA, 0x07, 0x3E, 0x05, 0xEA, 0x05, 0x0A, 0x04, 0xFE, 0x0F, 0x00, 0x00, 0x00, 0x00,
    0xD4, 0x05, 0xF4, 0x03, 0x7F, 0x04, 0xF4, 0x0F, 0xD4, 0x0B, 0xD4, 0x07, 0xF4, 0x03, 0x3F, 0x0C,
    0xF4, 0x0F, 0xD6, 0x01, 0x10, 0x01, 0x00, 0x00, 0x48, 0x00, 0xFB, 0x0F, 0xFE, 0x01, 0xB8, 0x01,
    0xDE, 0x07, 0x7E, 0x03, 0xF6, 0x01, 0xD6, 0x07, 0x5E, 0x0F, 0xFE, 0x0F, 0x40, 0x00, 0x00, 0x00,
    0x6C, 0x00, 0xFC, 0x0F, 0x6F, 0x05, 0xFC, 0x07, 0x7C, 0x07, 0x44, 0x03, 0xFE, 0x00, 0xAF, 0x05,
    0xF4, 0x0D, 0xFE, 0x0F, 0xC0, 0x03, 0x00, 0x00, 0x24, 0x08, 0x3C, 0x08, 0xEF, 0x0B, 0x50, 0x04,
    0xDE, 0x03, 0xC0, 0x03, 0x7E, 0x04, 0x52, 0x04, 0xF2, 0x0F, 0x1E, 0x00, 0x00, 0x00, 0x00, 0x00,
    0xFE, 0x01, 0x80, 0x00, 0xFE, 0x08, 0x7E, 0x0D, 0x7E, 0x01, 0x6E, 0x0F, 0xFE, 0x01, 0x7E, 0x0D,
    0x66, 0x01, 0xFE, 0x0F, 0x00, 0x01, 0x00, 0x00, 0x00, 0x0D, 0x7E, 0x07, 0x56, 0x01, 0x5E, 0x07,
    0xFE, 0x05, 0xFE, 0x03, 0x5E, 0x0D, 0x56, 0x03, 0x7F, 0x07, 0x80, 0x0D, 0x00, 0x00, 0x00, 0x00,
    0xD8, 0x04, 0xFE, 0x03, 0x7C, 0x00, 0xFC, 0x0F, 0xF8, 0x0F, 0xAB, 0x04, 0x2A, 0x03, 0x68, 0x07,
    0xFC, 0x0D, 0x82, 0x0C, 0x00, 0x00, 0x00, 0x00, 0x48, 0x00, 0xF4, 0x0F, 0xFB, 0x07, 0x08, 0x00,
    0xFE, 0x0F, 0x2A, 0x04, 0xEA, 0x05, 0x2A, 0x03, 0xFE, 0x06, 0xC0, 0x0C, 0x00, 0x04, 0x00, 0x00,
    0x8A, 0x04, 0x6C, 0x0C, 0xFE, 0x07, 0x02, 0x00, 0xFE, 0x0F, 0x2A, 0x04, 0xEA, 0x04, 0x2A, 0x03,
    0xFE, 0x06, 0xC0, 0x0C, 0x00, 0x04, 0x00, 0x00, 0x30, 0x00, 0xFF, 0x0F, 0x18, 0x00, 0x18, 0x08,
    0xFE, 0x0F, 0x2A, 0x04, 0xEA, 0x01, 0x2A, 0x03, 0xFF, 0x06, 0xC0, 0x0C, 0x00, 0x04, 0x00, 0x00,
    0xFE, 0x03, 0x84, 0x00, 0xFE, 0x01, 0x44, 0x00, 0x7C, 0x00, 0x78, 0x08, 0x6B, 0x0F, 0x6A, 0x07,
    0xFC, 0x00, 0xFE, 0x00, 0x02, 0x00, 0x00, 0x00, 0x04, 0x00, 0x44, 0x00, 0x7C, 0x00, 0x6C, 0x0C,
    0x6F, 0x0F, 0x6E, 0x07, 0xEC, 0x01, 0xFC, 0x00, 0xC4, 0x00, 0x06, 0x00, 0x00, 0x00, 0x00, 0x00,
    0xE8, 0x00, 0xFF, 0x0F, 0x6C, 0x08, 0x7C, 0x0C, 0xF4, 0x07, 0xAF, 0x07, 0xF4, 0x01, 0xAF, 0x03,
    0xFC, 0x07, 0x2E, 0x0D, 0x00, 0x00, 0x00, 0x00, 0xC4, 0x00, 0xFA, 0x0F, 0x1B, 0x09, 0xFE, 0x05,
    0xFB, 0x03, 0xEE, 0x03, 0xFA, 0x05, 0x12, 0x05, 0xF2, 0x0F, 0x1A, 0x00, 0x10, 0x00, 0x00, 0x00,
    0x38, 0x00, 0xFF, 0x0F, 0x18, 0x00, 0x02, 0x00, 0xFA, 0x03, 0x4A, 0x01, 0x4A, 0x01, 0x4A, 0x01,
    0xFA, 0x01, 0x02, 0x04, 0x00, 0x00, 0x00, 0x00, 0xA2, 0x00, 0xAA, 0x05, 0xAE, 0x03, 0xA6, 0x0F,
    0xFF, 0x0C, 0xBE, 0x04, 0xA2, 0x07, 0xAA, 0x07, 0xEA, 0x04, 0x32, 0x0C, 0x00, 0x00, 0x00, 0x00,
    0xFE, 0x03, 0x84, 0x00, 0xFE, 0x09, 0x88, 0x04, 0x88, 0x06, 0xFF, 0x03, 0x88, 0x00, 0xFF, 0x01,
    0x88, 0x06, 0x88, 0x0C, 0x80, 0x00, 0x00, 0x00, 0x30, 0x06, 0xFF, 0x03, 0x1F, 0x09, 0x8C, 0x07,
    0x88, 0x06, 0xFF, 0x03, 0x88, 0x00, 0xFF, 0x00, 0xFF, 0x02, 0x88, 0x0E, 0x80, 0x00, 0x00, 0x00,
    0xFC, 0x05, 0xFE, 0x07, 0xFF, 0x03, 0xFC, 0x03, 0x48, 0x06, 0x04, 0x00, 0x04, 0x04, 0xFC, 0x07,
    0x04, 0x00, 0x06, 0x04, 0x00, 0x04, 0x00, 0x00, 0x18, 0x05, 0xF2, 0x0F, 0x0C, 0x01, 0xFC, 0x00,
    0x86, 0x00, 0xFE, 0x00, 0xEE, 0x00, 0xBF, 0x05, 0xFC, 0x0D, 0xDE, 0x0F, 0x80, 0x01, 0x00, 0x00,
    0x18, 0x0D, 0xF3, 0x0F, 0xBE, 0x08, 0x88, 0x04, 0xFF, 0x03, 0xFF, 0x03, 0x88, 0x00, 0xFF, 0x01,
    0x88, 0x06, 0x88, 0x0C, 0x80, 0x00, 0x00, 0x00, 0x38, 0x04, 0x2C, 0x02, 0xA4, 0x01, 0xE4, 0x0C,
    0x3D, 0x0F, 0xEF, 0x05, 0xA4, 0x04, 0x24, 0x06, 0x2C, 0x0C, 0x3C, 0x08, 0x24, 0x00, 0x00, 0x00,
    0x72, 0x04, 0x52, 0x0C, 0x52, 0x0E, 0xDE, 0x03, 0x1E, 0x04, 0x80, 0x07, 0xFC, 0x04, 0x0E, 0x04,
    0x80, 0x03, 0x00, 0x06, 0x00, 0x00, 0x00, 0x00, 0xB8, 0x05, 0xEE, 0x05, 0xB2, 0x04, 0x98, 0x06,
    0x04, 0x04, 0x04, 0x04, 0xFC, 0x07, 0xFC, 0x07, 0x04, 0x04, 0x06, 0x04, 0x00, 0x04, 0x00, 0x00,
    0xFE, 0x03, 0x04, 0x01, 0xFE, 0x01, 0x38, 0x0C, 0xFF, 0x0F, 0xEA, 0x0C, 0xBA, 0x07, 0xEE, 0x01,
    0xAE, 0x07, 0xAC, 0x0C, 0x88, 0x08, 0x00, 0x00, 0x30, 0x00, 0xFE, 0x0F, 0x8B, 0x08, 0xE8, 0x0C,
    0xBA, 0x06, 0xEA, 0x03, 0xEA, 0x01, 0xAE, 0x03, 0xBA, 0x04, 0xEC, 0x0C, 0x88, 0x04, 0x00, 0x00,
    0xCE, 0x04, 0x7E, 0x0E, 0xF3, 0x03, 0xFE, 0x0F, 0xCF, 0x08, 0xB8, 0x04, 0xFA, 0x03, 0xEA, 0x01,
    0xAE, 0x06, 0xAC, 0x0C, 0x00, 0x00, 0x00, 0x00, 0xFE, 0x03, 0x84, 0x00, 0xFE, 0x01, 0xC2, 0x04,
    0xF2, 0x0F, 0xFE, 0x07, 0x22, 0x00, 0xFE, 0x07, 0xFE, 0x0F, 0x00, 0x0C, 0x00, 0x04, 0x00, 0x00,
    0x00, 0x03, 0xFE, 0x01, 0x02, 0x01, 0x7E, 0x01, 0x6E, 0x05, 0x6E, 0x0F, 0xEE, 0x07, 0xFE, 0x01,
    0x7E, 0x01, 0x43, 0x01, 0x00, 0x01, 0x00, 0x00, 0x30, 0x00, 0xFE, 0x0F, 0x9F, 0x0B, 0xF8, 0x0B,
    0xEA, 0x04, 0xBA, 0x06, 0xEA, 0x01, 0xAE, 0x03, 0xBE, 0x06, 0xAC, 0x0C, 0x88, 0x00, 0x00, 0x00,
    0x00, 0x06, 0xFE, 0x03, 0x1E, 0x00, 0xD2, 0x0F, 0x52, 0x04, 0x52, 0x04, 0x52, 0x04, 0x52, 0x04,
    0xD2, 0x07, 0x18, 0x00, 0x00, 0x00, 0x00, 0x00, 0xFE, 0x03, 0x82, 0x00, 0xFE, 0x01, 0x42, 0x00,
    0x5A, 0x00, 0x72, 0x04, 0xFE, 0x0F, 0xFE, 0x07, 0x5B, 0x00, 0x6D, 0x00, 0x40, 0x00, 0x00, 0x00,
    0x40, 0x00, 0x42, 0x00, 0x7A, 0x04, 0x42, 0x04, 0xFE, 0x0F, 0xFE, 0x07, 0x72, 0x00, 0x5F, 0x00,
    0x4F, 0x00, 0x60, 0x00, 0x40, 0x00, 0x00, 0x00, 0x10, 0x06, 0xA8, 0x00, 0xA6, 0x07, 0x5F, 0x0D,
    0xEC, 0x09, 0x34, 0x0B, 0x5C, 0x08, 0xC4, 0x0E, 0x7E, 0x01, 0x04, 0x06, 0x00, 0x00, 0x00, 0x00,
    0x22, 0x02, 0xFE, 0x03, 0x22, 0x02, 0xEA, 0x07, 0x7E, 0x0B, 0xEA, 0x0B, 0x48, 0x07, 0xFE, 0x01,
    0x52, 0x0C, 0xFE, 0x0F, 0x00, 0x00, 0x00, 0x00, 0xE0, 0x08, 0xA4, 0x00, 0x34, 0x03, 0xE4, 0x07,
    0xEE, 0x07, 0xEE, 0x07, 0xE4, 0x07, 0x2C, 0x03, 0xEE, 0x00, 0x26, 0x04, 0x20, 0x00, 0x00, 0x00,
    0x82, 0x07, 0xB0, 0x02, 0xFE, 0x0A, 0xC7, 0x0F, 0x90, 0x06, 0xFA, 0x03, 0xFF, 0x01, 0x08, 0x05,
    0xFA, 0x0F, 0xFA, 0x07, 0x00, 0x00, 0x00, 0x00, 0xC8, 0x07, 0x48, 0x02, 0x7F, 0x0A, 0xE8, 0x0F,
    0x4C, 0x06, 0xFE, 0x03, 0xFE, 0x00, 0x12, 0x04, 0xD2, 0x0C, 0xFE, 0x07, 0x00, 0x00, 0x00, 0x00,
    0xFC, 0x06, 0xFF, 0x03, 0xFC, 0x03, 0x7C, 0x03, 0xE8, 0x07, 0x7F, 0x07, 0xC8, 0x07, 0xFE, 0x03,
    0x42, 0x04, 0xFE, 0x0F, 0x02, 0x00, 0x00, 0x00, 0xCA, 0x04, 0x7C, 0x0E, 0xF2, 0x0F, 0x02, 0x06,
    0xFE, 0x03, 0x04, 0x04, 0xFE, 0x07, 0x0E, 0x07, 0xFA, 0x07, 0x02, 0x0E, 0x00, 0x00, 0x00, 0x00,
    0xDC, 0x01, 0xFF, 0x0F, 0xFF, 0x00, 0xDE, 0x00, 0xF8, 0x0B, 0xFF, 0x03, 0xC8, 0x07, 0xFE, 0x03,
    0x52, 0x0C, 0xFE, 0x0F, 0x00, 0x00, 0x00, 0x00, 0x98, 0x0F, 0xF6, 0x07, 0x1C, 0x00, 0xC8, 0x07,
    0x7F, 0x0A, 0xE8, 0x07, 0xE8, 0x03, 0xFE, 0x04, 0x4A, 0x04, 0xFE, 0x07, 0x00, 0x00, 0x00, 0x00,
    0x7A, 0x0C, 0x52, 0x0E, 0xDE, 0x0F, 0x00, 0x07, 0xFE, 0x01, 0x06, 0x06, 0xFE, 0x07, 0x0E, 0x07,
    0xF3, 0x03, 0x02, 0x07, 0x00, 0x04, 0x00, 0x00, 0x00, 0x06, 0xFC, 0x0B, 0x28, 0x08, 0xA8, 0x07,
    0xFF, 0x03, 0x5F, 0x00, 0xDA, 0x07, 0x5A, 0x0C, 0x7A, 0x0C, 0x2C, 0x0F, 0x00, 0x04, 0x00, 0x00,
    0xFE, 0x01, 0x84, 0x08, 0xFE, 0x05, 0xC4, 0x0B, 0xFC, 0x0C, 0xAC, 0x07, 0xFF, 0x00, 0xD2, 0x07,
    0xDA, 0x0C, 0x7E, 0x0C, 0x00, 0x04, 0x00, 0x00, 0xC8, 0x04, 0xFE, 0x0F, 0xFF, 0x0F, 0x2C, 0x04,
    0xFC, 0x03, 0xFC, 0x00, 0x25, 0x00, 0x26, 0x00, 0x24, 0x00, 0x7C, 0x00, 0x00, 0x00, 0x00, 0x00,
    0x02, 0x04, 0x02, 0x04, 0xC2, 0x04, 0xFE, 0x04, 0x92, 0x04, 0x92, 0x04, 0xD2, 0x07, 0xFA, 0x05,
    0x02, 0x04, 0x02, 0x06, 0x00, 0x04, 0x00, 0x00, 0x18, 0x00, 0xD2, 0x07, 0x76, 0x0C, 0x04, 0x06,
    0xFC, 0x01, 0x04, 0x00, 0x07, 0x00, 0x06, 0x00, 0x64, 0x00, 0x7C, 0x00, 0x00, 0x00, 0x00, 0x00,
    0x00, 0x04, 0xFC, 0x03, 0x7C, 0x00, 0x04, 0x00, 0x05, 0x00, 0x07, 0x00, 0x04, 0x00, 0x04, 0x00,
    0x7C, 0x00, 0x04, 0x00, 0x00, 0x00, 0x00, 0x00, 0x04, 0x01, 0xC4, 0x00, 0xF4, 0x0F, 0x1F, 0x02,
    0x04, 0x01, 0xF4, 0x07, 0xFF, 0x07, 0x44, 0x04, 0x24, 0x04, 0x06, 0x07, 0x00, 0x04, 0x00, 0x00,
    0xFE, 0x01, 0x82, 0x00, 0xFE, 0x01, 0x18, 0x01, 0x7E, 0x01, 0x13, 0x01, 0xD0, 0x0F, 0x7F, 0x01,
    0x6C, 0x01, 0x76, 0x01, 0x20, 0x01, 0x00, 0x00, 0x10, 0x01, 0x08, 0x01, 0x7E, 0x01, 0x03, 0x01,
    0x90, 0x0F, 0xFF, 0x0F, 0x7E, 0x01, 0x6C, 0x01, 0x66, 0x01, 0xF6, 0x01, 0x20, 0x01, 0x00, 0x00,
    0x8A, 0x04, 0x6E, 0x0C, 0xFE, 0x07, 0x30, 0x00, 0xFE, 0x0F, 0xB6, 0x01, 0xBC, 0x01, 0xB4, 0x05,
    0xFF, 0x0F, 0x30, 0x00, 0x10, 0x00, 0x00, 0x00, 0x98, 0x07, 0xF6, 0x07, 0x38, 0x00, 0xF8, 0x0F,
    0xFE, 0x0F, 0x96, 0x00, 0x9E, 0x04, 0xF2, 0x0F, 0xFE, 0x07, 0x30, 0x00, 0x10, 0x00, 0x00, 0x00,
    0xF2, 0x07, 0xF2, 0x07, 0xFA, 0x07, 0xFA, 0x05, 0xFA, 0x05, 0xFA, 0x05, 0xFE, 0x07, 0xFA, 0x05,
    0xF2, 0x0F, 0xF3, 0x07, 0x00, 0x00, 0x00, 0x00, 0x10, 0x04, 0x10, 0x06, 0xFF, 0x03, 0x88, 0x03,
    0x6E, 0x06, 0x28, 0x0F, 0x00, 0x00, 0xFC, 0x05, 0x00, 0x0C, 0xFF, 0x0F, 0x00, 0x00, 0x00, 0x00,
    0x30, 0x00, 0xF8, 0x0F, 0xFF, 0x07, 0x03, 0x01, 0x80, 0x00, 0xFF, 0x07, 0x60, 0x04, 0x30, 0x0C,
    0x18, 0x04, 0x08, 0x07, 0x00, 0x04, 0x00, 0x00, 0x10, 0x00, 0xF6, 0x0F, 0x10, 0x06, 0x10, 0x01,
    0xD2, 0x0F, 0x92, 0x04, 0x7E, 0x04, 0x12, 0x04, 0xD3, 0x0F, 0x90, 0x07, 0x10, 0x00, 0x00, 0x00,
    0x68, 0x00, 0xFF, 0x0F, 0x6C, 0x08, 0x7C, 0x04, 0x7E, 0x06, 0xD2, 0x03, 0xFF, 0x07, 0xD4, 0x0F,
    0xFE, 0x0B, 0x7E, 0x0F, 0x00, 0x04, 0x00, 0x00, 0x4C, 0x00, 0xF6, 0x0F, 0x1B, 0x00, 0xFE, 0x0F,
    0xFE, 0x0F, 0xFA, 0x05, 0x92, 0x04, 0xFA, 0x05, 0x02, 0x04, 0xFE, 0x0F, 0x00, 0x00, 0x00, 0x00,
    0x30, 0x00, 0xFF, 0x0F, 0x18, 0x01, 0x92, 0x01, 0x42, 0x00, 0x32, 0x00, 0xFE, 0x0F, 0x06, 0x00,
    0x62, 0x00, 0xC2, 0x00, 0x00, 0x00, 0x00, 0x00, 0x18, 0x05, 0xD2, 0x0F, 0x7E, 0x00, 0x3C, 0x00,
    0xFE, 0x0F, 0xAB, 0x04, 0xA9, 0x04, 0xFE, 0x07, 0xA8, 0x04, 0xBC, 0x04, 0x00, 0x04, 0x00, 0x00,
    0x00, 0x03, 0xFF, 0x01, 0x18, 0x07, 0x0A, 0x03, 0xC2, 0x00, 0x72, 0x00, 0xFE, 0x0F, 0x02, 0x00,
    0x62, 0x00, 0xC2, 0x01, 0x02, 0x00, 0x00, 0x00, 0x14, 0x02, 0xE4, 0x01, 0xFC, 0x09, 0x2C, 0x07,
    0x18, 0x04, 0x8F, 0x03, 0xF9, 0x00, 0xF8, 0x01, 0x18, 0x07, 0x0C, 0x0C, 0x00, 0x00, 0x00, 0x00,
    0x22, 0x02, 0xFE, 0x03, 0xFE, 0x01, 0x92, 0x01, 0x42, 0x00, 0x32, 0x00, 0xFE, 0x0F, 0x36, 0x00,
    0x22, 0x00, 0xC3, 0x00, 0x82, 0x00, 0x00, 0x00, 0x68, 0x00, 0xFF, 0x0F, 0x6C, 0x00, 0x4A, 0x00,
    0xFA, 0x03, 0x6A, 0x01, 0x0A, 0x01, 0x0A, 0x01, 0xFA, 0x03, 0x0A, 0x04, 0x00, 0x04, 0x00, 0x00,
    0x20, 0x04, 0xF6, 0x03, 0x00, 0x04, 0xC2, 0x04, 0x62, 0x04, 0x3A, 0x0C, 0xFE, 0x0F, 0x06, 0x0C,
    0x62, 0x0C, 0xC2, 0x0C, 0x00, 0x04, 0x00, 0x00, 0x98, 0x06, 0xF6, 0x02, 0xBA, 0x06, 0x48, 0x0B,
    0xDE, 0x09, 0xF2, 0x05, 0xFE, 0x07, 0xD2, 0x07, 0xDF, 0x05, 0x76, 0x0C, 0x00, 0x00, 0x00, 0x00,
    0xC8, 0x0C, 0xFF, 0x0F, 0xBC, 0x08, 0xB8, 0x08, 0xFC, 0x04, 0x97, 0x03, 0xFA, 0x01, 0x9E, 0x03,
    0xF2, 0x04, 0x90, 0x0C, 0x80, 0x00, 0x00, 0x00, 0x70, 0x07, 0x7E, 0x00, 0x4A, 0x07, 0x4A, 0x0D,
    0xFF, 0x0D, 0xFF, 0x0F, 0x4A, 0x0C, 0x4A, 0x06, 0x7E, 0x01, 0x60, 0x06, 0x00, 0x04, 0x00, 0x00,
    0xFC, 0x01, 0x84, 0x00, 0xFE, 0x09, 0x98, 0x08, 0xFC, 0x04, 0x93, 0x03, 0xFA, 0x01, 0x96, 0x03,
    0xFA, 0x04, 0x90, 0x0C, 0x80, 0x00, 0x00, 0x00, 0xD8, 0x04, 0xFE, 0x03, 0xFE, 0x09, 0xF2, 0x09,
    0xFE, 0x05, 0xAF, 0x03, 0xFA, 0x01, 0x3A, 0x07, 0xF2, 0x05, 0x82, 0x0D, 0x00, 0x04, 0x00, 0x00,
    0x50, 0x09, 0xD0, 0x07, 0xB6, 0x07, 0xFC, 0x0B, 0xFF, 0x0B, 0xB0, 0x0F, 0xB6, 0x01, 0xF6, 0x02,
    0x74, 0x06, 0x78, 0x04, 0x00, 0x00, 0x00, 0x00, 0x30, 0x06, 0xFF, 0x01, 0x1C, 0x0B, 0x98, 0x0A,
    0xFC, 0x04, 0x97, 0x03, 0xFB, 0x01, 0x96, 0x03, 0xF0, 0x04, 0x90, 0x0C, 0x80, 0x00, 0x00, 0x00,
    0x18, 0x07, 0xF6, 0x0F, 0xBC, 0x08, 0xFC, 0x08, 0x96, 0x06, 0x93, 0x03, 0xFE, 0x01, 0x96, 0x03,
    0xF0, 0x04, 0x90, 0x0C, 0x80, 0x00, 0x00, 0x00, 0x0E, 0x00, 0xFC, 0x0F, 0x50, 0x09, 0x50, 0x09,
    0x73, 0x0F, 0x72, 0x0F, 0x50, 0x09, 0xD8, 0x09, 0xDC, 0x09, 0x06, 0x0C, 0x04, 0x00, 0x00, 0x00,
    0x30, 0x06, 0x3C, 0x07, 0xE7, 0x02, 0xF0, 0x02, 0x18, 0x07, 0x04, 0x06, 0x04, 0x04, 0x04, 0x04,
    0x04, 0x0E, 0xFE, 0x07, 0x00, 0x00, 0x00, 0x00, 0x12, 0x08, 0x12, 0x04, 0xF2, 0x07, 0x57, 0x00,
    0xD6, 0x0F, 0xDA, 0x0F, 0x57, 0x00, 0xD7, 0x07, 0x72, 0x0C, 0x1A, 0x0C, 0x00, 0x04, 0x00, 0x00,
    0x38, 0x00, 0xFF, 0x0F, 0x1C, 0x08, 0x14, 0x04, 0xFE, 0x03, 0x5F, 0x00, 0xDC, 0x0F, 0x5F, 0x00,
    0xD6, 0x0F, 0x52, 0x0C, 0x10, 0x04, 0x00, 0x00, 0x0C, 0x08, 0xEC, 0x0F, 0xEC, 0x07, 0xAF, 0x06,
    0xFC, 0x01, 0xFC, 0x03, 0xAF, 0x02, 0xEC, 0x07, 0xEE, 0x0D, 0x0E, 0x08, 0x08, 0x00, 0x00, 0x00,
    0xF2, 0x07, 0xFE, 0x07, 0xF2, 0x03, 0x12, 0x08, 0xF4, 0x07, 0xAF, 0x06, 0xF4, 0x03, 0xBF, 0x03,
    0xFE, 0x07, 0xFE, 0x0D, 0x00, 0x00, 0x00, 0x00, 0xFC, 0x04, 0xFF, 0x03, 0xFE, 0x03, 0xFC, 0x07,
    0x80, 0x0A, 0xFE, 0x0A, 0xAB, 0x0A, 0xAB, 0x0F, 0xAC, 0x0A, 0xFE, 0x0B, 0x00, 0x08, 0x00, 0x00,
    0x2C, 0x08, 0xF6, 0x0B, 0xF7, 0x07, 0x7E, 0x07, 0xFE, 0x03, 0xF6, 0x03, 0x7B, 0x07, 0xFE, 0x07,
    0xFA, 0x0F, 0x32, 0x08, 0x20, 0x00, 0x00, 0x00, 0x00, 0x08, 0xFC, 0x08, 0xFE, 0x08, 0xA8, 0x08,
    0xAB, 0x0F, 0xA8, 0x0F, 0xA8, 0x08, 0xBE, 0x09, 0xFE, 0x09, 0x40, 0x0C, 0x00, 0x00, 0x00, 0x00,
    0x00, 0x06, 0xFE, 0x07, 0x82, 0x04, 0xFE, 0x06, 0x96, 0x07, 0x96, 0x07, 0xFE, 0x05, 0x8A, 0x04,
    0xFE, 0x07, 0x00, 0x06, 0x00, 0x0F, 0x00, 0x00, 0x30, 0x00, 0xFF, 0x0F, 0x18, 0x00, 0x90, 0x00,
    0xFE, 0x02, 0xAA, 0x02, 0xAB, 0x07, 0xA8, 0x02, 0xBE, 0x03, 0xFE, 0x05, 0x00, 0x04, 0x00, 0x00,
    0x70, 0x04, 0xFF, 0x03, 0x3F, 0x03, 0x08, 0x0B, 0xFE, 0x0A, 0xAC, 0x0A, 0xAB, 0x0F, 0xA8, 0x0B,
    0xBE, 0x0B, 0xFC, 0x0D, 0x00, 0x04, 0x00, 0x00, 0x80, 0x08, 0xBE, 0x0C, 0xF6, 0x06, 0x96, 0x03,
    0xF6, 0x00, 0xF6, 0x07, 0xD6, 0x0F, 0xFE, 0x08, 0xBE, 0x08, 0x80, 0x0E, 0x80, 0x00, 0x00, 0x00,
    0xFC, 0x01, 0xFF, 0x0F, 0xFC, 0x09, 0xFC, 0x09, 0xBE, 0x04, 0xD6, 0x03, 0xF6, 0x00, 0xD6, 0x07,
    0xFE, 0x0C, 0xEE, 0x0E, 0x00, 0x04, 0x00, 0x00, 0x38, 0x00, 0xFF, 0x0F, 0x38, 0x08, 0x30, 0x04,
    0xAC, 0x03, 0xE8, 0x01, 0x3F, 0x00, 0xF8, 0x0F, 0x2E, 0x0C, 0x36, 0x06, 0x20, 0x04, 0x00, 0x00,
    0x10, 0x00, 0xF6, 0x07, 0x10, 0x0B, 0x14, 0x05, 0xF6, 0x03, 0xDF, 0x00, 0xDC, 0x0F, 0xDF, 0x07,
    0xF6, 0x0F, 0x52, 0x0C, 0x12, 0x06, 0x00, 0x00, 0x04, 0x01, 0xC4, 0x08, 0xFC, 0x04, 0xEF, 0x06,
    0x84, 0x03, 0xFC, 0x00, 0xC4, 0x01, 0x64, 0x03, 0x24, 0x06, 0x06, 0x04, 0x00, 0x00, 0x00, 0x00,
    0xC8, 0x04, 0xFF, 0x0F, 0x6C, 0x00, 0x2C, 0x02, 0xF6, 0x00, 0x7A, 0x00, 0xFE, 0x0F, 0xF2, 0x0F,
    0x52, 0x00, 0x5E, 0x01, 0x02, 0x01, 0x00, 0x00, 0x3C, 0x06, 0xFF, 0x01, 0xFF, 0x07, 0x2E, 0x03,
    0x06, 0x01, 0x7A, 0x01, 0x5E, 0x01, 0xFE, 0x0F, 0x4A, 0x01, 0x4E, 0x01, 0x02, 0x01, 0x00, 0x00,
    0x64, 0x0C, 0xFB, 0x0F, 0x1C, 0x07, 0xFE, 0x07, 0xFF, 0x0F, 0xFE, 0x0B, 0xBE, 0x07, 0xFE, 0x07,
    0xFB, 0x07, 0x38, 0x04, 0x08, 0x04, 0x00, 0x00, 0x38, 0x00, 0xFF, 0x0F, 0x18, 0x09, 0xC4, 0x08,
    0xFC, 0x04, 0xEF, 0x03, 0xFC, 0x01, 0xD4, 0x01, 0x64, 0x07, 0x26, 0x04, 0x04, 0x04, 0x00, 0x00,
    0xFC, 0x04, 0xFE, 0x07, 0xFF, 0x03, 0xFC, 0x03, 0xFE, 0x0F, 0xFE, 0x0F, 0xFA, 0x05, 0xFA, 0x05,
    0xFA, 0x04, 0xFE, 0x0F, 0x00, 0x00, 0x00, 0x00, 0x00, 0x00, 0xFE, 0x07, 0x02, 0x02, 0xFA, 0x02,
    0x8A, 0x02, 0x0A, 0x02, 0xFA, 0x02, 0x02, 0x02, 0xFE, 0x07, 0x02, 0x04, 0x00, 0x00, 0x00, 0x00,
    0xFE, 0x04, 0xAA, 0x04, 0xAA, 0x07, 0xAA, 0x0A, 0xFE, 0x0A, 0x38, 0x04, 0xEE, 0x07, 0x22, 0x03,
    0xFE, 0x07, 0x78, 0x0C, 0x10, 0x00, 0x00, 0x00, 0x18, 0x00, 0xFF, 0x0F, 0x4C, 0x00, 0x48, 0x02,
    0xFE, 0x03, 0x5B, 0x02, 0xF8, 0x0F, 0x48, 0x0E, 0xFA, 0x07, 0x42, 0x02, 0x40, 0x02, 0x00, 0x00,
    0x1A, 0x0C, 0xFA, 0x01, 0xBF, 0x07, 0x9A, 0x0F, 0x9A, 0x0B, 0x9A, 0x0B, 0xBA, 0x0D, 0xBF, 0x07,
    0xFA, 0x03, 0x1E, 0x04, 0x00, 0x00, 0x00, 0x00, 0x44, 0x08, 0x44, 0x04, 0xF4, 0x03, 0x54, 0x00,
    0x7E, 0x00, 0x5E, 0x00, 0x44, 0x00, 0xF4, 0x0F, 0x44, 0x00, 0x44, 0x00, 0x40, 0x00, 0x00, 0x00,
    0x82, 0x0C, 0xFE, 0x01, 0xFA, 0x07, 0xDA, 0x0E, 0xFE, 0x0B, 0xFE, 0x0A, 0xDA, 0x08, 0xDE, 0x0E,
    0xFE, 0x03, 0x02, 0x07, 0x00, 0x00, 0x00, 0x00, 0xFE, 0x07, 0x22, 0x00, 0xFE, 0x03, 0x58, 0x02,
    0xFC, 0x03, 0x4F, 0x02, 0xFC, 0x03, 0x4C, 0x0E, 0xFC, 0x0F, 0x56, 0x02, 0x40, 0x00, 0x00, 0x00,
    0xFE, 0x05, 0xFA, 0x03, 0x7A, 0x03, 0xFE, 0x07, 0x64, 0x00, 0xFC, 0x0F, 0xFE, 0x07, 0x57, 0x01,
    0x54, 0x0D, 0xF6, 0x07, 0x04, 0x00, 0x00, 0x00, 0xD0, 0x01, 0xFE, 0x0F, 0xFE, 0x0F, 0x5A, 0x0A,
    0x1E, 0x09, 0xDE, 0x08, 0xF0, 0x05, 0x5F, 0x02, 0xD0, 0x01, 0xDE, 0x00, 0x06, 0x00, 0x00, 0x00,
    0xA0, 0x00, 0xB0, 0x0C, 0xB8, 0x0E, 0xAE, 0x07, 0xA3, 0x05, 0xA3, 0x04, 0xBC, 0x06, 0x98, 0x06,
    0xF0, 0x0C, 0xB0, 0x00, 0x00, 0x00, 0x00, 0x00, 0x30, 0x04, 0xFF, 0x03, 0x1E, 0x03, 0xAC, 0x06,
    0xB8, 0x0C, 0xAE, 0x0F, 0xA3, 0x05, 0xA6, 0x04, 0xB8, 0x0E, 0xD8, 0x0C, 0x10, 0x00, 0x00, 0x00,
    0x18, 0x07, 0xF6, 0x07, 0x38, 0x00, 0x04, 0x04, 0xFE, 0x07, 0x02, 0x04, 0x02, 0x04, 0x02, 0x04,
    0x02, 0x04, 0x02, 0x04, 0x00, 0x00, 0x00, 0x00, 0x00, 0x00, 0xF6, 0x0F, 0x04, 0x06, 0x44, 0x01,
    0x54, 0x00, 0x54, 0x00, 0xFF, 0x0F, 0x54, 0x02, 0x54, 0x06, 0xD4, 0x03, 0x04, 0x00, 0x00, 0x00,
    0x10, 0x04, 0xF6, 0x0F, 0x52, 0x03, 0x58, 0x02, 0xFE, 0x03, 0x4B, 0x02, 0xF8, 0x07, 0x48, 0x0E,
    0xF8, 0x07, 0x6A, 0x02, 0x40, 0x02, 0x00, 0x00, 0xB8, 0x05, 0xF6, 0x06, 0xBA, 0x02, 0xAC, 0x0E,
    0xB8, 0x0E, 0xAE, 0x07, 0xA3, 0x04, 0xBC, 0x06, 0xB8, 0x0E, 0xB0, 0x0C, 0x10, 0x00, 0x00, 0x00,
    0x1A, 0x02, 0xAA, 0x02, 0xEA, 0x03, 0xFF, 0x02, 0xFA, 0x0F, 0xEA, 0x0F, 0x2F, 0x02, 0xAA, 0x02,
    0xBA, 0x02, 0x1A, 0x03, 0x08, 0x02, 0x00, 0x00, 0x60, 0x00, 0x7E, 0x00, 0xEA, 0x0F, 0x6A, 0x05,
    0x4A, 0x05, 0x5E, 0x05, 0x7A, 0x05, 0xE9, 0x0F, 0x4D, 0x00, 0x68, 0x00, 0x40, 0x00, 0x00, 0x00,
    0xE8, 0x04, 0x3F, 0x03, 0xF8, 0x03, 0x08, 0x06, 0xFE, 0x0F, 0xAA, 0x07, 0x8E, 0x05, 0x9E, 0x05,
    0xEA, 0x0F, 0xE8, 0x00, 0x68, 0x00, 0x00, 0x00, 0xD4, 0x03, 0x74, 0x01, 0x96, 0x09, 0x14, 0x05,
    0x7E, 0x06, 0xD2, 0x03, 0xFF, 0x07, 0xD0, 0x0F, 0xFE, 0x0F, 0x7E, 0x0F, 0x00, 0x06, 0x00, 0x00,
    0x18, 0x07, 0xF3, 0x0F, 0x0C, 0x01, 0x4E, 0x01, 0x78, 0x01, 0x4E, 0x01, 0xFE, 0x0F, 0x48, 0x01,
    0x4A, 0x01, 0x4F, 0x01, 0x02, 0x01, 0x00, 0x00, 0x18, 0x05, 0xF6, 0x0F, 0x3C, 0x00, 0xFE, 0x0F,
    0xFE, 0x07, 0x9A, 0x04, 0x9A, 0x02, 0xFA, 0x0F, 0xBE, 0x0C, 0xC2, 0x0C, 0x00, 0x04, 0x00, 0x00,
    0x6E, 0x0F, 0x68, 0x05, 0xFF, 0x05, 0x7E, 0x0F, 0xEE, 0x01, 0xCC, 0x0C, 0xB6, 0x0F, 0x9C, 0x04,
    0xB2, 0x0F, 0xE6, 0x00, 0x40, 0x00, 0x00, 0x00, 0x18, 0x05, 0xD6, 0x0F, 0x3C, 0x00, 0x12, 0x04,
    0x92, 0x0F, 0x92, 0x04, 0xFE, 0x04, 0x92, 0x04, 0xD3, 0x0F, 0x98, 0x00, 0x10, 0x00, 0x00, 0x00,
    0x20, 0x00, 0xF8, 0x0F, 0x1F, 0x0C, 0x62, 0x04, 0x30, 0x06, 0xE0, 0x03, 0x7F, 0x00, 0xE0, 0x01,
    0x18, 0x06, 0x18, 0x04, 0x00, 0x04, 0x00, 0x00, 0x00, 0x08, 0x60, 0x04, 0x30, 0x06, 0x00, 0x03,
    0xFF, 0x01, 0x7E, 0x00, 0xE0, 0x01, 0x30, 0x03, 0x18, 0x06, 0x00, 0x04, 0x00, 0x00, 0x00, 0x00,
    0x42, 0x02, 0xB2, 0x05, 0xF2, 0x0F, 0xDF, 0x0F, 0x42, 0x04, 0xC2, 0x03, 0xFF, 0x00, 0xDA, 0x03,
    0x72, 0x06, 0x62, 0x04, 0x02, 0x00, 0x00, 0x00, 0x04, 0x04, 0xF4, 0x07, 0x84, 0x02, 0xF4, 0x0A,
    0xB4, 0x06, 0x3F, 0x06, 0xFC, 0x03, 0xE6, 0x03, 0x76, 0x04, 0x04, 0x0E, 0x00, 0x00, 0x00, 0x00,
    0x84, 0x04, 0xFC, 0x06, 0xA4, 0x07, 0xA4, 0x0F, 0x7C, 0x09, 0xCF, 0x0F, 0xFD, 0x0C, 0x75, 0x06,
    0x9E, 0x03, 0xC6, 0x07, 0x00, 0x00, 0x00, 0x00, 0x8C, 0x01, 0xC6, 0x0F, 0xFE, 0x06, 0xDE, 0x06,
    0xDE, 0x06, 0xEE, 0x07, 0xDE, 0x06, 0xDF, 0x06, 0xEF, 0x07, 0x46, 0x04, 0x04, 0x00, 0x00, 0x00,
    0x08, 0x08, 0x0C, 0x08, 0xFE, 0x0B, 0x4A, 0x04, 0xC8, 0x03, 0xDF, 0x02, 0x54, 0x02, 0xF6, 0x07,
    0x52, 0x0C, 0x1A, 0x08, 0x10, 0x00, 0x00, 0x00, 0xC8, 0x00, 0xEB, 0x0F, 0xFE, 0x00, 0xC8, 0x00,
    0xD0, 0x0F, 0x5E, 0x02, 0xF2, 0x01, 0xF2, 0x01, 0x5E, 0x0F, 0xFE, 0x0F, 0x40, 0x00, 0x00, 0x00,
    0x20, 0x00, 0xA4, 0x0F, 0x24, 0x04, 0x24, 0x04, 0xFF, 0x07, 0xFF, 0x07, 0x24, 0x04, 0x24, 0x04,
    0xA4, 0x0F, 0x20, 0x00, 0x20, 0x00, 0x00, 0x00, 0x10, 0x03, 0xFF, 0x09, 0x10, 0x05, 0x92, 0x0B,
    0xFE, 0x09, 0x7E, 0x04, 0xB2, 0x07, 0x9E, 0x03, 0xF2, 0x06, 0x30, 0x0C, 0x00, 0x00, 0x00, 0x00,
    0x44, 0x0A, 0x44, 0x09, 0xFE, 0x0B, 0x7E, 0x0A, 0xDC, 0x0F, 0xDC, 0x0F, 0x7E, 0x0A, 0xFE, 0x09,
    0x46, 0x0D, 0x62, 0x03, 0x00, 0x00, 0x00, 0x00, 0xE8, 0x00, 0xFF, 0x0F, 0xFE, 0x0F, 0x6C, 0x04,
    0x8E, 0x07, 0xFE, 0x01, 0x02, 0x00, 0x02, 0x00, 0xFE, 0x07, 0x00, 0x04, 0x00, 0x06, 0x00, 0x00,
    0xFC, 0x03, 0xFC, 0x01, 0x24, 0x01, 0xFE, 0x03, 0xF0, 0x03, 0xFC, 0x03, 0xEF, 0x03, 0x2C, 0x0C,
    0xFE, 0x0F, 0x36, 0x00, 0x00, 0x00, 0x00, 0x00, 0x82, 0x01, 0xFA, 0x08, 0xFE, 0x0F, 0xDF, 0x00,
    0xF4, 0x0F, 0xFC, 0x0F, 0xE7, 0x02, 0xFC, 0x02, 0xF6, 0x0F, 0x7E, 0x07, 0x0C, 0x00, 0x00, 0x00,
    0x92, 0x00, 0xFA, 0x00, 0xFE, 0x0F, 0x5B, 0x0C, 0x58, 0x06, 0xFE, 0x03, 0x42, 0x01, 0x42, 0x00,
    0x62, 0x03, 0x7E, 0x06, 0x00, 0x04, 0x00, 0x00, 0x18, 0x09, 0x16, 0x0D, 0xFF, 0x07, 0xFE, 0x07,
    0x92, 0x01, 0x96, 0x01, 0xF3, 0x07, 0xFE, 0x05, 0x12, 0x0D, 0x12, 0x01, 0x00, 0x01, 0x00, 0x00,
    0xFE, 0x03, 0x7E, 0x04, 0xFE, 0x07, 0xFE, 0x0F, 0x80, 0x07, 0xFE, 0x01, 0x02, 0x00, 0xFE, 0x03,
    0xFE, 0x07, 0x00, 0x04, 0x00, 0x07, 0x00, 0x00, 0x1C, 0x00, 0xF7, 0x07, 0x14, 0x0B, 0x0C, 0x05,
    0xCC, 0x03, 0xFE, 0x00, 0x02, 0x00, 0xFE, 0x03, 0xFE, 0x07, 0x00, 0x04, 0x00, 0x06, 0x00, 0x00,
    0x02, 0x0C, 0xE6, 0x07, 0x04, 0x05, 0xF4, 0x0E, 0x34, 0x0B, 0xFC, 0x08, 0x06, 0x0A, 0xFC, 0x0F,
    0x24, 0x08, 0xE6, 0x08, 0x04, 0x00, 0x00, 0x00, 0xB0, 0x0F, 0xF6, 0x08, 0x5C, 0x04, 0xFE, 0x03,
    0xEB, 0x04, 0xFE, 0x0F, 0x78, 0x04, 0xFF, 0x03, 0xF9, 0x07, 0x1C, 0x04, 0x08, 0x04, 0x00, 0x00,
    0x10, 0x04, 0xF6, 0x0F, 0x00, 0x0B, 0x00, 0x07, 0xFE, 0x03, 0x02, 0x00, 0x02, 0x00, 0xFE, 0x07,
    0x06, 0x06, 0x00, 0x04, 0x00, 0x07, 0x00, 0x00, 0x14, 0x06, 0xE4, 0x01, 0xFC, 0x01, 0x0E, 0x03,
    0xFC, 0x00, 0xFE, 0x00, 0xBF, 0x00, 0xE0, 0x05, 0xFE, 0x0D, 0xCE, 0x0F, 0xC0, 0x01, 0x00, 0x00,
    0xE8, 0x0C, 0x3F, 0x07, 0xF8, 0x03, 0x1C, 0x06, 0xFE, 0x0F, 0xF2, 0x09, 0xF2, 0x08, 0x9E, 0x0F,
    0xF2, 0x08, 0xF2, 0x0C, 0x02, 0x00, 0x00, 0x00, 0x98, 0x06, 0xF6, 0x02, 0x9B, 0x02, 0x1C, 0x08,
    0xFA, 0x0B, 0x5A, 0x06, 0xDF, 0x03, 0xDF, 0x00, 0xFA, 0x07, 0xFE, 0x0D, 0x10, 0x00, 0x00, 0x00,
    0xDC, 0x02, 0xF7, 0x02, 0x9C, 0x02, 0x1C, 0x03, 0xFE, 0x03, 0xDE, 0x02, 0xD8, 0x02, 0xD8, 0x02,
    0xFF, 0x0F, 0x10, 0x03, 0x00, 0x00, 0x00, 0x00, 0x00, 0x00, 0x20, 0x00, 0xA0, 0x0F, 0xA0, 0x04,
    0xBF, 0x04, 0xBF, 0x04, 0xA0, 0x04, 0xA0, 0x0F, 0xB4, 0x00, 0x04, 0x00, 0x00, 0x00, 0x00, 0x00,
    0x68, 0x00, 0xFF, 0x0F, 0x6D, 0x0C, 0x4E, 0x06, 0xC2, 0x0B, 0x7E, 0x04, 0xC2, 0x07, 0x3A, 0x03,
    0xE6, 0x07, 0x30, 0x0C, 0x00, 0x04, 0x00, 0x00, 0xFC, 0x02, 0x94, 0x01, 0xFF, 0x0F, 0xD4, 0x01,
    0x7E, 0x06, 0xFC, 0x03, 0xDC, 0x01, 0xFF, 0x0F, 0xDC, 0x03, 0x7E, 0x06, 0x00, 0x04, 0x00, 0x00,
    0x3C, 0x01, 0x3F, 0x09, 0xF5, 0x0F, 0xB4, 0x02, 0xB4, 0x02, 0xFE, 0x03, 0xDA, 0x02, 0xDA, 0x02,
    0xFE, 0x0F, 0x10, 0x02, 0x00, 0x02, 0x00, 0x00, 0x94, 0x06, 0xF3, 0x03, 0xFE, 0x0F, 0xFE, 0x02,
    0xDE, 0x00, 0xD6, 0x0F, 0xFB, 0x06, 0xFE, 0x06, 0xFA, 0x0F, 0xFA, 0x00, 0x00, 0x00, 0x00, 0x00,
    0x18, 0x01, 0x4C, 0x05, 0x7F, 0x07, 0x6D, 0x03, 0xED, 0x0F, 0xFF, 0x0F, 0x6C, 0x03, 0x6C, 0x07,
    0x7E, 0x05, 0xC0, 0x05, 0x00, 0x04, 0x00, 0x00, 0x02, 0x04, 0x02, 0x0B, 0xE2, 0x05, 0x3E, 0x04,
    0xE2, 0x06, 0x92, 0x03, 0x9E, 0x03, 0xF6, 0x06, 0x30, 0x04, 0x00, 0x04, 0x00, 0x00, 0x00, 0x00,
    0x10, 0x06, 0x88, 0x00, 0xAC, 0x07, 0xAB, 0x0D, 0xAA, 0x09, 0xAE, 0x0B, 0xAE, 0x0C, 0xAE, 0x0E,
    0xF8, 0x01, 0x00, 0x06, 0x00, 0x04, 0x00, 0x00, 0xD8, 0x04, 0xFE, 0x0B, 0xFC, 0x08, 0xE4, 0x04,
    0x9C, 0x06, 0xFF, 0x01, 0xF6, 0x01, 0x94, 0x03, 0x96, 0x04, 0xC6, 0x0C, 0x00, 0x04, 0x00, 0x00,
    0x98, 0x07, 0xE6, 0x0F, 0x18, 0x04, 0x82, 0x0B, 0xFE, 0x04, 0x7E, 0x04, 0x92, 0x03, 0xDE, 0x03,
    0xF2, 0x04, 0x10, 0x0C, 0x00, 0x00, 0x00, 0x00, 0x00, 0x06, 0xFE, 0x03, 0x28, 0x02, 0xAA, 0x01,
    0x7F, 0x03, 0x00, 0x00, 0xFE, 0x0F, 0x02, 0x01, 0x02, 0x03, 0xFE, 0x01, 0x00, 0x00, 0x00, 0x00,
    0xF8, 0x05, 0x1F, 0x03, 0xF8, 0x0F, 0xD8, 0x0C, 0xFC, 0x0B, 0xFC, 0x04, 0xBC, 0x07, 0xFF, 0x01,
    0x94, 0x07, 0xD6, 0x0C, 0x00, 0x04, 0x00, 0x00, 0xD8, 0x06, 0xF6, 0x0A, 0xBB, 0x06, 0x0C, 0x0F,
    0xC2, 0x0B, 0x7E, 0x04, 0xF2, 0x07, 0xBA, 0x03, 0xEE, 0x06, 0x32, 0x0C, 0x00, 0x04, 0x00, 0x00,
    0x48, 0x04, 0xFF, 0x0F, 0x2C, 0x00, 0x4C, 0x08, 0x44, 0x06, 0xEC, 0x03, 0x37, 0x00, 0x3C, 0x00,
    0xEC, 0x07, 0x46, 0x00, 0x00, 0x00, 0x00, 0x00, 0x00, 0x04, 0x00, 0x02, 0xFE, 0x01, 0x02, 0x00,
    0x02, 0x00, 0x02, 0x00, 0xFE, 0x07, 0x02, 0x06, 0x00, 0x04, 0x00, 0x07, 0x00, 0x00, 0x00, 0x00,
    0x58, 0x00, 0x2A, 0x00, 0xFE, 0x0F, 0xBC, 0x02, 0xAF, 0x02, 0xAD, 0x02, 0xBC, 0x0E, 0xFE, 0x0F,
    0x3B, 0x00, 0x38, 0x00, 0x20, 0x00, 0x00, 0x00, 0x00, 0x00, 0xE2, 0x07, 0x22, 0x04, 0x22, 0x04,
    0x22, 0x04, 0x22, 0x04, 0x22, 0x04, 0x3E, 0x04, 0x3E, 0x04, 0x00, 0x07, 0x00, 0x00, 0x00, 0x00,
    0x62, 0x0C, 0xFA, 0x07, 0xBA, 0x05, 0xF7, 0x05, 0xBA, 0x05, 0xE2, 0x03, 0x07, 0x00, 0xF2, 0x05,
    0x0A, 0x0C, 0xFA, 0x07, 0x02, 0x00, 0x00, 0x00, 0xC8, 0x0C, 0xFF, 0x0F, 0xFF, 0x0B, 0x2C, 0x08,
    0x24, 0x04, 0xE4, 0x05, 0x3F, 0x03, 0xE4, 0x07, 0xE4, 0x04, 0x24, 0x0C, 0x00, 0x00, 0x00, 0x00,
    0x0A, 0x0A, 0xFA, 0x0B, 0xFA, 0x07, 0xFF, 0x07, 0x70, 0x03, 0x70, 0x03, 0xFF, 0x07, 0xFA, 0x07,
    0xFA, 0x0F, 0x0E, 0x0B, 0x00, 0x02, 0x00, 0x00, 0x48, 0x01, 0x22, 0x01, 0x7A, 0x01, 0x5A, 0x05,
    0xFE, 0x0F, 0xFE, 0x07, 0xD9, 0x01, 0x79, 0x01, 0x20, 0x01, 0x24, 0x01, 0x00, 0x00, 0x00, 0x00,
    0x30, 0x00, 0xFC, 0x0F, 0x07, 0x08, 0x24, 0x08, 0x24, 0x04, 0xA4, 0x07, 0x3F, 0x03, 0xE4, 0x07,
    0x64, 0x0C, 0x04, 0x0C, 0x00, 0x00, 0x00, 0x00, 0x98, 0x00, 0xFE, 0x04, 0xFF, 0x03, 0xBE, 0x06,
    0x8E, 0x0F, 0xA6, 0x07, 0xBA, 0x00, 0xBA, 0x02, 0xE6, 0x06, 0x60, 0x00, 0x00, 0x00, 0x00, 0x00,
    0x44, 0x08, 0x2C, 0x06, 0xFC, 0x03, 0x1F, 0x00, 0xFC, 0x0F, 0x66, 0x00, 0x04, 0x00, 0xFC, 0x01,
    0x00, 0x0C, 0xFF, 0x0F, 0x00, 0x00, 0x00, 0x00, 0x38, 0x00, 0xFF, 0x0F, 0x58, 0x01, 0x68, 0x01,
    0x5A, 0x01, 0x5A, 0x09, 0xFE, 0x0F, 0xD9, 0x01, 0x79, 0x01, 0x2C, 0x01, 0x20, 0x01, 0x00, 0x00,
    0xB8, 0x0F, 0xF6, 0x0F, 0x58, 0x08, 0x44, 0x04, 0xEC, 0x03, 0x3D, 0x00, 0x3F, 0x00, 0xEC, 0x0F,
    0xE4, 0x00, 0x66, 0x00, 0x00, 0x00, 0x00, 0x00, 0x4E, 0x00, 0xEA, 0x07, 0xEA, 0x07, 0xFA, 0x02,
    0xDF, 0x02, 0xDE, 0x07, 0x7A, 0x0C, 0xEA, 0x0F, 0x4E, 0x00, 0x66, 0x00, 0x00, 0x00, 0x00, 0x00,
    0xCC, 0x03, 0x44, 0x0D, 0xFC, 0x0F, 0x54, 0x08, 0x57, 0x0B, 0x56, 0x04, 0xF4, 0x06, 0x94, 0x03,
    0xFC, 0x07, 0x16, 0x0C, 0x04, 0x00, 0x00, 0x00, 0x10, 0x00, 0xF6, 0x0F, 0x34, 0x06, 0x10, 0x01,
    0x10, 0x00, 0x10, 0x00, 0xFF, 0x0F, 0x10, 0x00, 0x10, 0x00, 0x10, 0x00, 0x10, 0x00, 0x00, 0x00,
    0x10, 0x00, 0xF3, 0x07, 0x16, 0x06, 0x00, 0x01, 0xF2, 0x07, 0x22, 0x0C, 0x22, 0x0C, 0x22, 0x0C,
    0x3E, 0x0C, 0x3E, 0x06, 0x00, 0x04, 0x00, 0x00, 0xFF, 0x07, 0x2A, 0x02, 0xAA, 0x01, 0xFF, 0x07,
    0x22, 0x06, 0x3E, 0x03, 0xE2, 0x00, 0xFE, 0x07, 0x22, 0x04, 0x33, 0x06, 0x00, 0x04, 0x00, 0x00,
    0x00, 0x06, 0x3A, 0x00, 0xFA, 0x07, 0x4A, 0x0F, 0xCA, 0x0C, 0xCA, 0x0D, 0x4A, 0x0C, 0x4E, 0x0E,
    0x6E, 0x05, 0x70, 0x03, 0x00, 0x02, 0x00, 0x00, 0xFE, 0x0F, 0x12, 0x01, 0xEE, 0x05, 0x92, 0x03,
    0xD2, 0x01, 0x52, 0x04, 0xF2, 0x0F, 0x52, 0x00, 0xD2, 0x00, 0x12, 0x07, 0x10, 0x00, 0x00, 0x00,
    0xE8, 0x04, 0x3F, 0x03, 0xEB, 0x03, 0x78, 0x0E, 0x2C, 0x0C, 0xE0, 0x04, 0xBF, 0x07, 0xBF, 0x07,
    0xE0, 0x04, 0x24, 0x0C, 0x00, 0x00, 0x00, 0x00, 0xB8, 0x05, 0xE6, 0x06, 0xBA, 0x02, 0xFE, 0x07,
    0xFE, 0x0F, 0xAC, 0x01, 0xE8, 0x04, 0xFF, 0x07, 0xEC, 0x00, 0xB4, 0x05, 0x00, 0x04, 0x00, 0x00,
    0xB0, 0x05, 0xDC, 0x05, 0xB3, 0x06, 0x98, 0x02, 0x0A, 0x02, 0xE2, 0x07, 0x22, 0x0C, 0x22, 0x0C,
    0x22, 0x0C, 0x7E, 0x0C, 0x00, 0x04, 0x00, 0x00, 0x82, 0x09, 0x8A, 0x07, 0xBA, 0x03, 0xFA, 0x0D,
    0xBE, 0x07, 0xBF, 0x03, 0xFA, 0x0F, 0xBA, 0x05, 0xBE, 0x07, 0xC2, 0x07, 0x80, 0x00, 0x00, 0x00,
    0xE8, 0x00, 0xFF, 0x0F, 0x6C, 0x08, 0x48, 0x06, 0xFF, 0x05, 0x0F, 0x06, 0xF8, 0x03, 0xFC, 0x0F,
    0xFC, 0x07, 0xFC, 0x07, 0x04, 0x00, 0x00, 0x00, 0x04, 0x08, 0x14, 0x04, 0x64, 0x04, 0x84, 0x03,
    0xFF, 0x01, 0xC7, 0x01, 0x44, 0x03, 0x7C, 0x06, 0x14, 0x04, 0x44, 0x0C, 0x40, 0x00, 0x00, 0x00,
    0x30, 0x00, 0xFC, 0x0F, 0x37, 0x04, 0x24, 0x00, 0x24, 0x00, 0xA4, 0x05, 0xFF, 0x07, 0x24, 0x00,
    0xA4, 0x00, 0xB4, 0x04, 0x00, 0x04, 0x00, 0x00, 0x4E, 0x04, 0x44, 0x05, 0xA4, 0x02, 0xF4, 0x07,
    0xF7, 0x0D, 0xC6, 0x07, 0xEC, 0x00, 0xBC, 0x03, 0x3E, 0x06, 0x06, 0x06, 0x00, 0x00, 0x00, 0x00,
    0x08, 0x06, 0xFC, 0x03, 0x3F, 0x04, 0x08, 0x06, 0xFC, 0x03, 0x00, 0x00, 0xFC, 0x0F, 0x04, 0x02,
    0x04, 0x02, 0xFC, 0x07, 0x00, 0x00, 0x00, 0x00, 0x92, 0x08, 0xB2, 0x08, 0xF2, 0x04, 0x9F, 0x06,
    0xFA, 0x01, 0x9A, 0x01, 0x9F, 0x03, 0xF6, 0x06, 0xB2, 0x0C, 0x92, 0x0C, 0x00, 0x00, 0x00, 0x00,
    0x74, 0x04, 0xF4, 0x03, 0xFF, 0x01, 0x7C, 0x03, 0x5E, 0x0E, 0xFA, 0x05, 0x0A, 0x07, 0xFE, 0x03,
    0x0A, 0x02, 0xFA, 0x0D, 0x00, 0x00, 0x00, 0x00, 0x02, 0x08, 0xFE, 0x0B, 0xC6, 0x0F, 0x5E, 0x04,
    0xDE, 0x03, 0xDE, 0x00, 0x5E, 0x04, 0xE6, 0x07, 0x7E, 0x0C, 0x03, 0x00, 0x00, 0x00, 0x00, 0x00,
    0x00, 0x00, 0xFF, 0x00, 0x42, 0x00, 0x42, 0x00, 0xFE, 0x0F, 0xFE, 0x07, 0x42, 0x00, 0x42, 0x00,
    0xFF, 0x00, 0x00, 0x00, 0x00, 0x00, 0x00, 0x00, 0x78, 0x00, 0xFF, 0x0F, 0xF4, 0x06, 0x54, 0x02,
    0xFE, 0x01, 0xFE, 0x00, 0x92, 0x00, 0xFE, 0x0F, 0x92, 0x00, 0xFE, 0x00, 0x02, 0x00, 0x00, 0x00,
    0x30, 0x00, 0xFE, 0x0F, 0x03, 0x00, 0xFE, 0x0F, 0x42, 0x09, 0x7E, 0x01, 0x7A, 0x04, 0xB2, 0x03,
    0xFA, 0x07, 0x7E, 0x0C, 0x00, 0x04, 0x00, 0x00, 0xD0, 0x00, 0xFE, 0x0F, 0xFE, 0x07, 0x5A, 0x05,
    0xDE, 0x06, 0xF4, 0x03, 0xF3, 0x0D, 0xD2, 0x07, 0xFC, 0x03, 0x3E, 0x06, 0x00, 0x02, 0x00, 0x00,
    0x30, 0x00, 0xFC, 0x0F, 0x27, 0x08, 0x30, 0x04, 0xF8, 0x07, 0xE6, 0x01, 0x03, 0x00, 0xEC, 0x0F,
    0xF8, 0x07, 0x10, 0x00, 0x10, 0x00, 0x00, 0x00, 0xE4, 0x04, 0xBE, 0x04, 0xAF, 0x02, 0xE4, 0x01,
    0xFE, 0x0F, 0xC4, 0x0F, 0xBE, 0x03, 0x82, 0x06, 0xBE, 0x06, 0xBE, 0x04, 0x00, 0x00, 0x00, 0x00,
    0x22, 0x02, 0x3A, 0x02, 0xEF, 0x03, 0xFA, 0x02, 0x3E, 0x02, 0x22, 0x02, 0xBE, 0x02, 0xEA, 0x07,
    0x0A, 0x0F, 0x9E, 0x07, 0x00, 0x00, 0x00, 0x00, 0xF8, 0x04, 0x1F, 0x03, 0xF8, 0x03, 0x48, 0x05,
    0xAE, 0x02, 0x70, 0x0B, 0xD3, 0x0D, 0xC2, 0x07, 0xBC, 0x03, 0x2E, 0x06, 0x00, 0x02, 0x00, 0x00,
    0x62, 0x04, 0xFE, 0x02, 0xD6, 0x01, 0xFA, 0x00, 0x32, 0x00, 0x22, 0x00, 0x22, 0x00, 0xFE, 0x0F,
    0x23, 0x00, 0x23, 0x00, 0x20, 0x00, 0x00, 0x00, 0x00, 0x08, 0xFE, 0x0F, 0x80, 0x08, 0xFF, 0x0F,
    0xB0, 0x08, 0x8C, 0x0F, 0x87, 0x0F, 0xB4, 0x08, 0xE4, 0x0F, 0x04, 0x0C, 0x00, 0x00, 0x00, 0x00,
    0x7E, 0x08, 0x7E, 0x09, 0x00, 0x09, 0xFF, 0x09, 0xC2, 0x0F, 0xAE, 0x0F, 0x1A, 0x09, 0x3E, 0x09,
    0x66, 0x09, 0x60, 0x0D, 0x00, 0x00, 0x00, 0x00, 0xA0, 0x08, 0x90, 0x08, 0x8C, 0x04, 0x84, 0x06,
    0xF0, 0x03, 0xFF, 0x00, 0x80, 0x03, 0x84, 0x06, 0x98, 0x04, 0xD0, 0x0C, 0x80, 0x04, 0x00, 0x00,
    0x58, 0x09, 0x46, 0x09, 0x4F, 0x0D, 0xFC, 0x05, 0xFE, 0x07, 0xAE, 0x06, 0xB7, 0x07, 0xAC, 0x0D,
    0xE4, 0x08, 0x46, 0x0C, 0x00, 0x08, 0x00, 0x00, 0xFC, 0x0F, 0xFC, 0x07, 0x06, 0x00, 0xF8, 0x03,
    0x42, 0x01, 0x42, 0x01, 0xFA, 0x03, 0x02, 0x04, 0xFE, 0x0F, 0xFE, 0x07, 0x00, 0x00, 0x00, 0x00,
    0x04, 0x0C, 0xFC, 0x03, 0x6C, 0x00, 0x6F, 0x0F, 0xFC, 0x01, 0x04, 0x06, 0xFF, 0x0C, 0x04, 0x03,
    0xFC, 0x07, 0x06, 0x0C, 0x00, 0x00, 0x00, 0x00, 0x24, 0x04, 0xB4, 0x06, 0xB5, 0x03, 0xFE, 0x0F,
    0xBC, 0x00, 0xFC, 0x0F, 0xFE, 0x07, 0xBD, 0x03, 0xFC, 0x06, 0x26, 0x04, 0x00, 0x04, 0x00, 0x00,
    0x00, 0x06, 0xFE, 0x01, 0x1C, 0x00, 0xE8, 0x0F, 0xAB, 0x01, 0xAB, 0x01, 0xA8, 0x01, 0xA8, 0x0D,
    0xFE, 0x0F, 0x04, 0x00, 0x00, 0x00, 0x00, 0x00, 0x1C, 0x03, 0xE0, 0x01, 0xFE, 0x03, 0x04, 0x03,
    0xFF, 0x0F, 0x2A, 0x04, 0xE8, 0x05, 0xA8, 0x03, 0xFF, 0x06, 0xC0, 0x0C, 0x00, 0x04, 0x00, 0x00,
    0xE8, 0x0C, 0x3F, 0x07, 0xC8, 0x03, 0x7C, 0x06, 0x22, 0x00, 0x22, 0x00, 0xFE, 0x0F, 0xFE, 0x0F,
    0x22, 0x00, 0x22, 0x00, 0x20, 0x00, 0x00, 0x00, 0xB8, 0x03, 0xF7, 0x0A, 0x9A, 0x06, 0xFC, 0x03,
    0xD4, 0x0B, 0x54, 0x05, 0xD4, 0x07, 0xFF, 0x03, 0xE6, 0x03, 0x36, 0x04, 0x04, 0x0F, 0x00, 0x00,
    0x04, 0x0C, 0xE4, 0x0D, 0xAE, 0x04, 0x2F, 0x04, 0xFC, 0x07, 0xFC, 0x07, 0x2F, 0x04, 0xA4, 0x07,
    0xE4, 0x07, 0x06, 0x0C, 0x00, 0x00, 0x00, 0x00, 0xE8, 0x00, 0xFF, 0x0F, 0x68, 0x00, 0x7C, 0x08,
    0xB8, 0x03, 0x26, 0x00, 0xA3, 0x03, 0x34, 0x07, 0xF8, 0x01, 0x58, 0x04, 0x10, 0x00, 0x00, 0x00,
    0x04, 0x04, 0xF8, 0x04, 0x58, 0x03, 0xF8, 0x01, 0xFF, 0x0F, 0xFF, 0x0F, 0xF8, 0x01, 0x78, 0x03,
    0xFA, 0x06, 0x02, 0x06, 0x00, 0x00, 0x00, 0x00, 0xF4, 0x07, 0xFC, 0x07, 0xE6, 0x0F, 0xA6, 0x07,
    0xFC, 0x01, 0xD4, 0x03, 0xD4, 0x07, 0xFF, 0x03, 0xC6, 0x03, 0x76, 0x04, 0x04, 0x0E, 0x00, 0x00,
    0xF0, 0x07, 0xFC, 0x07, 0xE0, 0x07, 0xE2, 0x0B, 0xF0, 0x08, 0x2C, 0x0B, 0xE7, 0x0B, 0x26, 0x0F,
    0xFC, 0x0B, 0x58, 0x0C, 0x10, 0x00, 0x00, 0x00, 0xC8, 0x04, 0xFF, 0x0F, 0x6C, 0x04, 0x24, 0x04,
    0x74, 0x03, 0xFC, 0x05, 0x57, 0x0C, 0xF4, 0x0F, 0x44, 0x01, 0x46, 0x07, 0x40, 0x06, 0x00, 0x00,
    0xC8, 0x0C, 0xFF, 0x0F, 0x68, 0x00, 0x38, 0x08, 0x98, 0x03, 0x66, 0x00, 0xE3, 0x03, 0x34, 0x07,
    0xF8, 0x01, 0x58, 0x04, 0x10, 0x00, 0x00, 0x00, 0x0C, 0x00, 0xE3, 0x0F, 0x1F, 0x00, 0xE6, 0x07,
    0x9A, 0x02, 0x96, 0x02, 0xF3, 0x07, 0x1E, 0x0C, 0xF2, 0x0F, 0x12, 0x00, 0x00, 0x00, 0x00, 0x00,
    0x30, 0x00, 0xFE, 0x0F, 0x27, 0x00, 0xD0, 0x00, 0xBC, 0x03, 0xE7, 0x00, 0x83, 0x05, 0x1C, 0x07,
    0xD8, 0x05, 0x18, 0x04, 0x10, 0x00, 0x00, 0x00, 0x04, 0x09, 0xFC, 0x09, 0x1C, 0x05, 0xFF, 0x07,
    0xFC, 0x01, 0x04, 0x05, 0x7F, 0x0D, 0x85, 0x0D, 0xFC, 0x07, 0x0E, 0x00, 0x00, 0x00, 0x00, 0x00,
    0x86, 0x07, 0xEC, 0x0F, 0x9C, 0x07, 0xFC, 0x01, 0xD0, 0x0B, 0xD0, 0x0B, 0xDC, 0x07, 0xFF, 0x03,
    0xE6, 0x03, 0x36, 0x04, 0x04, 0x0E, 0x00, 0x00, 0x12, 0x01, 0x92, 0x00, 0xF6, 0x0F, 0x3F, 0x01,
    0x3E, 0x01, 0x32, 0x09, 0xFF, 0x0F, 0x72, 0x01, 0x32, 0x01, 0x9A, 0x01, 0x00, 0x00, 0x00, 0x00,
    0xE8, 0x00, 0xFF, 0x0F, 0x68, 0x08, 0xC8, 0x0C, 0xBE, 0x0F, 0xFE, 0x0F, 0x98, 0x0C, 0x8E, 0x0F,
    0xB6, 0x0F, 0x84, 0x0C, 0x00, 0x04, 0x00, 0x00, 0x80, 0x00, 0x9E, 0x01, 0x40, 0x03, 0x7F, 0x07,
    0xBC, 0x07, 0xD6, 0x07, 0x67, 0x07, 0x4C, 0x07, 0xD8, 0x01, 0xC2, 0x04, 0x80, 0x00, 0x00, 0x00,
    0xFE, 0x07, 0x52, 0x06, 0xF2, 0x03, 0xDE, 0x0A, 0x48, 0x04, 0x2F, 0x06, 0xFF, 0x03, 0xA8, 0x03,
    0xEE, 0x06, 0x3C, 0x0C, 0x00, 0x0E, 0x00, 0x00, 0xFE, 0x05, 0xFA, 0x03, 0xFA, 0x03, 0xFE, 0x0E,
    0x50, 0x04, 0x5E, 0x04, 0xFF, 0x03, 0xAA, 0x03, 0xEE, 0x04, 0x28, 0x0C, 0x00, 0x0E, 0x00, 0x00,
    0x00, 0x08, 0xFE, 0x08, 0xFE, 0x04, 0x02, 0x03, 0xFA, 0x01, 0xCA, 0x07, 0x02, 0x04, 0xFE, 0x0C,
    0x42, 0x04, 0x00, 0x07, 0x00, 0x04, 0x00, 0x00, 0x98, 0x00, 0xF7, 0x07, 0x54, 0x0A, 0xB4, 0x07,
    0xFE, 0x07, 0x6C, 0x05, 0x6C, 0x0D, 0xFF, 0x0F, 0x7E, 0x0D, 0xDC, 0x0D, 0x08, 0x00, 0x00, 0x00,
    0x18, 0x00, 0xF6, 0x0F, 0xDB, 0x00, 0xDE, 0x09, 0xF2, 0x0F, 0x1E, 0x00, 0xDF, 0x07, 0x1E, 0x08,
    0xF6, 0x0F, 0x12, 0x00, 0x10, 0x00, 0x00, 0x00, 0x30, 0x00, 0xFC, 0x0F, 0x47, 0x00, 0x78, 0x00,
    0x4E, 0x00, 0x48, 0x00, 0xFF, 0x0F, 0x48, 0x00, 0x48, 0x00, 0x48, 0x00, 0x40, 0x00, 0x00, 0x00,
    0x30, 0x0C, 0xFE, 0x0F, 0xA6, 0x05, 0xBC, 0x07, 0xEC, 0x05, 0x6C, 0x05, 0xFE, 0x0F, 0xFF, 0x0F,
    0x7E, 0x0D, 0xCC, 0x0D, 0x08, 0x00, 0x00, 0x00, 0xE0, 0x07, 0xFE, 0x01, 0xBB, 0x05, 0xFE, 0x0F,
    0x00, 0x0C, 0xFE, 0x06, 0xE2, 0x03, 0xFA, 0x07, 0x82, 0x0C, 0xFE, 0x0C, 0x00, 0x04, 0x00, 0x00,
    0x30, 0x04, 0xD8, 0x05, 0x16, 0x04, 0xD3, 0x06, 0xD6, 0x03, 0xDC, 0x02, 0x08, 0x02, 0xFC, 0x01,
    0x00, 0x0C, 0xFF, 0x0F, 0x00, 0x00, 0x00, 0x00, 0x18, 0x00, 0xFF, 0x0F, 0x10, 0x0A, 0x5C, 0x0D,
    0x58, 0x04, 0x7F, 0x06, 0xFF, 0x03, 0x8A, 0x07, 0xEE, 0x0C, 0x28, 0x0C, 0x00, 0x02, 0x00, 0x00,
    0x90, 0x07, 0xF6, 0x07, 0x34, 0x01, 0x3C, 0x01, 0xF7, 0x0F, 0xA4, 0x04, 0xFE, 0x07, 0xFE, 0x00,
    0xF2, 0x0F, 0xF2, 0x07, 0x10, 0x00, 0x00, 0x00, 0x98, 0x0F, 0xF6, 0x0F, 0xFE, 0x09, 0xFE, 0x07,
    0xFA, 0x09, 0xFE, 0x0F, 0x28, 0x06, 0xFF, 0x03, 0xA8, 0x07, 0xEE, 0x0C, 0x20, 0x0E, 0x00, 0x00,
    0x18, 0x05, 0xF6, 0x0F, 0x3E, 0x00, 0xFC, 0x0F, 0x03, 0x02, 0xF2, 0x03, 0x52, 0x01, 0xF2, 0x03,
    0x12, 0x0C, 0xFE, 0x0F, 0x00, 0x00, 0x00, 0x00, 0xA0, 0x04, 0xBE, 0x03, 0xE6, 0x03, 0x28, 0x05,
    0x6A, 0x05, 0x7E, 0x0D, 0xFF, 0x0F, 0x4A, 0x0D, 0x7E, 0x0D, 0x8C, 0x0D, 0x08, 0x00, 0x00, 0x00,
    0x30, 0x00, 0xFC, 0x0F, 0x03, 0x00, 0xFE, 0x0F, 0xBE, 0x0F, 0xAE, 0x09, 0xBE, 0x0B, 0xAE, 0x09,
    0xFE, 0x0F, 0xFE, 0x0F, 0x20, 0x00, 0x00, 0x00, 0xA0, 0x08, 0xAC, 0x08, 0xAC, 0x0B, 0xAF, 0x0F,
    0xFE, 0x06, 0xBC, 0x06, 0xAF, 0x07, 0xAD, 0x04, 0xAE, 0x0C, 0xA4, 0x00, 0x80, 0x00, 0x00, 0x00,
    0x98, 0x01, 0xD0, 0x00, 0xFF, 0x0F, 0xD0, 0x00, 0xEC, 0x00, 0xBF, 0x03, 0x97, 0x04, 0xFC, 0x0F,
    0xEE, 0x07, 0xC4, 0x00, 0x00, 0x00, 0x00, 0x00, 0xB2, 0x04, 0x96, 0x06, 0xFF, 0x03, 0xBF, 0x04,
    0xEC, 0x0F, 0xFE, 0x07, 0x9B, 0x01, 0xCE, 0x02, 0x46, 0x06, 0x06, 0x04, 0x00, 0x00, 0x00, 0x00,
    0x30, 0x0F, 0xE6, 0x0F, 0x30, 0x04, 0x04, 0x04, 0x04, 0x04, 0xFC, 0x07, 0xFC, 0x07, 0x04, 0x04,
    0x06, 0x04, 0x02, 0x06, 0x00, 0x04, 0x00, 0x00, 0xFE, 0x03, 0xF8, 0x05, 0xFE, 0x07, 0xF2, 0x01,
    0xF2, 0x07, 0xFE, 0x03, 0xDC, 0x03, 0xDC, 0x03, 0xFE, 0x03, 0xFF, 0x07, 0x20, 0x04, 0x00, 0x00,
    0x30, 0x03, 0xE0, 0x01, 0xF8, 0x0F, 0xAF, 0x00, 0xB2, 0x01, 0xF8, 0x07, 0x7F, 0x00, 0xF6, 0x0F,
    0xD8, 0x07, 0x82, 0x00, 0x80, 0x00, 0x00, 0x00, 0xA2, 0x04, 0xBE, 0x04, 0xFE, 0x02, 0xFE, 0x01,
    0xE8, 0x0F, 0xFE, 0x07, 0xB3, 0x03, 0x9A, 0x02, 0x8E, 0x04, 0xC6, 0x04, 0x00, 0x00, 0x00, 0x00,
    0xE2, 0x08, 0x2E, 0x08, 0xFC, 0x04, 0xFF, 0x06, 0xC8, 0x03, 0xEE, 0x01, 0x3F, 0x02, 0x14, 0x04,
    0x8C, 0x0C, 0x86, 0x0C, 0x00, 0x00, 0x00, 0x00, 0x10, 0x00, 0xF7, 0x07, 0x52, 0x0B, 0x48, 0x05,
    0xC8, 0x07, 0xFF, 0x01, 0x48, 0x00, 0xFF, 0x0F, 0xFE, 0x07, 0x4C, 0x00, 0x48, 0x00, 0x00, 0x00,
    0xFE, 0x0F, 0x02, 0x0E, 0x02, 0x03, 0xFA, 0x01, 0x2A, 0x00, 0x2A, 0x00, 0xEE, 0x07, 0x26, 0x00,
    0x33, 0x04, 0x22, 0x04, 0x00, 0x00, 0x00, 0x00, 0x38, 0x00, 0xEA, 0x0F, 0x6C, 0x07, 0xFF, 0x07,
    0x74, 0x06, 0xF6, 0x06, 0xFF, 0x07, 0x6E, 0x07, 0xE6, 0x0F, 0x32, 0x00, 0x00, 0x00, 0x00, 0x00,
    0xFE, 0x0F, 0x12, 0x01, 0xEE, 0x01, 0xC2, 0x00, 0xAC, 0x03, 0xB7, 0x02, 0xFA, 0x0F, 0xFE, 0x02,
    0x76, 0x02, 0x20, 0x03, 0x00, 0x00, 0x00, 0x00, 0x42, 0x0C, 0xF2, 0x07, 0xFA, 0x01, 0xB7, 0x0F,
    0xB2, 0x01, 0xFA, 0x03, 0xB7, 0x0D, 0xB2, 0x01, 0xF2, 0x03, 0x12, 0x0D, 0x02, 0x00, 0x00, 0x00,
    0xE8, 0x00, 0xFF, 0x0F, 0x68, 0x02, 0xA0, 0x05, 0xFF, 0x0F, 0xA4, 0x08, 0xA4, 0x05, 0xFC, 0x03,
    0xF4, 0x07, 0x3E, 0x0C, 0x00, 0x00, 0x00, 0x00, 0xE2, 0x04, 0xFE, 0x07, 0xF2, 0x03, 0xF2, 0x0F,
    0xFE, 0x07, 0xFF, 0x03, 0x55, 0x0D, 0xFF, 0x07, 0x54, 0x05, 0xFE, 0x07, 0x04, 0x04, 0x00, 0x00,
    0x30, 0x0C, 0xFC, 0x07, 0xFF, 0x01, 0x54, 0x0F, 0x54, 0x01, 0xFF, 0x01, 0x56, 0x07, 0x54, 0x01,
    0x7C, 0x03, 0x84, 0x0F, 0x00, 0x00, 0x00, 0x00, 0xFE, 0x07, 0xD2, 0x04, 0xFE, 0x0F, 0xFE, 0x0F,
    0x24, 0x04, 0xFC, 0x06, 0x87, 0x03, 0xEC, 0x07, 0x74, 0x04, 0x36, 0x0C, 0x04, 0x04, 0x00, 0x00,
    0x44, 0x08, 0x24, 0x04, 0x14, 0x04, 0xFC, 0x06, 0x87, 0x03, 0xC6, 0x03, 0x6C, 0x06, 0x34, 0x04,
    0x34, 0x0C, 0x26, 0x04, 0x00, 0x00, 0x00, 0x00, 0x64, 0x04, 0x74, 0x06, 0x97, 0x03, 0xC6, 0x01,
    0x74, 0x06, 0x34, 0x04, 0xFE, 0x0F, 0xFE, 0x0F, 0x3A, 0x02, 0xC6, 0x03, 0x00, 0x01, 0x00, 0x00,
    0x30, 0x0F, 0xE6, 0x0F, 0x5C, 0x08, 0xC4, 0x04, 0xA4, 0x07, 0xBF, 0x00, 0xBC, 0x07, 0xBC, 0x0F,
    0xEE, 0x08, 0x74, 0x0E, 0x00, 0x04, 0x00, 0x00, 0x7E, 0x01, 0x4E, 0x05, 0xFE, 0x07, 0xCE, 0x0B,
    0x48, 0x04, 0xFA, 0x03, 0x5E, 0x00, 0x0A, 0x00, 0xF9, 0x0F, 0x6C, 0x00, 0x48, 0x00, 0x00, 0x00,
    0xF8, 0x04, 0x1F, 0x03, 0xF8, 0x0B, 0x98, 0x0E, 0x62, 0x06, 0xFA, 0x03, 0x1E, 0x00, 0xD2, 0x0F,
    0xE3, 0x07, 0x48, 0x00, 0x40, 0x00, 0x00, 0x00, 0xFE, 0x01, 0x82, 0x00, 0xFE, 0x01, 0xFA, 0x0F,
    0xEE, 0x05, 0xFA, 0x07, 0xEE, 0x01, 0xB9, 0x0B, 0xEF, 0x0F, 0xF8, 0x00, 0x80, 0x00, 0x00, 0x00,
    0xC8, 0x04, 0xFF, 0x0F, 0x28, 0x08, 0x18, 0x08, 0xEE, 0x05, 0xAC, 0x03, 0xEE, 0x07, 0x28, 0x0F,
    0xFE, 0x09, 0x18, 0x0E, 0x08, 0x00, 0x00, 0x00, 0x58, 0x00, 0xF7, 0x0F, 0x54, 0x0E, 0x54, 0x0A,
    0x24, 0x04, 0xFC, 0x06, 0x8F, 0x03, 0xEE, 0x03, 0x7C, 0x04, 0x36, 0x04, 0x04, 0x00, 0x00, 0x00,
    0x0E, 0x06, 0xFF, 0x01, 0x24, 0x0B, 0xEC, 0x06, 0x6A, 0x06, 0xFA, 0x03, 0x0E, 0x00, 0xFA, 0x0F,
    0x6B, 0x00, 0x68, 0x00, 0x00, 0x00, 0x00, 0x00, 0x30, 0x00, 0xFC, 0x0F, 0x07, 0x08, 0x84, 0x08,
    0xA4, 0x07, 0xAF, 0x01, 0x9C, 0x07, 0xBC, 0x0F, 0xEC, 0x08, 0xE6, 0x0C, 0x30, 0x06, 0x00, 0x00,
    0xFE, 0x03, 0x5A, 0x04, 0xFE, 0x0F, 0x26, 0x03, 0xEC, 0x03, 0xFF, 0x02, 0x24, 0x03, 0xFE, 0x0F,
    0x02, 0x03, 0xFE, 0x03, 0x00, 0x00, 0x00, 0x00, 0x94, 0x04, 0x6C, 0x0C, 0xFE, 0x0F, 0x46, 0x08,
    0x34, 0x04, 0xFC, 0x06, 0x87, 0x03, 0xEE, 0x07, 0x34, 0x04, 0x34, 0x0C, 0x04, 0x00, 0x00, 0x00,
    0x10, 0x0C, 0x18, 0x07, 0xFE, 0x01, 0x0B, 0x00, 0x2A, 0x01, 0xFE, 0x0F, 0x0E, 0x00, 0x0A, 0x04,
    0xF8, 0x0F, 0x00, 0x00, 0x00, 0x00, 0x00, 0x00, 0x1C, 0x00, 0xEF, 0x0F, 0x18, 0x0E, 0x4C, 0x0A,
    0x24, 0x04, 0xDC, 0x06, 0x87, 0x03, 0xEE, 0x07, 0x74, 0x04, 0x36, 0x0C, 0x04, 0x00, 0x00, 0x00,
    0xDC, 0x02, 0xB7, 0x0A, 0x98, 0x06, 0x7E, 0x03, 0xEB, 0x05, 0xFE, 0x0F, 0x7C, 0x05, 0x7E, 0x02,
    0xEB, 0x03, 0x38, 0x06, 0x08, 0x04, 0x00, 0x00, 0xB8, 0x05, 0xF6, 0x06, 0xB2, 0x0A, 0xCC, 0x0A,
    0x24, 0x04, 0xFC, 0x06, 0x87, 0x03, 0xE6, 0x07, 0x74, 0x04, 0x34, 0x0C, 0x04, 0x00, 0x00, 0x00,
    0x06, 0x05, 0xFF, 0x03, 0x60, 0x01, 0xFF, 0x0F, 0x60, 0x03, 0xFF, 0x07, 0x80, 0x04, 0xFC, 0x05,
    0x00, 0x0C, 0xFF, 0x0F, 0x00, 0x00, 0x00, 0x00, 0xB4, 0x03, 0x64, 0x05, 0xBF, 0x0F, 0xFE, 0x07,
    0x3C, 0x08, 0x7E, 0x04, 0x7C, 0x02, 0xCF, 0x03, 0xF8, 0x06, 0x0C, 0x04, 0x08, 0x04, 0x00, 0x00,
    0xFA, 0x0F, 0x7E, 0x05, 0x7E, 0x05, 0xFA, 0x07, 0xFA, 0x07, 0xF4, 0x01, 0x7F, 0x0D, 0xBF, 0x0F,
    0x7E, 0x01, 0x7E, 0x01, 0x08, 0x01, 0x00, 0x00, 0x34, 0x01, 0x3E, 0x01, 0xF7, 0x0F, 0xA4, 0x08,
    0xEC, 0x04, 0xFA, 0x07, 0x5E, 0x00, 0x1B, 0x00, 0xE9, 0x0F, 0x68, 0x00, 0x48, 0x00, 0x00, 0x00,
    0x74, 0x03, 0x3E, 0x01, 0xF7, 0x0F, 0x24, 0x09, 0xE4, 0x08, 0xFC, 0x04, 0x8F, 0x03, 0xC6, 0x03,
    0x7C, 0x04, 0x36, 0x0C, 0x04, 0x04, 0x00, 0x00, 0xFC, 0x01, 0xFC, 0x01, 0x84, 0x00, 0xFE, 0x01,
    0x00, 0x00, 0xFE, 0x01, 0x80, 0x00, 0x80, 0x00, 0xFF, 0x0F, 0xFE, 0x07, 0x00, 0x00, 0x00, 0x00,
    0x8C, 0x00, 0xD6, 0x00, 0xBA, 0x0F, 0xBE, 0x05, 0xAB, 0x05, 0xFB, 0x05, 0xA6, 0x05, 0xBA, 0x0F,
    0xBE, 0x07, 0xC6, 0x00, 0x00, 0x00, 0x00, 0x00, 0xC8, 0x04, 0xFF, 0x0F, 0xEC, 0x01, 0xE8, 0x07,
    0xFE, 0x07, 0x76, 0x05, 0xD6, 0x04, 0x56, 0x07, 0x5E, 0x0F, 0xE2, 0x07, 0x00, 0x00, 0x00, 0x00,
    0xC8, 0x04, 0xFF, 0x0F, 0xFF, 0x03, 0xAC, 0x08, 0xA4, 0x0B, 0xFC, 0x07, 0xE3, 0x06, 0xBE, 0x07,
    0xAE, 0x04, 0xF6, 0x0C, 0x80, 0x00, 0x00, 0x00, 0x30, 0x00, 0xFF, 0x0F, 0xD4, 0x07, 0x74, 0x05,
    0x74, 0x05, 0x5F, 0x05, 0x7D, 0x05, 0xE4, 0x0F, 0x26, 0x00, 0x38, 0x00, 0x00, 0x00, 0x00, 0x00,
    0xD0, 0x00, 0xFE, 0x0F, 0xFE, 0x0F, 0xDA, 0x00, 0xA0, 0x0F, 0xA0, 0x0F, 0xBF, 0x04, 0xBF, 0x04,
    0xA0, 0x0F, 0xA4, 0x0F, 0x04, 0x00, 0x00, 0x00, 0x44, 0x00, 0xF6, 0x0F, 0x1B, 0x00, 0xA4, 0x06,
    0xFF, 0x03, 0xB4, 0x02, 0xF4, 0x02, 0x12, 0x0C, 0xF2, 0x0F, 0x12, 0x00, 0x10, 0x00, 0x00, 0x00,
    0xFE, 0x0F, 0x12, 0x01, 0xEE, 0x09, 0xE2, 0x04, 0x18, 0x07, 0xEE, 0x01, 0x03, 0x00, 0xEC, 0x0F,
    0x38, 0x00, 0x10, 0x00, 0x00, 0x00, 0x00, 0x00, 0x48, 0x00, 0xF8, 0x0F, 0xBE, 0x05, 0xFF, 0x07,
    0xA8, 0x05, 0xEA, 0x05, 0x7F, 0x06, 0xE8, 0x03, 0xEE, 0x06, 0x2C, 0x0E, 0x00, 0x08, 0x00, 0x00,
    0x24, 0x06, 0xA4, 0x03, 0xFF, 0x0A, 0xA4, 0x0B, 0x24, 0x07, 0x28, 0x06, 0xFC, 0x01, 0x7F, 0x04,
    0x08, 0x0C, 0xF8, 0x07, 0x00, 0x00, 0x00, 0x00, 0x04, 0x00, 0x14, 0x00, 0x14, 0x00, 0xFF, 0x0F,
    0xF4, 0x07, 0x14, 0x00, 0x1F, 0x01, 0x1F, 0x03, 0xF4, 0x03, 0x06, 0x00, 0x02, 0x00, 0x00, 0x00,
    0xC8, 0x00, 0xFE, 0x0F, 0xFF, 0x0F, 0x6C, 0x00, 0xA8, 0x0F, 0xA0, 0x07, 0xBF, 0x04, 0xBF, 0x04,
    0xA0, 0x07, 0xA4, 0x0F, 0x04, 0x00, 0x00, 0x00, 0x84, 0x08, 0x44, 0x0E, 0x34, 0x00, 0x1C, 0x0E,
    0xFE, 0x00, 0xFF, 0x02, 0x1C, 0x0E, 0x34, 0x01, 0x64, 0x06, 0xC6, 0x0C, 0x40, 0x00, 0x00, 0x00,
    0xC8, 0x0C, 0xFF, 0x0F, 0x2C, 0x0C, 0x7C, 0x07, 0xE8, 0x03, 0x6E, 0x06, 0xFF, 0x07, 0x68, 0x0D,
    0xFC, 0x0D, 0x32, 0x0D, 0x00, 0x00, 0x00, 0x00, 0xFE, 0x07, 0x12, 0x02, 0xFE, 0x0F, 0x62, 0x07,
    0xE8, 0x03, 0x68, 0x06, 0xFF, 0x07, 0x68, 0x05, 0xFC, 0x0D, 0x3A, 0x0D, 0x00, 0x00, 0x00, 0x00,
    0xF8, 0x02, 0xCB, 0x03, 0xFE, 0x01, 0xBC, 0x01, 0xDE, 0x07, 0xFE, 0x03, 0xF4, 0x04, 0xD4, 0x07,
    0x1F, 0x0F, 0xE2, 0x07, 0x40, 0x00, 0x00, 0x00, 0x10, 0x05, 0xF6, 0x0F, 0x36, 0x00, 0x28, 0x00,
    0xA0, 0x0F, 0xA0, 0x04, 0xBF, 0x04, 0xA0, 0x04, 0xE0, 0x0F, 0xA4, 0x00, 0x00, 0x00, 0x00, 0x00,
    0xB0, 0x07, 0xFE, 0x02, 0xB3, 0x02, 0x98, 0x02, 0xA8, 0x0F, 0xA8, 0x0F, 0xBF, 0x04, 0xBF, 0x04,
    0xA8, 0x0F, 0xAC, 0x0F, 0x00, 0x00, 0x00, 0x00, 0xF8, 0x07, 0xFE, 0x00, 0xFB, 0x07, 0xAE, 0x04,
    0xF8, 0x07, 0xF2, 0x01, 0x6E, 0x01, 0xEA, 0x0F, 0x7A, 0x01, 0x4E, 0x01, 0x00, 0x01, 0x00, 0x00,
    0xC8, 0x04, 0x7E, 0x07, 0xCA, 0x03, 0x78, 0x0E, 0x08, 0x08, 0xFE, 0x0F, 0x92, 0x08, 0x92, 0x08,
    0xFE, 0x0F, 0x02, 0x0C, 0x00, 0x00, 0x00, 0x00, 0x40, 0x0C, 0xF8, 0x03, 0x78, 0x00, 0xF8, 0x03,
    0xF8, 0x0F, 0x4C, 0x04, 0xFF, 0x03, 0xC0, 0x03, 0x76, 0x06, 0x04, 0x0C, 0x00, 0x00, 0x00, 0x00,
    0xB2, 0x02, 0xB2, 0x03, 0xFE, 0x0F, 0xFF, 0x03, 0xD2, 0x00, 0xFA, 0x0F, 0xFF, 0x04, 0xFA, 0x04,
    0xDA, 0x0F, 0x72, 0x00, 0x00, 0x00, 0x00, 0x00, 0x82, 0x08, 0x42, 0x08, 0x6E, 0x06, 0xFF, 0x03,
    0x1A, 0x00, 0x1A, 0x00, 0xFF, 0x0F, 0x66, 0x00, 0x62, 0x00, 0x42, 0x00, 0x40, 0x00, 0x00, 0x00,
    0x00, 0x09, 0xBE, 0x08, 0xBE, 0x04, 0xEA, 0x07, 0x3E, 0x00, 0x3E, 0x00, 0xEA, 0x0F, 0xFE, 0x07,
    0xBE, 0x00, 0x80, 0x01, 0x80, 0x00, 0x00, 0x00, 0x30, 0x00, 0xFC, 0x0F, 0x27, 0x00, 0x24, 0x00,
    0xE4, 0x0F, 0x7F, 0x05, 0x64, 0x05, 0x7F, 0x05, 0xE4, 0x0F, 0x34, 0x00, 0x20, 0x00, 0x00, 0x00,
    0x60, 0x08, 0x20, 0x0C, 0x38, 0x07, 0xEC, 0x01, 0x07, 0x00, 0x03, 0x00, 0xEC, 0x0F, 0x38, 0x00,
    0x30, 0x00, 0x30, 0x00, 0x00, 0x00, 0x00, 0x00, 0xD8, 0x04, 0xFC, 0x0B, 0xFC, 0x08, 0x40, 0x04,
    0xF1, 0x03, 0x5F, 0x00, 0x0C, 0x00, 0xF0, 0x0F, 0x72, 0x00, 0x22, 0x00, 0x00, 0x00, 0x00, 0x00,
    0x10, 0x00, 0xF6, 0x07, 0x04, 0x0F, 0xF8, 0x07, 0xF8, 0x00, 0xF8, 0x0F, 0x48, 0x04, 0xFF, 0x03,
    0xEA, 0x07, 0x3E, 0x0C, 0x08, 0x0E, 0x00, 0x00, 0x00, 0x06, 0xFE, 0x01, 0x0A, 0x00, 0xEA, 0x0F,
    0x0A, 0x05, 0xFA, 0x07, 0xFA, 0x07, 0x0A, 0x05, 0xEE, 0x0F, 0xEE, 0x0F, 0x00, 0x00, 0x00, 0x00,
    0x00, 0x00, 0xFC, 0x03, 0x0C, 0x00, 0x04, 0x00, 0xFF, 0x0F, 0xFF, 0x0F, 0x04, 0x00, 0x04, 0x03,
    0xFC, 0x03, 0x00, 0x00, 0x00, 0x00, 0x00, 0x00, 0x08, 0x06, 0xF6, 0x03, 0x57, 0x05, 0xFC, 0x0F,
    0xFA, 0x0F, 0x26, 0x06, 0xFB, 0x07, 0x2C, 0x0C, 0xEE, 0x0F, 0xE2, 0x03, 0x00, 0x00, 0x00, 0x00,
    0x00, 0x04, 0xFE, 0x03, 0xFE, 0x00, 0x12, 0x00, 0x12, 0x00, 0x12, 0x00, 0xF2, 0x0F, 0x13, 0x00,
    0x10, 0x00, 0x10, 0x00, 0x00, 0x00, 0x00, 0x00, 0xA0, 0x08, 0x90, 0x08, 0xB8, 0x0F, 0xAE, 0x0A,
    0xE3, 0x0F, 0xE3, 0x0F, 0xBC, 0x0E, 0x98, 0x0B, 0xD0, 0x08, 0x30, 0x0C, 0x10, 0x00, 0x00, 0x00,
    0x60, 0x00, 0xB0, 0x00, 0x98, 0x00, 0x8E, 0x00, 0xB3, 0x08, 0xA6, 0x0E, 0x8C, 0x07, 0x98, 0x01,
    0x30, 0x00, 0x20, 0x00, 0x00, 0x00, 0x00, 0x00, 0x98, 0x0F, 0xE6, 0x07, 0x18, 0x02, 0xAC, 0x02,
    0xAC, 0x02, 0xFF, 0x0F, 0xFF, 0x0F, 0xAC, 0x02, 0xFE, 0x02, 0x88, 0x03, 0x08, 0x00, 0x00, 0x00,
    0x65, 0x00, 0xFF, 0x0F, 0xEC, 0x00, 0xB4, 0x04, 0x7E, 0x07, 0x7F, 0x03, 0x5C, 0x0F, 0x7F, 0x01,
    0x5C, 0x03, 0x96, 0x07, 0x10, 0x00, 0x00, 0x00, 0x1E, 0x08, 0x1E, 0x05, 0x5E, 0x07, 0xFF, 0x03,
    0xF2, 0x0F, 0x5E, 0x07, 0x6C, 0x03, 0xAE, 0x07, 0x9B, 0x05, 0x18, 0x00, 0x00, 0x00, 0x00, 0x00,
    0x58, 0x00, 0xFF, 0x0F, 0x54, 0x06, 0x54, 0x02, 0xFE, 0x07, 0x3E, 0x00, 0xEB, 0x0F, 0xEA, 0x07,
    0x3E, 0x04, 0xFE, 0x07, 0x00, 0x00, 0x00, 0x00, 0x30, 0x00, 0xFE, 0x0F, 0x03, 0x08, 0x00, 0x04,
    0x1C, 0x06, 0xE0, 0x03, 0x80, 0x03, 0x7C, 0x02, 0x1E, 0x06, 0x00, 0x04, 0x00, 0x00, 0x00, 0x00,
    0x22, 0x00, 0xF6, 0x0F, 0x00, 0x0A, 0xE0, 0x09, 0xFE, 0x0B, 0x4F, 0x0B, 0xF8, 0x0F, 0x5E, 0x0B,
    0xFF, 0x0B, 0xE2, 0x0F, 0x00, 0x00, 0x00, 0x00, 0x22, 0x0C, 0xEE, 0x07, 0x64, 0x06, 0x48, 0x0A,
    0xFE, 0x09, 0x7E, 0x08, 0x4C, 0x08, 0xFF, 0x0F, 0x44, 0x08, 0x64, 0x0C, 0x00, 0x00, 0x00, 0x00,
    0xE6, 0x01, 0xAF, 0x01, 0xF8, 0x0F, 0xEF, 0x01, 0xE2, 0x05, 0xFE, 0x03, 0xFE, 0x00, 0x12, 0x00,
    0xF3, 0x0F, 0x13, 0x00, 0x10, 0x00, 0x00, 0x00, 0x20, 0x00, 0x2E, 0x00, 0xE8, 0x0F, 0x7E, 0x05,
    0x7E, 0x05, 0x7E, 0x05, 0x7E, 0x05, 0xF8, 0x0F, 0x67, 0x00, 0x31, 0x00, 0x00, 0x00, 0x00, 0x00,
    0x34, 0x09, 0x1C, 0x05, 0x7F, 0x03, 0x7E, 0x07, 0x7E, 0x0F, 0x5C, 0x07, 0x7F, 0x03, 0x6E, 0x03,
    0x1C, 0x07, 0xB6, 0x01, 0x00, 0x00, 0x00, 0x00, 0x22, 0x04, 0xF6, 0x07, 0x24, 0x06, 0x00, 0x05,
    0xFE, 0x0C, 0x12, 0x0C, 0x12, 0x0C, 0xF2, 0x0F, 0x13, 0x0C, 0x1A, 0x0C, 0x10, 0x04, 0x00, 0x00,
    0x30, 0x04, 0xFF, 0x03, 0x1A, 0x03, 0x8C, 0x03, 0x7E, 0x00, 0x0A, 0x02, 0xCA, 0x05, 0x3A, 0x04,
    0xCE, 0x0C, 0xCE, 0x00, 0x80, 0x00, 0x00, 0x00, 0x98, 0x07, 0xF2, 0x0F, 0x7C, 0x08, 0x60, 0x08,
    0xAC, 0x04, 0x2C, 0x07, 0x2C, 0x03, 0xEC, 0x05, 0xFF, 0x0C, 0x20, 0x0C, 0x00, 0x00, 0x00, 0x00,
    0x00, 0x03, 0xFE, 0x01, 0x3E, 0x00, 0x02, 0x02, 0xC2, 0x06, 0x92, 0x0D, 0x72, 0x08, 0xDE, 0x00,
    0x9E, 0x01, 0x00, 0x01, 0x00, 0x01, 0x00, 0x00, 0x62, 0x04, 0x52, 0x04, 0xCA, 0x07, 0x4E, 0x0A,
    0x72, 0x0E, 0x38, 0x06, 0xC8, 0x03, 0xFF, 0x04, 0x08, 0x0C, 0xF8, 0x07, 0x08, 0x00, 0x00, 0x00,
    0x54, 0x08, 0xD4, 0x06, 0xFF, 0x03, 0x54, 0x00, 0xFF, 0x0F, 0x54, 0x00, 0x56, 0x00, 0xF8, 0x03,
    0x00, 0x08, 0xFE, 0x0F, 0x00, 0x00, 0x00, 0x00, 0x74, 0x04, 0xF4, 0x03, 0xDF, 0x07, 0xF4, 0x0F,
    0x74, 0x0A, 0x74, 0x07, 0xD4, 0x03, 0xDF, 0x07, 0xD4, 0x0F, 0x76, 0x0C, 0x00, 0x06, 0x00, 0x00,
    0x84, 0x08, 0x90, 0x08, 0x90, 0x09, 0x5F, 0x09, 0x50, 0x0F, 0x70, 0x0F, 0x7F, 0x09, 0x5E, 0x09,
    0xD2, 0x09, 0x82, 0x0C, 0x00, 0x00, 0x00, 0x00, 0xFE, 0x07, 0x92, 0x00, 0xFE, 0x07, 0xFE, 0x03,
    0xEA, 0x0F, 0xCA, 0x07, 0xDF, 0x02, 0xDA, 0x0A, 0xEE, 0x0F, 0x5A, 0x00, 0x10, 0x00, 0x00, 0x00,
    0xC0, 0x0F, 0x40, 0x05, 0x7F, 0x05, 0xD6, 0x07, 0xD4, 0x07, 0xD4, 0x07, 0xD4, 0x0F, 0x7F, 0x05,
    0x40, 0x05, 0xC0, 0x0F, 0x00, 0x00, 0x00, 0x00, 0xFC, 0x05, 0x57, 0x05, 0xFC, 0x05, 0xFE, 0x03,
    0xF4, 0x06, 0xFC, 0x07, 0x55, 0x0D, 0xC7, 0x0F, 0x74, 0x01, 0x7E, 0x06, 0x04, 0x04, 0x00, 0x00,
    0x04, 0x04, 0x04, 0x06, 0xFC, 0x03, 0x54, 0x01, 0xD7, 0x0F, 0xD6, 0x0F, 0x54, 0x01, 0xFC, 0x03,
    0x14, 0x06, 0x06, 0x06, 0x00, 0x00, 0x00, 0x00, 0x38, 0x00, 0xFF, 0x0F, 0x08, 0x04, 0x04, 0x02,
    0xFC, 0x01, 0x44, 0x04, 0xC7, 0x0F, 0x44, 0x00, 0x7C, 0x01, 0x36, 0x03, 0x04, 0x02, 0x00, 0x00,
    0xDC, 0x01, 0xFF, 0x0F, 0x7C, 0x00, 0xD4, 0x00, 0xFC, 0x0F, 0xC8, 0x07, 0xDF, 0x02, 0xDE, 0x0E,
    0xEE, 0x0F, 0x52, 0x00, 0x00, 0x00, 0x00, 0x00, 0x9C, 0x01, 0xFF, 0x0F, 0xFE, 0x0F, 0xD6, 0x08,
    0xFA, 0x08, 0xEA, 0x07, 0xFE, 0x07, 0xFE, 0x04, 0xEA, 0x0C, 0xFA, 0x0C, 0x02, 0x04, 0x00, 0x00,
    0xB8, 0x05, 0xFE, 0x05, 0xB3, 0x02, 0xDC, 0x0A, 0xAA, 0x00, 0xB2, 0x00, 0x9A, 0x07, 0x9E, 0x04,
    0x92, 0x00, 0xF0, 0x04, 0x00, 0x00, 0x00, 0x00, 0x48, 0x08, 0x48, 0x04, 0x48, 0x03, 0xFF, 0x01,
    0x48, 0x00, 0x48, 0x00, 0xFF, 0x0F, 0xFF, 0x07, 0x48, 0x00, 0x4C, 0x00, 0x40, 0x00, 0x00, 0x00,
    0x4A, 0x00, 0xFE, 0x00, 0xDF, 0x0F, 0xFF, 0x03, 0xFE, 0x03, 0xEE, 0x03, 0xD7, 0x03, 0xDF, 0x0F,
    0x5E, 0x01, 0x72, 0x00, 0x00, 0x00, 0x00, 0x00, 0x20, 0x08, 0x3E, 0x04, 0xFE, 0x07, 0x6E, 0x03,
    0x7E, 0x0D, 0x7E, 0x0F, 0x6E, 0x01, 0xEE, 0x03, 0xEE, 0x06, 0x30, 0x0C, 0x20, 0x00, 0x00, 0x00,
    0x72, 0x06, 0xDA, 0x03, 0xCE, 0x03, 0x7A, 0x0A, 0x70, 0x04, 0xF8, 0x05, 0xEE, 0x03, 0xFA, 0x01,
    0x08, 0x02, 0xFD, 0x05, 0x00, 0x00, 0x00, 0x00, 0xE8, 0x0F, 0xDE, 0x07, 0xDF, 0x05, 0xEE, 0x0F,
    0x7A, 0x00, 0x56, 0x05, 0xFB, 0x0F, 0xFE, 0x01, 0xF6, 0x01, 0x70, 0x00, 0x00, 0x00, 0x00, 0x00,
    0x10, 0x03, 0xFF, 0x01, 0x18, 0x09, 0x90, 0x08, 0xF6, 0x05, 0x7F, 0x07, 0x73, 0x01, 0x7E, 0x0F,
    0xF6, 0x0D, 0x3A, 0x0C, 0x00, 0x04, 0x00, 0x00, 0xF4, 0x03, 0xDF, 0x03, 0xD7, 0x05, 0x1F, 0x0C,
    0xF6, 0x0F, 0x36, 0x04, 0x7E, 0x06, 0xCB, 0x03, 0xF8, 0x06, 0x0C, 0x04, 0x08, 0x04, 0x00, 0x00,
    0x9C, 0x00, 0xF7, 0x0F, 0x14, 0x06, 0x54, 0x0A, 0xF2, 0x0D, 0x7E, 0x07, 0x73, 0x01, 0x7E, 0x0F,
    0xF6, 0x09, 0xBA, 0x0C, 0x00, 0x06, 0x00, 0x00, 0xC8, 0x00, 0xE4, 0x0F, 0xFA, 0x0F, 0x4A, 0x04,
    0xA2, 0x04, 0x92, 0x04, 0x9E, 0x07, 0x9E, 0x04, 0xD2, 0x04, 0xF0, 0x04, 0x00, 0x04, 0x00, 0x00,
    0xD8, 0x04, 0xFC, 0x07, 0xFC, 0x09, 0x84, 0x09, 0x4C, 0x09, 0x4F, 0x0F, 0x2E, 0x0F, 0x3C, 0x09,
    0xCC, 0x09, 0xC6, 0x0D, 0x00, 0x00, 0x00, 0x00, 0xF8, 0x02, 0xCF, 0x03, 0xFC, 0x01, 0x3C, 0x01,
    0xEA, 0x0F, 0xCA, 0x07, 0xDF, 0x00, 0xDE, 0x0C, 0xEE, 0x0F, 0x5A, 0x00, 0x10, 0x00, 0x00, 0x00,
    0x10, 0x08, 0x12, 0x08, 0xF2, 0x05, 0x7E, 0x07, 0x73, 0x01, 0x73, 0x07, 0x7E, 0x07, 0xF6, 0x05,
    0x32, 0x04, 0x1A, 0x06, 0x10, 0x04, 0x00, 0x00, 0x10, 0x08, 0x12, 0x08, 0xF2, 0x05, 0xBE, 0x07,
    0xB3, 0x00, 0xB3, 0x07, 0xBE, 0x0F, 0xF6, 0x0D, 0x32, 0x0C, 0x1A, 0x0E, 0x10, 0x00, 0x00, 0x00,
    0xC6, 0x07, 0xFC, 0x02, 0x5C, 0x00, 0x5C, 0x01, 0x57, 0x09, 0xF3, 0x0F, 0x5E, 0x01, 0x56, 0x01,
    0xF8, 0x01, 0x60, 0x00, 0x00, 0x00, 0x00, 0x00, 0x30, 0x04, 0xFF, 0x03, 0x3F, 0x03, 0x0C, 0x02,
    0xFE, 0x0F, 0xFA, 0x01, 0xFA, 0x01, 0xFA, 0x01, 0xF2, 0x04, 0xFE, 0x0F, 0x02, 0x00, 0x00, 0x00,
    0xAC, 0x04, 0xBE, 0x02, 0xBA, 0x0F, 0xF6, 0x0F, 0xB3, 0x01, 0xB6, 0x01, 0xB6, 0x01, 0xFE, 0x0F,
    0x2E, 0x0F, 0x26, 0x00, 0x20, 0x00, 0x00, 0x00, 0xC8, 0x08, 0xFF, 0x0F, 0xB8, 0x01, 0xFA, 0x00,
    0xFE, 0x0F, 0xDA, 0x0C, 0x30, 0x07, 0xFF, 0x01, 0xF0, 0x03, 0x18, 0x0E, 0x00, 0x04, 0x00, 0x00,
    0x2C, 0x08, 0x74, 0x0C, 0x5C, 0x06, 0xFC, 0x03, 0x77, 0x00, 0x46, 0x00, 0xCC, 0x07, 0x5C, 0x0C,
    0x3C, 0x0C, 0x06, 0x06, 0x00, 0x04, 0x00, 0x00, 0x90, 0x04, 0xDC, 0x06, 0xF7, 0x02, 0x98, 0x02,
    0x08, 0x02, 0xFC, 0x01, 0xFC, 0x00, 0x80, 0x00, 0xFE, 0x0F, 0xFE, 0x0F, 0x00, 0x00, 0x00, 0x00,
    0x20, 0x02, 0xFC, 0x03, 0x24, 0x09, 0x62, 0x05, 0x38, 0x06, 0x0E, 0x03, 0xC7, 0x01, 0x7C, 0x00,
    0x8C, 0x03, 0x00, 0x0E, 0x00, 0x04, 0x00, 0x00, 0x08, 0x05, 0x28, 0x05, 0x28, 0x05, 0xFE, 0x07,
    0x02, 0x04, 0x00, 0x04, 0xFE, 0x07, 0x28, 0x05, 0x28, 0x05, 0x88, 0x05, 0x00, 0x04, 0x00, 0x00,
    0x00, 0x08, 0x20, 0x04, 0x18, 0x06, 0x0F, 0x03, 0xCA, 0x01, 0x78, 0x00, 0xFC, 0x00, 0x00, 0x03,
    0x00, 0x06, 0x00, 0x0C, 0x00, 0x04, 0x00, 0x00, 0x10, 0x08, 0xA8, 0x05, 0xE6, 0x04, 0x13, 0x03,
    0xFA, 0x01, 0xEE, 0x00, 0x8E, 0x03, 0xD0, 0x06, 0x70, 0x04, 0x20, 0x0C, 0x00, 0x00, 0x00, 0x00,
    0x00, 0x08, 0x08, 0x04, 0x08, 0x06, 0xFF, 0x01, 0x3F, 0x00, 0x08, 0x00, 0xF8, 0x07, 0x18, 0x0C,
    0x00, 0x0C, 0x00, 0x06, 0x00, 0x04, 0x00, 0x00, 0x99, 0x07, 0xF6, 0x07, 0x1E, 0x00, 0xFA, 0x0F,
    0x4A, 0x05, 0x3E, 0x05, 0x3E, 0x05, 0x7E, 0x05, 0x4A, 0x05, 0xFB, 0x07, 0x00, 0x00, 0x00, 0x00,
    0xFE, 0x03, 0xFE, 0x00, 0xFE, 0x07, 0x52, 0x0A, 0x7E, 0x0B, 0x62, 0x06, 0x7A, 0x03, 0xFA, 0x07,
    0xDE, 0x0F, 0x67, 0x0C, 0x00, 0x04, 0x00, 0x00, 0x38, 0x03, 0xE8, 0x04, 0xFF, 0x0F, 0xEA, 0x08,
    0xBE, 0x09, 0x38, 0x05, 0xFE, 0x02, 0x8B, 0x03, 0xF8, 0x06, 0x0C, 0x0C, 0x08, 0x00, 0x00, 0x00,
    0x00, 0x04, 0xFE, 0x0F, 0x00, 0x00, 0xFE, 0x0F, 0x22, 0x02, 0x22, 0x02, 0x22, 0x02, 0x22, 0x02,
    0xFE, 0x07, 0xFE, 0x07, 0x00, 0x00, 0x00, 0x00, 0x00, 0x00, 0xFC, 0x07, 0x04, 0x02, 0x22, 0x02,
    0x22, 0x02, 0x04, 0x02, 0x04, 0x02, 0x04, 0x02, 0xFE, 0x07, 0xFC, 0x07, 0x00, 0x00, 0x00, 0x00,
    0x00, 0x09, 0xFE, 0x09, 0xFE, 0x05, 0x9F, 0x07, 0xFF, 0x03, 0xFC, 0x01, 0x9E, 0x05, 0xFC, 0x0D,
    0xFF, 0x07, 0x00, 0x01, 0x00, 0x00, 0x00, 0x00, 0x90, 0x00, 0xCE, 0x00, 0x77, 0x0F, 0x3C, 0x01,
    0x6E, 0x01, 0x44, 0x01, 0x7F, 0x01, 0xC4, 0x0F, 0x4C, 0x00, 0x48, 0x00, 0x00, 0x00, 0x00, 0x00,
    0x74, 0x03, 0xF4, 0x05, 0xD6, 0x0F, 0xF4, 0x09, 0x74, 0x0F, 0x14, 0x07, 0xFF, 0x01, 0xF2, 0x07,
    0x16, 0x0C, 0x1C, 0x0C, 0x00, 0x04, 0x00, 0x00, 0xD8, 0x04, 0xFC, 0x0B, 0xFC, 0x08, 0x44, 0x04,
    0x3D, 0x06, 0x1F, 0x03, 0xE4, 0x00, 0xF4, 0x01, 0x04, 0x07, 0x06, 0x0E, 0x00, 0x04, 0x00, 0x00,
    0xF6, 0x02, 0xBE, 0x02, 0xF8, 0x0F, 0xFF, 0x02, 0x72, 0x06, 0x7E, 0x03, 0xFF, 0x0F, 0xFC, 0x05,
    0x54, 0x0D, 0xFC, 0x07, 0x04, 0x00, 0x00, 0x00, 0xC8, 0x04, 0xCC, 0x0C, 0xFF, 0x07, 0x2C, 0x00,
    0x3C, 0x00, 0xF7, 0x03, 0x17, 0x01, 0xF4, 0x05, 0x04, 0x0C, 0xFC, 0x07, 0x04, 0x00, 0x00, 0x00,
    0x9A, 0x04, 0x6C, 0x0C, 0xFE, 0x07, 0x02, 0x08, 0xFE, 0x07, 0xFE, 0x07, 0x92, 0x00, 0x92, 0x00,
    0xFE, 0x07, 0x00, 0x04, 0x00, 0x04, 0x00, 0x00, 0x58, 0x04, 0xFE, 0x03, 0x7E, 0x00, 0x00, 0x00,
    0xF8, 0x07, 0x4B, 0x01, 0x4A, 0x01, 0x48, 0x05, 0xFA, 0x07, 0x02, 0x04, 0x00, 0x00, 0x00, 0x00,
    0x00, 0x06, 0xFE, 0x03, 0x3E, 0x00, 0xAA, 0x0F, 0x2A, 0x05, 0xFA, 0x04, 0xFA, 0x04, 0x2A, 0x04,
    0xAE, 0x0F, 0x22, 0x00, 0x00, 0x00, 0x00, 0x00, 0x62, 0x01, 0x7E, 0x05, 0x72, 0x0D, 0xFE, 0x07,
    0xD8, 0x00, 0xFE, 0x03, 0x07, 0x01, 0xF4, 0x05, 0x04, 0x0C, 0xFC, 0x07, 0x04, 0x00, 0x00, 0x00,
    0xE2, 0x04, 0xBA, 0x06, 0xFA, 0x03, 0xDF, 0x01, 0xF2, 0x0F, 0xD2, 0x01, 0xFF, 0x07, 0xD2, 0x0C,
    0xF2, 0x0F, 0xF2, 0x07, 0x00, 0x00, 0x00, 0x00, 0x00, 0x06, 0xFE, 0x03, 0x3E, 0x00, 0xEA, 0x03,
    0xAA, 0x03, 0x2A, 0x00, 0xEA, 0x03, 0xAA, 0x05, 0x3E, 0x0C, 0xF2, 0x07, 0x20, 0x00, 0x00, 0x00,
    0xFC, 0x03, 0x84, 0x00, 0xFE, 0x09, 0x00, 0x08, 0xFE, 0x0F, 0x92, 0x08, 0x92, 0x08, 0x92, 0x08,
    0xFE, 0x0F, 0x00, 0x0C, 0x00, 0x00, 0x00, 0x00, 0x4C, 0x04, 0xCF, 0x03, 0xFC, 0x01, 0x64, 0x03,
    0x6C, 0x0E, 0xFE, 0x0F, 0x92, 0x08, 0x92, 0x08, 0xF2, 0x09, 0xF2, 0x0C, 0x00, 0x00, 0x00, 0x00,
    0x88, 0x00, 0x48, 0x02, 0xFE, 0x00, 0x9C, 0x00, 0xEA, 0x0F, 0xEE, 0x0F, 0x98, 0x00, 0xFE, 0x00,
    0x6A, 0x01, 0xC8, 0x00, 0x40, 0x00, 0x00, 0x00, 0x18, 0x0F, 0xF6, 0x07, 0x3E, 0x08, 0x06, 0x04,
    0xFE, 0x07, 0x92, 0x00, 0x92, 0x00, 0x92, 0x04, 0xFE, 0x07, 0x00, 0x04, 0x00, 0x00, 0x00, 0x00,
    0x20, 0x06, 0x3E, 0x05, 0xAC, 0x07, 0xAC, 0x03, 0xFE, 0x0F, 0xF3, 0x07, 0x5A, 0x03, 0x5A, 0x03,
    0x9E, 0x04, 0x36, 0x04, 0x00, 0x00, 0x00, 0x00, 0xC8, 0x04, 0xFF, 0x0F, 0xFE, 0x03, 0x2C, 0x00,
    0xFE, 0x0F, 0x92, 0x00, 0x92, 0x00, 0x92, 0x00, 0xF2, 0x01, 0x12, 0x04, 0x00, 0x04, 0x00, 0x00,
    0xC8, 0x04, 0xFF, 0x0F, 0x2C, 0x0C, 0x2C, 0x07, 0xFE, 0x01, 0x0A, 0x0F, 0xEA, 0x05, 0xFA, 0x05,
    0x0A, 0x07, 0xAE, 0x0F, 0x00, 0x00, 0x00, 0x00, 0xFE, 0x07, 0xFE, 0x07, 0x92, 0x04, 0x92, 0x04,
    0x92, 0x04, 0x92, 0x04, 0x92, 0x04, 0xFA, 0x05, 0x12, 0x04, 0x02, 0x04, 0x00, 0x00, 0x00, 0x00,
    0x00, 0x09, 0x00, 0x05, 0xFE, 0x07, 0x4A, 0x03, 0x4A, 0x01, 0x4A, 0x01, 0x4A, 0x03, 0xFE, 0x07,
    0x02, 0x0D, 0x80, 0x01, 0x00, 0x01, 0x00, 0x00, 0xFE, 0x07, 0x52, 0x06, 0xF2, 0x07, 0xDE, 0x02,
    0xC2, 0x06, 0xFE, 0x0F, 0x92, 0x00, 0x92, 0x00, 0xF2, 0x00, 0xF3, 0x04, 0x00, 0x04, 0x00, 0x00,
    0xFE, 0x07, 0xFA, 0x03, 0xFA, 0x0B, 0x5E, 0x06, 0xFE, 0x03, 0xFE, 0x0F, 0xA8, 0x07, 0xF8, 0x04,
    0xAE, 0x04, 0xAF, 0x0F, 0x20, 0x00, 0x00, 0x00, 0x58, 0x00, 0xF7, 0x07, 0x54, 0x0F, 0x54, 0x07,
    0xFE, 0x03, 0x3E, 0x0F, 0x2A, 0x07, 0xFA, 0x04, 0x2A, 0x04, 0xAE, 0x0F, 0x20, 0x00, 0x00, 0x00,
    0x30, 0x00, 0xFE, 0x0F, 0x03, 0x09, 0x00, 0x05, 0xFE, 0x07, 0x52, 0x03, 0x52, 0x01, 0x5A, 0x03,
    0xFE, 0x07, 0x00, 0x0D, 0x00, 0x01, 0x00, 0x00, 0x30, 0x00, 0x0C, 0x00, 0xF7, 0x03, 0x24, 0x01,
    0x24, 0x01, 0xF4, 0x03, 0x24, 0x04, 0x04, 0x0C, 0xFC, 0x07, 0x1C, 0x00, 0x00, 0x00, 0x00, 0x00,
    0x38, 0x00, 0xFF, 0x0F, 0x08, 0x08, 0x18, 0x05, 0xFE, 0x07, 0x52, 0x03, 0x52, 0x01, 0x52, 0x03,
    0xFE, 0x07, 0x80, 0x0D, 0x80, 0x01, 0x00, 0x00, 0x30, 0x04, 0xFF, 0x03, 0x3E, 0x01, 0x0C, 0x06,
    0xFE, 0x0F, 0xFE, 0x0F, 0x92, 0x00, 0x92, 0x00, 0xF2, 0x00, 0xF2, 0x04, 0x00, 0x04, 0x00, 0x00,
    0xFE, 0x07, 0xFE, 0x07, 0xAA, 0x07, 0xFA, 0x04, 0xAA, 0x05, 0xAE, 0x07, 0x20, 0x00, 0xFC, 0x01,
    0x00, 0x0C, 0xFE, 0x0F, 0x00, 0x00, 0x00, 0x00, 0xC8, 0x04, 0xFE, 0x0F, 0xFF, 0x07, 0x2C, 0x00,
    0xFE, 0x0F, 0x7E, 0x01, 0x4A, 0x01, 0x4A, 0x05, 0x5E, 0x0D, 0xFE, 0x0F, 0x00, 0x00, 0x00, 0x00,
    0xFE, 0x0F, 0x4A, 0x01, 0x4A, 0x05, 0xFE, 0x0F, 0xE0, 0x03, 0xFE, 0x02, 0x8F, 0x02, 0xBB, 0x0B,
    0xFE, 0x0C, 0xDE, 0x07, 0x00, 0x00, 0x00, 0x00, 0x88, 0x08, 0xFE, 0x07, 0x8B, 0x03, 0xFC, 0x06,
    0xE0, 0x0F, 0xFE, 0x0F, 0x6A, 0x01, 0x6A, 0x01, 0x6E, 0x0D, 0xFE, 0x0F, 0x00, 0x00, 0x00, 0x00,
    0x30, 0x00, 0xFE, 0x0F, 0x03, 0x01, 0xAA, 0x00, 0xEE, 0x07, 0xBE, 0x0F, 0xAF, 0x0A, 0xEC, 0x0B,
    0xEA, 0x0C, 0xB8, 0x04, 0x80, 0x00, 0x00, 0x00, 0x90, 0x00, 0x9A, 0x00, 0xFE, 0x0F, 0x7C, 0x07,
    0x5F, 0x02, 0x58, 0x02, 0x7E, 0x07, 0xFB, 0x0F, 0xDC, 0x00, 0xD8, 0x00, 0x80, 0x00, 0x00, 0x00,
    0x18, 0x01, 0x9A, 0x00, 0xFE, 0x07, 0xB8, 0x0F, 0x9F, 0x08, 0x98, 0x0A, 0xFE, 0x0B, 0x7A, 0x08,
    0xDC, 0x0E, 0x98, 0x00, 0x80, 0x00, 0x00, 0x00, 0xB8, 0x05, 0xFE, 0x06, 0xB3, 0x02, 0x8C, 0x02,
    0xFE, 0x0F, 0x6E, 0x01, 0x4A, 0x01, 0x4A, 0x05, 0x7E, 0x0D, 0xF2, 0x07, 0x00, 0x00, 0x00, 0x00,
    0xC8, 0x0C, 0xFF, 0x0F, 0x08, 0x0E, 0xFE, 0x05, 0xFE, 0x0F, 0xFA, 0x09, 0xFE, 0x05, 0xFA, 0x03,
    0xFE, 0x03, 0x32, 0x0E, 0x10, 0x00, 0x00, 0x00, 0xC8, 0x04, 0xFE, 0x0F, 0x6C, 0x08, 0x7E, 0x0A,
    0xFE, 0x0B, 0xFE, 0x07, 0xFE, 0x07, 0xEE, 0x0F, 0xEE, 0x0B, 0xBE, 0x08, 0x00, 0x00, 0x00, 0x00,
    0xC8, 0x04, 0xFF, 0x0F, 0x68, 0x08, 0x6C, 0x04, 0x48, 0x06, 0xFF, 0x03, 0xFF, 0x00, 0x48, 0x03,
    0x7C, 0x06, 0x40, 0x0C, 0x40, 0x04, 0x00, 0x00, 0xC8, 0x04, 0xFF, 0x0F, 0xFE, 0x0F, 0xAC, 0x03,
    0xFE, 0x00, 0x7A, 0x07, 0x4A, 0x04, 0xFA, 0x07, 0x4A, 0x04, 0xFE, 0x0F, 0x00, 0x00, 0x00, 0x00,
    0x30, 0x00, 0xFE, 0x0F, 0x03, 0x0C, 0xFE, 0x03, 0x7E, 0x0F, 0xFA, 0x07, 0xCA, 0x04, 0xFA, 0x07,
    0x0A, 0x00, 0xFE, 0x0F, 0x00, 0x00, 0x00, 0x00, 0xE2, 0x0F, 0xFE, 0x0F, 0xCE, 0x05, 0xDA, 0x07,
    0xEE, 0x05, 0x9E, 0x00, 0x99, 0x07, 0x0F, 0x0C, 0xFF, 0x0F, 0x40, 0x00, 0x00, 0x00, 0x00, 0x00,
    0x38, 0x08, 0x08, 0x08, 0xEE, 0x07, 0x2C, 0x06, 0xEB, 0x03, 0x2E, 0x07, 0x28, 0x0D, 0xEE, 0x09,
    0x1A, 0x0C, 0x18, 0x0E, 0x00, 0x04, 0x00, 0x00, 0x82, 0x07, 0xEC, 0x0F, 0x5C, 0x08, 0x48, 0x04,
    0x48, 0x03, 0xFF, 0x01, 0xC8, 0x01, 0x48, 0x02, 0x7C, 0x06, 0x40, 0x0C, 0x40, 0x04, 0x00, 0x00,
    0x10, 0x00, 0xF6, 0x0F, 0x44, 0x0A, 0x48, 0x05, 0x48, 0x07, 0xFF, 0x01, 0xCD, 0x00, 0x48, 0x03,
    0x7C, 0x06, 0x40, 0x0C, 0x40, 0x00, 0x00, 0x00, 0xB8, 0x05, 0xF6, 0x06, 0xBA, 0x02, 0xBC, 0x02,
    0xF8, 0x07, 0x9E, 0x0C, 0xF7, 0x08, 0xFC, 0x08, 0x96, 0x08, 0xF0, 0x0C, 0x00, 0x04, 0x00, 0x00,
    0x10, 0x02, 0xFF, 0x03, 0xFF, 0x01, 0x18, 0x01, 0x30, 0x01, 0x1C, 0x01, 0x67, 0x05, 0xC4, 0x0C,
    0x84, 0x0C, 0xFC, 0x07, 0x00, 0x00, 0x00, 0x00, 0x02, 0x08, 0xFA, 0x0F, 0x6A, 0x06, 0xEF, 0x05,
    0xFA, 0x07, 0xFA, 0x07, 0xDF, 0x05, 0x4A, 0x05, 0xFA, 0x0F, 0x0A, 0x00, 0x02, 0x00, 0x00, 0x00,
    0xB8, 0x00, 0xEF, 0x0F, 0xE4, 0x07, 0xD4, 0x02, 0x30, 0x03, 0x1E, 0x01, 0xE7, 0x05, 0xE4, 0x0C,
    0x84, 0x0C, 0xFC, 0x07, 0x00, 0x00, 0x00, 0x00, 0x0C, 0x01, 0x4E, 0x01, 0x6A, 0x01, 0x7A, 0x01,
    0x4E, 0x01, 0xFA, 0x0F, 0x4A, 0x01, 0x4A, 0x01, 0x4E, 0x01, 0x02, 0x01, 0x00, 0x01, 0x00, 0x00,
    0x28, 0x02, 0x2A, 0x01, 0xEA, 0x01, 0xFE, 0x0F, 0xAE, 0x04, 0xAA, 0x04, 0xAA, 0x04, 0xBE, 0x04,
    0xFE, 0x0F, 0x0C, 0x00, 0x0C, 0x00, 0x00, 0x00, 0xF8, 0x03, 0xFF, 0x03, 0xF8, 0x03, 0xF8, 0x0B,
    0x68, 0x09, 0xFE, 0x04, 0xFB, 0x07, 0xD8, 0x07, 0xF6, 0x0C, 0x2C, 0x0C, 0x00, 0x00, 0x00, 0x00,
    0x38, 0x00, 0xFE, 0x0F, 0x43, 0x00, 0x68, 0x09, 0xFC, 0x08, 0xFB, 0x05, 0x49, 0x07, 0xDE, 0x07,
    0xFC, 0x0C, 0x68, 0x0C, 0x00, 0x00, 0x00, 0x00, 0xF8, 0x02, 0xCF, 0x03, 0xFE, 0x01, 0x3C, 0x09,
    0xAC, 0x05, 0xFE, 0x04, 0x6F, 0x03, 0xDC, 0x07, 0xF6, 0x04, 0x2C, 0x0C, 0x00, 0x00, 0x00, 0x00,
    0x38, 0x05, 0xE2, 0x0F, 0x7E, 0x08, 0x60, 0x09, 0xFC, 0x0C, 0xFE, 0x05, 0x4B, 0x07, 0xD8, 0x07,
    0xFC, 0x04, 0x2C, 0x0C, 0x00, 0x04, 0x00, 0x00, 0xA8, 0x01, 0xFA, 0x0F, 0xBE, 0x07, 0xA8, 0x04,
    0xFF, 0x07, 0x8E, 0x00, 0xFE, 0x0F, 0xFE, 0x0F, 0x38, 0x01, 0xE7, 0x03, 0x82, 0x01, 0x00, 0x00,
    0x7E, 0x03, 0x42, 0x0D, 0x7E, 0x0F, 0xC2, 0x0B, 0xAC, 0x09, 0xFE, 0x04, 0x4B, 0x07, 0xD8, 0x07,
    0xF6, 0x04, 0x2C, 0x0C, 0x00, 0x04, 0x00, 0x00, 0xFE, 0x01, 0x84, 0x00, 0xFE, 0x01, 0x6C, 0x01,
    0xB6, 0x0F, 0xFC, 0x05, 0x6F, 0x05, 0x78, 0x05, 0xDC, 0x0F, 0x86, 0x00, 0x80, 0x00, 0x00, 0x00,
    0xFC, 0x03, 0xFC, 0x09, 0xFC, 0x07, 0xFC, 0x03, 0x7F, 0x04, 0xFC, 0x07, 0x18, 0x00, 0xFC, 0x0F,
    0x04, 0x02, 0xFC, 0x07, 0x00, 0x00, 0x00, 0x00, 0x20, 0x00, 0x20, 0x00, 0x20, 0x00, 0x20, 0x00,
    0xFF, 0x0F, 0xA4, 0x00, 0xA4, 0x00, 0xA4, 0x01, 0x24, 0x03, 0x30, 0x00, 0x20, 0x00, 0x00, 0x00,
    0xFE, 0x01, 0x84, 0x00, 0xFE, 0x00, 0x90, 0x00, 0xCE, 0x0F, 0xEF, 0x04, 0xB4, 0x04, 0xBC, 0x04,
    0xC6, 0x0F, 0xC0, 0x00, 0x40, 0x00, 0x00, 0x00, 0x20, 0x04, 0x22, 0x04, 0xA2, 0x03, 0xFE, 0x01,
    0x22, 0x00, 0x22, 0x00, 0xFE, 0x0F, 0xFE, 0x07, 0x22, 0x00, 0x32, 0x00, 0x00, 0x00, 0x00, 0x00,
    0xC8, 0x04, 0xFF, 0x0F, 0x6E, 0x00, 0x2C, 0x00, 0xFF, 0x0F, 0xD4, 0x05, 0xF4, 0x05, 0xBF, 0x05,
    0xE4, 0x0F, 0xB6, 0x00, 0x00, 0x00, 0x00, 0x00, 0xE8, 0x00, 0xFF, 0x0F, 0xFE, 0x07, 0x68, 0x00,
    0xFF, 0x0F, 0xD4, 0x07, 0x74, 0x05, 0x3F, 0x05, 0xE4, 0x0F, 0xF6, 0x07, 0x18, 0x00, 0x00, 0x00,
    0xBE, 0x0F, 0xB0, 0x04, 0xBF, 0x0C, 0xF8, 0x0A, 0xFE, 0x06, 0xFE, 0x03, 0xFE, 0x00, 0x02, 0x00,
    0xFE, 0x0F, 0x00, 0x0C, 0x00, 0x07, 0x00, 0x00, 0x38, 0x00, 0xFF, 0x0F, 0x18, 0x00, 0xFE, 0x03,
    0xEA, 0x01, 0x7E, 0x07, 0x3E, 0x03, 0xFE, 0x01, 0xFE, 0x07, 0x22, 0x04, 0x00, 0x04, 0x00, 0x00,
    0x22, 0x00, 0x22, 0x00, 0xFE, 0x0F, 0x26, 0x00, 0x22, 0x00, 0x22, 0x00, 0xFC, 0x01, 0x04, 0x04,
    0x00, 0x0C, 0xFF, 0x07, 0x00, 0x00, 0x00, 0x00, 0x10, 0x02, 0xFF, 0x03, 0x90, 0x01, 0x94, 0x07,
    0xFE, 0x0F, 0xFE, 0x07, 0xAC, 0x01, 0xFE, 0x01, 0xFF, 0x03, 0xC6, 0x06, 0x80, 0x00, 0x00, 0x00,
    0x84, 0x07, 0xFF, 0x07, 0xAC, 0x05, 0xAC, 0x04, 0xFF, 0x0F, 0xCE, 0x04, 0x88, 0x07, 0xFF, 0x05,
    0x08, 0x0C, 0xF8, 0x07, 0x08, 0x00, 0x00, 0x00, 0x10, 0x03, 0xFE, 0x03, 0xFF, 0x09, 0x18, 0x05,
    0x38, 0x06, 0x8F, 0x03, 0xFB, 0x00, 0xE8, 0x01, 0x18, 0x07, 0x0C, 0x0C, 0x00, 0x00, 0x00, 0x00,
    0xE2, 0x04, 0xFE, 0x07, 0x26, 0x0A, 0xF2, 0x0F, 0x32, 0x04, 0x8E, 0x03, 0xFF, 0x01, 0xE8, 0x01,
    0x18, 0x07, 0x0C, 0x0C, 0x00, 0x04, 0x00, 0x00, 0x12, 0x01, 0x9A, 0x00, 0xFA, 0x0F, 0xFA, 0x0F,
    0xDE, 0x04, 0xDA, 0x04, 0xDA, 0x04, 0xFB, 0x0F, 0xDF, 0x07, 0x18, 0x00, 0x10, 0x00, 0x00, 0x00,
    0x80, 0x07, 0xFE, 0x03, 0x4A, 0x06, 0xCA, 0x03, 0x4B, 0x0D, 0xFF, 0x0F, 0xCA, 0x01, 0x7A, 0x03,
    0xFA, 0x07, 0x92, 0x04, 0x00, 0x00, 0x00, 0x00, 0x38, 0x00, 0xFF, 0x0F, 0x18, 0x04, 0xFE, 0x03,
    0xFE, 0x06, 0xD8, 0x03, 0xFF, 0x0F, 0xDE, 0x01, 0xFA, 0x03, 0xBA, 0x06, 0x10, 0x00, 0x00, 0x00,
    0xDC, 0x00, 0xFF, 0x0F, 0x5C, 0x08, 0x94, 0x06, 0xFE, 0x07, 0xC8, 0x0B, 0xFF, 0x0F, 0xFE, 0x01,
    0xF8, 0x07, 0xBA, 0x04, 0x10, 0x04, 0x00, 0x00, 0xC8, 0x04, 0xCE, 0x0C, 0xFF, 0x07, 0x2C, 0x04,
    0x04, 0x04, 0x04, 0x04, 0xFC, 0x07, 0xFC, 0x07, 0x04, 0x04, 0x06, 0x04, 0x00, 0x04, 0x00, 0x00,
    0xC8, 0x0C, 0xFF, 0x0F, 0x2C, 0x08, 0x2C, 0x04, 0xF4, 0x07, 0xF5, 0x01, 0x16, 0x00, 0xF4, 0x07,
    0x04, 0x0C, 0x04, 0x06, 0x00, 0x04, 0x00, 0x00, 0x04, 0x08, 0x04, 0x04, 0x04, 0x03, 0xF4, 0x01,
    0x27, 0x00, 0x26, 0x00, 0xF4, 0x07, 0x04, 0x04, 0x04, 0x04, 0x04, 0x07, 0x00, 0x00, 0x00, 0x00,
    0x70, 0x04, 0xFE, 0x03, 0xFF, 0x09, 0x18, 0x0B, 0x04, 0x06, 0xF4, 0x03, 0x07, 0x00, 0xF6, 0x07,
    0x34, 0x04, 0x04, 0x04, 0x00, 0x07, 0x00, 0x00, 0x10, 0x01, 0x94, 0x00, 0xD4, 0x00, 0x54, 0x01,
    0xFF, 0x01, 0x54, 0x09, 0x5C, 0x0D, 0x56, 0x07, 0x72, 0x01, 0x18, 0x00, 0x10, 0x00, 0x00, 0x00,
    0xC8, 0x04, 0xFF, 0x0F, 0xFE, 0x07, 0xBC, 0x00, 0xD4, 0x00, 0xFF, 0x01, 0xF4, 0x05, 0x5E, 0x0D,
    0x76, 0x0F, 0xDA, 0x03, 0x10, 0x00, 0x00, 0x00, 0x30, 0x06, 0xFF, 0x03, 0x9E, 0x01, 0x9C, 0x03,
    0x54, 0x00, 0xFF, 0x05, 0xD4, 0x0D, 0x5C, 0x0D, 0x76, 0x07, 0x5A, 0x01, 0x10, 0x00, 0x00, 0x00,
    0x88, 0x04, 0x8C, 0x05, 0xFA, 0x05, 0xFA, 0x0F, 0x7E, 0x00, 0xFF, 0x0F, 0xF8, 0x0F, 0xFA, 0x01,
    0x9A, 0x01, 0x8C, 0x02, 0x00, 0x00, 0x00, 0x00, 0x10, 0x06, 0xFF, 0x03, 0x10, 0x01, 0x12, 0x01,
    0xFA, 0x01, 0x92, 0x00, 0xFA, 0x05, 0x02, 0x0C, 0xFE, 0x0F, 0x02, 0x00, 0x02, 0x00, 0x00, 0x00,
    0x14, 0x00, 0x14, 0x02, 0xDF, 0x03, 0x5F, 0x01, 0x54, 0x03, 0xD4, 0x07, 0x1F, 0x04, 0xF6, 0x0F,
    0x14, 0x00, 0x1E, 0x00, 0x00, 0x00, 0x00, 0x00, 0xE8, 0x00, 0xFF, 0x0F, 0x68, 0x00, 0x4A, 0x00,
    0xFA, 0x01, 0x92, 0x00, 0xF2, 0x05, 0x12, 0x0C, 0xFE, 0x0F, 0x02, 0x00, 0x02, 0x00, 0x00, 0x00,
    0xE8, 0x00, 0xFF, 0x0F, 0x28, 0x0C, 0x68, 0x04, 0x3E, 0x03, 0xAA, 0x01, 0xFE, 0x0F, 0xEA, 0x01,
    0xBE, 0x03, 0x5E, 0x06, 0x00, 0x04, 0x00, 0x00, 0xE4, 0x07, 0xFC, 0x07, 0xE4, 0x07, 0x26, 0x08,
    0xE4, 0x0F, 0xF4, 0x0F, 0xDF, 0x09, 0xF4, 0x0F, 0xE6, 0x0F, 0xC8, 0x0F, 0x00, 0x08, 0x00, 0x00,
    0x7F, 0x02, 0xDE, 0x01, 0xFE, 0x0F, 0xD6, 0x01, 0x7F, 0x03, 0xFA, 0x05, 0xFA, 0x03, 0xFE, 0x01,
    0x1A, 0x02, 0xFD, 0x0F, 0x00, 0x00, 0x00, 0x00, 0x10, 0x01, 0xF2, 0x00, 0xFE, 0x0F, 0x52, 0x00,
    0x12, 0x01, 0x64, 0x01, 0x4C, 0x01, 0xFE, 0x0F, 0xFE, 0x0F, 0xC0, 0x00, 0x00, 0x00, 0x00, 0x00,
    0x60, 0x08, 0x20, 0x08, 0x28, 0x06, 0xE0, 0x03, 0xAF, 0x00, 0xAF, 0x00, 0xE8, 0x07, 0x2C, 0x0C,
    0x62, 0x0C, 0x22, 0x0E, 0x00, 0x00, 0x00, 0x00, 0xFE, 0x03, 0x84, 0x00, 0xFC, 0x09, 0x04, 0x09,
    0x24, 0x05, 0xBC, 0x04, 0xEF, 0x02, 0x34, 0x03, 0xDC, 0x06, 0x46, 0x0C, 0x04, 0x00, 0x00, 0x00,
    0x02, 0x00, 0xFA, 0x01, 0x9A, 0x00, 0x8A, 0x00, 0xFA, 0x01, 0xFA, 0x04, 0x02, 0x04, 0xFE, 0x0F,
    0x02, 0x00, 0x03, 0x00, 0x02, 0x00, 0x00, 0x00, 0x98, 0x07, 0xD6, 0x0F, 0x38, 0x01, 0x84, 0x06,
    0xFF, 0x07, 0xF6, 0x05, 0xD4, 0x05, 0x54, 0x07, 0x5F, 0x0D, 0xE0, 0x07, 0x00, 0x00, 0x00, 0x00,
    0x04, 0x08, 0x04, 0x08, 0xF4, 0x04, 0x94, 0x07, 0x9E, 0x01, 0x9F, 0x07, 0x94, 0x0F, 0xF4, 0x08,
    0xF4, 0x08, 0x06, 0x0E, 0x00, 0x00, 0x00, 0x00, 0x24, 0x05, 0xB4, 0x04, 0xFF, 0x02, 0x6E, 0x01,
    0xDC, 0x03, 0x46, 0x06, 0x04, 0x00, 0xFC, 0x05, 0x00, 0x0C, 0xFF, 0x0F, 0x00, 0x00, 0x00, 0x00,
    0x4C, 0x01, 0x26, 0x01, 0x92, 0x0F, 0xDE, 0x05, 0x6F, 0x01, 0x6A, 0x01, 0xDA, 0x0D, 0x9A, 0x0F,
    0x86, 0x00, 0x86, 0x01, 0x00, 0x00, 0x00, 0x00, 0x10, 0x00, 0xF2, 0x07, 0x02, 0x06, 0xE0, 0x05,
    0x7E, 0x03, 0xCA, 0x01, 0xFE, 0x0F, 0xCA, 0x01, 0x7E, 0x03, 0x7E, 0x06, 0x40, 0x00, 0x00, 0x00,
    0x10, 0x00, 0x10, 0x00, 0xFE, 0x0F, 0xB0, 0x00, 0xB0, 0x00, 0xBF, 0x00, 0xB4, 0x0C, 0xF4, 0x0F,
    0xF6, 0x03, 0x18, 0x00, 0x00, 0x00, 0x00, 0x00, 0xFE, 0x01, 0x84, 0x00, 0xFE, 0x01, 0x10, 0x00,
    0xFE, 0x0F, 0xBA, 0x01, 0xBF, 0x01, 0xBF, 0x09, 0xF4, 0x0F, 0x3C, 0x00, 0x00, 0x00, 0x00, 0x00,
    0x00, 0x08, 0xFE, 0x02, 0xFE, 0x02, 0x94, 0x02, 0xD4, 0x07, 0xB4, 0x07, 0x54, 0x02, 0xFF, 0x02,
    0xBE, 0x03, 0x80, 0x04, 0x00, 0x00, 0x00, 0x00, 0x00, 0x06, 0xFF, 0x00, 0xFF, 0x07, 0xD4, 0x0C,
    0xD4, 0x0D, 0x74, 0x0F, 0x74, 0x0C, 0xFF, 0x06, 0x90, 0x03, 0x80, 0x06, 0x00, 0x04, 0x00, 0x00,
    0x10, 0x03, 0xFF, 0x01, 0x10, 0x09, 0x18, 0x04, 0xF0, 0x03, 0xE1, 0x00, 0x06, 0x00, 0xF0, 0x07,
    0x04, 0x0C, 0x04, 0x0C, 0x00, 0x04, 0x00, 0x00, 0xFE, 0x03, 0x84, 0x08, 0xFE, 0x0D, 0x04, 0x06,
    0xF4, 0x03, 0x35, 0x00, 0x17, 0x00, 0xF4, 0x07, 0x04, 0x0C, 0x04, 0x06, 0x00, 0x04, 0x00, 0x00,
    0x5C, 0x00, 0xC4, 0x00, 0xB4, 0x00, 0x9C, 0x00, 0x87, 0x07, 0x86, 0x07, 0x94, 0x00, 0xF4, 0x00,
    0x6C, 0x04, 0x06, 0x04, 0x00, 0x00, 0x00, 0x00, 0x22, 0x04, 0xBE, 0x03, 0x9E, 0x03, 0x52, 0x0F,
    0xBE, 0x0C, 0x1E, 0x0F, 0x10, 0x0C, 0x7E, 0x06, 0x62, 0x01, 0x60, 0x07, 0x60, 0x00, 0x00, 0x00,
    0xC2, 0x00, 0xC2, 0x0C, 0xFA, 0x0F, 0x7E, 0x00, 0x26, 0x00, 0x00, 0x00, 0xFE, 0x0F, 0x02, 0x0C,
    0x00, 0x08, 0x00, 0x0E, 0x00, 0x04, 0x00, 0x00, 0xC8, 0x00, 0xFF, 0x0F, 0xEE, 0x04, 0x68, 0x08,
    0xBC, 0x00, 0xB4, 0x00, 0x87, 0x07, 0x96, 0x00, 0xFC, 0x00, 0x6C, 0x04, 0x04, 0x04, 0x00, 0x00,
    0x48, 0x0C, 0xFF, 0x0F, 0x2C, 0x00, 0x2C, 0x00, 0xFE, 0x0F, 0x0A, 0x07, 0xB2, 0x05, 0xF2, 0x04,
    0x9E, 0x07, 0x02, 0x04, 0x00, 0x04, 0x00, 0x00, 0x00, 0x00, 0xFE, 0x07, 0x04, 0x02, 0x04, 0x02,
    0x04, 0x02, 0x04, 0x02, 0x04, 0x02, 0xFC, 0x07, 0xFE, 0x07, 0x00, 0x00, 0x00, 0x00, 0x00, 0x00,
    0xC8, 0x04, 0xC8, 0x0C, 0xFF, 0x0F, 0x28, 0x00, 0x2C, 0x00, 0xFC, 0x07, 0x04, 0x02, 0x04, 0x02,
    0x04, 0x02, 0xFC, 0x07, 0x00, 0x00, 0x00, 0x00, 0x4C, 0x00, 0xD6, 0x07, 0xD2, 0x01, 0xD2, 0x07,
    0x73, 0x0C, 0xC3, 0x0A, 0xFE, 0x09, 0xD6, 0x09, 0xFE, 0x0F, 0x5E, 0x0E, 0x00, 0x04, 0x00, 0x00,
    0xC8, 0x00, 0xFE, 0x0F, 0xFF, 0x0F, 0x68, 0x00, 0xC8, 0x0F, 0xC8, 0x0F, 0x7F, 0x04, 0x7F, 0x04,
    0xC8, 0x07, 0xCC, 0x07, 0x08, 0x00, 0x00, 0x00, 0x40, 0x08, 0x5E, 0x04, 0x52, 0x06, 0xDE, 0x03,
    0xE2, 0x01, 0xFE, 0x01, 0x7E, 0x03, 0x72, 0x06, 0x5E, 0x0C, 0x42, 0x04, 0x00, 0x00, 0x00, 0x00,
    0x1C, 0x06, 0xFA, 0x03, 0xFA, 0x0F, 0xDE, 0x09, 0x17, 0x09, 0xD7, 0x0F, 0x56, 0x09, 0x3E, 0x09,
    0xFE, 0x0F, 0x06, 0x0E, 0x00, 0x00, 0x00, 0x00, 0x20, 0x00, 0x20, 0x00, 0xAE, 0x0F, 0xAF, 0x04,
    0xF8, 0x04, 0xF8, 0x04, 0xAF, 0x04, 0xA6, 0x0F, 0x20, 0x00, 0x32, 0x00, 0x20, 0x00, 0x00, 0x00,
    0xFA, 0x0F, 0x7E, 0x05, 0x7E, 0x05, 0xFA, 0x07, 0x7A, 0x04, 0xAE, 0x0F, 0xA6, 0x04, 0xBF, 0x04,
    0xA4, 0x07, 0xA4, 0x0F, 0x20, 0x00, 0x00, 0x00, 0x00, 0x06, 0xFE, 0x03, 0x10, 0x02, 0x70, 0x00,
    0x79, 0x00, 0xFF, 0x0F, 0xF0, 0x0F, 0x50, 0x00, 0x52, 0x00, 0x1A, 0x01, 0x00, 0x00, 0x00, 0x00,
    0x40, 0x00, 0xFF, 0x0F, 0xFC, 0x08, 0xB0, 0x06, 0xFE, 0x03, 0x54, 0x00, 0x7F, 0x00, 0xFE, 0x0F,
    0x70, 0x03, 0x5A, 0x01, 0x00, 0x01, 0x00, 0x00, 0x44, 0x00, 0x64, 0x00, 0x5C, 0x01, 0xDC, 0x05,
    0x47, 0x0D, 0x55, 0x0D, 0x5C, 0x0F, 0x54, 0x03, 0x76, 0x00, 0x22, 0x00, 0x00, 0x00, 0x00, 0x00,
    0x10, 0x03, 0xFF, 0x01, 0x50, 0x01, 0xF4, 0x00, 0x7C, 0x01, 0xEE, 0x05, 0x47, 0x09, 0x5C, 0x0D,
    0x54, 0x07, 0x76, 0x00, 0x20, 0x00, 0x00, 0x00, 0xC8, 0x04, 0xFF, 0x0F, 0x6C, 0x00, 0x6C, 0x00,
    0x74, 0x01, 0xFE, 0x01, 0x47, 0x09, 0x5C, 0x0F, 0x74, 0x07, 0x66, 0x00, 0x20, 0x00, 0x00, 0x00,
    0xFE, 0x07, 0x52, 0x06, 0xF2, 0x03, 0xFE, 0x02, 0x74, 0x01, 0xDE, 0x01, 0x47, 0x0D, 0x5C, 0x0D,
    0x74, 0x07, 0x66, 0x00, 0x20, 0x00, 0x00, 0x00, 0xFE, 0x07, 0x5A, 0x04, 0xFE, 0x0F, 0xFE, 0x07,
    0x74, 0x00, 0xDC, 0x01, 0x57, 0x09, 0x5C, 0x0D, 0x7C, 0x07, 0x36, 0x00, 0x20, 0x00, 0x00, 0x00,
    0x10, 0x03, 0xFF, 0x09, 0x10, 0x09, 0x58, 0x05, 0x48, 0x06, 0xFF, 0x03, 0xDE, 0x00, 0x48, 0x03,
    0x7C, 0x06, 0x40, 0x0C, 0x40, 0x04, 0x00, 0x00, 0xEC, 0x00, 0xFE, 0x0F, 0xEF, 0x09, 0x6E, 0x0C,
    0x2A, 0x07, 0xFE, 0x03, 0xBB, 0x01, 0xAE, 0x07, 0xF2, 0x0C, 0x82, 0x0C, 0x00, 0x00, 0x00, 0x00,
    0x30, 0x00, 0xFC, 0x0F, 0x27, 0x00, 0x90, 0x0C, 0xAC, 0x06, 0xA6, 0x05, 0xA3, 0x04, 0xB4, 0x06,
    0x98, 0x0E, 0xD8, 0x00, 0x00, 0x00, 0x00, 0x00, 0x38, 0x00, 0xFF, 0x0F, 0x48, 0x08, 0x58, 0x04,
    0x48, 0x07, 0xFF, 0x01, 0xCF, 0x00, 0x40, 0x03, 0x7C, 0x06, 0x40, 0x0C, 0x40, 0x04, 0x00, 0x00,
    0x0E, 0x08, 0xE2, 0x09, 0xEA, 0x07, 0x3E, 0x07, 0xE3, 0x01, 0xBE, 0x0F, 0x3E, 0x0C, 0xEA, 0x0B,
    0x0E, 0x08, 0x06, 0x0E, 0x00, 0x00, 0x00, 0x00, 0xA4, 0x03, 0x24, 0x0D, 0xAF, 0x0F, 0xBC, 0x09,
    0x6E, 0x07, 0x18, 0x06, 0xFF, 0x03, 0xF8, 0x00, 0x98, 0x03, 0x0C, 0x0E, 0x00, 0x04, 0x00, 0x00,
    0xFE, 0x07, 0xFE, 0x07, 0x4A, 0x05, 0x4A, 0x05, 0x4A, 0x05, 0xFA, 0x05, 0x4A, 0x05, 0x4A, 0x05,
    0x6A, 0x05, 0x02, 0x05, 0x00, 0x04, 0x00, 0x00, 0xFC, 0x0F, 0xF7, 0x0F, 0x3E, 0x0A, 0xBE, 0x0A,
    0xBA, 0x0A, 0xF6, 0x0B, 0xB7, 0x0A, 0xBE, 0x0A, 0xB2, 0x0A, 0x1A, 0x0C, 0x00, 0x00, 0x00, 0x00,
    0x9A, 0x04, 0x6C, 0x0C, 0xFE, 0x07, 0x03, 0x04, 0x02, 0x04, 0x02, 0x04, 0xFE, 0x07, 0x62, 0x04,
    0x22, 0x04, 0x22, 0x04, 0x00, 0x04, 0x00, 0x00, 0x78, 0x00, 0xFF, 0x0F, 0x6C, 0x00, 0x6C, 0x04,
    0xFE, 0x0F, 0x0A, 0x05, 0xFA, 0x05, 0xFA, 0x05, 0x2A, 0x05, 0x0A, 0x05, 0x00, 0x04, 0x00, 0x00,
    0xE0, 0x07, 0xFC, 0x03, 0x14, 0x09, 0xF2, 0x07, 0x02, 0x07, 0xFC, 0x01, 0x04, 0x00, 0x07, 0x00,
    0x04, 0x00, 0x06, 0x00, 0x04, 0x00, 0x00, 0x00, 0xFE, 0x0F, 0x92, 0x02, 0xFE, 0x07, 0x02, 0x04,
    0xFE, 0x0F, 0x0A, 0x01, 0x2A, 0x01, 0xFA, 0x01, 0x2A, 0x05, 0x2B, 0x05, 0x00, 0x04, 0x00, 0x00,
    0xFE, 0x07, 0x24, 0x02, 0xFC, 0x0B, 0xFC, 0x07, 0xFC, 0x03, 0xFC, 0x00, 0x05, 0x00, 0x06, 0x00,
    0x04, 0x00, 0x04, 0x00, 0x04, 0x00, 0x00, 0x00, 0xC6, 0x07, 0xF4, 0x08, 0x1C, 0x0C, 0x3E, 0x04,
    0xF2, 0x03, 0xE2, 0x00, 0xE2, 0x07, 0x32, 0x0C, 0x3E, 0x0C, 0x00, 0x07, 0x00, 0x04, 0x00, 0x00,
    0x10, 0x00, 0x02, 0x00, 0x42, 0x00, 0x72, 0x00, 0x52, 0x04, 0x42, 0x0C, 0x42, 0x06, 0xC2, 0x07,
    0xCA, 0x00, 0x08, 0x00, 0x00, 0x00, 0x00, 0x00, 0x44, 0x08, 0xB0, 0x09, 0x9C, 0x0F, 0xFF, 0x09,
    0x62, 0x0F, 0x3C, 0x0D, 0x3C, 0x0F, 0x70, 0x0F, 0xDA, 0x0F, 0xC2, 0x0C, 0x00, 0x00, 0x00, 0x00,
    0x00, 0x08, 0xEE, 0x0F, 0x0A, 0x06, 0xF8, 0x03, 0x28, 0x04, 0xAF, 0x04, 0xA8, 0x04, 0xA8, 0x04,
    0xEE, 0x0F, 0xEE, 0x07, 0x00, 0x00, 0x00, 0x00, 0xAC, 0x04, 0xBE, 0x07, 0xFA, 0x01, 0xAE, 0x0E,
    0xA3, 0x04, 0xF7, 0x07, 0xF6, 0x03, 0x5E, 0x0F, 0xFE, 0x09, 0x06, 0x0E, 0x00, 0x00, 0x00, 0x00,
    0x8A, 0x08, 0xFA, 0x09, 0x6A, 0x05, 0x3F, 0x07, 0x9A, 0x03, 0xDA, 0x03, 0x7F, 0x05, 0x7A, 0x05,
    0xF2, 0x0D, 0xD2, 0x00, 0x00, 0x00, 0x00, 0x00, 0xA4, 0x08, 0xA4, 0x02, 0xBC, 0x02, 0xAC, 0x02,
    0xFF, 0x07, 0xB4, 0x06, 0xBC, 0x02, 0xB4, 0x03, 0xF6, 0x04, 0x36, 0x04, 0x00, 0x00, 0x00, 0x00,
    0x7E, 0x06, 0xF6, 0x01, 0xFF, 0x07, 0xFC, 0x0F, 0xFE, 0x0B, 0x80, 0x0A, 0x74, 0x08, 0x40, 0x0C,
    0xFF, 0x0F, 0x60, 0x0C, 0x00, 0x04, 0x00, 0x00, 0x30, 0x00, 0xFC, 0x0F, 0x07, 0x08, 0x7C, 0x04,
    0x7C, 0x02, 0xD7, 0x01, 0xFD, 0x0F, 0xD4, 0x0B, 0xFE, 0x0B, 0x3C, 0x0F, 0x00, 0x04, 0x00, 0x00,
    0x1C, 0x00, 0xF7, 0x07, 0x1C, 0x02, 0x2C, 0x09, 0xFE, 0x0B, 0x68, 0x04, 0xFF, 0x03, 0x6A, 0x06,
    0xEE, 0x07, 0xFE, 0x0D, 0x00, 0x00, 0x00, 0x00, 0x30, 0x00, 0xFF, 0x0F, 0x18, 0x08, 0x7C, 0x04,
    0x7C, 0x06, 0xD6, 0x03, 0xFF, 0x07, 0xD4, 0x0F, 0xFC, 0x0B, 0x7C, 0x0F, 0x00, 0x04, 0x00, 0x00,
    0x18, 0x07, 0xF6, 0x0F, 0x38, 0x08, 0xFE, 0x0B, 0xEE, 0x05, 0x4A, 0x07, 0xDF, 0x03, 0x4A, 0x02,
    0xFE, 0x07, 0x5E, 0x0C, 0x10, 0x00, 0x00, 0x00, 0x10, 0x03, 0xFF, 0x01, 0x98, 0x01, 0x98, 0x00,
    0xFC, 0x01, 0xA4, 0x00, 0xFF, 0x0F, 0xFE, 0x07, 0xA4, 0x00, 0xFC, 0x01, 0x00, 0x00, 0x00, 0x00,
    0x00, 0x00, 0xFE, 0x0F, 0x0A, 0x04, 0x8A, 0x04, 0x8A, 0x00, 0xEA, 0x07, 0x0A, 0x0D, 0xBE, 0x0C,
    0x80, 0x0C, 0x00, 0x06, 0x00, 0x04, 0x00, 0x00, 0xC8, 0x04, 0xFF, 0x0F, 0xFF, 0x07, 0x2C, 0x00,
    0xFE, 0x0F, 0xD2, 0x04, 0xFE, 0x07, 0xFE, 0x07, 0xD2, 0x04, 0xFE, 0x0F, 0x02, 0x00, 0x00, 0x00,
    0x02, 0x06, 0xFE, 0x0F, 0x92, 0x05, 0xF2, 0x04, 0xFE, 0x07, 0xFE, 0x07, 0xD2, 0x04, 0x9A, 0x05,
    0xFE, 0x0F, 0xFE, 0x07, 0x00, 0x00, 0x00, 0x00, 0xC8, 0x00, 0xFE, 0x0F, 0xFF, 0x07, 0x3C, 0x00,
    0x90, 0x0F, 0x92, 0x04, 0xFE, 0x04, 0x92, 0x04, 0x93, 0x0F, 0x90, 0x07, 0x10, 0x00, 0x00, 0x00,
    0xC8, 0x04, 0xFF, 0x0F, 0xFE, 0x0F, 0x2C, 0x04, 0xFC, 0x03, 0x0C, 0x00, 0x05, 0x00, 0x06, 0x00,
    0x04, 0x00, 0x04, 0x00, 0x00, 0x00, 0x00, 0x00, 0x80, 0x07, 0xFE, 0x02, 0xFA, 0x02, 0xFE, 0x0E,
    0x9E, 0x0F, 0xFB, 0x01, 0x8A, 0x01, 0xFA, 0x0F, 0x6A, 0x02, 0x9A, 0x03, 0x00, 0x00, 0x00, 0x00,
    0xFC, 0x0F, 0x91, 0x00, 0xFE, 0x03, 0x38, 0x00, 0xEA, 0x07, 0x7A, 0x02, 0xFE, 0x02, 0xF6, 0x07,
    0x32, 0x0C, 0xFE, 0x07, 0x00, 0x00, 0x00, 0x00, 0x10, 0x06, 0xFF, 0x03, 0x12, 0x03, 0x10, 0x05,
    0x28, 0x04, 0xC8, 0x07, 0x0F, 0x04, 0xC8, 0x07, 0x78, 0x04, 0x0C, 0x04, 0x00, 0x00, 0x00, 0x00,
    0x88, 0x04, 0xFE, 0x0F, 0xFE, 0x07, 0x2C, 0x00, 0x28, 0x00, 0xC8, 0x03, 0x0E, 0x04, 0x88, 0x07,
    0xF8, 0x00, 0x0C, 0x04, 0x00, 0x00, 0x00, 0x00, 0xFE, 0x01, 0x84, 0x04, 0xFC, 0x02, 0xFC, 0x01,
    0xFF, 0x0F, 0xFC, 0x01, 0x7E, 0x03, 0xFC, 0x05, 0xF8, 0x0C, 0xFF, 0x0F, 0x00, 0x00, 0x00, 0x00,
    0xFC, 0x04, 0xFF, 0x07, 0xFF, 0x03, 0xFC, 0x07, 0x24, 0x00, 0xFF, 0x0F, 0x7E, 0x05, 0x7E, 0x05,
    0xFF, 0x0F, 0xF4, 0x04, 0x00, 0x00, 0x00, 0x00, 0xFE, 0x07, 0x7E, 0x04, 0xFE, 0x0F, 0xFE, 0x07,
    0xE4, 0x0F, 0xDF, 0x0F, 0x54, 0x05, 0x5F, 0x05, 0xDF, 0x0F, 0xD4, 0x04, 0x10, 0x00, 0x00, 0x00,
    0xAC, 0x0C, 0xFD, 0x07, 0xF6, 0x00, 0xAE, 0x04, 0xF4, 0x02, 0xF4, 0x01, 0xFE, 0x0F, 0xFF, 0x0F,
    0x54, 0x03, 0x7E, 0x06, 0x00, 0x00, 0x00, 0x00, 0xFC, 0x03, 0x04, 0x01, 0xFC, 0x01, 0xC8, 0x0C,
    0xFF, 0x0F, 0x28, 0x00, 0xE8, 0x01, 0x8B, 0x01, 0xFE, 0x07, 0x3C, 0x04, 0x00, 0x04, 0x00, 0x00,
    0x42, 0x04, 0x12, 0x06, 0x72, 0x03, 0xFF, 0x01, 0xFE, 0x0F, 0xFA, 0x07, 0xFF, 0x01, 0x36, 0x03,
    0x5A, 0x06, 0x42, 0x06, 0x00, 0x00, 0x00, 0x00, 0x44, 0x04, 0x44, 0x02, 0x7C, 0x01, 0xF4, 0x00,
    0xFF, 0x0F, 0xFF, 0x07, 0xF4, 0x01, 0x5C, 0x03, 0x66, 0x02, 0x60, 0x06, 0x00, 0x00, 0x00, 0x00,
    0x7C, 0x02, 0xD4, 0x01, 0xFF, 0x0F, 0xF4, 0x09, 0x76, 0x0B, 0xFC, 0x05, 0x17, 0x07, 0xF2, 0x03,
    0x1E, 0x06, 0xF4, 0x0D, 0x00, 0x00, 0x00, 0x00, 0x04, 0x00, 0xF4, 0x07, 0x84, 0x07, 0xFF, 0x07,
    0x44, 0x07, 0x3C, 0x05, 0x3F, 0x07, 0xF6, 0x05, 0x94, 0x07, 0x16, 0x04, 0x00, 0x00, 0x00, 0x00,
    0xA4, 0x08, 0x9C, 0x08, 0xFF, 0x0B, 0xDC, 0x0F, 0xF4, 0x04, 0x9C, 0x07, 0xFF, 0x07, 0xBE, 0x0C,
    0x9C, 0x0C, 0xB6, 0x00, 0x20, 0x00, 0x00, 0x00, 0xC8, 0x00, 0xFE, 0x0F, 0xFF, 0x0F, 0x6C, 0x04,
    0x90, 0x04, 0x9E, 0x04, 0x94, 0x04, 0x9C, 0x04, 0xD3, 0x04, 0x18, 0x04, 0x00, 0x04, 0x00, 0x00,
    0xC8, 0x04, 0xFE, 0x0F, 0xFF, 0x07, 0x2C, 0x04, 0x92, 0x04, 0x9E, 0x04, 0x90, 0x04, 0x9C, 0x04,
    0xDB, 0x04, 0x18, 0x04, 0x00, 0x04, 0x00, 0x00, 0x08, 0x08, 0xE6, 0x0F, 0x0E, 0x09, 0xFC, 0x0F,
    0x4E, 0x09, 0x3C, 0x0F, 0x77, 0x0F, 0xEC, 0x09, 0x24, 0x0F, 0x36, 0x0C, 0x00, 0x00, 0x00, 0x00,
    0xFC, 0x0F, 0xFD, 0x07, 0xFB, 0x02, 0xF8, 0x03, 0xFE, 0x07, 0xFE, 0x07, 0xBA, 0x01, 0xFA, 0x06,
    0x1E, 0x0C, 0xFE, 0x07, 0x00, 0x00, 0x00, 0x00, 0x00, 0x04, 0x00, 0x04, 0x03, 0x04, 0x0E, 0x04,
    0x00, 0x04, 0x08, 0x04, 0x0C, 0x04, 0x43, 0x04, 0x48, 0x04, 0x08, 0x06, 0x00, 0x00, 0x00, 0x00,
    0x18, 0x0F, 0xF2, 0x07, 0xFC, 0x0F, 0xFC, 0x0F, 0xFA, 0x02, 0xE8, 0x03, 0xFE, 0x07, 0xEA, 0x03,
    0xFA, 0x0E, 0xFE, 0x0F, 0x00, 0x00, 0x00, 0x00, 0x10, 0x04, 0xF6, 0x07, 0x00, 0x03, 0xFC, 0x0F,
    0xFB, 0x02, 0xEA, 0x01, 0xFE, 0x07, 0xEA, 0x01, 0xFA, 0x0E, 0xFE, 0x0F, 0x02, 0x00, 0x00, 0x00,
    0xC8, 0x04, 0xFF, 0x0F, 0x6C, 0x08, 0x3C, 0x08, 0xFE, 0x0F, 0x3E, 0x06, 0xCC, 0x03, 0x0F, 0x0F,
    0xFC, 0x09, 0x54, 0x0E, 0x04, 0x00, 0x00, 0x00, 0x10, 0x08, 0x1E, 0x08, 0xE0, 0x05, 0x3F, 0x06,
    0xE0, 0x03, 0xE6, 0x07, 0x27, 0x0C, 0xFC, 0x0D, 0xEA, 0x0D, 0x02, 0x0E, 0x00, 0x04, 0x00, 0x00,
    0x38, 0x00, 0xFF, 0x0F, 0x7C, 0x06, 0xFC, 0x01, 0xFF, 0x0F, 0x7E, 0x09, 0xFC, 0x09, 0xF7, 0x07,
    0xEE, 0x03, 0xFE, 0x05, 0x00, 0x04, 0x00, 0x00, 0x98, 0x06, 0xF6, 0x02, 0x9B, 0x0A, 0x0C, 0x08,
    0xFE, 0x07, 0x3F, 0x06, 0xFE, 0x07, 0x2E, 0x0C, 0xFF, 0x09, 0x14, 0x0C, 0x04, 0x04, 0x00, 0x00,
    0x78, 0x04, 0xFF, 0x03, 0x9F, 0x01, 0x0C, 0x07, 0x90, 0x04, 0x96, 0x04, 0x90, 0x04, 0x9C, 0x04,
    0xD3, 0x04, 0x18, 0x04, 0x00, 0x04, 0x00, 0x00, 0x18, 0x0F, 0xE6, 0x0F, 0x18, 0x08, 0xBE, 0x0F,
    0x80, 0x08, 0xFF, 0x0F, 0x9C, 0x0F, 0x9F, 0x0F, 0xB4, 0x0F, 0x84, 0x0C, 0x04, 0x00, 0x00, 0x00,
    0x24, 0x06, 0xFC, 0x03, 0x24, 0x03, 0x26, 0x01, 0xFE, 0x0F, 0x54, 0x04, 0xD7, 0x05, 0x54, 0x03,
    0xFE, 0x07, 0x80, 0x0C, 0x00, 0x04, 0x00, 0x00, 0xC8, 0x00, 0xFF, 0x0F, 0x6C, 0x00, 0xFC, 0x07,
    0xFD, 0x07, 0x56, 0x03, 0x7C, 0x03, 0xFE, 0x0F, 0x32, 0x01, 0xCE, 0x03, 0x80, 0x01, 0x00, 0x00,
    0x96, 0x04, 0x6C, 0x0C, 0xF6, 0x0F, 0x02, 0x00, 0xFC, 0x0F, 0x54, 0x04, 0xD7, 0x05, 0x54, 0x03,
    0xFE, 0x05, 0x80, 0x0C, 0x00, 0x00, 0x00, 0x00, 0x00, 0x06, 0xFE, 0x03, 0xF2, 0x07, 0xFE, 0x07,
    0xAE, 0x03, 0xFB, 0x03, 0x0A, 0x02, 0xFA, 0x0F, 0x7A, 0x02, 0x9A, 0x07, 0x00, 0x00, 0x00, 0x00,
    0xFE, 0x07, 0x54, 0x06, 0x57, 0x02, 0x54, 0x03, 0x7E, 0x07, 0x04, 0x06, 0xFE, 0x0F, 0x32, 0x02,
    0x4E, 0x06, 0x86, 0x03, 0x00, 0x00, 0x00, 0x00, 0xFE, 0x07, 0x54, 0x06, 0x57, 0x02, 0x56, 0x0B,
    0x7E, 0x06, 0x00, 0x03, 0xFE, 0x00, 0x92, 0x04, 0x92, 0x0C, 0xFE, 0x07, 0x00, 0x00, 0x00, 0x00,
    0x10, 0x01, 0xB6, 0x0F, 0x74, 0x00, 0x08, 0x00, 0xFC, 0x0F, 0x55, 0x04, 0xD7, 0x01, 0x54, 0x03,
    0xFE, 0x06, 0x80, 0x0C, 0x00, 0x04, 0x00, 0x00, 0xC8, 0x04, 0xFF, 0x0F, 0x2C, 0x08, 0xEC, 0x08,
    0xB4, 0x04, 0x9F, 0x07, 0xF4, 0x01, 0x9E, 0x0C, 0xDE, 0x0F, 0xB6, 0x00, 0x04, 0x00, 0x00, 0x00,
    0x74, 0x08, 0x94, 0x04, 0x94, 0x04, 0x9F, 0x03, 0xF4, 0x01, 0x94, 0x04, 0x9F, 0x0C, 0xD4, 0x07,
    0xF4, 0x00, 0x36, 0x00, 0x00, 0x00, 0x00, 0x00, 0x0C, 0x01, 0x66, 0x01, 0x3C, 0x01, 0x24, 0x01,
    0x25, 0x0D, 0xFF, 0x0F, 0x24, 0x01, 0x24, 0x01, 0x3C, 0x01, 0x86, 0x01, 0x04, 0x00, 0x00, 0x00,
    0x20, 0x02, 0x04, 0x03, 0x04, 0x01, 0xD4, 0x07, 0x7F, 0x0D, 0x34, 0x0D, 0xBC, 0x0C, 0x8C, 0x0C,
    0x06, 0x0C, 0x10, 0x04, 0x00, 0x00, 0x00, 0x00, 0x30, 0x00, 0xFE, 0x0F, 0x03, 0x02, 0x24, 0x01,
    0x84, 0x07, 0xFF, 0x0F, 0x34, 0x09, 0x9C, 0x08, 0xCE, 0x0C, 0x12, 0x07, 0x00, 0x00, 0x00, 0x00,
    0xC8, 0x01, 0x7F, 0x03, 0xE8, 0x03, 0x78, 0x06, 0x24, 0x01, 0xFE, 0x07, 0x7F, 0x0D, 0xB4, 0x09,
    0xAC, 0x0C, 0xB6, 0x0E, 0x20, 0x00, 0x00, 0x00, 0xFA, 0x0F, 0x3E, 0x05, 0x7E, 0x05, 0xFA, 0x07,
    0xFA, 0x07, 0xCC, 0x0F, 0xBF, 0x04, 0xBC, 0x04, 0xEE, 0x0F, 0xE4, 0x06, 0x40, 0x00, 0x00, 0x00,
    0x30, 0x06, 0xFF, 0x01, 0x1E, 0x03, 0x9C, 0x02, 0xCC, 0x0F, 0xEF, 0x07, 0xB4, 0x04, 0xBC, 0x04,
    0xEE, 0x0F, 0xC0, 0x00, 0x40, 0x00, 0x00, 0x00, 0x30, 0x0F, 0xE6, 0x07, 0x3C, 0x08, 0xB4, 0x04,
    0x9E, 0x06, 0xFF, 0x03, 0xF4, 0x04, 0x9F, 0x0C, 0xD4, 0x07, 0x36, 0x00, 0x10, 0x00, 0x00, 0x00,
    0xE4, 0x00, 0xFF, 0x00, 0xFC, 0x0F, 0xBE, 0x03, 0xFE, 0x09, 0x06, 0x06, 0x88, 0x03, 0xFF, 0x04,
    0x08, 0x0C, 0xF8, 0x07, 0x08, 0x00, 0x00, 0x00, 0x00, 0x04, 0x78, 0x02, 0xBE, 0x01, 0xA2, 0x00,
    0x22, 0x04, 0xFA, 0x07, 0x22, 0x00, 0xA2, 0x00, 0x23, 0x03, 0x20, 0x06, 0x00, 0x00, 0x00, 0x00,
    0x1C, 0x00, 0xC4, 0x0F, 0xB4, 0x07, 0x34, 0x04, 0xFE, 0x07, 0xFE, 0x07, 0x24, 0x04, 0xE4, 0x0F,
    0x8D, 0x07, 0x0C, 0x00, 0x00, 0x00, 0x00, 0x00, 0x9C, 0x00, 0xF7, 0x0F, 0xD4, 0x06, 0x5C, 0x01,
    0xEE, 0x0F, 0x76, 0x05, 0xFE, 0x07, 0x76, 0x05, 0xF6, 0x0F, 0xCC, 0x0F, 0x04, 0x00, 0x00, 0x00,
    0x32, 0x00, 0xDA, 0x0F, 0xFA, 0x0F, 0xFF, 0x06, 0xFA, 0x07, 0xFA, 0x07, 0xFF, 0x06, 0xFF, 0x06,
    0xFE, 0x0F, 0x1A, 0x00, 0x12, 0x00, 0x00, 0x00, 0x52, 0x02, 0xD2, 0x0F, 0xEA, 0x05, 0x7E, 0x0F,
    0x56, 0x07, 0x56, 0x02, 0xD6, 0x0F, 0xFE, 0x05, 0x5E, 0x05, 0x63, 0x0F, 0x40, 0x00, 0x00, 0x00,
    0x00, 0x04, 0xBE, 0x07, 0xF6, 0x03, 0xF6, 0x05, 0xFE, 0x0F, 0xDE, 0x07, 0xF6, 0x01, 0xF6, 0x02,
    0x9E, 0x06, 0x00, 0x04, 0x00, 0x00, 0x00, 0x00, 0x30, 0x00, 0xFE, 0x0F, 0xC3, 0x0F, 0xFE, 0x07,
    0xDE, 0x07, 0xDA, 0x0F, 0xDE, 0x07, 0xD2, 0x07, 0xFE, 0x07, 0xC2, 0x07, 0x40, 0x00, 0x00, 0x00,
    0xC0, 0x08, 0x78, 0x0A, 0x5C, 0x08, 0x6E, 0x08, 0xCB, 0x0F, 0xE8, 0x0F, 0x7E, 0x08, 0x5C, 0x08,
    0x68, 0x09, 0xC0, 0x0C, 0x00, 0x00, 0x00, 0x00, 0xC8, 0x04, 0xFF, 0x0F, 0x2C, 0x00, 0xDC, 0x0F,
    0xE6, 0x0F, 0x66, 0x05, 0xFE, 0x07, 0x26, 0x05, 0xEF, 0x0F, 0xCE, 0x07, 0x04, 0x00, 0x00, 0x00,
    0x80, 0x07, 0xFE, 0x01, 0x52, 0x04, 0xFE, 0x0F, 0x0A, 0x04, 0x08, 0x07, 0xFF, 0x01, 0x08, 0x04,
    0x08, 0x0E, 0xF8, 0x07, 0x00, 0x00, 0x00, 0x00, 0xC8, 0x08, 0x4A, 0x08, 0x3E, 0x04, 0x18, 0x03,
    0xFE, 0x01, 0xBF, 0x01, 0x1C, 0x03, 0x3E, 0x06, 0x6A, 0x04, 0x8C, 0x0C, 0x00, 0x00, 0x00, 0x00,
    0x08, 0x00, 0x93, 0x07, 0xF2, 0x00, 0x0C, 0x00, 0xFE, 0x0F, 0x92, 0x04, 0x92, 0x04, 0x92, 0x04,
    0xFE, 0x07, 0xFE, 0x07, 0x00, 0x00, 0x00, 0x00, 0xE8, 0x00, 0xFF, 0x0F, 0xEE, 0x0C, 0xFC, 0x0A,
    0x74, 0x09, 0xF4, 0x04, 0xDF, 0x07, 0xB4, 0x07, 0xF4, 0x04, 0x7C, 0x0C, 0x00, 0x00, 0x00, 0x00,
    0xE8, 0x00, 0xFF, 0x0F, 0x6C, 0x08, 0x48, 0x08, 0x5E, 0x04, 0xCE, 0x07, 0xFE, 0x05, 0x5E, 0x0C,
    0xCA, 0x07, 0x7E, 0x01, 0x00, 0x00, 0x00, 0x00, 0x86, 0x07, 0xEC, 0x07, 0x7C, 0x00, 0x70, 0x00,
    0x0C, 0x02, 0x57, 0x06, 0x73, 0x0E, 0xCC, 0x09, 0xD8, 0x00, 0x30, 0x00, 0x00, 0x00, 0x00, 0x00,
    0x00, 0x06, 0xFE, 0x01, 0x02, 0x00, 0xFE, 0x01, 0x52, 0x01, 0xFA, 0x07, 0xFA, 0x07, 0x52, 0x01,
    0xFE, 0x01, 0x02, 0x04, 0x00, 0x00, 0x00, 0x00, 0xA6, 0x04, 0x9E, 0x06, 0xBE, 0x03, 0xFF, 0x01,
    0xF5, 0x0F, 0xC4, 0x07, 0x9E, 0x01, 0xA0, 0x02, 0xFF, 0x06, 0xC0, 0x04, 0x00, 0x04, 0x00, 0x00,
    0x28, 0x02, 0x9A, 0x03, 0xDE, 0x02, 0xBE, 0x02, 0x9B, 0x02, 0xF4, 0x0F, 0x9E, 0x02, 0xAE, 0x02,
    0xFE, 0x02, 0x3E, 0x03, 0x00, 0x02, 0x00, 0x00, 0x36, 0x01, 0x9E, 0x04, 0xFF, 0x06, 0x7D, 0x0B,
    0xFC, 0x0F, 0xA6, 0x07, 0xDB, 0x03, 0xEE, 0x06, 0xBE, 0x04, 0x8E, 0x00, 0x80, 0x00, 0x00, 0x00,
    0x1C, 0x0F, 0xF2, 0x0F, 0x7F, 0x03, 0x5E, 0x03, 0xFA, 0x03, 0xFE, 0x03, 0x73, 0x03, 0xFE, 0x0F,
    0xF2, 0x0F, 0x1A, 0x07, 0x00, 0x00, 0x00, 0x00, 0x8A, 0x04, 0x7C, 0x0C, 0xF6, 0x07, 0x02, 0x08,
    0x7E, 0x01, 0x4A, 0x01, 0xFE, 0x07, 0x4A, 0x05, 0x7E, 0x01, 0x7E, 0x05, 0x00, 0x04, 0x00, 0x00,
    0x80, 0x0F, 0xFC, 0x0F, 0xBC, 0x02, 0xBC, 0x03, 0xFB, 0x02, 0xFE, 0x03, 0xB4, 0x03, 0xA4, 0x06,
    0xFC, 0x0F, 0x82, 0x07, 0x00, 0x00, 0x00, 0x00, 0x30, 0x0F, 0xE6, 0x0F, 0x1E, 0x00, 0xFE, 0x0F,
    0xBE, 0x02, 0xBF, 0x03, 0xFB, 0x02, 0xBE, 0x07, 0xB6, 0x0C, 0xFE, 0x0F, 0x02, 0x00, 0x00, 0x00,
    0x22, 0x02, 0xFE, 0x03, 0x22, 0x01, 0x22, 0x09, 0x7E, 0x09, 0x42, 0x09, 0xFE, 0x0F, 0x5A, 0x0D,
    0x7E, 0x09, 0x7E, 0x0D, 0x00, 0x00, 0x00, 0x00, 0x44, 0x01, 0x24, 0x01, 0x54, 0x01, 0x4C, 0x05,
    0x7F, 0x0D, 0xDF, 0x0F, 0xCC, 0x01, 0x54, 0x01, 0x34, 0x01, 0xB6, 0x01, 0x00, 0x00, 0x00, 0x00,
    0x00, 0x00, 0xFE, 0x01, 0x7E, 0x01, 0x4A, 0x01, 0xFE, 0x07, 0xFE, 0x07, 0x4A, 0x01, 0x7E, 0x01,
    0xFE, 0x05, 0x00, 0x04, 0x00, 0x00, 0x00, 0x00, 0xFC, 0x07, 0x77, 0x05, 0xFC, 0x05, 0xFE, 0x03,
    0xF0, 0x09, 0x7E, 0x09, 0x5A, 0x09, 0xFE, 0x0F, 0x5A, 0x09, 0x7E, 0x0D, 0x00, 0x00, 0x00, 0x00,
    0x88, 0x00, 0x48, 0x00, 0xFF, 0x0F, 0x7C, 0x00, 0xC8, 0x00, 0x00, 0x00, 0xFF, 0x0F, 0x00, 0x08,
    0x00, 0x08, 0x00, 0x0E, 0x00, 0x00, 0x00, 0x00, 0x52, 0x02, 0xD0, 0x01, 0xF6, 0x0F, 0xFF, 0x0F,
    0x58, 0x01, 0x40, 0x01, 0xFF, 0x03, 0x22, 0x09, 0xF8, 0x0F, 0xFA, 0x07, 0x00, 0x00, 0x00, 0x00,
    0xC2, 0x08, 0xCA, 0x06, 0xEA, 0x07, 0xBF, 0x0C, 0x9E, 0x0F, 0xAA, 0x04, 0xEF, 0x07, 0xFA, 0x04,
    0x9A, 0x0E, 0x82, 0x07, 0x02, 0x00, 0x00, 0x00, 0x04, 0x08, 0xF4, 0x08, 0xD4, 0x04, 0x54, 0x07,
    0xFF, 0x03, 0x7F, 0x06, 0x54, 0x04, 0x54, 0x04, 0xFC, 0x0C, 0x06, 0x0C, 0x00, 0x00, 0x00, 0x00,
    0x82, 0x04, 0xBE, 0x06, 0xA6, 0x03, 0xBE, 0x01, 0xFE, 0x0F, 0xFE, 0x07, 0xBE, 0x01, 0xA6, 0x03,
    0xBE, 0x06, 0xC3, 0x06, 0x00, 0x00, 0x00, 0x00, 0xFA, 0x0F, 0xFA, 0x07, 0xCA, 0x04, 0xFA, 0x0F,
    0xFA, 0x07, 0xFA, 0x0F, 0xFA, 0x07, 0xCA, 0x04, 0xFA, 0x0F, 0xFB, 0x07, 0x00, 0x00, 0x00, 0x00,
    0x00, 0x06, 0xFE, 0x09, 0x0A, 0x04, 0x0A, 0x02, 0xEA, 0x01, 0x7A, 0x00, 0x0A, 0x04, 0x0A, 0x06,
    0xEA, 0x03, 0x0E, 0x00, 0x00, 0x00, 0x00, 0x00, 0xFE, 0x0B, 0x7E, 0x04, 0xFA, 0x03, 0x7A, 0x04,
    0xEA, 0x0F, 0xEA, 0x07, 0x18, 0x07, 0xFF, 0x05, 0x10, 0x0C, 0xF8, 0x07, 0x10, 0x00, 0x00, 0x00,
    0xE2, 0x07, 0xFE, 0x03, 0xF6, 0x01, 0xF2, 0x07, 0x7E, 0x03, 0xBE, 0x05, 0x22, 0x0C, 0xFE, 0x07,
    0xA3, 0x00, 0x21, 0x03, 0x20, 0x06, 0x00, 0x00, 0x00, 0x06, 0xFE, 0x09, 0x12, 0x04, 0x12, 0x06,
    0x92, 0x03, 0xFE, 0x00, 0x12, 0x04, 0x12, 0x0C, 0xF2, 0x07, 0x12, 0x00, 0x00, 0x00, 0x00, 0x00,
    0x10, 0x01, 0xD2, 0x00, 0xFE, 0x0F, 0xFE, 0x07, 0xD3, 0x00, 0x10, 0x00, 0xFC, 0x01, 0x04, 0x04,
    0xFE, 0x0F, 0xFF, 0x07, 0x00, 0x00, 0x00, 0x00, 0x30, 0x00, 0xFE, 0x0F, 0x83, 0x00, 0xBE, 0x04,
    0xAA, 0x03, 0xBE, 0x09, 0xFE, 0x0F, 0xBE, 0x03, 0xBE, 0x06, 0xFE, 0x04, 0x00, 0x04, 0x00, 0x00,
    0x30, 0x00, 0xFC, 0x0F, 0x87, 0x08, 0x76, 0x04, 0xDC, 0x03, 0xF0, 0x01, 0x12, 0x00, 0xFC, 0x05,
    0x00, 0x0C, 0xFF, 0x0F, 0x00, 0x00, 0x00, 0x00, 0x30, 0x00, 0xFE, 0x0F, 0x17, 0x03, 0xD2, 0x00,
    0xFE, 0x0F, 0xF2, 0x00, 0xD2, 0x00, 0xFC, 0x05, 0x00, 0x0C, 0xFE, 0x0F, 0x00, 0x00, 0x00, 0x00,
    0xD8, 0x04, 0xFE, 0x03, 0x7E, 0x02, 0xEA, 0x01, 0xFA, 0x0F, 0xAF, 0x01, 0x2E, 0x01, 0xFA, 0x03,
    0x02, 0x0C, 0xFE, 0x0F, 0x00, 0x00, 0x00, 0x00, 0x08, 0x00, 0x08, 0x00, 0x68, 0x00, 0x88, 0x03,
    0x0E, 0x00, 0x0E, 0x06, 0xE8, 0x03, 0x78, 0x00, 0x0C, 0x00, 0x08, 0x04, 0x00, 0x00, 0x00, 0x00,
    0xBC, 0x01, 0xFF, 0x0F, 0xFF, 0x07, 0xFE, 0x04, 0x1C, 0x04, 0xE8, 0x05, 0x8F, 0x05, 0xE8, 0x07,
    0x78, 0x04, 0x0C, 0x04, 0x00, 0x04, 0x00, 0x00, 0x98, 0x07, 0xF6, 0x0F, 0x1C, 0x06, 0xFE, 0x0B,
    0x3E, 0x04, 0x12, 0x03, 0xFE, 0x01, 0x16, 0x04, 0x12, 0x0E, 0xF2, 0x07, 0x00, 0x00, 0x00, 0x00,
    0x08, 0x06, 0x6C, 0x02, 0xAC, 0x03, 0x2C, 0x0D, 0xFF, 0x0F, 0xFF, 0x07, 0xAC, 0x01, 0xFE, 0x03,
    0xCC, 0x06, 0x08, 0x04, 0x08, 0x00, 0x00, 0x00, 0x00, 0x08, 0x08, 0x04, 0x08, 0x06, 0x08, 0x03,
    0xFF, 0x00, 0x1F, 0x00, 0x08, 0x04, 0x08, 0x0C, 0xF8, 0x07, 0xF8, 0x01, 0x00, 0x00, 0x00, 0x00,
    0x20, 0x02, 0xFC, 0x03, 0x36, 0x01, 0xA2, 0x0F, 0xBE, 0x0F, 0xB6, 0x03, 0xFB, 0x03, 0xBE, 0x01,
    0xB6, 0x0F, 0xFE, 0x0F, 0x82, 0x00, 0x00, 0x00, 0xFE, 0x03, 0x82, 0x00, 0xFE, 0x01, 0x00, 0x01,
    0x7E, 0x01, 0x0A, 0x01, 0xFE, 0x07, 0x0A, 0x01, 0x7E, 0x01, 0x3E, 0x05, 0x00, 0x04, 0x00, 0x00,
    0x38, 0x00, 0xFF, 0x0F, 0x03, 0x00, 0xFA, 0x0F, 0xD2, 0x01, 0xFE, 0x02, 0xD2, 0x01, 0xFE, 0x04,
    0x92, 0x0D, 0xFA, 0x0F, 0x02, 0x00, 0x00, 0x00, 0xFE, 0x03, 0xFE, 0x01, 0xEA, 0x05, 0xFE, 0x0F,
    0xCA, 0x04, 0x4B, 0x07, 0xFE, 0x01, 0xCC, 0x01, 0x4B, 0x03, 0x6C, 0x06, 0x00, 0x04, 0x00, 0x00,
    0x04, 0x0C, 0xD8, 0x07, 0x50, 0x05, 0x5F, 0x0D, 0x74, 0x09, 0x58, 0x09, 0xFF, 0x0F, 0x56, 0x09,
    0x58, 0x09, 0x12, 0x0D, 0x00, 0x00, 0x00, 0x00, 0x20, 0x04, 0xE6, 0x07, 0xA4, 0x06, 0xA4, 0x04,
    0xBC, 0x08, 0xAE, 0x08, 0xFF, 0x0F, 0xA4, 0x08, 0xA4, 0x0C, 0xA6, 0x0C, 0x00, 0x00, 0x00, 0x00,
    0x5C, 0x04, 0xF7, 0x07, 0x54, 0x06, 0xFE, 0x07, 0xFE, 0x02, 0xFE, 0x07, 0xFB, 0x07, 0xFE, 0x0F,
    0xFE, 0x03, 0xEA, 0x06, 0x00, 0x00, 0x00, 0x00, 0x00, 0x07, 0xFE, 0x05, 0x72, 0x06, 0x66, 0x03,
    0xFE, 0x0F, 0x63, 0x00, 0xFE, 0x0F, 0x6E, 0x03, 0xFA, 0x05, 0x4A, 0x04, 0x40, 0x00, 0x00, 0x00,
    0x38, 0x00, 0xFF, 0x0F, 0x48, 0x00, 0x38, 0x00, 0x18, 0x00, 0x0F, 0x02, 0x73, 0x06, 0xCC, 0x0D,
    0xD8, 0x00, 0x30, 0x00, 0x00, 0x00, 0x00, 0x00, 0xB8, 0x0F, 0xF6, 0x07, 0x28, 0x0C, 0xE6, 0x07,
    0xA4, 0x04, 0xB4, 0x04, 0xAE, 0x0C, 0xFF, 0x0F, 0xA4, 0x0C, 0xA6, 0x0C, 0x00, 0x00, 0x00, 0x00,
    0x2C, 0x00, 0xF4, 0x07, 0xDC, 0x07, 0x4C, 0x00, 0xF7, 0x0F, 0xF7, 0x0F, 0x4C, 0x00, 0x5C, 0x06,
    0xFC, 0x07, 0x36, 0x00, 0x04, 0x00, 0x00, 0x00, 0x50, 0x04, 0xAC, 0x05, 0xE3, 0x05, 0x96, 0x0B,
    0xFC, 0x0A, 0x38, 0x04, 0xFF, 0x06, 0x8B, 0x03, 0xF8, 0x06, 0x0C, 0x0C, 0x08, 0x00, 0x00, 0x00,
    0xFE, 0x07, 0x5A, 0x04, 0xFE, 0x0F, 0xFE, 0x07, 0xD8, 0x09, 0x06, 0x03, 0xC3, 0x03, 0x16, 0x07,
    0xFC, 0x03, 0x58, 0x04, 0x00, 0x00, 0x00, 0x00, 0xB8, 0x00, 0xEF, 0x0F, 0xBE, 0x04, 0xEC, 0x0E,
    0xEE, 0x07, 0xE4, 0x07, 0x3C, 0x08, 0xFF, 0x0F, 0xF4, 0x0F, 0xA4, 0x08, 0x84, 0x08, 0x00, 0x00,
    0x64, 0x06, 0x3C, 0x03, 0x9C, 0x07, 0x7C, 0x0F, 0xBF, 0x08, 0x06, 0x09, 0x7C, 0x0C, 0x0C, 0x0E,
    0x14, 0x01, 0x36, 0x03, 0x00, 0x00, 0x00, 0x00, 0x70, 0x06, 0xFF, 0x03, 0x9A, 0x09, 0x1C, 0x07,
    0x74, 0x03, 0xFC, 0x05, 0x57, 0x0C, 0xF4, 0x0F, 0x44, 0x01, 0x46, 0x07, 0x00, 0x06, 0x00, 0x00,
    0xD8, 0x06, 0xF6, 0x02, 0xBA, 0x02, 0x1C, 0x05, 0x74, 0x02, 0xFC, 0x01, 0x57, 0x0C, 0xFD, 0x0F,
    0x44, 0x01, 0x66, 0x07, 0x00, 0x06, 0x00, 0x00, 0x9C, 0x01, 0xFC, 0x04, 0xFF, 0x0F, 0xDE, 0x00,
    0x96, 0x00, 0xFE, 0x0F, 0x57, 0x04, 0xD6, 0x03, 0xFE, 0x07, 0xFC, 0x04, 0x00, 0x00, 0x00, 0x00,
    0x86, 0x07, 0xEC, 0x07, 0x38, 0x04, 0x54, 0x02, 0xF4, 0x03, 0x55, 0x0D, 0xD7, 0x0F, 0x54, 0x00,
    0x7C, 0x03, 0x06, 0x06, 0x00, 0x00, 0x00, 0x00, 0x84, 0x04, 0xF5, 0x04, 0xCA, 0x02, 0xDA, 0x01,
    0xEC, 0x0F, 0xDE, 0x07, 0xA6, 0x03, 0xBA, 0x02, 0x9F, 0x06, 0x98, 0x04, 0x00, 0x00, 0x00, 0x00,
    0x14, 0x09, 0x7F, 0x05, 0xCE, 0x07, 0xFA, 0x03, 0xE6, 0x0F, 0xDE, 0x0F, 0x96, 0x03, 0x7A, 0x07,
    0x0E, 0x05, 0x98, 0x05, 0x00, 0x00, 0x00, 0x00, 0x00, 0x00, 0xFE, 0x0F, 0xFC, 0x0F, 0x54, 0x04,
    0xD7, 0x00, 0x56, 0x03, 0x54, 0x07, 0xFE, 0x05, 0x80, 0x0C, 0x00, 0x0C, 0x00, 0x00, 0x00, 0x00,
    0xFA, 0x07, 0xFA, 0x0F, 0x8A, 0x01, 0xFE, 0x00, 0xCA, 0x03, 0xDA, 0x01, 0xFE, 0x00, 0x8A, 0x05,
    0xFA, 0x0F, 0xFB, 0x07, 0x00, 0x00, 0x00, 0x00, 0x3C, 0x01, 0xFF, 0x0F, 0xFC, 0x0F, 0xA6, 0x00,
    0xFA, 0x0F, 0xFE, 0x00, 0xDE, 0x03, 0xFE, 0x04, 0x92, 0x0D, 0xFA, 0x0F, 0x02, 0x00, 0x00, 0x00,
    0x10, 0x08, 0xFE, 0x0B, 0xFE, 0x0B, 0x3C, 0x0B, 0xFC, 0x0F, 0xFC, 0x0F, 0x3C, 0x0B, 0xFE, 0x0B,
    0xFE, 0x0B, 0x10, 0x0E, 0x10, 0x00, 0x00, 0x00, 0xFE, 0x07, 0x22, 0x01, 0xFE, 0x03, 0xFE, 0x07,
    0x74, 0x03, 0x74, 0x05, 0xD7, 0x0F, 0xD6, 0x07, 0x7C, 0x01, 0x7C, 0x07, 0x04, 0x04, 0x00, 0x00,
    0xE2, 0x08, 0x42, 0x08, 0x7E, 0x0C, 0xDA, 0x07, 0x4B, 0x00, 0x4B, 0x01, 0xFA, 0x07, 0x7E, 0x0C,
    0xC2, 0x0C, 0x42, 0x0E, 0x00, 0x00, 0x00, 0x00, 0x12, 0x00, 0xF6, 0x07, 0x00, 0x07, 0x04, 0x06,
    0xFC, 0x03, 0x54, 0x09, 0xD7, 0x0F, 0x54, 0x00, 0xFC, 0x03, 0x06, 0x06, 0x04, 0x00, 0x00, 0x00,
    0xC8, 0x0C, 0xFF, 0x0F, 0x68, 0x0C, 0x6C, 0x06, 0xFC, 0x03, 0xDE, 0x0C, 0xD7, 0x0F, 0xFC, 0x00,
    0xFC, 0x02, 0x2E, 0x04, 0x20, 0x00, 0x00, 0x00, 0x02, 0x03, 0xFE, 0x01, 0xFE, 0x07, 0xFE, 0x0F,
    0xFE, 0x05, 0xC2, 0x07, 0xFF, 0x01, 0xFE, 0x0F, 0xFE, 0x07, 0xFE, 0x01, 0xFE, 0x00, 0x00, 0x00,
    0x30, 0x00, 0xFE, 0x0F, 0x47, 0x0C, 0x3C, 0x06, 0xFC, 0x03, 0xDF, 0x0F, 0xD7, 0x07, 0xFC, 0x01,
    0xFC, 0x06, 0x2E, 0x04, 0x20, 0x00, 0x00, 0x00, 0xDC, 0x04, 0x78, 0x03, 0xFE, 0x01, 0x04, 0x00,
    0x14, 0x04, 0x17, 0x0C, 0xF6, 0x0F, 0x34, 0x00, 0x14, 0x00, 0x1E, 0x00, 0x00, 0x00, 0x00, 0x00,
    0x30, 0x06, 0xFF, 0x01, 0x58, 0x07, 0x2C, 0x04, 0xF8, 0x07, 0xDE, 0x0C, 0xD7, 0x0F, 0xDC, 0x00,
    0xFC, 0x06, 0x3E, 0x04, 0x20, 0x00, 0x00, 0x00, 0x0C, 0x01, 0xEE, 0x0D, 0xBA, 0x0D, 0xFE, 0x0B,
    0xFF, 0x0B, 0xEE, 0x07, 0xFE, 0x05, 0xBE, 0x06, 0xBE, 0x02, 0x86, 0x01, 0x00, 0x00, 0x00, 0x00,
    0x20, 0x0C, 0xE6, 0x07, 0xE4, 0x07, 0x02, 0x04, 0x02, 0x0D, 0x02, 0x0F, 0xFA, 0x0F, 0x0E, 0x0C,
    0x06, 0x0C, 0x02, 0x0C, 0x00, 0x04, 0x00, 0x00, 0x18, 0x07, 0xF6, 0x0F, 0x5C, 0x08, 0x3C, 0x06,
    0xFC, 0x07, 0xDE, 0x0C, 0xD7, 0x0F, 0xDC, 0x00, 0xFC, 0x02, 0x3E, 0x06, 0x20, 0x00, 0x00, 0x00,
    0x00, 0x00, 0x02, 0x00, 0x02, 0x04, 0x02, 0x04, 0xF2, 0x0F, 0xFA, 0x07, 0x0A, 0x00, 0x06, 0x00,
    0x06, 0x00, 0x02, 0x00, 0x00, 0x00, 0x00, 0x00, 0x48, 0x0C, 0xFF, 0x0F, 0x2C, 0x00, 0x4C, 0x01,
    0x7E, 0x0F, 0xF4, 0x0E, 0xFE, 0x0A, 0xE4, 0x0A, 0xBE, 0x0F, 0x9E, 0x01, 0x00, 0x00, 0x00, 0x00,
    0x58, 0x00, 0xF7, 0x07, 0x56, 0x0A, 0x64, 0x04, 0xFC, 0x03, 0xDE, 0x0E, 0xD7, 0x0F, 0xDC, 0x01,
    0xFE, 0x02, 0x3E, 0x06, 0x20, 0x00, 0x00, 0x00, 0xFE, 0x07, 0x7E, 0x01, 0x6E, 0x0B, 0xBE, 0x0F,
    0xFE, 0x0D, 0xFF, 0x0F, 0xEE, 0x07, 0xBE, 0x07, 0xBE, 0x03, 0xBE, 0x01, 0x00, 0x00, 0x00, 0x00,
    0x9C, 0x01, 0xF8, 0x00, 0xFF, 0x0F, 0xDC, 0x00, 0x14, 0x01, 0x22, 0x00, 0xEC, 0x00, 0x8C, 0x0C,
    0xFF, 0x0F, 0xC0, 0x00, 0x00, 0x00, 0x00, 0x00, 0x42, 0x04, 0x32, 0x04, 0xDE, 0x02, 0x92, 0x01,
    0x7A, 0x00, 0x12, 0x00, 0xFC, 0x01, 0xFC, 0x04, 0xFE, 0x0F, 0xFF, 0x07, 0x00, 0x00, 0x00, 0x00,
    0xC2, 0x04, 0xEE, 0x02, 0xBE, 0x0B, 0x96, 0x0F, 0xAE, 0x04, 0xE7, 0x05, 0x9E, 0x03, 0xAE, 0x07,
    0xFE, 0x05, 0xFF, 0x0C, 0x00, 0x00, 0x00, 0x00, 0x62, 0x09, 0x32, 0x07, 0xFE, 0x00, 0xCA, 0x06,
    0x7A, 0x04, 0x1A, 0x00, 0x7C, 0x0E, 0xFC, 0x00, 0x80, 0x03, 0xFF, 0x0C, 0x00, 0x00, 0x00, 0x00,
    0x60, 0x08, 0xD8, 0x08, 0xCE, 0x04, 0xC4, 0x06, 0xEE, 0x03, 0xFF, 0x04, 0x90, 0x0C, 0x9A, 0x0C,
    0x86, 0x07, 0x8C, 0x00, 0x00, 0x00, 0x00, 0x00, 0x92, 0x05, 0xCC, 0x0C, 0xFE, 0x07, 0x22, 0x00,
    0xE4, 0x0F, 0x7F, 0x05, 0x64, 0x05, 0x7F, 0x05, 0xE4, 0x0F, 0x34, 0x00, 0x00, 0x00, 0x00, 0x00,
    0x20, 0x06, 0xFC, 0x03, 0xA2, 0x03, 0x68, 0x00, 0xFF, 0x0F, 0x6C, 0x03, 0xE8, 0x00, 0xFF, 0x0F,
    0xF8, 0x00, 0x88, 0x01, 0x00, 0x01, 0x00, 0x00, 0x88, 0x00, 0x78, 0x00, 0xFF, 0x0F, 0x68, 0x02,
    0xC8, 0x01, 0xF8, 0x00, 0xFF, 0x0F, 0xFF, 0x0F, 0xE8, 0x00, 0x8C, 0x03, 0x00, 0x00, 0x00, 0x00,
    0xE2, 0x07, 0x3C, 0x03, 0xF2, 0x0B, 0x26, 0x05, 0xFA, 0x07, 0xCE, 0x03, 0xBF, 0x03, 0x8C, 0x03,
    0xFA, 0x0F, 0xF4, 0x02, 0x00, 0x02, 0x00, 0x00, 0x0C, 0x02, 0x9E, 0x01, 0xFC, 0x0F, 0xDC, 0x05,
    0x5E, 0x07, 0xDE, 0x03, 0xFC, 0x0F, 0xFC, 0x01, 0x4D, 0x03, 0x44, 0x06, 0x04, 0x00, 0x00, 0x00,
    0xFC, 0x03, 0x00, 0x00, 0xFF, 0x0F, 0x20, 0x00, 0xD8, 0x0F, 0x46, 0x04, 0xDF, 0x07, 0x74, 0x04,
    0x44, 0x04, 0xC4, 0x07, 0x04, 0x00, 0x00, 0x00, 0x70, 0x00, 0x58, 0x01, 0x4E, 0x03, 0x73, 0x07,
    0xC4, 0x00, 0x4C, 0x00, 0xFE, 0x0F, 0x02, 0x01, 0x3A, 0x03, 0xC6, 0x03, 0x80, 0x00, 0x00, 0x00,
    0xFC, 0x05, 0xF7, 0x04, 0xFE, 0x02, 0xF8, 0x0B, 0xE8, 0x07, 0xFE, 0x03, 0xBF, 0x00, 0x8E, 0x03,
    0xFE, 0x0F, 0xF4, 0x02, 0x10, 0x02, 0x00, 0x00, 0x98, 0x07, 0xF6, 0x07, 0x9C, 0x01, 0x78, 0x00,
    0xFF, 0x0F, 0x68, 0x01, 0xE8, 0x00, 0xFF, 0x0F, 0xF8, 0x00, 0xCC, 0x01, 0x00, 0x01, 0x00, 0x00,
    0x86, 0x07, 0xEC, 0x0F, 0x18, 0x05, 0xFE, 0x07, 0xFE, 0x03, 0xFF, 0x0D, 0xFF, 0x0F, 0xFE, 0x03,
    0xFE, 0x07, 0x3E, 0x0D, 0x02, 0x01, 0x00, 0x00, 0x08, 0x08, 0x3E, 0x08, 0xCB, 0x0B, 0x6A, 0x04,
    0xEA, 0x07, 0xFA, 0x02, 0x7E, 0x02, 0xEB, 0x07, 0x7B, 0x0C, 0x3C, 0x00, 0x00, 0x00, 0x00, 0x00,
    0x84, 0x00, 0xC4, 0x00, 0xC4, 0x0F, 0xEC, 0x04, 0xB7, 0x04, 0xB6, 0x04, 0xAC, 0x04, 0xE4, 0x0F,
    0xC6, 0x00, 0x46, 0x00, 0x00, 0x00, 0x00, 0x00, 0xC8, 0x0C, 0xFF, 0x0F, 0x68, 0x00, 0x6C, 0x00,
    0x98, 0x02, 0x8E, 0x02, 0xB3, 0x06, 0x8C, 0x0F, 0xD8, 0x00, 0x30, 0x00, 0x00, 0x00, 0x00, 0x00,
    0x22, 0x02, 0xFE, 0x03, 0x22, 0x01, 0x22, 0x01, 0x90, 0x02, 0x8E, 0x06, 0xB3, 0x04, 0x8C, 0x0F,
    0xD8, 0x01, 0xB0, 0x00, 0x20, 0x00, 0x00, 0x00, 0xA2, 0x08, 0xA2, 0x0A, 0x62, 0x09, 0xEF, 0x05,
    0xFE, 0x07, 0xBA, 0x06, 0xEF, 0x07, 0xEA, 0x04, 0xFA, 0x0C, 0xB2, 0x0C, 0x00, 0x00, 0x00, 0x00,
    0x0C, 0x01, 0x86, 0x01, 0x9E, 0x01, 0x5E, 0x05, 0xFE, 0x05, 0xBE, 0x0F, 0x5E, 0x0B, 0xDE, 0x01,
    0x8F, 0x00, 0x86, 0x00, 0x80, 0x00, 0x00, 0x00, 0xFC, 0x0F, 0xD4, 0x05, 0xFF, 0x05, 0x94, 0x07,
    0xF4, 0x07, 0xB0, 0x02, 0x9E, 0x02, 0xE7, 0x0E, 0x8C, 0x09, 0xB0, 0x00, 0x10, 0x00, 0x00, 0x00,
    0xB8, 0x00, 0xEF, 0x0F, 0xE4, 0x0F, 0xD4, 0x02, 0x74, 0x00, 0x5C, 0x02, 0x77, 0x06, 0xE6, 0x0F,
    0xD8, 0x08, 0x18, 0x00, 0x10, 0x00, 0x00, 0x00, 0x30, 0x00, 0xFC, 0x0F, 0x67, 0x00, 0x30, 0x00,
    0x1C, 0x00, 0x17, 0x02, 0x73, 0x06, 0x8C, 0x0D, 0xD8, 0x00, 0x30, 0x00, 0x10, 0x00, 0x00, 0x00,
    0xA9, 0x04, 0xFE, 0x07, 0xFC, 0x01, 0xEF, 0x00, 0xFC, 0x00, 0x4C, 0x01, 0x73, 0x06, 0xC6, 0x07,
    0xD8, 0x00, 0x30, 0x00, 0x00, 0x00, 0x00, 0x00, 0x86, 0x07, 0xEC, 0x07, 0x18, 0x0A, 0x74, 0x09,
    0xB4, 0x05, 0xFE, 0x07, 0xDF, 0x07, 0xF4, 0x05, 0xF6, 0x0C, 0x5C, 0x0C, 0x00, 0x00, 0x00, 0x00,
    0x00, 0x08, 0x92, 0x05, 0x16, 0x04, 0x16, 0x02, 0xF6, 0x01, 0xD6, 0x01, 0x96, 0x03, 0xDE, 0x06,
    0x7E, 0x04, 0x00, 0x0C, 0x00, 0x04, 0x00, 0x00, 0xFE, 0x0F, 0x3A, 0x01, 0xEE, 0x09, 0x42, 0x09,
    0xB4, 0x04, 0xFE, 0x07, 0x9F, 0x07, 0x94, 0x05, 0xF6, 0x0C, 0x68, 0x0C, 0x00, 0x00, 0x00, 0x00,
    0xF8, 0x03, 0xFF, 0x03, 0x08, 0x01, 0xF8, 0x03, 0xB0, 0x00, 0x8C, 0x02, 0xB3, 0x06, 0xA6, 0x0F,
    0xD8, 0x00, 0x30, 0x00, 0x10, 0x00, 0x00, 0x00, 0x50, 0x01, 0x4E, 0x03, 0xF3, 0x07, 0xCC, 0x08,
    0x4A, 0x08, 0xFA, 0x05, 0x0E, 0x03, 0xFA, 0x03, 0xFA, 0x07, 0xFA, 0x0D, 0x00, 0x00, 0x00, 0x00,
    0x40, 0x08, 0x40, 0x04, 0x5F, 0x06, 0xC0, 0x03, 0xF0, 0x01, 0x70, 0x00, 0x40, 0x04, 0x5A, 0x0C,
    0xDF, 0x07, 0x40, 0x00, 0x00, 0x00, 0x00, 0x00, 0x40, 0x00, 0xA0, 0x00, 0x90, 0x00, 0x8C, 0x02,
    0xB3, 0x06, 0xA6, 0x0E, 0x8C, 0x09, 0xD8, 0x00, 0xB0, 0x00, 0x30, 0x00, 0x20, 0x00, 0x00, 0x00,
    0x18, 0x01, 0xD3, 0x0F, 0x7A, 0x00, 0xFE, 0x0F, 0xDE, 0x07, 0x7F, 0x05, 0xFB, 0x07, 0x5E, 0x05,
    0xF2, 0x07, 0xDE, 0x07, 0x00, 0x00, 0x00, 0x00, 0x24, 0x06, 0xFC, 0x03, 0x26, 0x0B, 0x26, 0x0D,
    0xF4, 0x07, 0x7C, 0x00, 0xEF, 0x0F, 0x1C, 0x00, 0xDC, 0x0F, 0x36, 0x0C, 0x00, 0x06, 0x00, 0x00,
    0x48, 0x00, 0xFF, 0x0F, 0x7F, 0x00, 0x6C, 0x00, 0xFE, 0x0F, 0x5E, 0x05, 0xFB, 0x07, 0x9E, 0x07,
    0x62, 0x05, 0xFE, 0x0F, 0x02, 0x00, 0x00, 0x00, 0xE0, 0x07, 0xFC, 0x03, 0xE6, 0x0B, 0xE2, 0x07,
    0xF4, 0x07, 0x7C, 0x00, 0xFF, 0x0F, 0x1C, 0x00, 0xF4, 0x0F, 0x06, 0x0C, 0x00, 0x04, 0x00, 0x00,
    0x18, 0x00, 0xF7, 0x07, 0x0C, 0x02, 0x3E, 0x01, 0xFE, 0x0F, 0x5A, 0x05, 0xF2, 0x07, 0x1E, 0x05,
    0xE2, 0x05, 0xFE, 0x0F, 0x02, 0x00, 0x00, 0x00, 0x3E, 0x00, 0xFE, 0x0F, 0x52, 0x05, 0x5D, 0x05,
    0xF2, 0x07, 0xDA, 0x07, 0x4E, 0x05, 0x72, 0x05, 0xFE, 0x0F, 0x06, 0x00, 0x00, 0x00, 0x00, 0x00,
    0x08, 0x04, 0x18, 0x02, 0xEF, 0x01, 0xEE, 0x01, 0x38, 0x07, 0x0C, 0x02, 0x0C, 0x01, 0xFC, 0x05,
    0x00, 0x0C, 0xFF, 0x0F, 0x00, 0x00, 0x00, 0x00, 0xD8, 0x04, 0xFE, 0x03, 0x7E, 0x00, 0xFA, 0x0F,
    0xAA, 0x0E, 0xBF, 0x02, 0xEA, 0x07, 0xBA, 0x02, 0xEA, 0x0E, 0xFE, 0x0F, 0x0A, 0x00, 0x00, 0x00,
    0x30, 0x0F, 0xE6, 0x0F, 0x34, 0x08, 0xF4, 0x07, 0xFC, 0x00, 0xEF, 0x0F, 0x46, 0x00, 0xF8, 0x07,
    0x72, 0x0C, 0x02, 0x0E, 0x00, 0x04, 0x00, 0x00, 0xE8, 0x00, 0xFF, 0x0F, 0x6C, 0x08, 0xEC, 0x01,
    0xFE, 0x04, 0xFA, 0x03, 0x7D, 0x00, 0xFE, 0x0F, 0x04, 0x01, 0xFE, 0x03, 0x00, 0x00, 0x00, 0x00,
    0x10, 0x04, 0x10, 0x02, 0x90, 0x01, 0xF0, 0x00, 0x56, 0x00, 0x1E, 0x00, 0xD0, 0x00, 0x90, 0x01,
    0x10, 0x07, 0x18, 0x04, 0x00, 0x00, 0x00, 0x00, 0x08, 0x08, 0x08, 0x04, 0x08, 0x03, 0xFF, 0x03,
    0x0E, 0x02, 0xF8, 0x07, 0xFA, 0x0F, 0xEE, 0x0C, 0x38, 0x0C, 0x0C, 0x0E, 0x00, 0x04, 0x00, 0x00,
    0x62, 0x04, 0x60, 0x04, 0xD8, 0x07, 0xDE, 0x07, 0xD7, 0x04, 0xDC, 0x04, 0xFF, 0x04, 0xEA, 0x0F,
    0x6C, 0x04, 0x7E, 0x06, 0x10, 0x00, 0x00, 0x00, 0xFE, 0x03, 0x80, 0x08, 0xFE, 0x01, 0x08, 0x06,
    0x88, 0x07, 0xFF, 0x02, 0xF8, 0x07, 0xCA, 0x0D, 0x6E, 0x0C, 0x2C, 0x0E, 0x08, 0x04, 0x00, 0x00,
    0x2C, 0x08, 0x26, 0x04, 0x2F, 0x07, 0xFC, 0x05, 0x3E, 0x02, 0xEE, 0x07, 0x33, 0x0D, 0xAC, 0x0D,
    0xEC, 0x0C, 0x22, 0x0E, 0x00, 0x04, 0x00, 0x00, 0xFE, 0x0F, 0x7A, 0x03, 0xFE, 0x03, 0xF6, 0x0B,
    0xDB, 0x0B, 0xFA, 0x0B, 0xF6, 0x0F, 0x7E, 0x0B, 0x5E, 0x0B, 0x46, 0x0C, 0x00, 0x00, 0x00, 0x00,
    0xFE, 0x0F, 0x1A, 0x01, 0xEE, 0x09, 0xAA, 0x03, 0xF6, 0x02, 0xBF, 0x02, 0xFA, 0x07, 0xBE, 0x02,
    0xB6, 0x03, 0x30, 0x04, 0x00, 0x00, 0x00, 0x00, 0x84, 0x08, 0x44, 0x0A, 0x74, 0x0A, 0x7F, 0x0A,
    0xE7, 0x0F, 0xFC, 0x0F, 0xF6, 0x0A, 0xDE, 0x0A, 0x5C, 0x0B, 0x66, 0x0C, 0x40, 0x00, 0x00, 0x00,
    0xC8, 0x04, 0xFF, 0x0F, 0xFE, 0x0F, 0x2C, 0x04, 0x88, 0x07, 0xFF, 0x02, 0xF8, 0x07, 0xCA, 0x0D,
    0x6E, 0x0C, 0x28, 0x06, 0x08, 0x04, 0x00, 0x00, 0xFE, 0x0F, 0x12, 0x09, 0xFE, 0x01, 0xCE, 0x05,
    0x88, 0x03, 0xFF, 0x02, 0xF9, 0x07, 0xC9, 0x0D, 0x7E, 0x0C, 0x2C, 0x0C, 0x08, 0x04, 0x00, 0x00,
    0xE8, 0x00, 0xFF, 0x0F, 0xFE, 0x08, 0xE8, 0x08, 0xAA, 0x0B, 0xDE, 0x07, 0xFF, 0x06, 0x8C, 0x07,
    0xBA, 0x05, 0xEE, 0x08, 0x20, 0x00, 0x00, 0x00, 0xC8, 0x08, 0xA8, 0x08, 0xBE, 0x0B, 0xDC, 0x0F,
    0xFE, 0x06, 0xBF, 0x06, 0x9C, 0x07, 0xBE, 0x04, 0xAA, 0x0C, 0xEC, 0x00, 0x00, 0x00, 0x00, 0x00,
    0xC8, 0x0C, 0xFF, 0x0F, 0xE8, 0x00, 0xE8, 0x08, 0xBE, 0x0B, 0xDC, 0x07, 0xFF, 0x06, 0x9C, 0x07,
    0xBA, 0x0C, 0xEC, 0x00, 0x20, 0x00, 0x00, 0x00, 0xAC, 0x09, 0x86, 0x09, 0x7F, 0x0B, 0x76, 0x0F,
    0xFE, 0x05, 0x7E, 0x07, 0x33, 0x07, 0x7E, 0x0D, 0xD2, 0x0D, 0xD2, 0x01, 0x00, 0x00, 0x00, 0x00,
    0x98, 0x07, 0xF6, 0x0F, 0x1C, 0x06, 0xFF, 0x01, 0xF6, 0x0F, 0xD4, 0x03, 0xF4, 0x0F, 0xF4, 0x07,
    0xD6, 0x07, 0xFE, 0x0F, 0x10, 0x00, 0x00, 0x00, 0xFE, 0x0F, 0x1A, 0x01, 0xE6, 0x01, 0xF8, 0x07,
    0x0A, 0x04, 0xFA, 0x07, 0x7A, 0x04, 0x3E, 0x04, 0x6A, 0x07, 0xFB, 0x07, 0x00, 0x04, 0x00, 0x00,
    0x02, 0x04, 0xF2, 0x03, 0xF6, 0x00, 0x9F, 0x00, 0x9A, 0x00, 0x9A, 0x00, 0x9F, 0x00, 0x92, 0x00,
    0xF2, 0x00, 0x02, 0x00, 0x02, 0x00, 0x00, 0x00, 0x00, 0x04, 0xF0, 0x03, 0x90, 0x00, 0x90, 0x00,
    0x9F, 0x00, 0x9F, 0x00, 0x94, 0x00, 0x94, 0x00, 0xF6, 0x00, 0x06, 0x00, 0x00, 0x00, 0x00, 0x00,
    0xF8, 0x07, 0x50, 0x00, 0x5F, 0x00, 0xF4, 0x08, 0x76, 0x08, 0xFA, 0x05, 0x0A, 0x07, 0xFE, 0x03,
    0x0A, 0x02, 0xFB, 0x05, 0x00, 0x0C, 0x00, 0x00, 0x00, 0x07, 0xFE, 0x09, 0x04, 0x06, 0xF4, 0x03,
    0x94, 0x00, 0x9F, 0x00, 0x9C, 0x00, 0x94, 0x00, 0xF4, 0x01, 0x16, 0x00, 0x00, 0x00, 0x00, 0x00,
    0x30, 0x04, 0xFF, 0x03, 0xBF, 0x09, 0x0C, 0x06, 0xFC, 0x03, 0x7C, 0x00, 0x47, 0x00, 0x46, 0x00,
    0x44, 0x00, 0x7C, 0x00, 0x00, 0x00, 0x00, 0x00, 0xC8, 0x0C, 0xFF, 0x0F, 0x2C, 0x0C, 0xFC, 0x0B,
    0xF8, 0x09, 0x2C, 0x07, 0xFF, 0x03, 0x5A, 0x05, 0x5A, 0x0F, 0x6E, 0x07, 0x08, 0x00, 0x00, 0x00,
    0xF8, 0x0F, 0xF0, 0x0F, 0x00, 0x06, 0x40, 0x05, 0xCF, 0x04, 0xFC, 0x05, 0x34, 0x07, 0x04, 0x04,
    0xFE, 0x0F, 0x06, 0x00, 0x00, 0x00, 0x00, 0x00, 0x00, 0x06, 0xFC, 0x0B, 0x14, 0x09, 0x14, 0x04,
    0x3F, 0x07, 0xF6, 0x03, 0xF6, 0x04, 0x7E, 0x0C, 0xBE, 0x0F, 0xBC, 0x01, 0x00, 0x00, 0x00, 0x00,
    0x48, 0x00, 0xFC, 0x0F, 0xFE, 0x0F, 0x77, 0x03, 0x7E, 0x03, 0x7E, 0x03, 0x76, 0x03, 0xFE, 0x0F,
    0x7C, 0x00, 0x40, 0x00, 0x00, 0x00, 0x00, 0x00, 0x0A, 0x04, 0xF6, 0x03, 0xDF, 0x0F, 0xFE, 0x0F,
    0xFA, 0x06, 0xDE, 0x00, 0xFE, 0x0F, 0xDE, 0x0A, 0xFE, 0x0B, 0x5A, 0x0E, 0x00, 0x00, 0x00, 0x00,
    0xF2, 0x07, 0xFE, 0x07, 0xF2, 0x03, 0x12, 0x02, 0x70, 0x02, 0xD6, 0x05, 0xF4, 0x0F, 0xF4, 0x07,
    0xDF, 0x03, 0x70, 0x06, 0x10, 0x02, 0x00, 0x00, 0xEC, 0x0F, 0xFE, 0x05, 0xBE, 0x07, 0xFE, 0x07,
    0xDE, 0x01, 0x7E, 0x0F, 0xFE, 0x05, 0xFE, 0x04, 0xEF, 0x0F, 0x86, 0x01, 0x00, 0x00, 0x00, 0x00,
    0xFE, 0x07, 0x52, 0x06, 0xF2, 0x03, 0xDE, 0x02, 0x98, 0x00, 0xCE, 0x0F, 0xBF, 0x04, 0xBC, 0x04,
    0xEE, 0x0F, 0xC4, 0x00, 0x40, 0x00, 0x00, 0x00, 0xFE, 0x05, 0xFA, 0x03, 0x7A, 0x03, 0xFE, 0x06,
    0x98, 0x00, 0xCF, 0x0F, 0xBF, 0x04, 0xBC, 0x04, 0xEE, 0x0F, 0xC4, 0x00, 0x40, 0x00, 0x00, 0x00,
    0x00, 0x06, 0xFE, 0x03, 0x22, 0x00, 0xFE, 0x0F, 0x3E, 0x05, 0xA3, 0x03, 0xFE, 0x0F, 0x26, 0x09,
    0xFA, 0x09, 0xBA, 0x0E, 0x00, 0x00, 0x00, 0x00, 0x9A, 0x0F, 0x76, 0x04, 0xDE, 0x07, 0xFE, 0x07,
    0xF2, 0x03, 0xDE, 0x02, 0xCC, 0x0F, 0xBF, 0x04, 0xBC, 0x0F, 0xE6, 0x07, 0x40, 0x00, 0x00, 0x00,
    0x48, 0x00, 0xFF, 0x0F, 0x7E, 0x00, 0x40, 0x02, 0x62, 0x02, 0xCA, 0x0D, 0xEA, 0x0F, 0xFA, 0x01,
    0xDE, 0x03, 0x70, 0x06, 0x10, 0x00, 0x00, 0x00, 0x10, 0x06, 0x72, 0x02, 0xD0, 0x01, 0x10, 0x05,
    0xF0, 0x0F, 0xF0, 0x07, 0x96, 0x01, 0x5F, 0x03, 0x70, 0x06, 0x10, 0x06, 0x00, 0x00, 0x00, 0x00,
    0xFE, 0x0F, 0x32, 0x01, 0xEE, 0x01, 0xA6, 0x07, 0xA4, 0x07, 0x24, 0x04, 0xFF, 0x07, 0x24, 0x04,
    0xA4, 0x0F, 0xB4, 0x0F, 0x00, 0x00, 0x00, 0x00, 0x96, 0x09, 0xDE, 0x07, 0xFE, 0x07, 0xFE, 0x0B,
    0x7E, 0x0B, 0xDE, 0x05, 0x7F, 0x02, 0xF8, 0x03, 0xEA, 0x06, 0x2E, 0x0C, 0x00, 0x0E, 0x00, 0x00,
    0x62, 0x01, 0x7E, 0x05, 0x62, 0x0D, 0xFE, 0x0F, 0xC2, 0x07, 0xFC, 0x03, 0x24, 0x00, 0x27, 0x00,
    0x24, 0x00, 0x7C, 0x00, 0x04, 0x00, 0x00, 0x00, 0x00, 0x00, 0xC0, 0x0F, 0x3E, 0x04, 0x12, 0x04,
    0x12, 0x04, 0x12, 0x04, 0x12, 0x04, 0x3E, 0x04, 0xC2, 0x0F, 0x00, 0x00, 0x00, 0x00, 0x00, 0x00,
    0x58, 0x00, 0xF7, 0x0F, 0xF5, 0x07, 0x54, 0x02, 0x44, 0x01, 0xFE, 0x0F, 0x12, 0x04, 0x12, 0x04,
    0x12, 0x04, 0xFE, 0x0F, 0x00, 0x00, 0x00, 0x00, 0x30, 0x00, 0xFE, 0x0F, 0x03, 0x00, 0xC0, 0x0F,
    0xFE, 0x0F, 0x12, 0x04, 0x12, 0x04, 0x12, 0x04, 0xDE, 0x04, 0xC0, 0x0F, 0x00, 0x00, 0x00, 0x00,
    0x08, 0x07, 0xFB, 0x05, 0x2E, 0x06, 0xEC, 0x07, 0x18, 0x00, 0xF6, 0x0F, 0x37, 0x04, 0xD4, 0x03,
    0x5C, 0x07, 0x66, 0x0C, 0x00, 0x04, 0x00, 0x00, 0x00, 0x07, 0xFF, 0x01, 0xF4, 0x00, 0xFC, 0x0F,
    0x24, 0x0C, 0xFC, 0x0B, 0xEC, 0x07, 0xC4, 0x07, 0xFF, 0x07, 0xFE, 0x0D, 0x00, 0x04, 0x00, 0x00,
    0x00, 0x02, 0xFF, 0x09, 0x84, 0x09, 0x5C, 0x0B, 0x3C, 0x07, 0xFC, 0x07, 0x7C, 0x07, 0x3C, 0x07,
    0x5F, 0x05, 0xD6, 0x09, 0x40, 0x00, 0x00, 0x00, 0xB8, 0x04, 0xF7, 0x02, 0xDA, 0x0A, 0xA8, 0x0A,
    0xBA, 0x0B, 0xDC, 0x07, 0xFF, 0x06, 0x9C, 0x07, 0xBA, 0x04, 0xEC, 0x0C, 0xA0, 0x00, 0x00, 0x00,
    0x00, 0x07, 0xFC, 0x07, 0x14, 0x07, 0x14, 0x07, 0x7F, 0x0F, 0xDF, 0x09, 0x56, 0x09, 0x5E, 0x0E,
    0x7E, 0x01, 0x2C, 0x07, 0x00, 0x00, 0x00, 0x00, 0x88, 0x04, 0x9E, 0x05, 0xFF, 0x06, 0x9E, 0x0F,
    0x9E, 0x07, 0xFE, 0x03, 0x8E, 0x05, 0xFE, 0x04, 0xFE, 0x07, 0x02, 0x0C, 0x00, 0x0A, 0x00, 0x00,
    0x4C, 0x00, 0xF6, 0x0F, 0x1B, 0x02, 0xA8, 0x02, 0xAC, 0x02, 0xBE, 0x0E, 0xFF, 0x0F, 0xAC, 0x02,
    0xFE, 0x02, 0x9C, 0x03, 0x08, 0x02, 0x00, 0x00, 0xC0, 0x01, 0x5E, 0x01, 0x32, 0x01, 0xDA, 0x01,
    0xFF, 0x0F, 0xF6, 0x0F, 0xCA, 0x01, 0x3A, 0x01, 0x4E, 0x01, 0xC2, 0x01, 0x00, 0x01, 0x00, 0x00,
    0x38, 0x0F, 0xE6, 0x0F, 0x30, 0x06, 0xFC, 0x07, 0x28, 0x07, 0x3F, 0x0F, 0xFF, 0x09, 0x5A, 0x0D,
    0x5A, 0x0F, 0x6C, 0x07, 0x00, 0x00, 0x00, 0x00, 0xDC, 0x06, 0xF7, 0x02, 0x9C, 0x02, 0x3C, 0x06,
    0xCA, 0x02, 0x0A, 0x0D, 0xEA, 0x0F, 0xDA, 0x01, 0xDE, 0x03, 0x70, 0x06, 0x10, 0x00, 0x00, 0x00,
    0x64, 0x00, 0x3C, 0x0F, 0x0C, 0x08, 0x7C, 0x08, 0x87, 0x0F, 0x86, 0x0F, 0x7C, 0x08, 0x0C, 0x08,
    0x1C, 0x0F, 0x36, 0x00, 0x00, 0x00, 0x00, 0x00, 0x32, 0x02, 0xDA, 0x02, 0xCE, 0x02, 0xFE, 0x06,
    0xC7, 0x0F, 0xE7, 0x07, 0xBE, 0x02, 0xAE, 0x02, 0xBA, 0x02, 0x1A, 0x03, 0x00, 0x00, 0x00, 0x00,
    0x24, 0x01, 0x58, 0x01, 0x4C, 0x01, 0x7C, 0x09, 0x47, 0x0F, 0xC6, 0x0F, 0xDC, 0x01, 0x48, 0x01,
    0x5A, 0x01, 0x32, 0x01, 0x00, 0x01, 0x00, 0x00, 0x98, 0x0F, 0xF6, 0x01, 0xBC, 0x04, 0xB8, 0x02,
    0x88, 0x03, 0xFF, 0x0F, 0xC7, 0x0F, 0xBC, 0x03, 0x98, 0x06, 0xB2, 0x06, 0x80, 0x04, 0x00, 0x00,
    0xFE, 0x09, 0xFE, 0x05, 0xB2, 0x06, 0xFE, 0x03, 0x79, 0x00, 0xFE, 0x0F, 0xFE, 0x07, 0x32, 0x01,
    0x66, 0x03, 0xFE, 0x01, 0x00, 0x00, 0x00, 0x00, 0x90, 0x0F, 0x92, 0x07, 0xFE, 0x04, 0xD2, 0x04,
    0xD3, 0x07, 0x18, 0x00, 0xFF, 0x07, 0xFF, 0x0F, 0x00, 0x08, 0x00, 0x0C, 0x00, 0x04, 0x00, 0x00,
    0xC8, 0x04, 0xFF, 0x0F, 0xFE, 0x0F, 0x2C, 0x06, 0xF4, 0x03, 0x54, 0x05, 0xD7, 0x0F, 0xD6, 0x07,
    0x7C, 0x01, 0x76, 0x06, 0x04, 0x06, 0x00, 0x00, 0xFE, 0x03, 0xFC, 0x01, 0x26, 0x01, 0xFE, 0x03,
    0x98, 0x00, 0xC7, 0x0F, 0xBB, 0x04, 0xBE, 0x04, 0xEE, 0x0F, 0xC0, 0x00, 0x40, 0x00, 0x00, 0x00,
    0xC8, 0x04, 0xFF, 0x0F, 0xFF, 0x03, 0x3C, 0x00, 0xF8, 0x07, 0xEE, 0x0F, 0xC3, 0x08, 0x4C, 0x08,
    0x58, 0x0C, 0x30, 0x06, 0x10, 0x00, 0x00, 0x00, 0x74, 0x03, 0x1E, 0x01, 0xF7, 0x0F, 0xA4, 0x00,
    0xB4, 0x00, 0xEC, 0x07, 0x87, 0x0C, 0xC6, 0x08, 0x58, 0x0C, 0x10, 0x06, 0x10, 0x00, 0x00, 0x00,
    0x30, 0x00, 0xFC, 0x0F, 0x67, 0x00, 0x30, 0x00, 0xFC, 0x07, 0xA7, 0x0C, 0xC3, 0x08, 0x6C, 0x08,
    0x58, 0x0C, 0x30, 0x07, 0x10, 0x00, 0x00, 0x00, 0x20, 0x00, 0x10, 0x00, 0xF8, 0x07, 0xEE, 0x0F,
    0x83, 0x08, 0x86, 0x08, 0xCC, 0x0C, 0x58, 0x0C, 0x30, 0x0E, 0x30, 0x00, 0x00, 0x00, 0x00, 0x00,
    0x30, 0x0F, 0xE6, 0x0F, 0x7E, 0x00, 0x30, 0x00, 0xFC, 0x07, 0x87, 0x0C, 0x86, 0x08, 0x4C, 0x08,
    0x50, 0x0C, 0x30, 0x04, 0x00, 0x00, 0x00, 0x00, 0xB8, 0x05, 0xF6, 0x04, 0xBA, 0x02, 0xB8, 0x02,
    0xF8, 0x03, 0xEE, 0x0F, 0x83, 0x08, 0xCC, 0x08, 0x58, 0x0C, 0x30, 0x04, 0x00, 0x00, 0x00, 0x00,
    0x10, 0x00, 0xF2, 0x0F, 0x36, 0x06, 0x20, 0x01, 0x18, 0x00, 0xEE, 0x0F, 0x83, 0x0C, 0xCE, 0x0C,
    0x58, 0x0C, 0x10, 0x06, 0x10, 0x00, 0x00, 0x00, 0x00, 0x0A, 0x78, 0x0A, 0x28, 0x09, 0xFF, 0x0B,
    0xE8, 0x06, 0xA8, 0x04, 0xBF, 0x02, 0xA8, 0x03, 0xF8, 0x01, 0x02, 0x00, 0x00, 0x00, 0x00, 0x00,
    0xFC, 0x04, 0xFF, 0x07, 0x7C, 0x03, 0x7C, 0x07, 0xFE, 0x07, 0xF6, 0x03, 0xFE, 0x0D, 0x5E, 0x07,
    0xF6, 0x02, 0x9E, 0x07, 0x00, 0x04, 0x00, 0x00, 0x1E, 0x09, 0x9E, 0x01, 0xC2, 0x04, 0xFE, 0x04,
    0xB2, 0x07, 0x0A, 0x03, 0x8E, 0x01, 0xC2, 0x00, 0x7E, 0x00, 0x02, 0x00, 0x00, 0x00, 0x00, 0x00,
    0x22, 0x04, 0xE6, 0x03, 0x20, 0x06, 0x9F, 0x04, 0x5A, 0x0E, 0xFE, 0x0F, 0xB2, 0x0D, 0xAE, 0x0C,
    0x7A, 0x0C, 0x3E, 0x0C, 0x00, 0x04, 0x00, 0x00, 0x58, 0x00, 0xF7, 0x0F, 0x55, 0x0E, 0x54, 0x0A,
    0x9E, 0x09, 0xD2, 0x04, 0xFE, 0x07, 0x52, 0x03, 0xDE, 0x01, 0xFE, 0x00, 0x4E, 0x00, 0x00, 0x00,
    0x0C, 0x0A, 0x7E, 0x09, 0xAF, 0x09, 0xFE, 0x07, 0xFA, 0x06, 0xAE, 0x06, 0xBB, 0x02, 0xAE, 0x01,
    0xFA, 0x00, 0x02, 0x00, 0x00, 0x00, 0x00, 0x00, 0x72, 0x01, 0x7E, 0x05, 0xFE, 0x06, 0xC6, 0x07,
    0x9E, 0x06, 0xFE, 0x07, 0xFE, 0x0C, 0xDE, 0x0F, 0xF4, 0x00, 0xBF, 0x06, 0x00, 0x04, 0x00, 0x00,
    0x40, 0x00, 0xFB, 0x0F, 0xFE, 0x00, 0xE0, 0x04, 0x7E, 0x03, 0xEA, 0x01, 0xFE, 0x0F, 0xEA, 0x01,
    0x7E, 0x03, 0x7E, 0x06, 0x40, 0x04, 0x00, 0x00, 0x62, 0x07, 0xDA, 0x0F, 0x7E, 0x00, 0x67, 0x01,
    0xBA, 0x0F, 0xFA, 0x01, 0x7F, 0x01, 0xF2, 0x0F, 0x92, 0x0F, 0x82, 0x01, 0x00, 0x00, 0x00, 0x00,
    0x90, 0x07, 0xE6, 0x07, 0xBC, 0x00, 0xD8, 0x00, 0xCE, 0x0F, 0xBF, 0x04, 0xB4, 0x04, 0xAC, 0x04,
    0xC6, 0x0F, 0x40, 0x00, 0x40, 0x00, 0x00, 0x00, 0x7E, 0x01, 0x4E, 0x0D, 0xFE, 0x0E, 0xCE, 0x03,
    0x98, 0x00, 0xCE, 0x0F, 0xFF, 0x04, 0xBC, 0x04, 0xEE, 0x0F, 0xC4, 0x00, 0x40, 0x00, 0x00, 0x00,
    0xDC, 0x02, 0xF7, 0x02, 0xDC, 0x03, 0x98, 0x00, 0xCC, 0x0F, 0xEF, 0x04, 0xB4, 0x04, 0xBC, 0x04,
    0xE6, 0x0F, 0x40, 0x00, 0x40, 0x00, 0x00, 0x00, 0x88, 0x00, 0xFF, 0x07, 0x8B, 0x03, 0xFC, 0x07,
    0x02, 0x01, 0x7E, 0x01, 0x42, 0x01, 0x42, 0x05, 0x7E, 0x0D, 0xC2, 0x07, 0x40, 0x00, 0x00, 0x00,
    0xFE, 0x07, 0x3C, 0x03, 0xF4, 0x01, 0xFC, 0x0F, 0xD5, 0x02, 0x97, 0x01, 0xF4, 0x00, 0xFC, 0x0F,
    0xF4, 0x01, 0x16, 0x03, 0x00, 0x02, 0x00, 0x00, 0x22, 0x02, 0xFE, 0x03, 0xFE, 0x01, 0x22, 0x01,
    0x42, 0x01, 0x7E, 0x01, 0x42, 0x01, 0x62, 0x05, 0x7E, 0x0D, 0xC0, 0x07, 0x40, 0x00, 0x00, 0x00,
    0xE2, 0x04, 0xFE, 0x07, 0x26, 0x02, 0xF2, 0x03, 0x02, 0x01, 0x7E, 0x01, 0x46, 0x01, 0x42, 0x05,
    0x7E, 0x0D, 0xC2, 0x07, 0xC0, 0x00, 0x00, 0x00, 0xFC, 0x04, 0xFE, 0x03, 0xFF, 0x03, 0xFC, 0x07,
    0x02, 0x07, 0x7E, 0x01, 0x42, 0x01, 0x42, 0x05, 0x7E, 0x0D, 0xC2, 0x07, 0x40, 0x00, 0x00, 0x00,
    0x00, 0x01, 0x02, 0x01, 0x7E, 0x01, 0x4E, 0x01, 0x40, 0x01, 0x40, 0x01, 0x70, 0x05, 0x7E, 0x0D,
    0x42, 0x0F, 0xE0, 0x03, 0x00, 0x00, 0x00, 0x00, 0x00, 0x02, 0x1E, 0x02, 0x9E, 0x02, 0xF0, 0x02,
    0x9F, 0x02, 0x90, 0x02, 0x9F, 0x02, 0xF0, 0x0E, 0xBE, 0x0C, 0x8F, 0x07, 0x00, 0x00, 0x00, 0x00,
    0xFC, 0x01, 0xFE, 0x04, 0xE4, 0x03, 0xFE, 0x03, 0xFC, 0x0F, 0xFD, 0x07, 0xD3, 0x00, 0xFC, 0x0F,
    0xF4, 0x00, 0x12, 0x03, 0x00, 0x00, 0x00, 0x00, 0xFE, 0x03, 0x82, 0x00, 0xFE, 0x01, 0x02, 0x01,
    0x62, 0x01, 0x7E, 0x01, 0x42, 0x01, 0x62, 0x05, 0x7E, 0x0D, 0xC2, 0x07, 0x40, 0x00, 0x00, 0x00,
    0x10, 0x02, 0xFE, 0x03, 0x10, 0x09, 0x10, 0x09, 0xFE, 0x09, 0x42, 0x09, 0xFE, 0x0F, 0x5A, 0x0B,
    0x7E, 0x09, 0x7E, 0x0D, 0x00, 0x08, 0x00, 0x00, 0x80, 0x08, 0x92, 0x0C, 0xE6, 0x04, 0x8E, 0x06,
    0x82, 0x03, 0xFE, 0x01, 0x8E, 0x03, 0x82, 0x02, 0x86, 0x06, 0xC2, 0x0C, 0x00, 0x00, 0x00, 0x00,
    0x24, 0x0A, 0x2C, 0x0B, 0xA4, 0x09, 0xE4, 0x04, 0xFE, 0x07, 0xBF, 0x06, 0xA4, 0x07, 0xEC, 0x04,
    0x2C, 0x0C, 0x36, 0x0C, 0x00, 0x00, 0x00, 0x00, 0x10, 0x09, 0x04, 0x09, 0xD4, 0x05, 0xB4, 0x07,
    0x3F, 0x03, 0xFF, 0x03, 0x74, 0x03, 0x04, 0x07, 0x36, 0x05, 0x98, 0x09, 0x00, 0x00, 0x00, 0x00,
    0x20, 0x04, 0xF6, 0x03, 0x22, 0x06, 0x02, 0x05, 0xE2, 0x05, 0x7E, 0x04, 0x02, 0x0D, 0x02, 0x0F,
    0xFA, 0x0D, 0x03, 0x04, 0x00, 0x04, 0x00, 0x00, 0xFE, 0x07, 0xD2, 0x04, 0xFE, 0x0F, 0x36, 0x06,
    0xA8, 0x03, 0xF8, 0x04, 0xFD, 0x0F, 0xFA, 0x07, 0xF0, 0x01, 0x18, 0x07, 0x00, 0x02, 0x00, 0x00,
    0xFE, 0x07, 0x92, 0x00, 0xFE, 0x07, 0xD4, 0x0F, 0xD4, 0x07, 0xFF, 0x01, 0xD4, 0x03, 0xFF, 0x05,
    0x54, 0x0F, 0xFE, 0x0F, 0x00, 0x00, 0x00, 0x00, 0x1C, 0x00, 0xF7, 0x0F, 0x0C, 0x0A, 0xFC, 0x09,
    0xDE, 0x0D, 0x7E, 0x07, 0x5C, 0x06, 0x7C, 0x07, 0xDE, 0x0D, 0xF0, 0x0C, 0x00, 0x00, 0x00, 0x00,
    0x24, 0x0C, 0xDC, 0x0F, 0xCC, 0x0F, 0x3C, 0x05, 0xE7, 0x07, 0xE6, 0x07, 0x3C, 0x05, 0xCC, 0x07,
    0xDC, 0x07, 0x36, 0x0C, 0x00, 0x00, 0x00, 0x00, 0x98, 0x07, 0xF6, 0x07, 0x1C, 0x00, 0xF4, 0x0F,
    0xFE, 0x03, 0xFF, 0x00, 0xF0, 0x03, 0xFF, 0x05, 0xF0, 0x0F, 0xFA, 0x07, 0x00, 0x00, 0x00, 0x00,
    0xC2, 0x09, 0xC2, 0x09, 0xFE, 0x09, 0xFF, 0x07, 0xFA, 0x07, 0xFA, 0x07, 0xFF, 0x07, 0xFE, 0x05,
    0xC2, 0x0D, 0x42, 0x0C, 0x00, 0x00, 0x00, 0x00, 0xF0, 0x08, 0xF0, 0x08, 0x5F, 0x09, 0x7C, 0x05,
    0x5C, 0x06, 0x5C, 0x07, 0x7C, 0x07, 0xDF, 0x05, 0x70, 0x0C, 0x70, 0x0C, 0x00, 0x00, 0x00, 0x00,
    0x18, 0x00, 0xFF, 0x0F, 0x08, 0x08, 0xF0, 0x08, 0x5E, 0x09, 0x7E, 0x07, 0x5E, 0x07, 0x7E, 0x07,
    0xDE, 0x0D, 0x70, 0x0C, 0x00, 0x00, 0x00, 0x00, 0x99, 0x07, 0xF3, 0x0F, 0x1C, 0x08, 0xF0, 0x09,
    0x7F, 0x05, 0x7C, 0x07, 0x5C, 0x07, 0xFE, 0x07, 0xFF, 0x0D, 0x70, 0x0C, 0x00, 0x00, 0x00, 0x00,
    0x10, 0x00, 0xF7, 0x0F, 0x02, 0x0B, 0xF0, 0x08, 0x5F, 0x05, 0x7E, 0x07, 0x5C, 0x06, 0x7C, 0x07,
    0xDF, 0x05, 0x70, 0x0C, 0x00, 0x04, 0x00, 0x00, 0x44, 0x00, 0x44, 0x04, 0xCE, 0x0F, 0x4F, 0x00,
    0x5C, 0x00, 0x74, 0x00, 0x5F, 0x00, 0x44, 0x00, 0x44, 0x04, 0x66, 0x04, 0x04, 0x00, 0x00, 0x00,
    0x60, 0x0E, 0xD8, 0x0F, 0x7E, 0x00, 0x3F, 0x00, 0xE0, 0x0F, 0x20, 0x00, 0x3F, 0x00, 0x26, 0x00,
    0x20, 0x04, 0x22, 0x04, 0x00, 0x00, 0x00, 0x00, 0x00, 0x00, 0xFC, 0x0F, 0xFC, 0x0F, 0xB0, 0x05,
    0xB3, 0x05, 0xB2, 0x05, 0xB0, 0x05, 0xF8, 0x0F, 0xF8, 0x07, 0x02, 0x00, 0x00, 0x00, 0x00, 0x00,
    0xF8, 0x07, 0xFE, 0x03, 0x0E, 0x02, 0x08, 0x02, 0xFE, 0x0F, 0x4A, 0x04, 0x5A, 0x02, 0xFA, 0x03,
    0x5E, 0x06, 0x6E, 0x0C, 0x00, 0x0E, 0x00, 0x00, 0x38, 0x00, 0xFF, 0x0F, 0x18, 0x00, 0x18, 0x00,
    0xF8, 0x07, 0x08, 0x04, 0x0E, 0x04, 0x08, 0x04, 0x08, 0x04, 0x0C, 0x04, 0x08, 0x00, 0x00, 0x00,
    0x92, 0x08, 0x52, 0x05, 0x32, 0x07, 0xFF, 0x03, 0x1E, 0x01, 0x12, 0x01, 0xFF, 0x0F, 0x7A, 0x01,
    0x52, 0x01, 0x52, 0x01, 0x02, 0x00, 0x00, 0x00, 0x9A, 0x04, 0x6C, 0x0C, 0xFE, 0x07, 0x06, 0x00,
    0xE4, 0x0F, 0x3F, 0x05, 0xE4, 0x07, 0x3E, 0x05, 0xEC, 0x07, 0xE4, 0x07, 0x04, 0x00, 0x00, 0x00,
    0x42, 0x04, 0x4A, 0x02, 0x4A, 0x03, 0xDF, 0x05, 0xFA, 0x0C, 0xEA, 0x0F, 0x5F, 0x00, 0x5A, 0x00,
    0xCA, 0x00, 0x42, 0x00, 0x00, 0x00, 0x00, 0x00, 0x18, 0x00, 0xFF, 0x0F, 0xD7, 0x06, 0x54, 0x02,
    0xE4, 0x0F, 0x3E, 0x05, 0xFE, 0x07, 0xEC, 0x07, 0x3F, 0x05, 0xE4, 0x0F, 0x04, 0x00, 0x00, 0x00,
    0x84, 0x00, 0xA4, 0x00, 0x84, 0x00, 0x94, 0x00, 0xFE, 0x07, 0x92, 0x0C, 0x12, 0x0C, 0x52, 0x0C,
    0x50, 0x0C, 0x40, 0x07, 0x00, 0x04, 0x00, 0x00, 0x10, 0x02, 0x10, 0x01, 0x92, 0x01, 0xF6, 0x04,
    0x3E, 0x0C, 0xFE, 0x07, 0x16, 0x00, 0x52, 0x00, 0x32, 0x00, 0x30, 0x00, 0x00, 0x00, 0x00, 0x00,
    0x5C, 0x00, 0xF7, 0x0F, 0x54, 0x06, 0x54, 0x0B, 0xFE, 0x05, 0x82, 0x07, 0xFB, 0x01, 0xFE, 0x0F,
    0x02, 0x01, 0xFE, 0x03, 0x00, 0x00, 0x00, 0x00, 0x80, 0x08, 0xFE, 0x05, 0xC2, 0x06, 0xFA, 0x03,
    0x3B, 0x00, 0x02, 0x04, 0xFE, 0x0F, 0x00, 0x01, 0xFE, 0x03, 0xFE, 0x01, 0x00, 0x00, 0x00, 0x00,
    0x02, 0x04, 0xF2, 0x03, 0x22, 0x04, 0x2F, 0x04, 0x2A, 0x06, 0xFA, 0x03, 0xAF, 0x03, 0xFE, 0x06,
    0x72, 0x04, 0x32, 0x0C, 0x00, 0x04, 0x00, 0x00, 0x00, 0x00, 0x3E, 0x00, 0xF6, 0x0F, 0xB6, 0x05,
    0xB6, 0x05, 0xB6, 0x05, 0xB6, 0x05, 0xFE, 0x0F, 0x3E, 0x00, 0x02, 0x00, 0x00, 0x00, 0x00, 0x00,
    0xFC, 0x01, 0xFF, 0x0F, 0x0C, 0x01, 0xFC, 0x01, 0xFE, 0x0F, 0xD6, 0x0F, 0x96, 0x06, 0x96, 0x06,
    0xF6, 0x0F, 0xFE, 0x0F, 0x00, 0x00, 0x00, 0x00, 0xA4, 0x02, 0x7E, 0x05, 0xFE, 0x0D, 0xCD, 0x0F,
    0x0C, 0x08, 0xFC, 0x06, 0xD6, 0x03, 0xD7, 0x07, 0xD4, 0x0F, 0x7E, 0x0C, 0x00, 0x06, 0x00, 0x00,
    0x1E, 0x08, 0x1E, 0x08, 0xEA, 0x07, 0x2D, 0x04, 0xF9, 0x03, 0xFA, 0x02, 0x2E, 0x02, 0xF2, 0x07,
    0x7E, 0x05, 0x0E, 0x0C, 0x00, 0x00, 0x00, 0x00, 0xC0, 0x00, 0x60, 0x04, 0x30, 0x06, 0x18, 0x07,
    0x8E, 0x05, 0xC6, 0x04, 0x30, 0x04, 0x90, 0x01, 0x00, 0x07, 0x00, 0x0E, 0x00, 0x00, 0x00, 0x00,
    0x22, 0x02, 0xFE, 0x03, 0xFE, 0x09, 0x32, 0x09, 0x72, 0x05, 0x1E, 0x06, 0xCB, 0x03, 0xE8, 0x03,
    0x78, 0x06, 0x0C, 0x0C, 0x00, 0x04, 0x00, 0x00, 0xC8, 0x00, 0xFE, 0x0F, 0xFF, 0x0F, 0x68, 0x08,
    0x68, 0x08, 0x7E, 0x04, 0xCF, 0x03, 0xE8, 0x03, 0x78, 0x06, 0x0C, 0x0C, 0x00, 0x00, 0x00, 0x00,
    0x68, 0x00, 0xFF, 0x0F, 0x3C, 0x00, 0x7C, 0x02, 0xFC, 0x03, 0x5F, 0x02, 0xFC, 0x07, 0x4C, 0x0E,
    0xFC, 0x07, 0x46, 0x02, 0x40, 0x00, 0x00, 0x00, 0xFA, 0x07, 0x3E, 0x05, 0x7E, 0x05, 0xFA, 0x07,
    0x5A, 0x02, 0xFE, 0x03, 0xD7, 0x03, 0x64, 0x0F, 0xFC, 0x0F, 0x4E, 0x02, 0x40, 0x00, 0x00, 0x00,
    0x8C, 0x01, 0x46, 0x07, 0xFC, 0x07, 0x7C, 0x05, 0xFE, 0x07, 0xFE, 0x07, 0x7C, 0x0D, 0xFD, 0x0F,
    0x3D, 0x07, 0xA4, 0x07, 0x00, 0x00, 0x00, 0x00, 0x30, 0x06, 0xFF, 0x01, 0x18, 0x0B, 0x8C, 0x06,
    0xBF, 0x02, 0xBF, 0x01, 0xE4, 0x0F, 0xBC, 0x01, 0xBF, 0x06, 0x86, 0x04, 0x84, 0x04, 0x00, 0x00,
    0x18, 0x05, 0xF2, 0x0F, 0x3E, 0x08, 0x20, 0x08, 0x3E, 0x04, 0xA2, 0x07, 0x22, 0x03, 0xFE, 0x07,
    0x38, 0x0C, 0x18, 0x0C, 0x10, 0x04, 0x00, 0x00, 0x00, 0x06, 0xFE, 0x01, 0x0A, 0x00, 0xFA, 0x0F,
    0xAA, 0x05, 0xAE, 0x05, 0xAA, 0x05, 0xAA, 0x05, 0xFF, 0x0F, 0x0E, 0x00, 0x00, 0x00, 0x00, 0x00,
    0xE8, 0x06, 0xBF, 0x03, 0xF8, 0x0B, 0x8C, 0x06, 0xFF, 0x03, 0xBE, 0x01, 0xEC, 0x0F, 0xAC, 0x01,
    0xBF, 0x06, 0x86, 0x04, 0x80, 0x04, 0x00, 0x00, 0x58, 0x00, 0xF7, 0x07, 0x55, 0x0E, 0x54, 0x0A,
    0x04, 0x04, 0x17, 0x07, 0xFE, 0x03, 0xF6, 0x03, 0x9D, 0x04, 0xA6, 0x0C, 0x20, 0x04, 0x00, 0x00,
    0x50, 0x00, 0xCC, 0x03, 0xFF, 0x03, 0x4B, 0x02, 0xDA, 0x02, 0xFA, 0x07, 0x4A, 0x0E, 0xFA, 0x07,
    0xFA, 0x02, 0x62, 0x03, 0x40, 0x00, 0x00, 0x00, 0x44, 0x09, 0x14, 0x08, 0x15, 0x04, 0x16, 0x07,
    0xFC, 0x01, 0xFC, 0x01, 0x17, 0x07, 0x15, 0x04, 0x9C, 0x0C, 0x24, 0x0C, 0x00, 0x00, 0x00, 0x00,
    0xFE, 0x07, 0x20, 0x00, 0xFE, 0x07, 0x24, 0x03, 0xA4, 0x01, 0xE4, 0x00, 0xFF, 0x0F, 0xE4, 0x00,
    0x24, 0x03, 0x34, 0x06, 0x20, 0x00, 0x00, 0x00, 0x8C, 0x04, 0xBA, 0x03, 0xA2, 0x00, 0xFE, 0x0F,
    0x53, 0x02, 0xD3, 0x01, 0xFE, 0x0F, 0xD2, 0x01, 0x56, 0x03, 0x56, 0x06, 0x00, 0x00, 0x00, 0x00,
    0xE8, 0x04, 0x3F, 0x03, 0xFA, 0x07, 0x38, 0x06, 0x24, 0x03, 0xE4, 0x00, 0xFF, 0x0F, 0xE4, 0x00,
    0xA4, 0x03, 0x34, 0x06, 0x20, 0x02, 0x00, 0x00, 0xC8, 0x04, 0xFF, 0x03, 0xEB, 0x0B, 0x7C, 0x06,
    0xFE, 0x03, 0xFE, 0x0C, 0xEA, 0x0F, 0xAE, 0x04, 0xAA, 0x04, 0xFE, 0x0F, 0x02, 0x00, 0x00, 0x00,
    0xF8, 0x0F, 0xF8, 0x0F, 0x06, 0x00, 0x00, 0x00, 0x02, 0x00, 0x02, 0x00, 0x02, 0x00, 0x02, 0x04,
    0xFE, 0x0F, 0xFE, 0x07, 0x00, 0x00, 0x00, 0x00, 0xFC, 0x0F, 0xF9, 0x07, 0xC6, 0x00, 0xE0, 0x00,
    0xEA, 0x03, 0x1A, 0x03, 0xE2, 0x03, 0xC2, 0x04, 0xC2, 0x0C, 0xFE, 0x07, 0x00, 0x00, 0x00, 0x00,
    0x30, 0x00, 0xFE, 0x0F, 0x07, 0x00, 0xF8, 0x0F, 0xFA, 0x07, 0x06, 0x00, 0x00, 0x00, 0x02, 0x00,
    0x02, 0x0C, 0xFE, 0x0F, 0x00, 0x00, 0x00, 0x00, 0xF4, 0x07, 0xF0, 0x03, 0x54, 0x08, 0xFF, 0x0F,
    0x00, 0x06, 0xF8, 0x03, 0x5F, 0x05, 0x54, 0x0D, 0xF8, 0x0F, 0x02, 0x00, 0x00, 0x00, 0x00, 0x00,
    0x3A, 0x0B, 0x8A, 0x06, 0x9A, 0x07, 0xDF, 0x07, 0xDA, 0x0D, 0x9A, 0x07, 0x9F, 0x01, 0xDA, 0x02,
    0x7A, 0x04, 0x0A, 0x04, 0x00, 0x00, 0x00, 0x00, 0x68, 0x00, 0xFF, 0x0F, 0x6C, 0x04, 0xFE, 0x06,
    0xBA, 0x07, 0xFF, 0x07, 0xFA, 0x0F, 0xBF, 0x07, 0xFA, 0x03, 0x7E, 0x06, 0x0A, 0x04, 0x00, 0x00,
    0x3E, 0x00, 0xBE, 0x07, 0x8A, 0x00, 0xBE, 0x07, 0x62, 0x05, 0x3F, 0x07, 0x16, 0x07, 0x54, 0x01,
    0xFE, 0x07, 0x7E, 0x04, 0x00, 0x04, 0x00, 0x00, 0x9C, 0x00, 0xF7, 0x0F, 0x94, 0x06, 0xD4, 0x08,
    0x92, 0x0F, 0xD2, 0x0F, 0xFE, 0x0F, 0xBE, 0x0F, 0x92, 0x0F, 0x9A, 0x0F, 0x00, 0x0C, 0x00, 0x00,
    0x8A, 0x04, 0x6E, 0x04, 0xFE, 0x07, 0x0B, 0x04, 0x8A, 0x07, 0xCA, 0x07, 0xFE, 0x04, 0x8E, 0x07,
    0x8A, 0x07, 0x8A, 0x04, 0x00, 0x00, 0x00, 0x00, 0x24, 0x0A, 0x1C, 0x0B, 0xFF, 0x09, 0xDE, 0x05,
    0xF4, 0x07, 0x9C, 0x06, 0xBE, 0x03, 0xBE, 0x01, 0x9C, 0x00, 0x34, 0x00, 0x00, 0x00, 0x00, 0x00,
    0x10, 0x08, 0x82, 0x07, 0x82, 0x04, 0xA2, 0x07, 0xFA, 0x07, 0xFE, 0x04, 0x86, 0x07, 0x82, 0x00,
    0xC2, 0x07, 0x08, 0x04, 0x00, 0x00, 0x00, 0x00, 0xFE, 0x07, 0x52, 0x02, 0xFE, 0x07, 0x32, 0x03,
    0x9C, 0x01, 0xF8, 0x00, 0xFF, 0x0F, 0xF8, 0x00, 0x8C, 0x01, 0x16, 0x03, 0x10, 0x02, 0x00, 0x00,
    0xFA, 0x0F, 0x3E, 0x05, 0x7E, 0x05, 0xFA, 0x07, 0x2E, 0x0C, 0xE8, 0x07, 0xEE, 0x04, 0xFE, 0x0F,
    0xFE, 0x0F, 0x9E, 0x0D, 0x00, 0x00, 0x00, 0x00, 0xFE, 0x07, 0xFE, 0x00, 0x9A, 0x01, 0xBE, 0x01,
    0xFA, 0x0F, 0x3B, 0x00, 0xDA, 0x0F, 0xBE, 0x01, 0xBA, 0x01, 0xEE, 0x03, 0x00, 0x00, 0x00, 0x00,
    0x80, 0x07, 0xFE, 0x09, 0x3A, 0x05, 0xFE, 0x07, 0x1E, 0x03, 0xEB, 0x0F, 0x1A, 0x01, 0xFE, 0x07,
    0x3A, 0x05, 0x2A, 0x0D, 0x00, 0x00, 0x00, 0x00, 0x20, 0x0C, 0xE6, 0x07, 0x64, 0x07, 0x12, 0x05,
    0xDC, 0x0C, 0x30, 0x0C, 0xFF, 0x0F, 0x58, 0x0C, 0xD6, 0x0C, 0x9A, 0x0D, 0x00, 0x04, 0x00, 0x00,
    0x30, 0x06, 0xF6, 0x07, 0x20, 0x0D, 0xEE, 0x07, 0x20, 0x07, 0xDE, 0x0D, 0x78, 0x0C, 0xFF, 0x0F,
    0x6C, 0x08, 0x96, 0x0D, 0x00, 0x00, 0x00, 0x00, 0x7A, 0x04, 0x52, 0x0C, 0xDE, 0x07, 0x7E, 0x02,
    0x98, 0x01, 0xCF, 0x04, 0xFD, 0x0F, 0xF4, 0x07, 0xDC, 0x00, 0x8C, 0x03, 0x00, 0x02, 0x00, 0x00,
    0x20, 0x06, 0x26, 0x03, 0xBC, 0x01, 0xE8, 0x00, 0xFE, 0x0F, 0xFE, 0x0F, 0xF8, 0x00, 0xAC, 0x01,
    0x26, 0x03, 0x30, 0x06, 0x00, 0x00, 0x00, 0x00, 0xD2, 0x01, 0xF6, 0x00, 0xFE, 0x0F, 0x7B, 0x09,
    0xD0, 0x05, 0xF8, 0x07, 0x8E, 0x0D, 0xF4, 0x0C, 0x3E, 0x0C, 0xE2, 0x07, 0xC0, 0x00, 0x00, 0x00,
    0x00, 0x08, 0xF2, 0x0D, 0xFE, 0x05, 0x1A, 0x03, 0xF6, 0x01, 0x9E, 0x07, 0x1B, 0x0C, 0xFF, 0x0D,
    0xF7, 0x0D, 0x00, 0x06, 0x00, 0x04, 0x00, 0x00, 0x18, 0x05, 0xF2, 0x0F, 0x76, 0x08, 0xE4, 0x05,
    0x00, 0x06, 0xFC, 0x07, 0xC6, 0x0D, 0x74, 0x0C, 0x1E, 0x06, 0xE6, 0x07, 0x80, 0x01, 0x00, 0x00,
    0x0C, 0x04, 0x7E, 0x0C, 0xC2, 0x07, 0xBA, 0x06, 0xFF, 0x07, 0xFB, 0x07, 0xAA, 0x06, 0xBE, 0x06,
    0x9E, 0x07, 0x36, 0x0C, 0x00, 0x00, 0x00, 0x00, 0xEC, 0x00, 0xB6, 0x0F, 0xC0, 0x0F, 0xF0, 0x08,
    0xEF, 0x0F, 0xFE, 0x0F, 0xD8, 0x08, 0x68, 0x08, 0x3C, 0x0F, 0x66, 0x00, 0x00, 0x00, 0x00, 0x00,
    0x46, 0x01, 0xC2, 0x01, 0xFE, 0x07, 0x7C, 0x01, 0xFC, 0x0F, 0xDC, 0x07, 0x5C, 0x05, 0xFE, 0x07,
    0xC6, 0x01, 0x63, 0x01, 0x00, 0x01, 0x00, 0x00, 0xC8, 0x00, 0xFF, 0x0F, 0xFF, 0x07, 0x6C, 0x00,
    0xFE, 0x07, 0x3E, 0x00, 0xEB, 0x0F, 0xEA, 0x07, 0x3E, 0x04, 0xDE, 0x07, 0x00, 0x00, 0x00, 0x00,
    0xFE, 0x07, 0x92, 0x02, 0xFE, 0x07, 0x02, 0x04, 0xFE, 0x0F, 0x4A, 0x06, 0x7A, 0x02, 0xFA, 0x03,
    0x4E, 0x06, 0x6E, 0x0C, 0x00, 0x00, 0x00, 0x00, 0x98, 0x04, 0xDE, 0x06, 0xB3, 0x02, 0x98, 0x02,
    0xFE, 0x07, 0x7E, 0x00, 0xEB, 0x0F, 0xEA, 0x0F, 0x7A, 0x04, 0xFE, 0x07, 0x00, 0x00, 0x00, 0x00,
    0x80, 0x08, 0xFF, 0x09, 0xFC, 0x05, 0x7C, 0x07, 0xCC, 0x03, 0x6C, 0x07, 0x7E, 0x0D, 0x4E, 0x0D,
    0xCF, 0x0D, 0x00, 0x06, 0x00, 0x04, 0x00, 0x00, 0x10, 0x08, 0xF8, 0x08, 0xDC, 0x04, 0x97, 0x03,
    0xF3, 0x01, 0xFC, 0x07, 0x96, 0x0C, 0x10, 0x08, 0xF8, 0x08, 0x00, 0x0E, 0x00, 0x04, 0x00, 0x00,
    0x18, 0x08, 0xFE, 0x06, 0xF7, 0x03, 0xFC, 0x07, 0xFE, 0x0C, 0x50, 0x0A, 0xC8, 0x09, 0x7F, 0x0A,
    0x88, 0x0F, 0xF8, 0x0F, 0x00, 0x04, 0x00, 0x00, 0xE8, 0x04, 0x3F, 0x03, 0xE8, 0x0B, 0x38, 0x0E,
    0xF8, 0x04, 0x56, 0x03, 0xF3, 0x01, 0xDC, 0x07, 0x56, 0x0C, 0x78, 0x0C, 0x00, 0x06, 0x00, 0x00,
    0xDC, 0x05, 0xF7, 0x02, 0x98, 0x02, 0xFA, 0x0F, 0xFA, 0x0F, 0xFA, 0x07, 0x2E, 0x05, 0xFA, 0x07,
    0x0A, 0x04, 0xFB, 0x0F, 0x02, 0x00, 0x00, 0x00, 0x02, 0x00, 0xFA, 0x0F, 0x0A, 0x04, 0xFA, 0x07,
    0x2E, 0x04, 0xEA, 0x05, 0xFA, 0x07, 0x0A, 0x04, 0xFA, 0x07, 0x1B, 0x00, 0x00, 0x00, 0x00, 0x00,
    0x04, 0x00, 0xF4, 0x0F, 0x94, 0x04, 0x9F, 0x04, 0xF4, 0x07, 0xF4, 0x07, 0x9F, 0x04, 0x94, 0x04,
    0xF4, 0x07, 0x06, 0x00, 0x00, 0x00, 0x00, 0x00, 0x48, 0x04, 0xFF, 0x0F, 0x2C, 0x00, 0x24, 0x00,
    0xE4, 0x0F, 0xBF, 0x04, 0xE4, 0x07, 0xAF, 0x04, 0xBF, 0x05, 0xE4, 0x07, 0x04, 0x00, 0x00, 0x00,
    0xFE, 0x0F, 0x52, 0x02, 0xFE, 0x07, 0xFE, 0x03, 0xE4, 0x0F, 0xBF, 0x04, 0xE4, 0x07, 0xBE, 0x05,
    0xFE, 0x07, 0xE4, 0x07, 0x04, 0x00, 0x00, 0x00, 0x52, 0x05, 0xFA, 0x07, 0xFE, 0x0D, 0xB7, 0x0F,
    0xF2, 0x08, 0xF2, 0x07, 0xBF, 0x03, 0xBE, 0x0F, 0xF2, 0x08, 0xFA, 0x0C, 0x02, 0x04, 0x00, 0x00,
    0xD2, 0x00, 0xFE, 0x0F, 0xFE, 0x0F, 0xDB, 0x08, 0x78, 0x0C, 0x1C, 0x04, 0xFF, 0x06, 0xFF, 0x03,
    0xCC, 0x01, 0xD8, 0x00, 0x10, 0x00, 0x00, 0x00, 0x30, 0x07, 0xF6, 0x0F, 0x3C, 0x00, 0xFE, 0x0F,
    0x52, 0x0A, 0xFE, 0x0F, 0x38, 0x04, 0xFE, 0x02, 0xFF, 0x03, 0xD8, 0x00, 0x30, 0x00, 0x00, 0x00,
    0x00, 0x07, 0xFC, 0x01, 0x04, 0x00, 0xE4, 0x0F, 0xA4, 0x04, 0xFF, 0x07, 0xFC, 0x07, 0xA4, 0x04,
    0xE4, 0x0F, 0xE6, 0x0F, 0x00, 0x00, 0x00, 0x00, 0xC8, 0x04, 0xFE, 0x07, 0xCF, 0x03, 0xFC, 0x0E,
    0x60, 0x08, 0x38, 0x04, 0x08, 0x04, 0xFF, 0x03, 0x88, 0x01, 0xD8, 0x00, 0x30, 0x00, 0x00, 0x00,
    0x02, 0x04, 0xFA, 0x07, 0x2A, 0x09, 0x3F, 0x06, 0x2A, 0x04, 0xEA, 0x05, 0x3F, 0x07, 0xEA, 0x07,
    0xBA, 0x05, 0x42, 0x0C, 0x02, 0x08, 0x00, 0x00, 0x02, 0x08, 0x42, 0x04, 0x72, 0x04, 0x02, 0x03,
    0xFE, 0x01, 0x7E, 0x00, 0xC2, 0x01, 0x32, 0x03, 0x1A, 0x06, 0x02, 0x0C, 0x00, 0x00, 0x00, 0x00,
    0x00, 0x00, 0xFE, 0x0F, 0x4A, 0x04, 0x4A, 0x06, 0x5A, 0x02, 0xFA, 0x01, 0x4A, 0x03, 0x5A, 0x06,
    0x5E, 0x04, 0x60, 0x0E, 0x00, 0x00, 0x00, 0x00, 0xC8, 0x04, 0xFF, 0x0F, 0xFE, 0x03, 0x2C, 0x00,
    0xFE, 0x0F, 0x42, 0x04, 0x72, 0x02, 0xF2, 0x03, 0x5E, 0x06, 0x7E, 0x0C, 0x40, 0x0F, 0x00, 0x00,
    0x00, 0x04, 0xFE, 0x07, 0x04, 0x04, 0xFC, 0x07, 0x04, 0x04, 0xFC, 0x07, 0xFC, 0x07, 0x04, 0x04,
    0xFE, 0x07, 0x00, 0x04, 0x00, 0x04, 0x00, 0x00, 0xDC, 0x03, 0xFF, 0x02, 0xFC, 0x07, 0x6C, 0x0E,
    0xFC, 0x0F, 0x66, 0x0A, 0x7C, 0x06, 0xCF, 0x03, 0xF8, 0x07, 0x08, 0x0C, 0x08, 0x04, 0x00, 0x00,
    0x38, 0x00, 0xFF, 0x0F, 0x18, 0x00, 0xFC, 0x0F, 0x3C, 0x06, 0x36, 0x03, 0xDA, 0x01, 0xF2, 0x07,
    0x12, 0x0C, 0xFE, 0x0F, 0x00, 0x00, 0x00, 0x00, 0xFC, 0x0F, 0xFD, 0x07, 0xF2, 0x02, 0xF0, 0x02,
    0xFE, 0x03, 0xFE, 0x03, 0xF2, 0x03, 0x72, 0x07, 0x02, 0x0C, 0xFE, 0x07, 0x00, 0x00, 0x00, 0x00,
    0xFE, 0x03, 0xFE, 0x01, 0x92, 0x00, 0xFE, 0x09, 0x02, 0x06, 0xFE, 0x03, 0xDA, 0x00, 0x02, 0x04,
    0xDA, 0x0C, 0xFE, 0x07, 0x00, 0x00, 0x00, 0x00, 0xFC, 0x04, 0xFF, 0x03, 0xFC, 0x03, 0xFC, 0x0B,
    0x06, 0x05, 0xFA, 0x07, 0xDA, 0x03, 0xDA, 0x03, 0x7E, 0x07, 0x06, 0x0D, 0x02, 0x01, 0x00, 0x00,
    0xFE, 0x03, 0x80, 0x00, 0xFE, 0x01, 0x04, 0x01, 0xFE, 0x01, 0x7E, 0x01, 0x3F, 0x01, 0x64, 0x05,
    0x7E, 0x0D, 0xC4, 0x07, 0x40, 0x00, 0x00, 0x00, 0x58, 0x00, 0xF7, 0x0F, 0xD5, 0x06, 0x54, 0x03,
    0xD4, 0x01, 0xCC, 0x0F, 0xFF, 0x04, 0xF7, 0x04, 0x9C, 0x04, 0xCE, 0x0F, 0x04, 0x00, 0x00, 0x00,
    0x00, 0x00, 0x30, 0x01, 0x98, 0x00, 0x8E, 0x0F, 0xF7, 0x04, 0xA4, 0x04, 0x94, 0x04, 0x8C, 0x04,
    0xC6, 0x0F, 0x84, 0x07, 0x00, 0x00, 0x00, 0x00, 0x10, 0x00, 0xF8, 0x07, 0x1C, 0x02, 0xF6, 0x07,
    0x13, 0x00, 0xF3, 0x0F, 0x3C, 0x02, 0x28, 0x06, 0xF8, 0x03, 0x18, 0x00, 0x00, 0x00, 0x00, 0x00,
    0x10, 0x00, 0xF6, 0x07, 0x00, 0x03, 0x96, 0x09, 0x48, 0x0B, 0xFF, 0x0E, 0xF2, 0x05, 0x7E, 0x07,
    0x5E, 0x02, 0xDF, 0x00, 0x00, 0x00, 0x00, 0x00, 0x48, 0x04, 0xFF, 0x0F, 0x28, 0x09, 0x3C, 0x09,
    0xFC, 0x05, 0xEF, 0x03, 0xE4, 0x01, 0x6F, 0x03, 0xFC, 0x05, 0x86, 0x0D, 0x00, 0x01, 0x00, 0x00,
    0x42, 0x01, 0xC2, 0x01, 0xFE, 0x03, 0xFF, 0x01, 0xFA, 0x0F, 0xFA, 0x0F, 0xFF, 0x01, 0xFE, 0x01,
    0xC2, 0x03, 0xE2, 0x03, 0x40, 0x00, 0x00, 0x00, 0x82, 0x07, 0xFA, 0x05, 0x7A, 0x06, 0xFF, 0x0F,
    0xFA, 0x03, 0x5E, 0x02, 0xBF, 0x02, 0xFA, 0x06, 0xFA, 0x0F, 0xDE, 0x00, 0x42, 0x00, 0x00, 0x00,
    0xE8, 0x00, 0xFE, 0x0F, 0x6E, 0x09, 0x4C, 0x09, 0xFC, 0x0D, 0x2F, 0x07, 0xA4, 0x01, 0x2F, 0x03,
    0xFC, 0x05, 0x86, 0x0D, 0x00, 0x01, 0x00, 0x00, 0xFE, 0x03, 0x52, 0x04, 0xFE, 0x0F, 0x06, 0x09,
    0xFC, 0x05, 0x6F, 0x07, 0xEC, 0x01, 0x6F, 0x03, 0xFE, 0x05, 0x8E, 0x0D, 0x00, 0x01, 0x00, 0x00,
    0xFE, 0x07, 0xFE, 0x04, 0xAA, 0x02, 0xFE, 0x0F, 0xFB, 0x07, 0xAB, 0x04, 0x9A, 0x04, 0xFE, 0x04,
    0xBA, 0x0F, 0xEE, 0x00, 0x20, 0x00, 0x00, 0x00, 0xFE, 0x03, 0x7E, 0x00, 0x1A, 0x03, 0xFE, 0x03,
    0xBA, 0x0B, 0xBB, 0x0F, 0xDA, 0x03, 0x7E, 0x03, 0xFA, 0x03, 0x2A, 0x03, 0x20, 0x02, 0x00, 0x00,
    0x00, 0x07, 0xFE, 0x09, 0xFA, 0x09, 0xFE, 0x05, 0xFF, 0x03, 0xFB, 0x07, 0xDA, 0x0D, 0xFE, 0x0F,
    0xDA, 0x0F, 0x3E, 0x0C, 0x00, 0x00, 0x00, 0x00, 0xC8, 0x04, 0xFF, 0x0F, 0x2C, 0x00, 0x2C, 0x02,
    0x28, 0x01, 0xE0, 0x00, 0xFF, 0x0F, 0xEC, 0x00, 0xA0, 0x03, 0x24, 0x02, 0x00, 0x02, 0x00, 0x00,
    0x04, 0x04, 0x24, 0x02, 0xA4, 0x01, 0xE4, 0x00, 0xFF, 0x0F, 0xFF, 0x0F, 0xE4, 0x00, 0xA4, 0x01,
    0x34, 0x03, 0x06, 0x02, 0x00, 0x02, 0x00, 0x00, 0x00, 0x09, 0x00, 0x09, 0xF8, 0x05, 0x6F, 0x07,
    0xE8, 0x03, 0xE8, 0x01, 0x6F, 0x03, 0xFC, 0x05, 0x7A, 0x0D, 0x82, 0x05, 0x00, 0x01, 0x00, 0x00,
    0x40, 0x09, 0xFE, 0x0A, 0x6A, 0x0A, 0xEE, 0x0B, 0x7E, 0x0F, 0x7E, 0x0B, 0xEE, 0x0B, 0x6E, 0x0A,
    0xFE, 0x0B, 0x40, 0x0D, 0x00, 0x00, 0x00, 0x00, 0x7E, 0x07, 0x5E, 0x07, 0xFE, 0x07, 0xDE, 0x07,
    0xFE, 0x06, 0x12, 0x06, 0xF0, 0x01, 0x7F, 0x00, 0xD2, 0x03, 0x1C, 0x06, 0x10, 0x04, 0x00, 0x00,
    0x98, 0x07, 0xE6, 0x07, 0x30, 0x04, 0x24, 0x03, 0xE4, 0x01, 0x6C, 0x00, 0xFF, 0x0F, 0xE4, 0x00,
    0x24, 0x03, 0x24, 0x06, 0x00, 0x02, 0x00, 0x00, 0x98, 0x07, 0xF6, 0x0F, 0x1A, 0x09, 0xFA, 0x09,
    0x7E, 0x05, 0xEF, 0x03, 0xEA, 0x01, 0x6F, 0x07, 0xFA, 0x05, 0x82, 0x0D, 0x02, 0x01, 0x00, 0x00,
    0x0E, 0x0A, 0xEA, 0x09, 0xFA, 0x05, 0xFE, 0x06, 0xEB, 0x03, 0xFA, 0x02, 0xFE, 0x06, 0xFA, 0x0D,
    0x0E, 0x0D, 0x0A, 0x05, 0x00, 0x00, 0x00, 0x00, 0xFF, 0x0F, 0x12, 0x01, 0xFE, 0x01, 0xC2, 0x00,
    0xFA, 0x07, 0xDA, 0x04, 0x1E, 0x04, 0x12, 0x04, 0xFA, 0x07, 0xF3, 0x07, 0x02, 0x00, 0x00, 0x00,
    0x10, 0x00, 0xF6, 0x07, 0x04, 0x0A, 0x84, 0x04, 0xFF, 0x02, 0xBC, 0x01, 0xE4, 0x0F, 0xBE, 0x03,
    0xBF, 0x06, 0x86, 0x04, 0x84, 0x00, 0x00, 0x00, 0x80, 0x01, 0x68, 0x01, 0x7C, 0x01, 0x4E, 0x01,
    0xFB, 0x0F, 0xF9, 0x0F, 0x48, 0x01, 0x4E, 0x01, 0x6C, 0x01, 0x48, 0x01, 0x00, 0x01, 0x00, 0x00,
    0x84, 0x04, 0x84, 0x04, 0xBE, 0x02, 0xBF, 0x01, 0xEC, 0x0F, 0xEC, 0x0F, 0xBE, 0x01, 0xBF, 0x02,
    0x84, 0x06, 0xC6, 0x04, 0x00, 0x00, 0x00, 0x00, 0xC8, 0x04, 0xFF, 0x0F, 0x2C, 0x00, 0x3C, 0x02,
    0xFE, 0x03, 0x26, 0x02, 0xFE, 0x07, 0x22, 0x0E, 0xFE, 0x0F, 0x32, 0x03, 0x20, 0x00, 0x00, 0x00,
    0x9E, 0x01, 0x9C, 0x00, 0xFF, 0x0F, 0x48, 0x04, 0x10, 0x04, 0x10, 0x04, 0xFF, 0x07, 0xFF, 0x07,
    0x10, 0x04, 0x10, 0x04, 0x00, 0x04, 0x00, 0x00, 0x04, 0x00, 0xF4, 0x0F, 0x94, 0x04, 0x94, 0x04,
    0xF7, 0x07, 0xF6, 0x07, 0x94, 0x04, 0x94, 0x04, 0xF4, 0x0F, 0x06, 0x00, 0x04, 0x00, 0x00, 0x00,
    0xE8, 0x05, 0x7F, 0x07, 0xF8, 0x03, 0x38, 0x06, 0xFE, 0x03, 0x3E, 0x02, 0xEE, 0x02, 0xAA, 0x0A,
    0xFE, 0x0F, 0x32, 0x03, 0x20, 0x00, 0x00, 0x00, 0x20, 0x00, 0xF8, 0x03, 0x3E, 0x02, 0x22, 0x02,
    0xEE, 0x03, 0xBA, 0x06, 0x22, 0x0E, 0xFE, 0x07, 0x7E, 0x03, 0x30, 0x03, 0x00, 0x00, 0x00, 0x00,
    0x82, 0x0A, 0x82, 0x0A, 0xFA, 0x0B, 0xFF, 0x0A, 0xFA, 0x0F, 0xBA, 0x0F, 0xBF, 0x0A, 0xFE, 0x0B,
    0x82, 0x0B, 0xC2, 0x0E, 0x02, 0x02, 0x00, 0x00, 0x42, 0x01, 0x7A, 0x01, 0xFE, 0x0F, 0x7F, 0x03,
    0x7A, 0x03, 0x7A, 0x03, 0xFF, 0x0F, 0xFE, 0x0F, 0xC2, 0x01, 0x42, 0x01, 0x00, 0x00, 0x00, 0x00,
    0x42, 0x01, 0x42, 0x01, 0xFE, 0x07, 0x7F, 0x01, 0xFA, 0x0F, 0xFA, 0x07, 0x7F, 0x05, 0xFE, 0x0F,
    0xCA, 0x01, 0x42, 0x01, 0x40, 0x01, 0x00, 0x00, 0x42, 0x0B, 0x42, 0x09, 0xFA, 0x0F, 0xFF, 0x06,
    0xFA, 0x03, 0x7A, 0x04, 0x7F, 0x0E, 0xFE, 0x07, 0x4A, 0x01, 0x42, 0x01, 0x42, 0x01, 0x00, 0x00,
    0x02, 0x02, 0x42, 0x07, 0xFA, 0x07, 0xFF, 0x08, 0xFA, 0x0F, 0x3A, 0x02, 0xBF, 0x06, 0xFE, 0x07,
    0x4A, 0x07, 0x42, 0x03, 0x00, 0x00, 0x00, 0x00, 0x08, 0x02, 0x08, 0x01, 0xC8, 0x00, 0x78, 0x00,
    0xFF, 0x0F, 0xFF, 0x07, 0x78, 0x00, 0xC8, 0x00, 0x88, 0x01, 0x0C, 0x03, 0x00, 0x00, 0x00, 0x00,
    0x00, 0x00, 0xFE, 0x07, 0xFE, 0x07, 0x12, 0x00, 0x12, 0x00, 0x12, 0x00, 0x12, 0x00, 0xFE, 0x07,
    0xFE, 0x07, 0x00, 0x00, 0x00, 0x00, 0x00, 0x00, 0xFE, 0x0F, 0x52, 0x02, 0xFE, 0x07, 0xFE, 0x0B,
    0xD4, 0x09, 0x74, 0x09, 0xDF, 0x0F, 0x34, 0x09, 0x76, 0x09, 0xDC, 0x0D, 0x00, 0x00, 0x00, 0x00,
    0x9E, 0x01, 0x88, 0x00, 0xFF, 0x0F, 0x48, 0x08, 0x68, 0x08, 0x3E, 0x04, 0x8F, 0x03, 0xF8, 0x03,
    0x38, 0x06, 0x0C, 0x0C, 0x00, 0x00, 0x00, 0x00, 0xD2, 0x00, 0xFE, 0x0F, 0xFE, 0x0F, 0xCA, 0x09,
    0xDE, 0x0D, 0x7E, 0x0B, 0xF3, 0x07, 0xF2, 0x07, 0xFE, 0x07, 0x7E, 0x02, 0x40, 0x02, 0x00, 0x00,
    0x10, 0x02, 0x88, 0x02, 0xFC, 0x03, 0xBE, 0x03, 0xFB, 0x0F, 0xFA, 0x07, 0x7E, 0x03, 0xFC, 0x03,
    0x0C, 0x03, 0x08, 0x02, 0x00, 0x00, 0x00, 0x00, 0xFE, 0x03, 0x86, 0x08, 0xFE, 0x04, 0x52, 0x03,
    0xFE, 0x04, 0x52, 0x06, 0xFF, 0x03, 0xFE, 0x0F, 0x32, 0x03, 0xEE, 0x03, 0x82, 0x01, 0x00, 0x00,
    0xFE, 0x03, 0x84, 0x00, 0xFE, 0x01, 0x04, 0x00, 0xFC, 0x0F, 0x84, 0x00, 0x7F, 0x00, 0xCD, 0x04,
    0x84, 0x0C, 0xFC, 0x0F, 0x00, 0x00, 0x00, 0x00, 0x38, 0x00, 0xF7, 0x0F, 0xD4, 0x06, 0x54, 0x02,
    0xFC, 0x0F, 0xFC, 0x07, 0x7F, 0x00, 0x6F, 0x00, 0xC0, 0x0C, 0xFC, 0x0F, 0x00, 0x00, 0x00, 0x00,
    0x4A, 0x04, 0xCA, 0x03, 0xFE, 0x02, 0x48, 0x06, 0xFF, 0x07, 0x02, 0x00, 0xFF, 0x0F, 0x12, 0x01,
    0x3E, 0x03, 0xC7, 0x03, 0x00, 0x00, 0x00, 0x00, 0xF8, 0x04, 0xFF, 0x03, 0xF8, 0x0F, 0x9A, 0x07,
    0xFE, 0x04, 0xFE, 0x0F, 0xFE, 0x03, 0xFE, 0x0F, 0x3A, 0x02, 0xCE, 0x03, 0x80, 0x01, 0x00, 0x00,
    0xB8, 0x05, 0xF6, 0x06, 0xBA, 0x02, 0x88, 0x02, 0xFC, 0x0F, 0x88, 0x01, 0x7F, 0x00, 0xCF, 0x04,
    0x88, 0x0C, 0xFC, 0x0F, 0x00, 0x00, 0x00, 0x00, 0x18, 0x08, 0x36, 0x06, 0xF7, 0x03, 0x72, 0x00,
    0xF2, 0x0C, 0xF2, 0x0F, 0x92, 0x03, 0xFE, 0x01, 0xFE, 0x07, 0x02, 0x0C, 0x00, 0x0E, 0x00, 0x00,
    0x00, 0x04, 0x02, 0x02, 0xC2, 0x01, 0xFE, 0x00, 0x02, 0x00, 0x02, 0x00, 0x3A, 0x04, 0x0E, 0x0C,
    0xE2, 0x07, 0xF0, 0x00, 0x00, 0x00, 0x00, 0x00, 0x88, 0x04, 0xFE, 0x07, 0x8F, 0x0B, 0x7C, 0x07,
    0x02, 0x07, 0xFE, 0x01, 0x1E, 0x00, 0x32, 0x04, 0x3E, 0x0C, 0xE2, 0x07, 0x20, 0x00, 0x00, 0x00,
    0xF2, 0x07, 0xF2, 0x03, 0xFE, 0x03, 0xF2, 0x03, 0x12, 0x04, 0xFA, 0x07, 0x68, 0x00, 0xC8, 0x04,
    0xFF, 0x0F, 0x08, 0x00, 0x08, 0x00, 0x00, 0x00, 0x44, 0x04, 0x24, 0x03, 0xB4, 0x01, 0x2C, 0x04,
    0xA7, 0x0F, 0xA4, 0x07, 0x3C, 0x01, 0x54, 0x03, 0x76, 0x06, 0x24, 0x00, 0x00, 0x00, 0x00, 0x00,
    0x04, 0x00, 0xF4, 0x0F, 0x54, 0x01, 0x74, 0x01, 0xFF, 0x0F, 0xFF, 0x07, 0x74, 0x01, 0xD4, 0x0D,
    0xFC, 0x0F, 0xF6, 0x07, 0x00, 0x00, 0x00, 0x00, 0x80, 0x08, 0xBE, 0x0C, 0xBE, 0x04, 0xAA, 0x03,
    0xFE, 0x01, 0xBE, 0x04, 0xAA, 0x0C, 0xAA, 0x0E, 0xFE, 0x07, 0x80, 0x00, 0x00, 0x00, 0x00, 0x00,
    0x1C, 0x03, 0xE0, 0x00, 0xFE, 0x03, 0x14, 0x00, 0xFE, 0x0F, 0xA7, 0x04, 0xA5, 0x04, 0xFF, 0x07,
    0xA4, 0x04, 0xB4, 0x06, 0x00, 0x00, 0x00, 0x00, 0x32, 0x02, 0xD2, 0x05, 0xFE, 0x0F, 0xFE, 0x0B,
    0xBE, 0x0B, 0xFE, 0x07, 0xFE, 0x07, 0xFE, 0x0F, 0xF2, 0x0B, 0x12, 0x09, 0x10, 0x00, 0x00, 0x00,
    0xC8, 0x08, 0xFF, 0x0F, 0x6C, 0x08, 0xE8, 0x08, 0xA4, 0x07, 0xA7, 0x01, 0xBC, 0x07, 0xBC, 0x0F,
    0xEC, 0x08, 0x66, 0x0C, 0x00, 0x04, 0x00, 0x00, 0xFE, 0x03, 0x92, 0x04, 0xFE, 0x0F, 0x06, 0x04,
    0xF4, 0x07, 0x14, 0x07, 0xE7, 0x04, 0xFC, 0x07, 0x0C, 0x05, 0xF6, 0x0F, 0x04, 0x00, 0x00, 0x00,
    0x38, 0x00, 0xFF, 0x0F, 0xFE, 0x07, 0x1C, 0x04, 0xE4, 0x07, 0x14, 0x05, 0xE7, 0x04, 0xFC, 0x05,
    0x04, 0x05, 0xF4, 0x0F, 0x04, 0x00, 0x00, 0x00, 0xFC, 0x0F, 0xFC, 0x07, 0x56, 0x03, 0xF0, 0x03,
    0x76, 0x06, 0xFE, 0x07, 0x52, 0x03, 0xFA, 0x05, 0x1A, 0x0C, 0xFE, 0x07, 0x00, 0x00, 0x00, 0x00,
    0x18, 0x0F, 0xF6, 0x0F, 0x38, 0x01, 0xFC, 0x01, 0xF8, 0x00, 0xAF, 0x03, 0xAF, 0x0F, 0xA8, 0x00,
    0xFA, 0x00, 0x0A, 0x01, 0x00, 0x01, 0x00, 0x00, 0xFE, 0x01, 0x42, 0x08, 0xFE, 0x04, 0x00, 0x03,
    0xFE, 0x01, 0x0A, 0x00, 0xFA, 0x0F, 0x8A, 0x0C, 0xDE, 0x0C, 0x6A, 0x0E, 0x00, 0x00, 0x00, 0x00,
    0x1C, 0x00, 0xE7, 0x0F, 0x1C, 0x0A, 0x8C, 0x09, 0x9A, 0x09, 0xE2, 0x07, 0x7E, 0x06, 0x92, 0x07,
    0x9F, 0x0C, 0x4E, 0x0C, 0x00, 0x00, 0x00, 0x00, 0xFC, 0x0F, 0xF8, 0x07, 0x08, 0x01, 0xC8, 0x00,
    0x3F, 0x00, 0x6B, 0x00, 0xC8, 0x04, 0x88, 0x0C, 0xFC, 0x0F, 0x08, 0x00, 0x00, 0x00, 0x00, 0x00,
    0xF8, 0x04, 0x9F, 0x03, 0xF8, 0x07, 0xFC, 0x03, 0xFF, 0x0F, 0xFC, 0x09, 0x7C, 0x0D, 0xFE, 0x06,
    0xCB, 0x03, 0x78, 0x0C, 0x08, 0x00, 0x00, 0x00, 0xFC, 0x0F, 0xEE, 0x07, 0x4B, 0x05, 0xFE, 0x0F,
    0xFC, 0x07, 0xDE, 0x07, 0xFF, 0x0F, 0xB4, 0x0D, 0xB6, 0x0C, 0xBA, 0x0E, 0x00, 0x00, 0x00, 0x00,
    0xC8, 0x04, 0xFE, 0x03, 0xCF, 0x0B, 0x7C, 0x06, 0x88, 0x03, 0xFE, 0x00, 0xFA, 0x07, 0xAA, 0x0C,
    0x4A, 0x0C, 0x7E, 0x0E, 0x00, 0x04, 0x00, 0x00, 0x0C, 0x08, 0xE4, 0x0B, 0xBE, 0x05, 0xBC, 0x07,
    0xFE, 0x01, 0x3E, 0x07, 0xBC, 0x0D, 0xFC, 0x0D, 0xED, 0x0D, 0x06, 0x06, 0x04, 0x00, 0x00, 0x00,
    0x38, 0x00, 0xFE, 0x0F, 0x03, 0x08, 0xFE, 0x0C, 0x52, 0x07, 0xDB, 0x01, 0x42, 0x00, 0xD2, 0x0F,
    0x5A, 0x08, 0x7E, 0x0C, 0x00, 0x04, 0x00, 0x00, 0x18, 0x07, 0xF6, 0x0F, 0x38, 0x04, 0xFE, 0x03,
    0xFE, 0x00, 0xF2, 0x07, 0xF2, 0x0F, 0xC2, 0x0C, 0x7E, 0x0C, 0x2E, 0x0E, 0x00, 0x00, 0x00, 0x00,
    0x00, 0x04, 0xFE, 0x03, 0xFE, 0x00, 0x02, 0x00, 0xF2, 0x0F, 0x82, 0x0D, 0x82, 0x0C, 0x42, 0x0C,
    0x7E, 0x0C, 0x02, 0x07, 0x00, 0x04, 0x00, 0x00, 0xC8, 0x04, 0xFF, 0x0F, 0x2C, 0x00, 0x28, 0x0A,
    0xFC, 0x0B, 0x02, 0x05, 0x8C, 0x04, 0x08, 0x02, 0xFE, 0x03, 0x1E, 0x06, 0x00, 0x00, 0x00, 0x00,
    0x30, 0x00, 0xFC, 0x0F, 0x07, 0x04, 0x30, 0x03, 0xCC, 0x01, 0x4F, 0x0C, 0xF8, 0x0F, 0x18, 0x00,
    0xD8, 0x00, 0x8C, 0x03, 0x08, 0x00, 0x00, 0x00, 0xFE, 0x0F, 0xFE, 0x0F, 0x2A, 0x09, 0xAA, 0x0F,
    0xFE, 0x0F, 0xBA, 0x0A, 0xBE, 0x0A, 0xBE, 0x0B, 0xAA, 0x0B, 0x2F, 0x0C, 0x00, 0x00, 0x00, 0x00,
    0xFE, 0x07, 0x52, 0x04, 0xFE, 0x0F, 0xD4, 0x09, 0xFC, 0x07, 0xFC, 0x03, 0xFC, 0x07, 0xFF, 0x04,
    0xE7, 0x03, 0x06, 0x06, 0x04, 0x0F, 0x00, 0x00, 0x22, 0x04, 0xE6, 0x07, 0x24, 0x04, 0x88, 0x04,
    0xF2, 0x0E, 0x86, 0x0D, 0xF8, 0x0C, 0x86, 0x0C, 0xFB, 0x0C, 0xF4, 0x0C, 0x00, 0x04, 0x00, 0x00,
    0x18, 0x05, 0xF2, 0x0F, 0x3A, 0x02, 0xFA, 0x07, 0x2A, 0x0D, 0xEE, 0x07, 0x2A, 0x02, 0xFA, 0x05,
    0xAA, 0x0C, 0xEF, 0x07, 0x20, 0x00, 0x00, 0x00, 0x22, 0x0E, 0xAA, 0x03, 0xFA, 0x03, 0x6F, 0x07,
    0x7A, 0x03, 0x7A, 0x07, 0x7F, 0x07, 0x7A, 0x0F, 0x7E, 0x0F, 0xA2, 0x07, 0x02, 0x00, 0x00, 0x00,
    0xC8, 0x04, 0xFE, 0x0F, 0xFE, 0x07, 0x28, 0x00, 0xE8, 0x0F, 0x40, 0x04, 0x7F, 0x04, 0x48, 0x04,
    0x48, 0x04, 0xCC, 0x0F, 0x08, 0x00, 0x00, 0x00, 0x30, 0x00, 0x8C, 0x00, 0xF7, 0x00, 0x04, 0x00,
    0x04, 0x00, 0xFC, 0x0F, 0x04, 0x00, 0x04, 0x00, 0x14, 0x00, 0x86, 0x00, 0x00, 0x00, 0x00, 0x00,
    0xF2, 0x07, 0xFE, 0x03, 0xF2, 0x0B, 0xE2, 0x07, 0xFE, 0x01, 0xAA, 0x0F, 0xFA, 0x04, 0xFA, 0x07,
    0xFE, 0x07, 0xBE, 0x0D, 0x80, 0x00, 0x00, 0x00, 0x48, 0x0C, 0xFF, 0x0F, 0x18, 0x00, 0x7C, 0x03,
    0xDF, 0x03, 0x7E, 0x03, 0xFC, 0x0F, 0x5E, 0x03, 0x5E, 0x03, 0x7E, 0x02, 0x20, 0x00, 0x00, 0x00,
    0xC8, 0x0C, 0xFF, 0x0F, 0x28, 0x04, 0x3C, 0x07, 0x38, 0x00, 0xAE, 0x0F, 0xBB, 0x0B, 0xEC, 0x0C,
    0x38, 0x07, 0x18, 0x03, 0x10, 0x02, 0x00, 0x00, 0x10, 0x06, 0x10, 0x01, 0x28, 0x07, 0x26, 0x0F,
    0xAB, 0x08, 0xBA, 0x0B, 0x64, 0x08, 0x38, 0x0E, 0x18, 0x01, 0x18, 0x07, 0x00, 0x00, 0x00, 0x00,
    0xC8, 0x05, 0xFF, 0x07, 0xCA, 0x03, 0x78, 0x06, 0xFC, 0x0F, 0xFC, 0x0F, 0xD7, 0x04, 0x56, 0x03,
    0xFC, 0x07, 0xA4, 0x0C, 0x00, 0x04, 0x00, 0x00, 0xFA, 0x0F, 0x7E, 0x05, 0x3E, 0x05, 0x7A, 0x05,
    0xFA, 0x07, 0xFE, 0x0F, 0xFC, 0x07, 0xD7, 0x01, 0x54, 0x03, 0xFE, 0x04, 0x80, 0x04, 0x00, 0x00,
    0x00, 0x02, 0xFC, 0x02, 0xFE, 0x02, 0x0F, 0x02, 0x1A, 0x02, 0x22, 0x02, 0x76, 0x07, 0x3E, 0x0F,
    0xC0, 0x0F, 0xC0, 0x03, 0x00, 0x00, 0x00, 0x00, 0x00, 0x07, 0xFE, 0x05, 0x0A, 0x02, 0xCA, 0x03,
    0xEA, 0x04, 0xFA, 0x0F, 0xFA, 0x00, 0xCA, 0x01, 0x6E, 0x03, 0x2E, 0x06, 0x00, 0x04, 0x00, 0x00,
    0x48, 0x0C, 0xFF, 0x0F, 0x2C, 0x00, 0x04, 0x01, 0x7E, 0x01, 0x2A, 0x01, 0xEA, 0x07, 0x2A, 0x01,
    0x3E, 0x01, 0xBE, 0x05, 0x00, 0x04, 0x00, 0x00, 0xA0, 0x00, 0xA2, 0x05, 0xBE, 0x03, 0xBE, 0x0B,
    0xB6, 0x0C, 0xB6, 0x04, 0xFE, 0x07, 0xFE, 0x07, 0xE2, 0x05, 0x32, 0x0C, 0x00, 0x00, 0x00, 0x00,
    0x82, 0x02, 0xFA, 0x02, 0xBE, 0x03, 0xFF, 0x0B, 0xFA, 0x0B, 0x6A, 0x0F, 0xFF, 0x03, 0xFE, 0x03,
    0x7A, 0x02, 0x7A, 0x02, 0x00, 0x02, 0x00, 0x00, 0xFE, 0x03, 0x84, 0x00, 0xFE, 0x01, 0x10, 0x00,
    0xFE, 0x0F, 0x1E, 0x03, 0xFF, 0x01, 0xBF, 0x01, 0x14, 0x03, 0xF6, 0x0F, 0x10, 0x00, 0x00, 0x00,
    0x58, 0x00, 0xF7, 0x07, 0x54, 0x0A, 0x76, 0x05, 0x62, 0x03, 0xFE, 0x0F, 0x6E, 0x0C, 0xEE, 0x07,
    0xFE, 0x07, 0xD3, 0x0C, 0x10, 0x04, 0x00, 0x00, 0x1C, 0x00, 0xF7, 0x07, 0xD4, 0x06, 0xD4, 0x07,
    0xFE, 0x06, 0xFE, 0x03, 0xDB, 0x0F, 0xDA, 0x01, 0xFE, 0x06, 0xFE, 0x04, 0x80, 0x04, 0x00, 0x00,
    0x98, 0x07, 0xF3, 0x0F, 0x3A, 0x00, 0x46, 0x01, 0x7E, 0x01, 0x2A, 0x01, 0xEA, 0x07, 0x2A, 0x01,
    0x7F, 0x01, 0x82, 0x05, 0x00, 0x00, 0x00, 0x00, 0x08, 0x04, 0xFC, 0x06, 0x5F, 0x00, 0x2C, 0x0F,
    0x56, 0x0C, 0xD7, 0x0F, 0x7C, 0x0C, 0x04, 0x0E, 0x3C, 0x01, 0x66, 0x03, 0x00, 0x02, 0x00, 0x00,
    0xE8, 0x00, 0xFF, 0x0F, 0x6C, 0x00, 0x6C, 0x00, 0x3C, 0x00, 0x24, 0x00, 0xE7, 0x0F, 0xE6, 0x07,
    0x2C, 0x00, 0x2C, 0x00, 0x00, 0x00, 0x00, 0x00, 0x92, 0x04, 0x6C, 0x0C, 0xFE, 0x07, 0x2A, 0x00,
    0x2C, 0x00, 0x24, 0x04, 0xE7, 0x0F, 0xE6, 0x07, 0x2C, 0x00, 0x3C, 0x00, 0x24, 0x00, 0x00, 0x00,
    0xCE, 0x07, 0xFC, 0x08, 0x7F, 0x06, 0xFC, 0x03, 0xBA, 0x06, 0xBA, 0x07, 0xDE, 0x07, 0xFE, 0x07,
    0x96, 0x0C, 0xB2, 0x0C, 0x10, 0x04, 0x00, 0x00, 0x2C, 0x00, 0x24, 0x00, 0x24, 0x00, 0x24, 0x04,
    0xE7, 0x0F, 0xE6, 0x07, 0x24, 0x00, 0x24, 0x00, 0x3C, 0x00, 0x26, 0x00, 0x00, 0x00, 0x00, 0x00,
    0xC8, 0x04, 0xFE, 0x0F, 0xFE, 0x07, 0x2C, 0x00, 0x3C, 0x00, 0x24, 0x04, 0xE7, 0x0F, 0xE6, 0x07,
    0x2C, 0x00, 0x2C, 0x00, 0x04, 0x00, 0x00, 0x00, 0x18, 0x07, 0xF2, 0x0F, 0x1A, 0x00, 0x2C, 0x00,
    0x24, 0x00, 0x25, 0x04, 0xE7, 0x0F, 0x24, 0x00, 0x2C, 0x00, 0x3E, 0x00, 0x04, 0x00, 0x00, 0x00,
    0x60, 0x00, 0x1C, 0x00, 0x0E, 0x00, 0x08, 0x00, 0xC8, 0x00, 0xFF, 0x0F, 0x08, 0x00, 0x08, 0x00,
    0x08, 0x00, 0x48, 0x00, 0x00, 0x00, 0x00, 0x00, 0xC8, 0x0C, 0xFF, 0x0F, 0x2D, 0x04, 0x2C, 0x04,
    0x22, 0x04, 0xFE, 0x07, 0x22, 0x04, 0x02, 0x04, 0xFE, 0x07, 0x06, 0x04, 0x00, 0x04, 0x00, 0x00,
    0x18, 0x00, 0xF7, 0x0F, 0xD5, 0x06, 0x54, 0x0A, 0x42, 0x08, 0xFE, 0x0F, 0x7E, 0x08, 0x42, 0x08,
    0xFE, 0x0F, 0x0E, 0x0C, 0x00, 0x00, 0x00, 0x00, 0x98, 0x07, 0xD6, 0x06, 0xB3, 0x02, 0x9C, 0x02,
    0x22, 0x00, 0xFE, 0x07, 0x7E, 0x00, 0x22, 0x00, 0xFE, 0x07, 0x06, 0x04, 0x00, 0x04, 0x00, 0x00,
    0xFE, 0x03, 0x5A, 0x04, 0xFE, 0x0F, 0x9A, 0x01, 0xCC, 0x00, 0xFC, 0x0F, 0x1F, 0x04, 0xE4, 0x01,
    0x6C, 0x03, 0x2C, 0x06, 0x00, 0x04, 0x00, 0x00, 0x1A, 0x0F, 0xF6, 0x0F, 0x18, 0x01, 0x9C, 0x00,
    0xF4, 0x0F, 0x3E, 0x04, 0xF7, 0x04, 0xC4, 0x03, 0x7C, 0x06, 0x2C, 0x06, 0x00, 0x04, 0x00, 0x00,
    0x18, 0x02, 0x1C, 0x01, 0xC4, 0x0C, 0xF4, 0x0F, 0x1E, 0x04, 0x7F, 0x02, 0xC4, 0x01, 0x64, 0x03,
    0x2C, 0x06, 0x0C, 0x06, 0x00, 0x00, 0x00, 0x00, 0xA0, 0x08, 0xAA, 0x04, 0xAA, 0x07, 0xEA, 0x01,
    0xBE, 0x00, 0xBE, 0x00, 0xEA, 0x0F, 0xEA, 0x07, 0xAE, 0x00, 0xB2, 0x00, 0x80, 0x00, 0x00, 0x00,
    0xC8, 0x04, 0xFE, 0x06, 0x8F, 0x03, 0xF8, 0x0B, 0x08, 0x04, 0x0C, 0x06, 0xE0, 0x03, 0xC0, 0x03,
    0x7E, 0x06, 0x0E, 0x0C, 0x00, 0x04, 0x00, 0x00, 0x44, 0x08, 0x5E, 0x08, 0x37, 0x04, 0xBC, 0x07,
    0xE6, 0x01, 0xA6, 0x04, 0x3A, 0x0C, 0xBA, 0x0F, 0xEE, 0x03, 0x62, 0x00, 0x00, 0x00, 0x00, 0x00,
    0x44, 0x06, 0x5E, 0x03, 0x37, 0x07, 0x3C, 0x0F, 0xC6, 0x08, 0x26, 0x0B, 0x3A, 0x0C, 0x3A, 0x0E,
    0x66, 0x01, 0x62, 0x03, 0x00, 0x00, 0x00, 0x00, 0x10, 0x08, 0x10, 0x00, 0xD0, 0x04, 0xF8, 0x05,
    0x1F, 0x03, 0x10, 0x03, 0xF0, 0x03, 0x30, 0x06, 0x10, 0x0E, 0x18, 0x00, 0x00, 0x00, 0x00, 0x00,
    0xFE, 0x03, 0x02, 0x01, 0xFE, 0x07, 0x42, 0x0A, 0x5E, 0x09, 0xF2, 0x05, 0xFE, 0x07, 0xDA, 0x07,
    0xDF, 0x05, 0x77, 0x0C, 0x00, 0x04, 0x00, 0x00, 0x00, 0x07, 0xF8, 0x03, 0x28, 0x02, 0xA8, 0x0F,
    0xFF, 0x0A, 0xDA, 0x0A, 0xDA, 0x0A, 0xDA, 0x0A, 0xFA, 0x0E, 0x0C, 0x03, 0x00, 0x02, 0x00, 0x00,
    0xD8, 0x04, 0xD8, 0x03, 0xFE, 0x01, 0x80, 0x04, 0xF0, 0x0F, 0x93, 0x04, 0x92, 0x04, 0x90, 0x04,
    0x90, 0x04, 0xD2, 0x04, 0x00, 0x00, 0x00, 0x00, 0xC8, 0x0C, 0xFF, 0x0F, 0x2C, 0x0C, 0xD2, 0x07,
    0xFE, 0x04, 0xFE, 0x07, 0xFE, 0x03, 0xFE, 0x0F, 0x32, 0x02, 0xCE, 0x03, 0x82, 0x01, 0x00, 0x00,
    0x38, 0x00, 0xFF, 0x0F, 0x08, 0x00, 0xCC, 0x0F, 0xCE, 0x00, 0xDE, 0x07, 0xFE, 0x00, 0xCE, 0x07,
    0xCE, 0x0C, 0xE6, 0x07, 0x04, 0x00, 0x00, 0x00, 0xDC, 0x00, 0xFF, 0x0F, 0xFE, 0x00, 0xDE, 0x00,
    0xCE, 0x0F, 0xDC, 0x00, 0xFE, 0x07, 0xFE, 0x07, 0xDC, 0x0C, 0xEF, 0x0F, 0x04, 0x00, 0x00, 0x00,
    0x10, 0x00, 0xF6, 0x07, 0x00, 0x06, 0x24, 0x03, 0xAE, 0x01, 0xEF, 0x0F, 0xBC, 0x04, 0xAC, 0x04,
    0xAF, 0x0F, 0xA6, 0x07, 0x20, 0x00, 0x00, 0x00, 0xFC, 0x03, 0x84, 0x00, 0xFC, 0x01, 0x94, 0x04,
    0xFE, 0x0F, 0xFE, 0x07, 0x12, 0x02, 0xFF, 0x03, 0xD2, 0x07, 0x7C, 0x0C, 0x10, 0x0E, 0x00, 0x00,
    0xFE, 0x07, 0x0A, 0x05, 0xF2, 0x04, 0xFE, 0x0D, 0x0A, 0x04, 0x18, 0x06, 0xFF, 0x03, 0xF8, 0x01,
    0x18, 0x07, 0x0C, 0x0C, 0x08, 0x08, 0x00, 0x00, 0xFE, 0x07, 0x0A, 0x05, 0xF2, 0x04, 0xFE, 0x05,
    0x02, 0x07, 0xFE, 0x01, 0x8E, 0x01, 0xB5, 0x05, 0xBE, 0x0D, 0xDE, 0x07, 0x80, 0x00, 0x00, 0x00,
    0xFE, 0x07, 0x8A, 0x05, 0x72, 0x04, 0xFE, 0x0D, 0x22, 0x0E, 0x7E, 0x04, 0xCE, 0x07, 0x42, 0x03,
    0xDF, 0x07, 0x50, 0x0C, 0x10, 0x04, 0x00, 0x00, 0xB2, 0x02, 0xFE, 0x0F, 0xFE, 0x07, 0xBF, 0x03,
    0xFA, 0x0F, 0xFA, 0x02, 0xFF, 0x03, 0xFA, 0x03, 0xFA, 0x07, 0xFA, 0x0F, 0x02, 0x00, 0x00, 0x00,
    0xFE, 0x03, 0x04, 0x00, 0xFE, 0x01, 0xFE, 0x01, 0xFE, 0x0F, 0x0A, 0x01, 0xF2, 0x00, 0xF2, 0x00,
    0x9E, 0x03, 0x02, 0x04, 0x00, 0x04, 0x00, 0x00, 0x30, 0x00, 0xFE, 0x0F, 0x03, 0x00, 0xFE, 0x0F,
    0x7E, 0x02, 0x52, 0x03, 0xFE, 0x01, 0x52, 0x05, 0x7E, 0x0F, 0xDE, 0x0F, 0x00, 0x00, 0x00, 0x00,
    0x38, 0x05, 0xF6, 0x0F, 0x3C, 0x00, 0xFE, 0x07, 0xFE, 0x07, 0x0A, 0x05, 0xF2, 0x04, 0x72, 0x04,
    0x9E, 0x05, 0x02, 0x05, 0x00, 0x04, 0x00, 0x00, 0xFC, 0x03, 0x84, 0x00, 0xFC, 0x01, 0xC8, 0x08,
    0xFF, 0x0F, 0x2C, 0x00, 0xFC, 0x0F, 0x4E, 0x04, 0x4B, 0x04, 0xFC, 0x0F, 0x00, 0x00, 0x00, 0x00,
    0xFE, 0x07, 0x1E, 0x02, 0xF2, 0x0B, 0x5E, 0x06, 0x40, 0x03, 0xFE, 0x00, 0x0E, 0x00, 0x7F, 0x00,
    0xE0, 0x03, 0x00, 0x07, 0x00, 0x04, 0x00, 0x00, 0xFC, 0x03, 0x3C, 0x00, 0xFE, 0x0F, 0x3E, 0x00,
    0xC2, 0x01, 0xFE, 0x03, 0x22, 0x07, 0x3E, 0x05, 0x22, 0x0D, 0x3E, 0x0D, 0x80, 0x05, 0x00, 0x00,
    0xFC, 0x01, 0x0C, 0x0C, 0xFF, 0x0F, 0xFC, 0x01, 0x08, 0x00, 0xFC, 0x0F, 0x46, 0x04, 0x47, 0x04,
    0x44, 0x04, 0xFC, 0x0F, 0x00, 0x00, 0x00, 0x00, 0x38, 0x00, 0xFF, 0x0F, 0xFF, 0x0F, 0x18, 0x00,
    0xFC, 0x0F, 0xFC, 0x07, 0x47, 0x04, 0x45, 0x04, 0x4C, 0x06, 0xFC, 0x0F, 0x00, 0x00, 0x00, 0x00,
    0x12, 0x00, 0xE2, 0x07, 0x5E, 0x05, 0x5E, 0x0D, 0xD6, 0x0D, 0xD2, 0x0D, 0x56, 0x0D, 0xDE, 0x0D,
    0xD6, 0x05, 0x16, 0x06, 0x00, 0x00, 0x00, 0x00, 0xC8, 0x04, 0xFE, 0x0F, 0xFF, 0x07, 0x2C, 0x00,
    0xFC, 0x0F, 0xFC, 0x0F, 0x46, 0x04, 0x43, 0x04, 0x40, 0x04, 0xFC, 0x0F, 0x00, 0x00, 0x00, 0x00,
    0xC8, 0x04, 0xFF, 0x0F, 0x6E, 0x01, 0x28, 0x01, 0x28, 0x01, 0xFF, 0x0F, 0x00, 0x00, 0xFF, 0x0F,
    0x28, 0x01, 0xAC, 0x01, 0x00, 0x01, 0x00, 0x00, 0xFE, 0x03, 0x52, 0x00, 0xDF, 0x0F, 0x18, 0x03,
    0x7E, 0x01, 0xDC, 0x01, 0xFF, 0x01, 0xFD, 0x0F, 0x54, 0x00, 0x7E, 0x01, 0x00, 0x01, 0x00, 0x00,
    0x6C, 0x00, 0xF6, 0x0F, 0x1B, 0x00, 0x28, 0x01, 0x2C, 0x01, 0xFF, 0x07, 0x00, 0x00, 0xFF, 0x0F,
    0x20, 0x01, 0xA4, 0x01, 0x00, 0x00, 0x00, 0x00, 0x99, 0x0F, 0xF6, 0x09, 0x9A, 0x04, 0x92, 0x07,
    0xFE, 0x01, 0xD9, 0x01, 0x4A, 0x01, 0x6A, 0x0D, 0xFE, 0x0F, 0x2A, 0x01, 0x02, 0x01, 0x00, 0x00,
    0x98, 0x07, 0xF2, 0x0F, 0x36, 0x04, 0xFE, 0x03, 0x3E, 0x00, 0xFA, 0x0F, 0x0A, 0x04, 0xFA, 0x01,
    0x2F, 0x07, 0x30, 0x06, 0x00, 0x04, 0x00, 0x00, 0x5C, 0x03, 0x7E, 0x01, 0xDE, 0x03, 0xFE, 0x07,
    0xFE, 0x0F, 0xFF, 0x0F, 0xCC, 0x03, 0xFE, 0x03, 0xCE, 0x03, 0x7A, 0x03, 0x00, 0x01, 0x00, 0x00,
    0x90, 0x07, 0xF6, 0x07, 0x9C, 0x00, 0xD2, 0x0F, 0xBE, 0x07, 0x9A, 0x06, 0xFE, 0x07, 0xBF, 0x04,
    0xE7, 0x0F, 0x68, 0x00, 0x00, 0x00, 0x00, 0x00, 0x90, 0x08, 0xD0, 0x0F, 0x7E, 0x0D, 0x12, 0x0F,
    0x3F, 0x0F, 0x7A, 0x0F, 0xD2, 0x0F, 0xFE, 0x09, 0x90, 0x0F, 0x18, 0x0C, 0x00, 0x00, 0x00, 0x00,
    0xE8, 0x04, 0xBE, 0x02, 0xBF, 0x0F, 0xFE, 0x07, 0xFE, 0x06, 0xCE, 0x06, 0xFA, 0x06, 0xBA, 0x0F,
    0xFE, 0x0F, 0xC4, 0x00, 0x44, 0x00, 0x00, 0x00, 0xFE, 0x07, 0x52, 0x02, 0xFE, 0x0B, 0x72, 0x0F,
    0x58, 0x06, 0xC6, 0x03, 0x40, 0x04, 0x07, 0x0C, 0xF8, 0x07, 0x30, 0x00, 0x20, 0x00, 0x00, 0x00,
    0xFE, 0x03, 0xFC, 0x03, 0xFC, 0x03, 0xFE, 0x03, 0x82, 0x00, 0x9C, 0x00, 0xFF, 0x0F, 0xFF, 0x0F,
    0x9C, 0x00, 0x96, 0x00, 0x80, 0x00, 0x00, 0x00, 0x86, 0x04, 0x9C, 0x04, 0xB0, 0x03, 0xFF, 0x00,
    0x98, 0x00, 0xD6, 0x00, 0xB4, 0x00, 0xFC, 0x05, 0x00, 0x0C, 0xFF, 0x0F, 0x00, 0x00, 0x00, 0x00,
    0x9C, 0x04, 0xD8, 0x07, 0xFF, 0x01, 0xDC, 0x04, 0xD6, 0x0F, 0xFE, 0x05, 0xF2, 0x06, 0x92, 0x03,
    0xF2, 0x06, 0x33, 0x0C, 0x00, 0x00, 0x00, 0x00, 0x80, 0x00, 0x80, 0x00, 0xFE, 0x00, 0x92, 0x00,
    0x92, 0x00, 0x92, 0x01, 0xF2, 0x02, 0x93, 0x06, 0x9B, 0x0C, 0x90, 0x08, 0x80, 0x00, 0x00, 0x00,
    0x00, 0x0F, 0xFE, 0x09, 0x04, 0x04, 0x04, 0x07, 0xFC, 0x04, 0xF7, 0x07, 0xE4, 0x0F, 0x9C, 0x09,
    0xD4, 0x08, 0x16, 0x0E, 0x00, 0x04, 0x00, 0x00, 0x60, 0x08, 0x52, 0x0C, 0x54, 0x06, 0xDC, 0x03,
    0xF3, 0x01, 0x72, 0x05, 0x5C, 0x0D, 0x56, 0x07, 0x72, 0x01, 0x72, 0x00, 0x10, 0x00, 0x00, 0x00,
    0x24, 0x01, 0xFF, 0x0F, 0xFE, 0x0F, 0xAE, 0x09, 0x70, 0x04, 0xD4, 0x03, 0xFF, 0x05, 0x7E, 0x0D,
    0xDE, 0x07, 0x72, 0x01, 0x10, 0x00, 0x00, 0x00, 0xFE, 0x07, 0xFE, 0x00, 0x5A, 0x0C, 0xFE, 0x07,
    0x84, 0x00, 0x9C, 0x00, 0xFF, 0x0F, 0xFF, 0x0F, 0x9C, 0x00, 0x96, 0x00, 0x80, 0x00, 0x00, 0x00,
    0xC8, 0x0C, 0xFF, 0x0F, 0x28, 0x0C, 0xFC, 0x03, 0x7F, 0x00, 0xF8, 0x07, 0x08, 0x0F, 0xFF, 0x0D,
    0x08, 0x0F, 0xF8, 0x0F, 0x00, 0x04, 0x00, 0x00, 0xFE, 0x03, 0x84, 0x00, 0xFE, 0x01, 0x30, 0x00,
    0xFE, 0x07, 0x97, 0x0C, 0xF4, 0x0C, 0xF4, 0x0D, 0xF4, 0x0F, 0xFC, 0x0D, 0x00, 0x04, 0x00, 0x00,
    0x10, 0x00, 0xFE, 0x07, 0x17, 0x04, 0xF4, 0x04, 0xF4, 0x05, 0xFE, 0x04, 0x00, 0x07, 0xFC, 0x05,
    0x00, 0x0C, 0xFF, 0x0F, 0x00, 0x00, 0x00, 0x00, 0x38, 0x06, 0xFF, 0x03, 0x5F, 0x03, 0x2C, 0x02,
    0xFC, 0x07, 0x97, 0x0C, 0xF4, 0x0C, 0x74, 0x0D, 0xE4, 0x0D, 0xFC, 0x0C, 0x00, 0x04, 0x00, 0x00,
    0x40, 0x00, 0xF1, 0x0F, 0xFE, 0x07, 0xBC, 0x01, 0xFC, 0x07, 0xF7, 0x0F, 0xF5, 0x0C, 0xF4, 0x0D,
    0xF4, 0x0D, 0xFC, 0x0C, 0x00, 0x04, 0x00, 0x00, 0xDE, 0x0F, 0x52, 0x04, 0xF2, 0x07, 0xFE, 0x02,
    0x18, 0x00, 0xFF, 0x0F, 0x97, 0x0C, 0xF4, 0x09, 0x04, 0x0F, 0xFE, 0x0D, 0x00, 0x04, 0x00, 0x00,
    0x18, 0x07, 0xE6, 0x0F, 0x7E, 0x00, 0x38, 0x00, 0xFE, 0x07, 0x97, 0x0C, 0xF4, 0x0D, 0x74, 0x0D,
    0xFC, 0x0D, 0xFC, 0x07, 0x00, 0x04, 0x00, 0x00, 0xFE, 0x01, 0x84, 0x00, 0xFE, 0x09, 0x82, 0x09,
    0xC2, 0x08, 0x32, 0x08, 0xFE, 0x0F, 0x26, 0x08, 0x62, 0x08, 0xC2, 0x0C, 0x00, 0x00, 0x00, 0x00,
    0xFE, 0x07, 0x5A, 0x04, 0x52, 0x0C, 0xFE, 0x07, 0xC2, 0x00, 0x22, 0x00, 0xFE, 0x07, 0xF6, 0x07,
    0x22, 0x00, 0xC2, 0x04, 0x00, 0x04, 0x00, 0x00, 0x10, 0x02, 0xFF, 0x03, 0x10, 0x01, 0x30, 0x01,
    0x84, 0x0F, 0xBC, 0x04, 0xA7, 0x04, 0xB4, 0x04, 0xBC, 0x0F, 0x26, 0x00, 0x20, 0x00, 0x00, 0x00,
    0xAA, 0x04, 0xAA, 0x02, 0xAA, 0x0B, 0xBF, 0x0F, 0xE0, 0x04, 0xF0, 0x05, 0xBF, 0x02, 0x8A, 0x07,
    0x8E, 0x0D, 0xDA, 0x0C, 0x00, 0x00, 0x00, 0x00, 0xFE, 0x05, 0xFE, 0x03, 0x3A, 0x02, 0xFE, 0x05,
    0x24, 0x00, 0xBC, 0x0F, 0xB7, 0x04, 0xB7, 0x04, 0xBC, 0x0F, 0xA6, 0x07, 0x20, 0x00, 0x00, 0x00,
    0xFE, 0x0F, 0xFE, 0x07, 0xBE, 0x01, 0xE6, 0x00, 0xA4, 0x0F, 0xBC, 0x0F, 0xA7, 0x04, 0xB6, 0x04,
    0xBC, 0x0F, 0xA6, 0x00, 0x20, 0x00, 0x00, 0x00, 0xFA, 0x0F, 0xFA, 0x05, 0x1E, 0x05, 0x7E, 0x05,
    0xFA, 0x07, 0x02, 0x00, 0xF2, 0x07, 0x02, 0x0C, 0x32, 0x0C, 0x3E, 0x04, 0x00, 0x07, 0x00, 0x00,
    0x30, 0x00, 0xFE, 0x0F, 0x03, 0x06, 0xFE, 0x03, 0xEA, 0x03, 0xFA, 0x0F, 0xFA, 0x07, 0xFE, 0x03,
    0xFE, 0x01, 0xEE, 0x07, 0x00, 0x0F, 0x00, 0x00, 0x98, 0x05, 0xC6, 0x0F, 0x30, 0x00, 0xF4, 0x03,
    0xF4, 0x03, 0x14, 0x00, 0xFF, 0x0F, 0x14, 0x00, 0x14, 0x03, 0xF4, 0x03, 0x04, 0x00, 0x00, 0x00,
    0xFE, 0x01, 0xFE, 0x00, 0xFE, 0x08, 0xD2, 0x09, 0xFE, 0x05, 0x52, 0x07, 0xDF, 0x03, 0x3E, 0x02,
    0xFE, 0x07, 0x1A, 0x0C, 0x00, 0x00, 0x00, 0x00, 0x90, 0x08, 0x88, 0x0F, 0x4C, 0x0F, 0x3B, 0x0F,
    0x08, 0x0F, 0x48, 0x0F, 0xEB, 0x0F, 0xBC, 0x0F, 0x88, 0x0F, 0x18, 0x0C, 0x08, 0x00, 0x00, 0x00,
    0xE2, 0x04, 0xFE, 0x07, 0x32, 0x02, 0xF2, 0x03, 0x4A, 0x00, 0x72, 0x00, 0xFE, 0x0F, 0xFE, 0x0F,
    0x72, 0x00, 0x4A, 0x00, 0x40, 0x00, 0x00, 0x00, 0xC8, 0x04, 0xFF, 0x0F, 0x6C, 0x00, 0xA8, 0x00,
    0x7A, 0x00, 0x62, 0x00, 0xFE, 0x0F, 0xE2, 0x00, 0x3A, 0x00, 0x4A, 0x00, 0x00, 0x00, 0x00, 0x00,
    0x02, 0x0C, 0x02, 0x06, 0x3E, 0x00, 0x1A, 0x0F, 0x5B, 0x03, 0xDB, 0x03, 0x5A, 0x0C, 0x7E, 0x00,
    0x62, 0x06, 0x42, 0x0C, 0x00, 0x00, 0x00, 0x00, 0x1A, 0x07, 0xF6, 0x07, 0x1C, 0x04, 0xF8, 0x07,
    0x5F, 0x0E, 0xDF, 0x0B, 0xFE, 0x07, 0x5A, 0x06, 0x6C, 0x02, 0xB6, 0x01, 0x82, 0x00, 0x00, 0x00,
    0x0C, 0x04, 0xEC, 0x07, 0xAF, 0x06, 0xAF, 0x0F, 0xFC, 0x0B, 0x0E, 0x0A, 0x88, 0x04, 0x4C, 0x06,
    0x36, 0x03, 0x92, 0x01, 0x00, 0x00, 0x00, 0x00, 0x42, 0x04, 0xDA, 0x07, 0x52, 0x04, 0x5F, 0x0E,
    0xFA, 0x0B, 0xFE, 0x0B, 0xFF, 0x0F, 0xFA, 0x0B, 0xEA, 0x0B, 0x62, 0x0C, 0x00, 0x00, 0x00, 0x00,
    0xE8, 0x00, 0xFF, 0x0F, 0x6C, 0x0C, 0x6C, 0x07, 0xFE, 0x04, 0xD2, 0x0C, 0xFE, 0x0F, 0xFE, 0x07,
    0x12, 0x0C, 0xFE, 0x0F, 0x02, 0x00, 0x00, 0x00, 0xF2, 0x07, 0xFE, 0x03, 0xF2, 0x0F, 0x92, 0x07,
    0xFE, 0x04, 0x5A, 0x06, 0xFE, 0x07, 0xFE, 0x07, 0x5A, 0x04, 0xFE, 0x07, 0x02, 0x00, 0x00, 0x00,
    0x4C, 0x04, 0xDA, 0x07, 0x57, 0x04, 0x66, 0x0E, 0xDE, 0x0B, 0xFE, 0x0B, 0xFB, 0x0F, 0xBE, 0x0B,
    0xEA, 0x0B, 0x62, 0x0A, 0x00, 0x00, 0x00, 0x00, 0xFE, 0x07, 0x5A, 0x04, 0xFE, 0x0F, 0x0E, 0x04,
    0xFC, 0x07, 0x5F, 0x0A, 0xFE, 0x07, 0xDA, 0x06, 0x6C, 0x03, 0xB2, 0x01, 0x90, 0x00, 0x00, 0x00,
    0x80, 0x07, 0xFE, 0x01, 0x42, 0x04, 0xFE, 0x0F, 0xFE, 0x07, 0x80, 0x07, 0xFE, 0x01, 0x42, 0x04,
    0x5A, 0x0C, 0xFE, 0x07, 0x00, 0x00, 0x00, 0x00, 0xFE, 0x07, 0x5A, 0x04, 0xFE, 0x0F, 0xFE, 0x07,
    0x5A, 0x04, 0xFE, 0x07, 0xFE, 0x00, 0xEE, 0x00, 0x3B, 0x09, 0xFE, 0x0F, 0xC0, 0x07, 0x00, 0x00,
    0x48, 0x04, 0xFF, 0x0F, 0x2C, 0x01, 0xBC, 0x03, 0xEC, 0x02, 0xBE, 0x02, 0xEF, 0x0F, 0xA8, 0x02,
    0xEE, 0x02, 0xBA, 0x02, 0x80, 0x00, 0x00, 0x00, 0xE4, 0x07, 0xFC, 0x07, 0xE4, 0x07, 0x6E, 0x08,
    0xC8, 0x09, 0xFE, 0x0F, 0x08, 0x08, 0xFE, 0x0F, 0x8B, 0x09, 0x6C, 0x0C, 0x00, 0x00, 0x00, 0x00,
    0x10, 0x02, 0xFF, 0x03, 0x90, 0x09, 0x9A, 0x09, 0x62, 0x08, 0x32, 0x08, 0xFE, 0x0F, 0x26, 0x08,
    0x42, 0x08, 0xC2, 0x0D, 0x00, 0x00, 0x00, 0x00, 0xE0, 0x04, 0xFC, 0x07, 0xE4, 0x07, 0xE2, 0x07,
    0xFE, 0x07, 0xFE, 0x07, 0x10, 0x02, 0xFF, 0x07, 0x30, 0x0C, 0x18, 0x0C, 0x08, 0x06, 0x00, 0x00,
    0x0C, 0x07, 0xE6, 0x0F, 0xBE, 0x05, 0xFE, 0x07, 0xBE, 0x03, 0x5E, 0x02, 0xFE, 0x03, 0xBE, 0x0F,
    0xEF, 0x02, 0xA6, 0x03, 0x04, 0x00, 0x00, 0x00, 0xC8, 0x04, 0xFE, 0x0F, 0xFF, 0x07, 0x28, 0x00,
    0xFE, 0x07, 0x12, 0x06, 0x10, 0x02, 0xFF, 0x07, 0x10, 0x0C, 0x18, 0x0C, 0x00, 0x04, 0x00, 0x00,
    0xC8, 0x04, 0xFF, 0x0F, 0x6C, 0x0C, 0x2C, 0x0E, 0xFC, 0x09, 0x24, 0x04, 0xBF, 0x07, 0xBF, 0x03,
    0xE4, 0x04, 0x2C, 0x0C, 0x00, 0x00, 0x00, 0x00, 0x7E, 0x08, 0xFE, 0x09, 0x5A, 0x0D, 0x7A, 0x07,
    0x7E, 0x03, 0x10, 0x05, 0x1C, 0x0D, 0xF3, 0x0D, 0x1C, 0x07, 0x36, 0x00, 0x10, 0x00, 0x00, 0x00,
    0x2A, 0x00, 0xEA, 0x0F, 0xBE, 0x04, 0xAA, 0x04, 0xBE, 0x02, 0xE2, 0x07, 0xFE, 0x0F, 0xBE, 0x09,
    0xEE, 0x08, 0x32, 0x0E, 0x00, 0x00, 0x00, 0x00, 0xFC, 0x03, 0xFC, 0x03, 0x64, 0x02, 0xFC, 0x03,
    0xFE, 0x0F, 0x32, 0x06, 0x10, 0x02, 0xFF, 0x07, 0x10, 0x0C, 0x18, 0x0E, 0x00, 0x00, 0x00, 0x00,
    0xFE, 0x03, 0x80, 0x00, 0xFE, 0x01, 0x00, 0x03, 0xFE, 0x01, 0xD2, 0x00, 0xFF, 0x0F, 0xD0, 0x03,
    0x7E, 0x00, 0x7E, 0x01, 0x00, 0x00, 0x00, 0x00, 0xFE, 0x07, 0x5A, 0x04, 0xFE, 0x0F, 0xFE, 0x07,
    0x7E, 0x01, 0xD4, 0x01, 0xFF, 0x03, 0xDC, 0x0F, 0x54, 0x00, 0x7E, 0x01, 0x00, 0x01, 0x00, 0x00,
    0xD8, 0x04, 0xFE, 0x03, 0x7C, 0x04, 0xF4, 0x0B, 0x54, 0x08, 0xD7, 0x05, 0x7E, 0x07, 0xD4, 0x07,
    0xF4, 0x0C, 0x16, 0x0C, 0x00, 0x00, 0x00, 0x00, 0x00, 0x04, 0xFC, 0x0B, 0x24, 0x08, 0x64, 0x04,
    0xA4, 0x05, 0x3F, 0x03, 0xA4, 0x07, 0xE4, 0x04, 0x6C, 0x04, 0x0C, 0x0C, 0x00, 0x00, 0x00, 0x00,
    0xFE, 0x07, 0x02, 0x07, 0x02, 0x05, 0xFE, 0x04, 0x06, 0x04, 0x02, 0x04, 0xFE, 0x05, 0x02, 0x05,
    0x82, 0x05, 0x82, 0x04, 0x00, 0x00, 0x00, 0x00, 0xD8, 0x06, 0xFE, 0x03, 0xFE, 0x00, 0xCA, 0x0F,
    0x6A, 0x0F, 0x3B, 0x05, 0xFA, 0x05, 0x2A, 0x05, 0xAA, 0x0F, 0x6E, 0x01, 0x00, 0x00, 0x00, 0x00,
    0x30, 0x00, 0xFE, 0x0F, 0x83, 0x01, 0xFE, 0x0F, 0x52, 0x02, 0xFE, 0x07, 0x2C, 0x01, 0xFD, 0x0F,
    0xFE, 0x0F, 0xAE, 0x01, 0x24, 0x00, 0x00, 0x00, 0x00, 0x06, 0xFF, 0x03, 0x0A, 0x04, 0xFA, 0x0F,
    0x4A, 0x04, 0x4A, 0x02, 0xFA, 0x07, 0x8A, 0x0C, 0x4E, 0x0C, 0x6E, 0x0C, 0x00, 0x04, 0x00, 0x00,
    0x5E, 0x00, 0xFE, 0x01, 0xCC, 0x0F, 0xFE, 0x0B, 0xFE, 0x0B, 0xDA, 0x0B, 0xDF, 0x0B, 0xFB, 0x0F,
    0xDE, 0x01, 0x5A, 0x00, 0x08, 0x00, 0x00, 0x00, 0x0C, 0x06, 0xF7, 0x01, 0xBF, 0x0F, 0xBE, 0x00,
    0xBE, 0x07, 0xBE, 0x00, 0xB3, 0x07, 0xBE, 0x04, 0xFE, 0x0F, 0x82, 0x07, 0x02, 0x00, 0x00, 0x00,
    0x30, 0x00, 0xFE, 0x0F, 0x03, 0x03, 0xFC, 0x0F, 0xFC, 0x0F, 0xD4, 0x07, 0x57, 0x01, 0xD4, 0x07,
    0x5C, 0x0D, 0xFC, 0x0F, 0x00, 0x00, 0x00, 0x00, 0x00, 0x04, 0x00, 0x03, 0xFE, 0x01, 0x50, 0x00,
    0x50, 0x00, 0x50, 0x00, 0xDF, 0x0F, 0xD0, 0x07, 0x10, 0x00, 0x18, 0x00, 0x00, 0x00, 0x00, 0x00,
    0x7A, 0x01, 0x4E, 0x0D, 0x7E, 0x07, 0xC6, 0x03, 0xFE, 0x0F, 0xFE, 0x07, 0xC3, 0x07, 0xC3, 0x03,
    0xDC, 0x0F, 0xFE, 0x0F, 0x00, 0x00, 0x00, 0x00, 0xFE, 0x03, 0xDE, 0x04, 0xDE, 0x07, 0xFE, 0x0B,
    0x9E, 0x06, 0xFE, 0x03, 0x9A, 0x01, 0xFE, 0x01, 0xFE, 0x03, 0xCE, 0x07, 0x00, 0x0E, 0x00, 0x00,
    0x30, 0x07, 0xF6, 0x0F, 0x1A, 0x05, 0x7E, 0x07, 0x6E, 0x03, 0x7E, 0x0D, 0x7E, 0x0F, 0x7E, 0x03,
    0x7E, 0x06, 0xBF, 0x0C, 0x00, 0x00, 0x00, 0x00, 0xFC, 0x07, 0xDE, 0x0D, 0xDE, 0x07, 0xFE, 0x0B,
    0xFD, 0x06, 0xFE, 0x03, 0xFE, 0x07, 0x02, 0x07, 0xFE, 0x07, 0x02, 0x07, 0x00, 0x04, 0x00, 0x00,
    0x82, 0x04, 0xBC, 0x06, 0xD4, 0x03, 0xDE, 0x04, 0xD6, 0x0F, 0xDE, 0x07, 0xDE, 0x01, 0xF4, 0x02,
    0x9C, 0x06, 0x81, 0x04, 0x00, 0x00, 0x00, 0x00, 0xC8, 0x0C, 0xFF, 0x07, 0xFC, 0x07, 0xFC, 0x01,
    0xFF, 0x07, 0xDC, 0x05, 0xF6, 0x07, 0xFE, 0x02, 0xEB, 0x03, 0x78, 0x0C, 0x08, 0x04, 0x00, 0x00,
    0x7E, 0x00, 0x96, 0x0F, 0xFF, 0x0F, 0x3C, 0x07, 0x7E, 0x07, 0x6C, 0x07, 0x6E, 0x07, 0xFF, 0x0F,
    0x6C, 0x00, 0x66, 0x00, 0x00, 0x00, 0x00, 0x00, 0xC8, 0x04, 0xFF, 0x0F, 0x2C, 0x08, 0x5C, 0x04,
    0x49, 0x06, 0xFE, 0x03, 0x48, 0x00, 0xFE, 0x0F, 0xFB, 0x07, 0x4C, 0x00, 0x40, 0x00, 0x00, 0x00,
    0x9E, 0x09, 0xDE, 0x04, 0xFF, 0x07, 0xB4, 0x03, 0xD4, 0x08, 0xFA, 0x05, 0x8A, 0x07, 0xFE, 0x03,
    0x0A, 0x02, 0xFA, 0x0D, 0x00, 0x00, 0x00, 0x00, 0x48, 0x08, 0x64, 0x08, 0xEE, 0x07, 0x5B, 0x04,
    0xC8, 0x03, 0xE0, 0x02, 0x7F, 0x02, 0xDE, 0x07, 0x44, 0x0C, 0x0C, 0x00, 0x04, 0x00, 0x00, 0x00,
    0xC0, 0x0F, 0x40, 0x04, 0x7E, 0x04, 0xD2, 0x07, 0xD2, 0x07, 0xD2, 0x07, 0xD2, 0x07, 0x5E, 0x04,
    0x40, 0x06, 0xC0, 0x07, 0x00, 0x00, 0x00, 0x00, 0xFE, 0x03, 0x6A, 0x01, 0xFE, 0x0F, 0xC2, 0x01,
    0xFE, 0x00, 0xEA, 0x01, 0xFF, 0x05, 0x6F, 0x0D, 0x7E, 0x07, 0x7E, 0x01, 0x40, 0x00, 0x00, 0x00,
    0x80, 0x08, 0x80, 0x04, 0xFE, 0x06, 0x92, 0x03, 0x92, 0x02, 0x92, 0x00, 0xF2, 0x00, 0x93, 0x00,
    0x98, 0x00, 0x80, 0x00, 0x00, 0x00, 0x00, 0x00, 0x00, 0x03, 0xFF, 0x01, 0x08, 0x01, 0xC8, 0x00,
    0x5A, 0x00, 0x72, 0x00, 0xFE, 0x0F, 0x62, 0x00, 0x7A, 0x00, 0x4E, 0x00, 0x40, 0x00, 0x00, 0x00,
    0x10, 0x01, 0x10, 0x01, 0xF6, 0x01, 0xDF, 0x01, 0xF0, 0x0F, 0xF0, 0x0F, 0xDF, 0x01, 0x76, 0x01,
    0x38, 0x01, 0x82, 0x01, 0x00, 0x00, 0x00, 0x00, 0x60, 0x02, 0xD8, 0x0F, 0xF6, 0x01, 0x1F, 0x00,
    0xF0, 0x00, 0xD0, 0x01, 0xFF, 0x0F, 0xD6, 0x00, 0x78, 0x00, 0xBA, 0x00, 0x82, 0x00, 0x00, 0x00,
    0x42, 0x00, 0x46, 0x00, 0x7A, 0x00, 0x42, 0x00, 0xFE, 0x0F, 0xFE, 0x0F, 0x62, 0x00, 0x5A, 0x00,
    0x4E, 0x00, 0x62, 0x00, 0x40, 0x00, 0x00, 0x00, 0x18, 0x08, 0x7E, 0x08, 0x1B, 0x06, 0xD0, 0x03,
    0x42, 0x00, 0x7E, 0x00, 0xFE, 0x0F, 0x42, 0x0C, 0x43, 0x0C, 0x48, 0x0E, 0x00, 0x00, 0x00, 0x00,
    0x48, 0x07, 0xFE, 0x01, 0x4C, 0x04, 0xFB, 0x0F, 0x6E, 0x04, 0xFA, 0x07, 0x7E, 0x04, 0xD2, 0x02,
    0xFA, 0x0F, 0x12, 0x0C, 0x02, 0x06, 0x00, 0x00, 0x10, 0x00, 0xF6, 0x07, 0x16, 0x02, 0x8A, 0x01,
    0x7A, 0x00, 0x22, 0x00, 0xFE, 0x0F, 0x62, 0x00, 0x1A, 0x00, 0x4A, 0x00, 0x40, 0x00, 0x00, 0x00,
    0x00, 0x03, 0xFF, 0x09, 0xA0, 0x04, 0xA8, 0x06, 0xF8, 0x03, 0xA0, 0x00, 0xB0, 0x05, 0xF8, 0x07,
    0xAF, 0x00, 0xA6, 0x00, 0x00, 0x00, 0x00, 0x00, 0x10, 0x03, 0xFF, 0x09, 0x90, 0x0D, 0x90, 0x0F,
    0xFC, 0x09, 0x24, 0x04, 0xBF, 0x07, 0xBF, 0x03, 0xE4, 0x06, 0x0C, 0x0C, 0x04, 0x00, 0x00, 0x00,
    0x32, 0x07, 0xE6, 0x07, 0x18, 0x0A, 0x1C, 0x0B, 0xD6, 0x04, 0xF8, 0x04, 0x5F, 0x03, 0xD2, 0x07,
    0xD6, 0x04, 0x1C, 0x0C, 0x00, 0x00, 0x00, 0x00, 0xFC, 0x0B, 0xA4, 0x04, 0xBF, 0x03, 0xEC, 0x03,
    0x26, 0x0C, 0xFA, 0x05, 0x0A, 0x07, 0xFE, 0x03, 0x0A, 0x06, 0xFA, 0x0D, 0x02, 0x00, 0x00, 0x00,
    0x0C, 0x09, 0x7B, 0x09, 0x4E, 0x0B, 0xFE, 0x0B, 0xCE, 0x07, 0x5A, 0x07, 0x2F, 0x07, 0x7A, 0x05,
    0x5E, 0x0D, 0xC6, 0x01, 0x00, 0x00, 0x00, 0x00, 0xE2, 0x07, 0xFE, 0x07, 0xF2, 0x0B, 0xE2, 0x0F,
    0xFC, 0x0B, 0x64, 0x04, 0xFE, 0x07, 0x3F, 0x07, 0xE4, 0x04, 0x6C, 0x0C, 0x04, 0x00, 0x00, 0x00,
    0xFC, 0x03, 0x27, 0x09, 0xFD, 0x09, 0x6C, 0x04, 0x7C, 0x06, 0xD6, 0x03, 0xFF, 0x07, 0xD4, 0x0F,
    0xFC, 0x0B, 0x3C, 0x0F, 0x00, 0x04, 0x00, 0x00, 0x20, 0x04, 0xE6, 0x03, 0xE4, 0x07, 0x00, 0x04,
    0xFC, 0x07, 0x26, 0x0D, 0x27, 0x0D, 0x24, 0x0D, 0xFC, 0x0F, 0x00, 0x0C, 0x00, 0x04, 0x00, 0x00,
    0x94, 0x01, 0xFC, 0x00, 0xFF, 0x0F, 0xDC, 0x00, 0x96, 0x00, 0xFC, 0x0F, 0x44, 0x04, 0x47, 0x04,
    0x44, 0x04, 0xFC, 0x0F, 0x00, 0x00, 0x00, 0x00, 0x24, 0x00, 0xFC, 0x0F, 0xB3, 0x04, 0xB3, 0x04,
    0xFC, 0x07, 0xA6, 0x07, 0x20, 0x00, 0xFC, 0x01, 0x00, 0x0C, 0xFF, 0x0F, 0x00, 0x00, 0x00, 0x00,
    0xC8, 0x04, 0x48, 0x0C, 0xFF, 0x0F, 0x28, 0x00, 0x2C, 0x00, 0x00, 0x00, 0xFF, 0x0F, 0x10, 0x00,
    0x30, 0x00, 0x60, 0x00, 0xC0, 0x00, 0x00, 0x00, 0x9C, 0x00, 0xF7, 0x0F, 0xD4, 0x06, 0x54, 0x02,
    0xFC, 0x0F, 0x54, 0x01, 0xFF, 0x0F, 0x55, 0x05, 0x56, 0x0D, 0xF6, 0x0F, 0x04, 0x00, 0x00, 0x00,
    0x60, 0x00, 0x38, 0x00, 0xFE, 0x0F, 0x03, 0x00, 0x00, 0x00, 0x00, 0x00, 0xFF, 0x0F, 0x10, 0x00,
    0x60, 0x00, 0xE0, 0x00, 0x00, 0x00, 0x00, 0x00, 0x12, 0x00, 0xF2, 0x0F, 0xB7, 0x01, 0xB7, 0x01,
    0xFE, 0x0F, 0xFE, 0x07, 0xBF, 0x05, 0xBE, 0x0D, 0xFA, 0x07, 0x1A, 0x00, 0x02, 0x00, 0x00, 0x00,
    0x32, 0x00, 0xFA, 0x07, 0xEE, 0x03, 0xEF, 0x03, 0xFA, 0x07, 0xFA, 0x04, 0xFF, 0x07, 0x7A, 0x00,
    0x0A, 0x0E, 0xFA, 0x07, 0x00, 0x00, 0x00, 0x00, 0x02, 0x00, 0x12, 0x00, 0x92, 0x0F, 0x7F, 0x05,
    0x5E, 0x05, 0x5A, 0x05, 0x7F, 0x05, 0x96, 0x0F, 0x1A, 0x00, 0x42, 0x00, 0x02, 0x00, 0x00, 0x00,
    0x62, 0x0F, 0xDA, 0x0F, 0x72, 0x00, 0xF7, 0x0F, 0xB2, 0x03, 0xB2, 0x03, 0xFF, 0x0F, 0xBE, 0x04,
    0xFA, 0x0F, 0xFA, 0x07, 0x02, 0x00, 0x00, 0x00, 0x10, 0x02, 0xFF, 0x01, 0x18, 0x01, 0xF4, 0x0F,
    0xF4, 0x0F, 0x54, 0x01, 0xFF, 0x0F, 0x55, 0x05, 0x57, 0x0D, 0xF6, 0x0F, 0x04, 0x00, 0x00, 0x00,
    0x88, 0x01, 0xE8, 0x00, 0xFF, 0x0F, 0x28, 0x00, 0x6C, 0x00, 0x00, 0x00, 0xFF, 0x0F, 0xFF, 0x07,
    0x20, 0x00, 0xE0, 0x00, 0xC0, 0x00, 0x00, 0x00, 0xFF, 0x0F, 0x0A, 0x04, 0xF8, 0x07, 0x98, 0x04,
    0xFE, 0x07, 0xFE, 0x07, 0xBE, 0x06, 0xFC, 0x07, 0x08, 0x04, 0xFF, 0x0F, 0x00, 0x00, 0x00, 0x00,
    0x24, 0x00, 0x2C, 0x00, 0xB4, 0x0F, 0xBF, 0x06, 0xA4, 0x06, 0xA4, 0x06, 0xBF, 0x06, 0xF4, 0x0F,
    0xAE, 0x00, 0x24, 0x00, 0x20, 0x00, 0x00, 0x00, 0x98, 0x07, 0xF6, 0x07, 0x1C, 0x00, 0xF4, 0x0F,
    0xF4, 0x01, 0x54, 0x01, 0xFF, 0x0F, 0x55, 0x05, 0xF7, 0x0F, 0xF6, 0x07, 0x04, 0x00, 0x00, 0x00,
    0x20, 0x00, 0xF6, 0x07, 0x24, 0x02, 0x0C, 0x01, 0xB4, 0x0F, 0xBE, 0x06, 0xA4, 0x06, 0xBF, 0x06,
    0xFD, 0x0F, 0xAE, 0x00, 0x20, 0x00, 0x00, 0x00, 0xFE, 0x01, 0x92, 0x01, 0xFE, 0x03, 0xDE, 0x05,
    0xFE, 0x07, 0x7C, 0x0F, 0xFC, 0x07, 0xFC, 0x03, 0xDF, 0x05, 0x70, 0x01, 0x00, 0x01, 0x00, 0x00,
    0x98, 0x07, 0xF2, 0x02, 0x5C, 0x01, 0xDE, 0x05, 0xFF, 0x07, 0x7C, 0x0F, 0xDC, 0x07, 0xFC, 0x03,
    0xDF, 0x07, 0x70, 0x01, 0x00, 0x01, 0x00, 0x00, 0x04, 0x05, 0xFF, 0x03, 0x54, 0x01, 0xF6, 0x01,
    0xFF, 0x0F, 0x84, 0x07, 0xFE, 0x03, 0x92, 0x04, 0x92, 0x04, 0xFE, 0x07, 0x00, 0x00, 0x00, 0x00,
    0x84, 0x04, 0xFF, 0x03, 0x94, 0x01, 0xFF, 0x0B, 0xA6, 0x06, 0x9C, 0x06, 0xFE, 0x03, 0xFB, 0x00,
    0x98, 0x03, 0x1C, 0x06, 0x08, 0x04, 0x00, 0x00, 0xE8, 0x00, 0xFF, 0x0F, 0x68, 0x00, 0x4A, 0x00,
    0xF2, 0x0F, 0xFE, 0x05, 0x1E, 0x04, 0xFE, 0x04, 0x92, 0x05, 0xFA, 0x0F, 0x02, 0x00, 0x00, 0x00,
    0x80, 0x07, 0xFC, 0x07, 0xC4, 0x07, 0xFC, 0x0F, 0xD4, 0x09, 0x54, 0x07, 0x7F, 0x06, 0xC4, 0x03,
    0xF6, 0x06, 0x36, 0x0C, 0x04, 0x0E, 0x00, 0x00, 0x92, 0x08, 0xDA, 0x08, 0xDA, 0x0B, 0xDA, 0x07,
    0xFF, 0x06, 0xDA, 0x06, 0xDA, 0x07, 0xFE, 0x04, 0x9A, 0x0C, 0x92, 0x08, 0x10, 0x00, 0x00, 0x00,
    0x40, 0x00, 0x40, 0x00, 0x40, 0x00, 0x20, 0x00, 0xFE, 0x07, 0x20, 0x04, 0x10, 0x04, 0x10, 0x04,
    0x10, 0x04, 0x18, 0x07, 0x00, 0x00, 0x00, 0x00, 0x86, 0x03, 0xFC, 0x07, 0x1A, 0x09, 0x5A, 0x0B,
    0xDA, 0x0B, 0xFF, 0x07, 0x5A, 0x07, 0x5A, 0x07, 0x7E, 0x0D, 0x92, 0x09, 0x90, 0x00, 0x00, 0x00,
    0x9A, 0x0F, 0xF6, 0x07, 0x98, 0x04, 0xD2, 0x06, 0xEE, 0x07, 0xFE, 0x0F, 0xFF, 0x07, 0xEA, 0x02,
    0xCA, 0x06, 0xD2, 0x04, 0x40, 0x00, 0x00, 0x00, 0x84, 0x00, 0xFC, 0x04, 0x9A, 0x02, 0x8C, 0x01,
    0xC8, 0x0F, 0xFF, 0x0F, 0xAC, 0x03, 0xA4, 0x02, 0xA6, 0x04, 0xB6, 0x04, 0x00, 0x04, 0x00, 0x00,
    0x38, 0x07, 0xF6, 0x07, 0x1C, 0x00, 0x10, 0x0B, 0xFF, 0x05, 0x88, 0x06, 0xC2, 0x03, 0xFE, 0x04,
    0x02, 0x0C, 0xFE, 0x07, 0x00, 0x00, 0x00, 0x00, 0x04, 0x09, 0x04, 0x0D, 0xFE, 0x07, 0xFF, 0x03,
    0x54, 0x01, 0x54, 0x01, 0x54, 0x03, 0xFF, 0x07, 0x04, 0x0D, 0x06, 0x09, 0x00, 0x01, 0x00, 0x00,
    0xE8, 0x00, 0xFF, 0x0F, 0x68, 0x09, 0x6C, 0x0D, 0x06, 0x07, 0xFE, 0x03, 0x54, 0x01, 0x54, 0x03,
    0xFF, 0x07, 0x84, 0x0D, 0x00, 0x01, 0x00, 0x00, 0x20, 0x00, 0xF4, 0x03, 0xB4, 0x03, 0x2C, 0x02,
    0xE7, 0x03, 0xEC, 0x07, 0x2C, 0x0C, 0xFC, 0x0F, 0x26, 0x00, 0x30, 0x00, 0x00, 0x00, 0x00, 0x00,
    0xF8, 0x07, 0xF8, 0x03, 0xFF, 0x0B, 0x10, 0x0B, 0x34, 0x05, 0xE4, 0x04, 0xBF, 0x03, 0xBF, 0x03,
    0xE4, 0x04, 0x24, 0x0C, 0x04, 0x04, 0x00, 0x00, 0xFC, 0x07, 0xFC, 0x03, 0x64, 0x02, 0xFC, 0x0B,
    0x24, 0x09, 0x24, 0x09, 0xFF, 0x0F, 0xFF, 0x0F, 0x24, 0x09, 0xB4, 0x0D, 0x20, 0x08, 0x00, 0x00,
    0xF8, 0x03, 0xFF, 0x03, 0xF8, 0x03, 0xF8, 0x03, 0xF0, 0x03, 0x78, 0x02, 0xEF, 0x03, 0xEA, 0x0B,
    0xFA, 0x0F, 0x22, 0x00, 0x20, 0x00, 0x00, 0x00, 0xFE, 0x07, 0x52, 0x04, 0xFE, 0x0F, 0xFE, 0x0F,
    0x44, 0x0C, 0xEC, 0x07, 0x37, 0x00, 0x3E, 0x00, 0xEC, 0x0F, 0x66, 0x00, 0x00, 0x00, 0x00, 0x00,
    0x44, 0x08, 0x44, 0x04, 0x44, 0x06, 0xEC, 0x03, 0x37, 0x00, 0x3E, 0x00, 0xEC, 0x0F, 0xE4, 0x07,
    0x66, 0x00, 0x46, 0x00, 0x00, 0x00, 0x00, 0x00, 0x04, 0x07, 0xFF, 0x05, 0x26, 0x07, 0xF4, 0x0B,
    0x1C, 0x05, 0xFF, 0x07, 0xB0, 0x03, 0xB0, 0x03, 0xFC, 0x07, 0x1A, 0x0D, 0x00, 0x01, 0x00, 0x00,
    0x40, 0x00, 0xE3, 0x0F, 0xFE, 0x0F, 0x6C, 0x04, 0xC0, 0x07, 0xFE, 0x01, 0x12, 0x00, 0xF2, 0x0F,
    0xF3, 0x0F, 0x12, 0x00, 0x10, 0x00, 0x00, 0x00, 0x88, 0x00, 0x48, 0x00, 0xFE, 0x0F, 0x7C, 0x00,
    0xCC, 0x00, 0x00, 0x00, 0xFE, 0x0F, 0x02, 0x00, 0x3A, 0x02, 0xC6, 0x03, 0x80, 0x01, 0x00, 0x00,
    0x7E, 0x01, 0x46, 0x05, 0x7E, 0x0F, 0xE2, 0x07, 0xF4, 0x03, 0xF8, 0x03, 0xEF, 0x03, 0xEA, 0x07,
    0xF8, 0x0F, 0x32, 0x00, 0x20, 0x00, 0x00, 0x00, 0xE4, 0x07, 0xE4, 0x03, 0xFF, 0x07, 0xA4, 0x04,
    0xB4, 0x0C, 0xF4, 0x0D, 0xF4, 0x0F, 0x14, 0x0F, 0x3E, 0x0F, 0x9E, 0x0F, 0x00, 0x04, 0x00, 0x00,
    0x20, 0x00, 0xAE, 0x07, 0xA8, 0x0C, 0xA8, 0x08, 0xAF, 0x08, 0xAE, 0x08, 0xA8, 0x08, 0xF8, 0x09,
    0x3E, 0x0C, 0x00, 0x0F, 0x00, 0x00, 0x00, 0x00, 0x20, 0x00, 0x38, 0x06, 0x2C, 0x07, 0xA7, 0x0D,
    0xE4, 0x0C, 0x64, 0x0C, 0x34, 0x0C, 0x24, 0x0C, 0x04, 0x04, 0x04, 0x07, 0x00, 0x00, 0x00, 0x00,
    0x20, 0x00, 0x30, 0x00, 0xD8, 0x07, 0x0C, 0x04, 0x03, 0x04, 0xF2, 0x07, 0x8C, 0x00, 0xD8, 0x00,
    0xB0, 0x04, 0x30, 0x04, 0x00, 0x00, 0x00, 0x00, 0x00, 0x04, 0xFE, 0x03, 0xFC, 0x00, 0xC4, 0x0F,
    0x85, 0x04, 0x87, 0x04, 0x84, 0x04, 0x84, 0x04, 0xFE, 0x0F, 0x84, 0x04, 0x00, 0x00, 0x00, 0x00,
    0x0A, 0x09, 0x0A, 0x09, 0x7F, 0x05, 0x7A, 0x07, 0xDE, 0x03, 0xB2, 0x01, 0x3E, 0x03, 0x2E, 0x05,
    0x62, 0x0D, 0xBE, 0x0D, 0x00, 0x00, 0x00, 0x00, 0xE2, 0x07, 0xFE, 0x07, 0xF2, 0x03, 0x12, 0x08,
    0xFF, 0x0B, 0x9A, 0x05, 0x8A, 0x03, 0xFE, 0x05, 0x02, 0x0C, 0xFE, 0x07, 0x02, 0x00, 0x00, 0x00,
    0x20, 0x01, 0xAF, 0x0F, 0xE8, 0x04, 0xEF, 0x07, 0x38, 0x01, 0xAC, 0x07, 0x3F, 0x07, 0xF8, 0x04,
    0xAF, 0x07, 0xB0, 0x01, 0x80, 0x00, 0x00, 0x00, 0x30, 0x00, 0x2C, 0x00, 0x2F, 0x00, 0x2C, 0x00,
    0x2C, 0x00, 0x2C, 0x00, 0xEC, 0x00, 0xEC, 0x07, 0x06, 0x0C, 0x06, 0x0C, 0x00, 0x0A, 0x00, 0x00,
    0x22, 0x04, 0xE6, 0x03, 0x30, 0x06, 0x0C, 0x04, 0x97, 0x0D, 0x75, 0x0F, 0x34, 0x0F, 0x14, 0x0F,
    0x04, 0x0F, 0xC6, 0x05, 0x00, 0x04, 0x00, 0x00, 0x84, 0x08, 0xB4, 0x0C, 0xB4, 0x06, 0xFC, 0x03,
    0xBF, 0x00, 0x97, 0x00, 0xFC, 0x0F, 0x9C, 0x00, 0xB4, 0x00, 0x86, 0x00, 0x80, 0x00, 0x00, 0x00,
    0x18, 0x05, 0xF2, 0x0F, 0x3E, 0x00, 0x3C, 0x00, 0x3E, 0x00, 0x37, 0x00, 0x34, 0x00, 0xF4, 0x03,
    0x7C, 0x07, 0x06, 0x0C, 0x00, 0x0D, 0x00, 0x00, 0x30, 0x0F, 0xE6, 0x0F, 0x3C, 0x04, 0x08, 0x04,
    0xE8, 0x07, 0x0B, 0x05, 0x0E, 0x06, 0xF8, 0x05, 0x3C, 0x04, 0x0C, 0x04, 0x00, 0x04, 0x00, 0x00,
    0x00, 0x00, 0xF2, 0x0F, 0x36, 0x06, 0x10, 0x01, 0x2C, 0x04, 0x27, 0x0F, 0xE0, 0x09, 0x60, 0x08,
    0x20, 0x0C, 0x04, 0x0F, 0x00, 0x04, 0x00, 0x00, 0xC8, 0x04, 0xFF, 0x0F, 0xFF, 0x07, 0x28, 0x00,
    0xF8, 0x0F, 0x26, 0x05, 0xA7, 0x05, 0x34, 0x05, 0x0C, 0x05, 0xE6, 0x0F, 0x00, 0x00, 0x00, 0x00,
    0x30, 0x00, 0xFF, 0x0F, 0x58, 0x00, 0xB0, 0x0F, 0xB8, 0x0F, 0xA7, 0x04, 0xA3, 0x04, 0xBC, 0x04,
    0x98, 0x0F, 0x30, 0x00, 0x00, 0x00, 0x00, 0x00, 0x18, 0x0F, 0xF6, 0x0F, 0x78, 0x00, 0xB0, 0x0F,
    0xBC, 0x0F, 0xA7, 0x04, 0xA3, 0x04, 0xBC, 0x04, 0xB8, 0x0F, 0x30, 0x00, 0x10, 0x00, 0x00, 0x00,
    0x70, 0x02, 0x90, 0x03, 0xF0, 0x02, 0x9C, 0x02, 0xEF, 0x0F, 0xE7, 0x0F, 0x8C, 0x02, 0xD8, 0x02,
    0x72, 0x02, 0x30, 0x03, 0x00, 0x00, 0x00, 0x00, 0xC8, 0x04, 0xFF, 0x0F, 0xFF, 0x07, 0x28, 0x00,
    0x2C, 0x00, 0x22, 0x00, 0xFE, 0x0F, 0xFE, 0x0F, 0x23, 0x00, 0x20, 0x00, 0x20, 0x00, 0x00, 0x00,
    0x18, 0x00, 0xF7, 0x0F, 0xF5, 0x07, 0x54, 0x02, 0x20, 0x00, 0x22, 0x00, 0x22, 0x00, 0xFE, 0x0F,
    0x23, 0x00, 0x22, 0x00, 0x20, 0x00, 0x00, 0x00, 0xB8, 0x00, 0xEF, 0x0F, 0xE5, 0x07, 0xF4, 0x02,
    0xA0, 0x0A, 0xDE, 0x0F, 0x82, 0x04, 0x82, 0x04, 0xFE, 0x0F, 0xB0, 0x0F, 0x20, 0x00, 0x00, 0x00,
    0x20, 0x00, 0x24, 0x00, 0x24, 0x00, 0x22, 0x00, 0xFE, 0x0F, 0xFE, 0x07, 0x22, 0x00, 0x23, 0x00,
    0x21, 0x00, 0x30, 0x00, 0x20, 0x00, 0x00, 0x00, 0x20, 0x04, 0xE6, 0x03, 0x24, 0x06, 0x20, 0x04,
    0x20, 0x04, 0x22, 0x0C, 0xFE, 0x0F, 0x22, 0x0C, 0x23, 0x0C, 0x30, 0x04, 0x00, 0x04, 0x00, 0x00,
    0x88, 0x08, 0x46, 0x08, 0x6F, 0x0F, 0x7C, 0x0E, 0xDA, 0x0B, 0x5C, 0x0A, 0x67, 0x0E, 0xEE, 0x0B,
    0x48, 0x0C, 0xC2, 0x0C, 0x40, 0x00, 0x00, 0x00, 0x30, 0x00, 0xFC, 0x0F, 0x37, 0x00, 0x24, 0x00,
    0x24, 0x00, 0x22, 0x00, 0xFE, 0x0F, 0x22, 0x00, 0x23, 0x00, 0x22, 0x00, 0x20, 0x00, 0x00, 0x00,
    0x12, 0x06, 0xF6, 0x0F, 0x20, 0x05, 0xB4, 0x02, 0xBD, 0x0F, 0xFE, 0x0F, 0xFC, 0x0F, 0xBF, 0x03,
    0xFC, 0x03, 0x26, 0x04, 0x20, 0x04, 0x00, 0x00, 0xFC, 0x02, 0xB4, 0x02, 0xAF, 0x0F, 0xB4, 0x02,
    0xFE, 0x03, 0x3C, 0x06, 0x2F, 0x0F, 0xE4, 0x08, 0x74, 0x08, 0x04, 0x0C, 0x04, 0x04, 0x00, 0x00,
    0x7E, 0x07, 0x5E, 0x0F, 0xFE, 0x07, 0x5E, 0x05, 0x7E, 0x06, 0xB0, 0x00, 0x9E, 0x00, 0xE6, 0x0C,
    0x9C, 0x07, 0xB0, 0x00, 0x20, 0x00, 0x00, 0x00, 0xB8, 0x00, 0xEF, 0x0F, 0xA4, 0x06, 0xD4, 0x0E,
    0xD4, 0x06, 0x58, 0x04, 0xFF, 0x03, 0x2A, 0x07, 0xAE, 0x05, 0xA8, 0x0C, 0x00, 0x0A, 0x00, 0x00,
    0x1C, 0x00, 0xF7, 0x0F, 0xD4, 0x06, 0x5C, 0x02, 0x0C, 0x01, 0xFF, 0x0F, 0x48, 0x04, 0x48, 0x04,
    0xFF, 0x0F, 0x0C, 0x00, 0x08, 0x00, 0x00, 0x00, 0x04, 0x00, 0xF4, 0x0F, 0x55, 0x01, 0x56, 0x0D,
    0xF4, 0x0F, 0x04, 0x00, 0xF7, 0x03, 0x05, 0x08, 0xFC, 0x0F, 0x14, 0x00, 0x04, 0x00, 0x00, 0x00,
    0x98, 0x07, 0xF2, 0x07, 0x5C, 0x00, 0xB8, 0x06, 0x9F, 0x0F, 0xEA, 0x05, 0xA8, 0x05, 0x9F, 0x05,
    0xFF, 0x0F, 0x6A, 0x00, 0x48, 0x00, 0x00, 0x00, 0x22, 0x0C, 0xEE, 0x07, 0x30, 0x04, 0x10, 0x0C,
    0xFE, 0x0F, 0xFA, 0x0A, 0xFF, 0x0A, 0xFA, 0x0A, 0xFE, 0x0F, 0x18, 0x0D, 0x10, 0x04, 0x00, 0x00,
    0x18, 0x01, 0xF6, 0x0F, 0x7C, 0x00, 0x4C, 0x04, 0x48, 0x04, 0xFF, 0x02, 0xE8, 0x03, 0xAA, 0x07,
    0xEE, 0x0C, 0x28, 0x0E, 0x00, 0x00, 0x00, 0x00, 0x22, 0x04, 0xF6, 0x07, 0x20, 0x0D, 0xE6, 0x07,
    0x10, 0x04, 0xFE, 0x0F, 0x7A, 0x0B, 0x7F, 0x0B, 0xFA, 0x0F, 0x1E, 0x0F, 0x10, 0x04, 0x00, 0x00,
    0x5C, 0x0A, 0x7E, 0x02, 0xFF, 0x02, 0xFC, 0x02, 0xBE, 0x07, 0x7E, 0x07, 0x1E, 0x02, 0xF2, 0x02,
    0xF2, 0x03, 0x1A, 0x04, 0x00, 0x00, 0x00, 0x00, 0x20, 0x00, 0xFE, 0x0F, 0xA6, 0x04, 0xFC, 0x0F,
    0xB4, 0x08, 0x67, 0x06, 0xFC, 0x03, 0xEC, 0x01, 0x6E, 0x06, 0x30, 0x0C, 0x00, 0x00, 0x00, 0x00,
    0x20, 0x08, 0x10, 0x04, 0x0E, 0x06, 0x07, 0x03, 0xF4, 0x01, 0x74, 0x00, 0x84, 0x01, 0x14, 0x06,
    0x1C, 0x06, 0x0C, 0x04, 0x00, 0x00, 0x00, 0x00, 0xAC, 0x03, 0xFF, 0x0F, 0xEC, 0x00, 0xFE, 0x0F,
    0xFD, 0x09, 0x36, 0x06, 0x3C, 0x03, 0xFF, 0x01, 0xF8, 0x03, 0x18, 0x06, 0x08, 0x00, 0x00, 0x00,
    0xE8, 0x00, 0xFF, 0x0F, 0xFF, 0x07, 0xE8, 0x00, 0xF8, 0x07, 0xEE, 0x0F, 0x23, 0x0D, 0xEC, 0x0F,
    0xF8, 0x0D, 0x10, 0x0E, 0x10, 0x00, 0x00, 0x00, 0xFC, 0x03, 0x84, 0x00, 0xFC, 0x01, 0x30, 0x00,
    0xF8, 0x07, 0x27, 0x0C, 0x23, 0x09, 0xEC, 0x09, 0x38, 0x0C, 0x30, 0x06, 0x10, 0x00, 0x00, 0x00,
    0xFE, 0x07, 0x7E, 0x04, 0xD2, 0x0C, 0xFE, 0x07, 0xAE, 0x04, 0x94, 0x00, 0x97, 0x07, 0x86, 0x04,
    0xDC, 0x00, 0x36, 0x04, 0x04, 0x04, 0x00, 0x00, 0x40, 0x00, 0x54, 0x04, 0x54, 0x06, 0xD7, 0x03,
    0xFE, 0x01, 0xDC, 0x07, 0x57, 0x04, 0x55, 0x0C, 0x54, 0x0C, 0x44, 0x06, 0x40, 0x04, 0x00, 0x00,
    0x10, 0x03, 0xFF, 0x01, 0x10, 0x01, 0xF4, 0x0F, 0xDE, 0x07, 0xD2, 0x07, 0xDF, 0x06, 0xD2, 0x07,
    0xDE, 0x04, 0xF6, 0x0F, 0x10, 0x00, 0x00, 0x00, 0x42, 0x00, 0xCA, 0x0F, 0xFA, 0x04, 0xEF, 0x07,
    0xFE, 0x07, 0xFA, 0x07, 0xEF, 0x07, 0xFA, 0x04, 0xCA, 0x0F, 0x6A, 0x00, 0x02, 0x00, 0x00, 0x00,
    0x7A, 0x04, 0x52, 0x0C, 0xDE, 0x07, 0x42, 0x04, 0xEE, 0x05, 0xAE, 0x04, 0xF8, 0x07, 0xA8, 0x05,
    0xAF, 0x05, 0xE2, 0x06, 0x00, 0x04, 0x00, 0x00, 0x48, 0x0C, 0xFF, 0x0F, 0x68, 0x00, 0x2C, 0x00,
    0xF8, 0x07, 0x2E, 0x0D, 0x23, 0x09, 0xEC, 0x0D, 0xF8, 0x0C, 0x30, 0x06, 0x10, 0x00, 0x00, 0x00,
    0x68, 0x00, 0xFF, 0x0F, 0x68, 0x02, 0xD8, 0x0F, 0xFE, 0x0F, 0xBE, 0x07, 0xFE, 0x02, 0xEF, 0x07,
    0xEF, 0x0F, 0xF8, 0x0D, 0x00, 0x05, 0x00, 0x00, 0x9E, 0x00, 0xF7, 0x0F, 0xD4, 0x03, 0xD2, 0x01,
    0xFE, 0x0F, 0xDA, 0x08, 0x38, 0x06, 0xFF, 0x03, 0xFA, 0x03, 0x18, 0x0E, 0x00, 0x04, 0x00, 0x00,
    0xC2, 0x0F, 0xFE, 0x03, 0xDB, 0x03, 0xDA, 0x03, 0xFE, 0x04, 0xE2, 0x0F, 0x60, 0x04, 0xBF, 0x03,
    0xE4, 0x07, 0x34, 0x0C, 0x00, 0x04, 0x00, 0x00, 0x38, 0x00, 0xFF, 0x0F, 0x18, 0x00, 0x10, 0x00,
    0xF6, 0x0F, 0x54, 0x01, 0x5F, 0x01, 0x58, 0x05, 0x5C, 0x0D, 0xF6, 0x07, 0x00, 0x00, 0x00, 0x00,
    0x68, 0x00, 0xFF, 0x0F, 0xE8, 0x08, 0xC8, 0x08, 0x7A, 0x06, 0xDE, 0x03, 0x0E, 0x00, 0xD2, 0x0F,
    0x63, 0x00, 0xC8, 0x00, 0x40, 0x00, 0x00, 0x00, 0xFE, 0x0F, 0x92, 0x02, 0xFE, 0x07, 0x18, 0x0E,
    0xFE, 0x03, 0x57, 0x0F, 0x55, 0x01, 0xFE, 0x07, 0x54, 0x01, 0xF6, 0x07, 0x00, 0x0D, 0x00, 0x00,
    0x88, 0x08, 0x48, 0x08, 0x6A, 0x06, 0xDA, 0x03, 0x0E, 0x00, 0x1A, 0x00, 0xFA, 0x0F, 0x6B, 0x00,
    0xC8, 0x00, 0xC8, 0x00, 0x00, 0x00, 0x00, 0x00, 0x30, 0x00, 0xFE, 0x0F, 0x83, 0x08, 0x40, 0x0C,
    0xF2, 0x07, 0xDE, 0x01, 0x0E, 0x00, 0xF2, 0x0F, 0x6B, 0x00, 0x48, 0x00, 0x40, 0x00, 0x00, 0x00,
    0x04, 0x01, 0xFC, 0x01, 0xFC, 0x00, 0x86, 0x00, 0x82, 0x00, 0x3A, 0x00, 0x3E, 0x04, 0x22, 0x0C,
    0xF2, 0x07, 0xF3, 0x00, 0x00, 0x00, 0x00, 0x00, 0xE4, 0x02, 0xBF, 0x02, 0xFC, 0x0F, 0xBF, 0x02,
    0xE6, 0x03, 0xF6, 0x0F, 0x5C, 0x01, 0x5F, 0x01, 0x58, 0x0D, 0xFE, 0x0F, 0x10, 0x00, 0x00, 0x00,
    0x48, 0x08, 0xFF, 0x0F, 0xE8, 0x02, 0xDC, 0x0F, 0xFE, 0x0F, 0xBE, 0x07, 0xFE, 0x02, 0xEF, 0x07,
    0xEF, 0x0F, 0xF8, 0x0D, 0x00, 0x07, 0x00, 0x00, 0xE4, 0x06, 0xDF, 0x01, 0xFC, 0x07, 0xEE, 0x0C,
    0xBA, 0x08, 0x5A, 0x0E, 0xFE, 0x0B, 0x5A, 0x0A, 0x7A, 0x0F, 0xFE, 0x0F, 0x00, 0x04, 0x00, 0x00,
    0xF8, 0x07, 0xFE, 0x03, 0xFE, 0x03, 0xF8, 0x03, 0x02, 0x00, 0xFE, 0x0F, 0x5C, 0x01, 0x5F, 0x05,
    0x5C, 0x0D, 0xFE, 0x0F, 0x02, 0x00, 0x00, 0x00, 0x30, 0x00, 0xFE, 0x0F, 0x03, 0x00, 0xF2, 0x0F,
    0xFE, 0x0F, 0x50, 0x01, 0x5F, 0x01, 0x58, 0x05, 0x54, 0x0D, 0xF2, 0x0F, 0x00, 0x00, 0x00, 0x00,
    0x2E, 0x04, 0xF2, 0x07, 0xEA, 0x03, 0x2E, 0x02, 0x23, 0x02, 0xE6, 0x00, 0xAE, 0x04, 0xBA, 0x0C,
    0xAE, 0x07, 0xB6, 0x00, 0x00, 0x00, 0x00, 0x00, 0x20, 0x00, 0xFE, 0x03, 0xFE, 0x0B, 0x10, 0x0D,
    0x9A, 0x06, 0x82, 0x03, 0xFE, 0x04, 0x02, 0x04, 0x02, 0x0E, 0xFE, 0x07, 0x00, 0x00, 0x00, 0x00,
    0x24, 0x04, 0xA0, 0x03, 0xF0, 0x04, 0x2F, 0x0C, 0xE0, 0x07, 0x00, 0x00, 0xFF, 0x0F, 0x2F, 0x02,
    0x20, 0x06, 0xF2, 0x07, 0x00, 0x00, 0x00, 0x00, 0x00, 0x00, 0x00, 0x00, 0xFE, 0x07, 0x92, 0x04,
    0x92, 0x00, 0x92, 0x00, 0x92, 0x00, 0xFE, 0x07, 0x02, 0x00, 0x00, 0x04, 0x00, 0x00, 0x00, 0x00,
    0x30, 0x00, 0xFF, 0x0F, 0x18, 0x00, 0x58, 0x04, 0x48, 0x06, 0xC8, 0x05, 0xFF, 0x04, 0x48, 0x05,
    0x4C, 0x07, 0x6C, 0x0E, 0x00, 0x00, 0x00, 0x00, 0x5C, 0x00, 0xF6, 0x07, 0xFA, 0x0F, 0x4E, 0x0B,
    0x63, 0x05, 0x23, 0x03, 0xE6, 0x05, 0x2A, 0x0C, 0xFE, 0x07, 0xE6, 0x00, 0x00, 0x00, 0x00, 0x00,
    0x18, 0x00, 0xFF, 0x0F, 0xF6, 0x0F, 0x54, 0x0A, 0x74, 0x04, 0x1C, 0x03, 0xFF, 0x01, 0xF8, 0x01,
    0x18, 0x07, 0x0C, 0x0C, 0x08, 0x00, 0x00, 0x00, 0x30, 0x00, 0xFE, 0x0F, 0x43, 0x08, 0x60, 0x08,
    0xB6, 0x04, 0xB6, 0x07, 0x36, 0x07, 0xF6, 0x05, 0xFE, 0x0C, 0x60, 0x0C, 0x20, 0x00, 0x00, 0x00,
    0x20, 0x04, 0xA4, 0x06, 0xA4, 0x03, 0xBC, 0x05, 0xE7, 0x0F, 0xE6, 0x07, 0xBC, 0x01, 0xAC, 0x03,
    0xA6, 0x06, 0xB6, 0x06, 0x00, 0x00, 0x00, 0x00, 0xA0, 0x08, 0xE8, 0x05, 0x68, 0x07, 0x78, 0x03,
    0xEF, 0x0F, 0x6A, 0x01, 0x68, 0x03, 0xE8, 0x07, 0xAA, 0x04, 0xB0, 0x00, 0x00, 0x00, 0x00, 0x00,
    0x12, 0x01, 0x96, 0x01, 0x9E, 0x01, 0x56, 0x01, 0xF7, 0x01, 0xB2, 0x0D, 0x56, 0x07, 0x9E, 0x03,
    0x96, 0x01, 0x97, 0x01, 0x80, 0x00, 0x00, 0x00, 0xF2, 0x0C, 0xDF, 0x04, 0xFA, 0x07, 0xDE, 0x07,
    0xFF, 0x0F, 0x92, 0x06, 0x88, 0x03, 0xFF, 0x04, 0x08, 0x0C, 0xF8, 0x07, 0x00, 0x00, 0x00, 0x00,
    0x02, 0x04, 0xF2, 0x07, 0xF6, 0x00, 0x5F, 0x00, 0x52, 0x00, 0x52, 0x00, 0xDF, 0x0F, 0x5A, 0x00,
    0x5A, 0x00, 0x62, 0x00, 0x40, 0x00, 0x00, 0x00, 0x48, 0x0C, 0xFF, 0x0F, 0x38, 0x00, 0xF8, 0x0F,
    0x7C, 0x03, 0xF6, 0x03, 0xFF, 0x03, 0x7C, 0x07, 0xFC, 0x0D, 0x98, 0x07, 0x08, 0x00, 0x00, 0x00,
    0x08, 0x0F, 0xF8, 0x0F, 0x5C, 0x03, 0x7E, 0x03, 0xFF, 0x03, 0xFA, 0x03, 0x7E, 0x03, 0x7C, 0x05,
    0xFC, 0x0F, 0x08, 0x01, 0x00, 0x00, 0x00, 0x00, 0x3C, 0x01, 0xE6, 0x00, 0xFA, 0x0F, 0xC2, 0x08,
    0x7B, 0x09, 0x7B, 0x07, 0x7A, 0x07, 0xFA, 0x07, 0xFE, 0x0C, 0xC6, 0x0C, 0x00, 0x00, 0x00, 0x00,
    0x18, 0x01, 0xD6, 0x0F, 0x74, 0x01, 0xE4, 0x01, 0x08, 0x00, 0xF8, 0x07, 0x06, 0x0C, 0x04, 0x0C,
    0x20, 0x06, 0xE0, 0x00, 0x80, 0x00, 0x00, 0x00, 0x12, 0x00, 0x1A, 0x00, 0xFA, 0x0F, 0x9A, 0x00,
    0x9F, 0x00, 0x9F, 0x00, 0x9A, 0x0C, 0xFA, 0x0F, 0x1E, 0x00, 0x1A, 0x00, 0x10, 0x00, 0x00, 0x00,
    0x74, 0x03, 0x3E, 0x01, 0xFF, 0x0F, 0xA4, 0x01, 0xE6, 0x04, 0xA2, 0x04, 0x92, 0x07, 0x8E, 0x07,
    0xD6, 0x04, 0xF0, 0x04, 0x20, 0x04, 0x00, 0x00, 0x28, 0x09, 0x36, 0x09, 0xB7, 0x09, 0xF2, 0x0E,
    0xF2, 0x0E, 0xB2, 0x09, 0x92, 0x0D, 0xFE, 0x01, 0xF2, 0x07, 0x02, 0x0C, 0x00, 0x00, 0x00, 0x00,
    0x38, 0x00, 0xFF, 0x0F, 0x07, 0x02, 0xFC, 0x0B, 0x12, 0x09, 0xFA, 0x05, 0x0A, 0x07, 0xFE, 0x03,
    0x0A, 0x02, 0xFA, 0x0D, 0x02, 0x08, 0x00, 0x00, 0xFE, 0x04, 0xC2, 0x07, 0xFF, 0x01, 0xFE, 0x07,
    0xFE, 0x03, 0xFE, 0x03, 0x7E, 0x03, 0xFE, 0x0F, 0x02, 0x01, 0xFE, 0x01, 0x00, 0x00, 0x00, 0x00,
    0x18, 0x01, 0xF2, 0x0F, 0x3E, 0x00, 0x2C, 0x00, 0xE8, 0x0F, 0xC8, 0x02, 0xDF, 0x02, 0xC8, 0x0A,
    0xEC, 0x0F, 0x1A, 0x00, 0x10, 0x00, 0x00, 0x00, 0x1A, 0x02, 0xBE, 0x03, 0xBF, 0x03, 0xFF, 0x03,
    0xFE, 0x0F, 0xCA, 0x07, 0x6E, 0x03, 0xFB, 0x03, 0x7C, 0x03, 0x62, 0x02, 0x00, 0x00, 0x00, 0x00,
    0xFE, 0x03, 0x20, 0x01, 0xFE, 0x03, 0x20, 0x00, 0xEA, 0x0F, 0xC8, 0x03, 0xDF, 0x02, 0xCE, 0x0A,
    0xEE, 0x0F, 0x1A, 0x00, 0x10, 0x00, 0x00, 0x00, 0x58, 0x00, 0xFE, 0x0F, 0xFF, 0x03, 0xFE, 0x03,
    0xFE, 0x03, 0xFE, 0x0F, 0xDE, 0x07, 0x4E, 0x00, 0xFE, 0x03, 0x02, 0x04, 0x00, 0x0E, 0x00, 0x00,
    0x30, 0x00, 0xFF, 0x0F, 0x18, 0x00, 0x38, 0x00, 0xE8, 0x0F, 0xC8, 0x00, 0xDF, 0x00, 0xC8, 0x0C,
    0xEE, 0x0F, 0x1A, 0x00, 0x00, 0x00, 0x00, 0x00, 0xFF, 0x03, 0xFF, 0x03, 0x18, 0x09, 0x0A, 0x08,
    0xFA, 0x05, 0x0A, 0x03, 0xFE, 0x03, 0x0A, 0x02, 0xFA, 0x07, 0x0B, 0x0C, 0x00, 0x00, 0x00, 0x00,
    0x00, 0x00, 0xF6, 0x07, 0x04, 0x02, 0x10, 0x01, 0xF8, 0x0F, 0xD8, 0x00, 0xDF, 0x00, 0xD8, 0x04,
    0xFC, 0x0F, 0x5A, 0x00, 0x10, 0x00, 0x00, 0x00, 0x00, 0x07, 0xFE, 0x09, 0x24, 0x04, 0x24, 0x06,
    0xA5, 0x03, 0xFF, 0x00, 0xA4, 0x01, 0x24, 0x06, 0x24, 0x04, 0x26, 0x04, 0x00, 0x00, 0x00, 0x00,
    0x22, 0x02, 0xFE, 0x03, 0x22, 0x05, 0x26, 0x03, 0xFC, 0x03, 0x54, 0x09, 0xD7, 0x0F, 0x54, 0x00,
    0x7C, 0x01, 0x16, 0x06, 0x04, 0x00, 0x00, 0x00, 0x5C, 0x08, 0xAC, 0x0C, 0x94, 0x06, 0x8C, 0x03,
    0xF7, 0x01, 0x8E, 0x04, 0x8C, 0x0C, 0xD4, 0x0F, 0xBC, 0x00, 0x06, 0x00, 0x00, 0x00, 0x00, 0x00,
    0x90, 0x01, 0xFE, 0x0F, 0xFE, 0x0F, 0xDB, 0x08, 0x78, 0x04, 0x30, 0x03, 0xFF, 0x01, 0xE0, 0x01,
    0x18, 0x07, 0x18, 0x0E, 0x00, 0x04, 0x00, 0x00, 0x00, 0x04, 0x00, 0x04, 0xFE, 0x07, 0x22, 0x04,
    0x22, 0x04, 0x22, 0x04, 0xE2, 0x07, 0x23, 0x04, 0x33, 0x04, 0x30, 0x06, 0x00, 0x04, 0x00, 0x00,
    0x00, 0x06, 0xFE, 0x03, 0x12, 0x02, 0xF2, 0x03, 0xF3, 0x03, 0x18, 0x00, 0xFF, 0x0F, 0x12, 0x01,
    0x3E, 0x03, 0xC7, 0x03, 0x82, 0x01, 0x00, 0x00, 0x20, 0x02, 0xFC, 0x03, 0x22, 0x01, 0x2A, 0x03,
    0x38, 0x01, 0xA8, 0x0C, 0xFF, 0x0F, 0x6A, 0x00, 0xAE, 0x01, 0x3C, 0x03, 0x00, 0x02, 0x00, 0x00,
    0x08, 0x03, 0x18, 0x01, 0xE8, 0x01, 0x88, 0x04, 0xFF, 0x0F, 0xFF, 0x07, 0xEA, 0x00, 0xAE, 0x01,
    0x3C, 0x03, 0x0C, 0x02, 0x00, 0x00, 0x00, 0x00, 0xFE, 0x0F, 0x02, 0x07, 0x02, 0x05, 0xE2, 0x04,
    0x3E, 0x04, 0x66, 0x04, 0xC2, 0x04, 0x82, 0x05, 0xFE, 0x0F, 0x02, 0x07, 0x00, 0x00, 0x00, 0x00,
    0x04, 0x00, 0xF4, 0x0F, 0xD4, 0x05, 0x77, 0x05, 0x3E, 0x05, 0x14, 0x05, 0x7E, 0x05, 0x57, 0x05,
    0xF4, 0x0F, 0x04, 0x00, 0x04, 0x00, 0x00, 0x00, 0x18, 0x05, 0xD2, 0x0F, 0x3E, 0x00, 0xFE, 0x0F,
    0xFE, 0x07, 0xC2, 0x05, 0x7E, 0x04, 0xC6, 0x04, 0x82, 0x05, 0xFE, 0x0F, 0x00, 0x00, 0x00, 0x00,
    0xE4, 0x07, 0xE4, 0x03, 0xFF, 0x07, 0xA4, 0x04, 0xB4, 0x0C, 0x18, 0x0E, 0x56, 0x0C, 0x57, 0x0C,
    0xFC, 0x0F, 0xF4, 0x0F, 0x00, 0x00, 0x00, 0x00, 0xFE, 0x07, 0xFE, 0x07, 0x0A, 0x06, 0x92, 0x05,
    0xF2, 0x04, 0x62, 0x04, 0xFA, 0x04, 0x8E, 0x07, 0x03, 0x05, 0x02, 0x06, 0x00, 0x00, 0x00, 0x00,
    0xF8, 0x04, 0xFF, 0x07, 0xF8, 0x03, 0xFC, 0x0F, 0x00, 0x0E, 0xFE, 0x0F, 0x92, 0x08, 0x92, 0x08,
    0xFE, 0x0F, 0x02, 0x0C, 0x00, 0x0C, 0x00, 0x00, 0xFC, 0x0F, 0xF8, 0x0F, 0x48, 0x04, 0xFF, 0x07,
    0x48, 0x04, 0xFF, 0x07, 0xFF, 0x07, 0x48, 0x04, 0xFC, 0x0F, 0xF8, 0x07, 0x00, 0x00, 0x00, 0x00,
    0x80, 0x04, 0xFE, 0x03, 0xAF, 0x09, 0xFE, 0x0F, 0x00, 0x00, 0xFE, 0x0F, 0x0A, 0x03, 0xF2, 0x00,
    0xFA, 0x01, 0x8A, 0x07, 0x00, 0x04, 0x00, 0x00, 0x00, 0x06, 0xFE, 0x03, 0x0E, 0x00, 0xEA, 0x0F,
    0xEA, 0x00, 0x8A, 0x04, 0xFA, 0x07, 0x8A, 0x00, 0xCA, 0x00, 0xFE, 0x0F, 0x00, 0x00, 0x00, 0x00,
    0x7E, 0x01, 0x4E, 0x05, 0x7E, 0x0D, 0xFE, 0x07, 0xC0, 0x04, 0xFE, 0x07, 0x9A, 0x05, 0x72, 0x04,
    0xFE, 0x04, 0x8A, 0x05, 0x00, 0x04, 0x00, 0x00, 0x04, 0x05, 0xFD, 0x04, 0x0A, 0x03, 0x04, 0x01,
    0xFE, 0x0F, 0xD4, 0x07, 0x54, 0x03, 0x5C, 0x02, 0xFE, 0x06, 0xE1, 0x04, 0x00, 0x00, 0x00, 0x00,
    0x02, 0x02, 0xFE, 0x03, 0x48, 0x01, 0xFE, 0x0F, 0xFE, 0x0F, 0x8D, 0x06, 0xF4, 0x03, 0xC4, 0x01,
    0x7C, 0x06, 0x04, 0x06, 0x00, 0x00, 0x00, 0x00, 0xE2, 0x08, 0xBE, 0x08, 0xAE, 0x0A, 0xAE, 0x07,
    0xFE, 0x06, 0xA3, 0x06, 0xAE, 0x07, 0x9A, 0x0C, 0xBE, 0x0C, 0xE6, 0x00, 0x80, 0x00, 0x00, 0x00,
    0xFC, 0x07, 0xF0, 0x05, 0xFF, 0x05, 0xF4, 0x07, 0x14, 0x04, 0xFE, 0x0F, 0x2A, 0x02, 0xFE, 0x01,
    0xAA, 0x0B, 0xFF, 0x0F, 0x80, 0x03, 0x00, 0x00, 0xC4, 0x03, 0x7E, 0x03, 0xFF, 0x07, 0x56, 0x05,
    0xFE, 0x05, 0xAA, 0x04, 0xFE, 0x07, 0x96, 0x0D, 0xE6, 0x0C, 0xFC, 0x0D, 0x00, 0x00, 0x00, 0x00,
    0x40, 0x00, 0x48, 0x04, 0x48, 0x07, 0xC8, 0x05, 0xFF, 0x04, 0x7F, 0x04, 0x48, 0x05, 0x48, 0x07,
    0x4C, 0x0E, 0x60, 0x00, 0x00, 0x00, 0x00, 0x00, 0xFE, 0x0F, 0xFE, 0x07, 0xEE, 0x04, 0xEC, 0x07,
    0xFE, 0x06, 0xEE, 0x07, 0x6E, 0x07, 0x78, 0x05, 0xF2, 0x04, 0xFF, 0x07, 0x00, 0x00, 0x00, 0x00,
    0xFA, 0x0D, 0xFF, 0x0F, 0xFA, 0x06, 0xFF, 0x07, 0xDA, 0x07, 0x5A, 0x0E, 0xFA, 0x05, 0xFE, 0x03,
    0xFA, 0x03, 0xFB, 0x07, 0x00, 0x04, 0x00, 0x00, 0xC8, 0x00, 0xFF, 0x0F, 0xFF, 0x0F, 0x6C, 0x08,
    0x06, 0x04, 0x7C, 0x02, 0xC0, 0x03, 0xE0, 0x03, 0x3E, 0x06, 0x06, 0x0C, 0x00, 0x00, 0x00, 0x00,
    0xFA, 0x0F, 0x7E, 0x05, 0x7E, 0x05, 0xFA, 0x07, 0xCE, 0x05, 0x6E, 0x01, 0xDE, 0x07, 0xDE, 0x07,
    0x6F, 0x01, 0x62, 0x05, 0x00, 0x00, 0x00, 0x00, 0x80, 0x04, 0xBE, 0x06, 0xBE, 0x03, 0xEA, 0x04,
    0xEB, 0x0F, 0xEB, 0x07, 0xAA, 0x01, 0xBE, 0x03, 0xFE, 0x06, 0x00, 0x04, 0x00, 0x04, 0x00, 0x00,
    0x20, 0x08, 0x30, 0x08, 0x38, 0x09, 0x2C, 0x09, 0xE7, 0x0F, 0xE2, 0x0F, 0x2C, 0x09, 0xB8, 0x09,
    0x30, 0x08, 0x30, 0x0C, 0x00, 0x00, 0x00, 0x00, 0xD8, 0x04, 0xFE, 0x03, 0xFC, 0x08, 0x64, 0x01,
    0x74, 0x01, 0xDF, 0x07, 0xCC, 0x07, 0x54, 0x01, 0x64, 0x01, 0x26, 0x04, 0x00, 0x00, 0x00, 0x00,
    0x50, 0x02, 0x56, 0x02, 0x76, 0x02, 0x5C, 0x0A, 0xDF, 0x0F, 0xD5, 0x07, 0x76, 0x02, 0xB6, 0x02,
    0x74, 0x02, 0x58, 0x03, 0x40, 0x00, 0x00, 0x00, 0x10, 0x08, 0x10, 0x04, 0x10, 0x06, 0x90, 0x03,
    0xFF, 0x00, 0x32, 0x00, 0xD2, 0x01, 0x1E, 0x03, 0x10, 0x06, 0x18, 0x04, 0x00, 0x04, 0x00, 0x00,
    0x28, 0x09, 0xA8, 0x08, 0xEE, 0x04, 0xB8, 0x07, 0xBF, 0x01, 0xA8, 0x08, 0xEE, 0x0F, 0xEA, 0x07,
    0xAC, 0x00, 0xB0, 0x00, 0x80, 0x00, 0x00, 0x00, 0x14, 0x02, 0xA4, 0x01, 0xE4, 0x08, 0xBC, 0x05,
    0x0C, 0x06, 0x88, 0x03, 0xFF, 0x04, 0x0B, 0x0C, 0x08, 0x0F, 0xF8, 0x07, 0x00, 0x00, 0x00, 0x00,
    0xFC, 0x07, 0x67, 0x02, 0xFC, 0x03, 0xE4, 0x0B, 0xE4, 0x07, 0x48, 0x03, 0xFF, 0x01, 0xCA, 0x03,
    0x78, 0x06, 0x68, 0x0C, 0x40, 0x00, 0x00, 0x00, 0x30, 0x04, 0xFF, 0x03, 0xFF, 0x09, 0x4C, 0x07,
    0x48, 0x06, 0xFF, 0x03, 0xFF, 0x00, 0x48, 0x03, 0x7C, 0x06, 0x48, 0x0C, 0x40, 0x00, 0x00, 0x00,
    0x58, 0x04, 0xFE, 0x03, 0x6A, 0x00, 0xFE, 0x0F, 0x6E, 0x07, 0xFB, 0x03, 0xEA, 0x03, 0xFA, 0x07,
    0xDA, 0x0F, 0xFE, 0x07, 0x02, 0x00, 0x00, 0x00, 0x20, 0x02, 0x24, 0x03, 0xFF, 0x02, 0x7F, 0x02,
    0xA4, 0x03, 0x24, 0x03, 0xFE, 0x0F, 0xFE, 0x07, 0x02, 0x03, 0xFE, 0x03, 0x00, 0x00, 0x00, 0x00,
    0xE4, 0x0F, 0xFF, 0x07, 0x64, 0x05, 0xFF, 0x07, 0xF4, 0x07, 0x74, 0x02, 0xFE, 0x02, 0xBF, 0x07,
    0xB4, 0x0F, 0xFE, 0x0F, 0x80, 0x01, 0x00, 0x00, 0xE8, 0x00, 0xFF, 0x0F, 0xFD, 0x05, 0xE8, 0x00,
    0xEE, 0x0F, 0xFC, 0x07, 0x47, 0x05, 0xFC, 0x07, 0x58, 0x05, 0x56, 0x05, 0x04, 0x04, 0x00, 0x00,
    0x64, 0x00, 0xFC, 0x07, 0x04, 0x0A, 0xF2, 0x0B, 0xBE, 0x07, 0xFE, 0x01, 0x53, 0x01, 0xFC, 0x07,
    0x06, 0x08, 0xF8, 0x0F, 0x00, 0x00, 0x00, 0x00, 0x50, 0x00, 0x28, 0x00, 0xE6, 0x0F, 0xB2, 0x04,
    0xBE, 0x04, 0xFF, 0x07, 0xFC, 0x07, 0xA4, 0x04, 0xE6, 0x05, 0x26, 0x04, 0x00, 0x04, 0x00, 0x00,
    0xC8, 0x00, 0xFE, 0x0F, 0xFC, 0x00, 0xA8, 0x03, 0xAA, 0x01, 0xFE, 0x0F, 0xAA, 0x04, 0xAA, 0x04,
    0xBE, 0x0F, 0x88, 0x07, 0x08, 0x00, 0x00, 0x00, 0xAA, 0x01, 0xFE, 0x0F, 0xAE, 0x04, 0xBE, 0x04,
    0xBE, 0x07, 0x29, 0x01, 0x2E, 0x01, 0xF8, 0x0F, 0x2F, 0x01, 0xAD, 0x01, 0x80, 0x00, 0x00, 0x00,
    0x30, 0x09, 0xBC, 0x06, 0x7F, 0x00, 0x3C, 0x07, 0x9C, 0x04, 0xF8, 0x00, 0x3F, 0x06, 0x32, 0x00,
    0xCE, 0x02, 0x8C, 0x0F, 0x80, 0x00, 0x00, 0x00, 0x30, 0x06, 0xFF, 0x01, 0x28, 0x03, 0xBC, 0x06,
    0x5F, 0x01, 0xBC, 0x07, 0xEC, 0x00, 0x3F, 0x06, 0xFB, 0x02, 0x8E, 0x07, 0x00, 0x00, 0x00, 0x00,
    0x80, 0x00, 0xFC, 0x0F, 0xFC, 0x07, 0xA4, 0x00, 0xFF, 0x00, 0xFF, 0x00, 0xA4, 0x04, 0xAC, 0x0D,
    0xFC, 0x07, 0x80, 0x00, 0x80, 0x00, 0x00, 0x00, 0x84, 0x00, 0xFD, 0x04, 0xDE, 0x06, 0xE6, 0x03,
    0xFC, 0x0F, 0xCF, 0x0F, 0x84, 0x03, 0xBE, 0x02, 0xE4, 0x04, 0xF0, 0x04, 0x00, 0x04, 0x00, 0x00,
    0xFE, 0x02, 0xFE, 0x0F, 0xFF, 0x06, 0xFE, 0x07, 0xFE, 0x05, 0xFE, 0x03, 0x3E, 0x04, 0xFE, 0x07,
    0xFF, 0x07, 0x01, 0x07, 0x00, 0x04, 0x00, 0x00, 0x10, 0x03, 0xFF, 0x01, 0x90, 0x04, 0xFE, 0x03,
    0xF6, 0x0F, 0xFE, 0x05, 0x63, 0x05, 0xFE, 0x07, 0x7E, 0x07, 0xBE, 0x0D, 0x00, 0x00, 0x00, 0x00,
    0xC8, 0x08, 0xFF, 0x0F, 0x28, 0x04, 0x3E, 0x03, 0xFE, 0x0F, 0xFE, 0x0D, 0x2F, 0x05, 0xFE, 0x07,
    0x7E, 0x07, 0xAE, 0x0D, 0x00, 0x00, 0x00, 0x00, 0xFC, 0x01, 0xFC, 0x00, 0xE4, 0x05, 0xFE, 0x03,
    0xF2, 0x0F, 0xFF, 0x05, 0xFE, 0x07, 0xFE, 0x07, 0x7E, 0x0D, 0xA2, 0x0D, 0x00, 0x00, 0x00, 0x00,
    0x00, 0x00, 0xF6, 0x0F, 0x24, 0x06, 0x00, 0x03, 0x00, 0x00, 0x00, 0x04, 0xFF, 0x07, 0x00, 0x00,
    0x10, 0x00, 0x10, 0x04, 0x00, 0x04, 0x00, 0x00, 0x18, 0x00, 0xEF, 0x0F, 0x18, 0x0A, 0xCC, 0x09,
    0xA4, 0x07, 0xA7, 0x03, 0xBC, 0x07, 0xBC, 0x0F, 0xEC, 0x08, 0xE6, 0x0C, 0x40, 0x04, 0x00, 0x00,
    0xC8, 0x04, 0xFF, 0x0F, 0x6D, 0x08, 0x28, 0x04, 0x00, 0x07, 0xFF, 0x01, 0x39, 0x00, 0xF2, 0x0F,
    0x0E, 0x0C, 0x08, 0x0E, 0x00, 0x04, 0x00, 0x00, 0xB8, 0x07, 0xF6, 0x0A, 0xBA, 0x0A, 0x8C, 0x0A,
    0xA4, 0x06, 0xA7, 0x03, 0x9C, 0x00, 0xBC, 0x0F, 0xEC, 0x08, 0xE2, 0x0C, 0x00, 0x04, 0x00, 0x00,
    0x94, 0x0C, 0x54, 0x06, 0xF4, 0x01, 0xBE, 0x0F, 0xBC, 0x09, 0xB4, 0x0B, 0xBF, 0x08, 0xF6, 0x0E,
    0xF4, 0x02, 0x1E, 0x06, 0x00, 0x00, 0x00, 0x00, 0x64, 0x0C, 0x24, 0x07, 0xFF, 0x01, 0x14, 0x0F,
    0x8C, 0x00, 0x78, 0x02, 0xDF, 0x0C, 0x0C, 0x00, 0xFC, 0x06, 0x80, 0x0D, 0xC0, 0x01, 0x00, 0x00,
    0x00, 0x00, 0x04, 0x04, 0x04, 0x04, 0x04, 0x04, 0xFE, 0x07, 0xFE, 0x07, 0x02, 0x04, 0x02, 0x04,
    0x23, 0x04, 0x20, 0x04, 0x00, 0x00, 0x00, 0x00, 0x20, 0x00, 0xFC, 0x0F, 0x17, 0x04, 0x00, 0x04,
    0x00, 0x04, 0x00, 0x04, 0x00, 0x04, 0x00, 0x04, 0x04, 0x04, 0x04, 0x06, 0x00, 0x00, 0x00, 0x00,
    0x00, 0x00, 0x00, 0x04, 0x00, 0x02, 0xC0, 0x01, 0xFF, 0x00, 0x7E, 0x00, 0xC0, 0x01, 0x00, 0x03,
    0x00, 0x06, 0x00, 0x0C, 0x00, 0x04, 0x00, 0x00, 0x80, 0x06, 0x5A, 0x03, 0xCE, 0x07, 0x32, 0x0F,
    0x9E, 0x0C, 0xA2, 0x0D, 0x22, 0x0C, 0x7A, 0x06, 0x1F, 0x01, 0x00, 0x03, 0x00, 0x00, 0x00, 0x00,
    0x54, 0x00, 0xFE, 0x0F, 0xFF, 0x0F, 0x54, 0x0B, 0xD4, 0x05, 0x72, 0x04, 0xA2, 0x03, 0xFE, 0x05,
    0x02, 0x0C, 0xFE, 0x07, 0x02, 0x00, 0x00, 0x00, 0x30, 0x00, 0xFC, 0x0F, 0x07, 0x00, 0x40, 0x04,
    0x04, 0x04, 0x06, 0x04, 0xFE, 0x07, 0x42, 0x04, 0x02, 0x04, 0x22, 0x04, 0x00, 0x00, 0x00, 0x00,
    0x10, 0x00, 0xF3, 0x0F, 0x16, 0x0B, 0x80, 0x05, 0x00, 0x03, 0xFE, 0x01, 0x7F, 0x00, 0xC0, 0x01,
    0x00, 0x07, 0x00, 0x0C, 0x00, 0x04, 0x00, 0x00, 0x00, 0x08, 0x62, 0x04, 0x32, 0x06, 0x02, 0x03,
    0xF2, 0x01, 0x3E, 0x00, 0x02, 0x04, 0x02, 0x0C, 0xFE, 0x07, 0xFE, 0x01, 0x00, 0x00, 0x00, 0x00,
    0xE8, 0x04, 0xFF, 0x07, 0xCB, 0x03, 0x78, 0x03, 0x44, 0x06, 0x44, 0x00, 0x66, 0x04, 0xFE, 0x07,
    0x42, 0x00, 0x62, 0x04, 0x60, 0x00, 0x00, 0x00, 0xB8, 0x06, 0xF6, 0x06, 0xB3, 0x0A, 0x9C, 0x0A,
    0x62, 0x04, 0x72, 0x03, 0xFE, 0x01, 0x0E, 0x04, 0x02, 0x0C, 0xFE, 0x07, 0x00, 0x00, 0x00, 0x00,
    0xC8, 0x04, 0xFF, 0x0F, 0xFF, 0x0F, 0x2E, 0x04, 0x82, 0x03, 0xFE, 0x00, 0x02, 0x04, 0x3A, 0x04,
    0x3E, 0x0E, 0xF0, 0x07, 0x00, 0x00, 0x00, 0x00, 0x30, 0x00, 0xFC, 0x0F, 0x17, 0x08, 0x02, 0x04,
    0xC2, 0x03, 0x7E, 0x00, 0x02, 0x00, 0x3A, 0x04, 0x2E, 0x0E, 0xE0, 0x07, 0x20, 0x00, 0x00, 0x00,
    0x00, 0x00, 0xFE, 0x0F, 0xFE, 0x0F, 0x22, 0x02, 0x22, 0x02, 0x22, 0x02, 0x22, 0x02, 0xFE, 0x07,
    0xFE, 0x07, 0x00, 0x00, 0x00, 0x00, 0x00, 0x00, 0x48, 0x0C, 0x48, 0x07, 0xF8, 0x09, 0x48, 0x04,
    0x48, 0x04, 0x3F, 0x02, 0xF8, 0x03, 0xCA, 0x03, 0x7E, 0x06, 0x0C, 0x0C, 0x00, 0x0F, 0x00, 0x00,
    0x02, 0x02, 0x02, 0x02, 0xFA, 0x03, 0xAF, 0x02, 0xA2, 0x02, 0xA2, 0x02, 0xBF, 0x02, 0xF2, 0x0F,
    0x0A, 0x00, 0x0A, 0x01, 0x00, 0x00, 0x00, 0x00, 0x32, 0x02, 0x5A, 0x01, 0xBA, 0x0F, 0xFF, 0x09,
    0x6E, 0x01, 0x7A, 0x01, 0xFF, 0x0D, 0xE2, 0x0F, 0xFA, 0x01, 0x1A, 0x01, 0x00, 0x01, 0x00, 0x00,
    0x64, 0x04, 0x70, 0x06, 0x50, 0x03, 0xDF, 0x01, 0xF0, 0x0F, 0xF0, 0x07, 0xDF, 0x01, 0x54, 0x03,
    0x70, 0x06, 0x52, 0x06, 0x00, 0x00, 0x00, 0x00, 0xE2, 0x0F, 0xFE, 0x01, 0xB6, 0x07, 0xF6, 0x05,
    0xFE, 0x0F, 0xC2, 0x07, 0xF8, 0x0C, 0xFE, 0x07, 0xFF, 0x07, 0xF8, 0x06, 0x08, 0x0C, 0x00, 0x00,
    0x30, 0x06, 0xFF, 0x01, 0x1C, 0x03, 0x2C, 0x03, 0xBC, 0x0F, 0xFC, 0x0F, 0x37, 0x04, 0x6E, 0x04,
    0xDC, 0x0F, 0x86, 0x00, 0x80, 0x00, 0x00, 0x00, 0x98, 0x07, 0xF6, 0x0F, 0x3C, 0x01, 0xBE, 0x00,
    0xDE, 0x0F, 0xBA, 0x04, 0xB3, 0x04, 0xA8, 0x05, 0xDC, 0x0F, 0xD6, 0x00, 0x80, 0x00, 0x00, 0x00,
    0x2C, 0x01, 0xB6, 0x00, 0xDA, 0x0F, 0x6E, 0x05, 0x33, 0x04, 0x33, 0x04, 0x6A, 0x05, 0xDA, 0x0F,
    0xFE, 0x00, 0x86, 0x00, 0x80, 0x00, 0x00, 0x00, 0xBC, 0x05, 0xF7, 0x06, 0x98, 0x0A, 0x48, 0x06,
    0xF8, 0x03, 0x48, 0x04, 0x7F, 0x06, 0xFF, 0x03, 0xCA, 0x07, 0x6E, 0x0C, 0x08, 0x0E, 0x00, 0x00,
    0x0C, 0x08, 0x06, 0x04, 0xC2, 0x03, 0xF2, 0x01, 0x12, 0x00, 0x12, 0x00, 0xFA, 0x07, 0x02, 0x0C,
    0x0E, 0x0C, 0x06, 0x07, 0x00, 0x00, 0x00, 0x00, 0xC8, 0x04, 0xFF, 0x0F, 0x2C, 0x08, 0xE8, 0x04,
    0xAA, 0x02, 0xBA, 0x01, 0xFE, 0x0F, 0xBE, 0x01, 0x9A, 0x06, 0x8A, 0x04, 0x88, 0x04, 0x00, 0x00,
    0xC8, 0x04, 0xA8, 0x04, 0xB8, 0x02, 0xBA, 0x01, 0xEE, 0x0F, 0xBC, 0x07, 0x8A, 0x03, 0x9B, 0x02,
    0x9B, 0x06, 0x8C, 0x04, 0x00, 0x00, 0x00, 0x00, 0x00, 0x00, 0xFC, 0x0F, 0x04, 0x02, 0x34, 0x01,
    0xDF, 0x00, 0xD7, 0x00, 0x34, 0x01, 0x24, 0x07, 0xFC, 0x0F, 0xFC, 0x07, 0x00, 0x00, 0x00, 0x00,
    0x24, 0x08, 0xE4, 0x05, 0x3E, 0x07, 0xAF, 0x03, 0xE4, 0x04, 0x24, 0x00, 0xFF, 0x07, 0x24, 0x02,
    0xE4, 0x07, 0xF6, 0x07, 0x00, 0x00, 0x00, 0x00, 0xF8, 0x04, 0xFF, 0x07, 0xF8, 0x03, 0x78, 0x06,
    0xCE, 0x0F, 0xD6, 0x07, 0xFE, 0x07, 0xDE, 0x07, 0xDE, 0x08, 0xEE, 0x0F, 0x44, 0x00, 0x00, 0x00,
    0x30, 0x00, 0xFE, 0x0F, 0x4F, 0x00, 0xCE, 0x0F, 0xDE, 0x00, 0xDE, 0x07, 0xFE, 0x00, 0xDE, 0x07,
    0xDE, 0x0C, 0xCE, 0x0F, 0x44, 0x00, 0x00, 0x00, 0x42, 0x0C, 0xFA, 0x0F, 0x26, 0x00, 0xCE, 0x0F,
    0xCE, 0x07, 0xCE, 0x07, 0xFE, 0x00, 0xD6, 0x07, 0xDE, 0x0C, 0xEE, 0x0F, 0x44, 0x00, 0x00, 0x00,
    0x88, 0x00, 0xFC, 0x05, 0x0F, 0x03, 0xF8, 0x03, 0x3C, 0x06, 0x00, 0x00, 0xFC, 0x07, 0x04, 0x02,
    0x04, 0x02, 0xFC, 0x07, 0x00, 0x00, 0x00, 0x00, 0xC0, 0x01, 0x7F, 0x01, 0x06, 0x01, 0xF6, 0x07,
    0x46, 0x01, 0x56, 0x05, 0xE6, 0x0F, 0xF6, 0x07, 0x5F, 0x01, 0xC8, 0x01, 0x00, 0x00, 0x00, 0x00,
    0x2E, 0x01, 0x3A, 0x05, 0xFE, 0x0F, 0xFA, 0x07, 0xBF, 0x00, 0xB6, 0x00, 0xFE, 0x07, 0xFE, 0x0F,
    0x00, 0x08, 0x00, 0x0E, 0x00, 0x00, 0x00, 0x00, 0x18, 0x01, 0xF2, 0x0F, 0x3E, 0x08, 0x0C, 0x08,
    0xF0, 0x05, 0x1F, 0x07, 0x03, 0x03, 0xF0, 0x03, 0x10, 0x06, 0x08, 0x0C, 0x08, 0x00, 0x00, 0x00,
    0x00, 0x04, 0x00, 0x02, 0x82, 0x01, 0x72, 0x00, 0x1E, 0x00, 0x38, 0x00, 0xC0, 0x01, 0x80, 0x03,
    0x00, 0x06, 0x00, 0x0E, 0x00, 0x04, 0x00, 0x00, 0x40, 0x00, 0xFF, 0x0F, 0xFE, 0x04, 0xFC, 0x03,
    0xFE, 0x01, 0xF6, 0x03, 0x56, 0x07, 0xF6, 0x0F, 0xF6, 0x07, 0xDA, 0x01, 0x40, 0x01, 0x00, 0x00,
    0x74, 0x01, 0x3E, 0x01, 0xF7, 0x0F, 0xA4, 0x08, 0xB4, 0x04, 0x0C, 0x07, 0xFF, 0x01, 0xE8, 0x01,
    0x18, 0x06, 0x0C, 0x04, 0x00, 0x00, 0x00, 0x00, 0xFE, 0x0F, 0x12, 0x09, 0xFE, 0x09, 0xD2, 0x04,
    0x12, 0x03, 0xF2, 0x01, 0x12, 0x00, 0xF2, 0x07, 0x12, 0x0C, 0x12, 0x0E, 0x00, 0x04, 0x00, 0x00,
    0x62, 0x07, 0xB2, 0x07, 0x86, 0x0D, 0xFF, 0x06, 0x6A, 0x05, 0x72, 0x07, 0xEF, 0x07, 0xA2, 0x0D,
    0x12, 0x0F, 0x32, 0x07, 0x00, 0x02, 0x00, 0x00, 0x20, 0x02, 0xFC, 0x03, 0x22, 0x01, 0x22, 0x01,
    0xCE, 0x0F, 0xE8, 0x07, 0xEF, 0x07, 0xC8, 0x07, 0x4E, 0x0C, 0xDE, 0x0F, 0x00, 0x00, 0x00, 0x00,
    0x5C, 0x00, 0xF7, 0x07, 0x54, 0x06, 0x5E, 0x09, 0xFC, 0x04, 0xFE, 0x07, 0xCA, 0x01, 0xCE, 0x07,
    0x7B, 0x0C, 0x78, 0x0E, 0x00, 0x04, 0x00, 0x00, 0xFC, 0x0F, 0xFD, 0x07, 0x0E, 0x02, 0x48, 0x02,
    0xFA, 0x03, 0xFA, 0x03, 0x4A, 0x02, 0x6A, 0x07, 0x0A, 0x0E, 0xFE, 0x0F, 0x00, 0x00, 0x00, 0x00,
    0x98, 0x07, 0xF6, 0x07, 0x18, 0x00, 0xFC, 0x0F, 0x47, 0x02, 0x4A, 0x02, 0xF2, 0x03, 0x4A, 0x06,
    0x0A, 0x0F, 0xFE, 0x0F, 0x00, 0x00, 0x00, 0x00, 0x24, 0x03, 0x24, 0x01, 0xEF, 0x0F, 0xFF, 0x04,
    0xBC, 0x04, 0xA4, 0x04, 0xAF, 0x04, 0xA6, 0x0F, 0xA4, 0x00, 0x36, 0x00, 0x20, 0x00, 0x00, 0x00,
    0x32, 0x02, 0xFA, 0x03, 0xAA, 0x0D, 0xEE, 0x0F, 0xEE, 0x03, 0x3A, 0x02, 0xF8, 0x03, 0xA8, 0x05,
    0xAF, 0x0F, 0xE2, 0x07, 0x00, 0x00, 0x00, 0x00, 0xC8, 0x0C, 0xFF, 0x07, 0x3C, 0x00, 0xFF, 0x0F,
    0xB7, 0x05, 0xFF, 0x0F, 0x34, 0x04, 0xFF, 0x03, 0xF9, 0x07, 0x38, 0x0C, 0x08, 0x00, 0x00, 0x00,
    0x98, 0x07, 0xF6, 0x07, 0x1E, 0x00, 0xFA, 0x0F, 0x82, 0x05, 0x7E, 0x04, 0x0A, 0x04, 0xFE, 0x04,
    0x8A, 0x04, 0xFB, 0x07, 0x00, 0x00, 0x00, 0x00, 0xFA, 0x0F, 0xFA, 0x0F, 0xFA, 0x0B, 0x9F, 0x05,
    0xD2, 0x03, 0x76, 0x00, 0x7F, 0x00, 0x72, 0x00, 0x52, 0x00, 0x5A, 0x00, 0x00, 0x00, 0x00, 0x00,
    0xFE, 0x07, 0x4A, 0x04, 0xFE, 0x0F, 0xFE, 0x07, 0x7E, 0x03, 0xAA, 0x07, 0xBE, 0x07, 0xBE, 0x05,
    0x2A, 0x06, 0xFE, 0x05, 0x00, 0x03, 0x00, 0x00, 0xFC, 0x05, 0xF3, 0x05, 0xFE, 0x03, 0xFE, 0x03,
    0x10, 0x07, 0xFE, 0x07, 0xEA, 0x0F, 0xFE, 0x09, 0x6A, 0x0E, 0xFE, 0x03, 0x00, 0x02, 0x00, 0x00,
    0x8C, 0x02, 0x2E, 0x0A, 0xA2, 0x0B, 0xFE, 0x0A, 0xAB, 0x0F, 0xAA, 0x0F, 0xFE, 0x0A, 0xAA, 0x0B,
    0x3E, 0x0F, 0x46, 0x02, 0x00, 0x02, 0x00, 0x00, 0x24, 0x01, 0xA6, 0x08, 0xFA, 0x0B, 0xFE, 0x04,
    0xBB, 0x03, 0xBB, 0x01, 0xFE, 0x07, 0xFA, 0x0F, 0xBE, 0x00, 0xA2, 0x00, 0x00, 0x00, 0x00, 0x00,
    0x00, 0x04, 0x44, 0x04, 0x44, 0x04, 0x44, 0x04, 0x44, 0x04, 0x44, 0x04, 0x44, 0x04, 0x64, 0x04,
    0x66, 0x04, 0x00, 0x06, 0x00, 0x04, 0x00, 0x00, 0x20, 0x01, 0x8C, 0x00, 0xEC, 0x02, 0xBE, 0x02,
    0x9B, 0x02, 0x88, 0x02, 0xA6, 0x02, 0xEC, 0x03, 0x9C, 0x04, 0x90, 0x05, 0x80, 0x00, 0x00, 0x00,
    0x20, 0x01, 0x10, 0x01, 0x68, 0x01, 0xC6, 0x01, 0xFB, 0x0F, 0xFB, 0x0F, 0xC4, 0x01, 0x68, 0x01,
    0x18, 0x01, 0x30, 0x01, 0x10, 0x00, 0x00, 0x00, 0xF4, 0x07, 0xFF, 0x07, 0xB4, 0x01, 0xBF, 0x0D,
    0xF4, 0x0F, 0x74, 0x04, 0x7E, 0x06, 0x8F, 0x03, 0xF8, 0x06, 0x0C, 0x04, 0x08, 0x04, 0x00, 0x00,
    0x50, 0x04, 0x78, 0x04, 0x3A, 0x03, 0x3E, 0x01, 0xDE, 0x0F, 0xD6, 0x07, 0x3E, 0x03, 0x3F, 0x02,
    0x70, 0x06, 0xD8, 0x04, 0x00, 0x04, 0x00, 0x00, 0xFE, 0x01, 0x84, 0x00, 0xFE, 0x05, 0xD8, 0x04,
    0xFA, 0x02, 0xFE, 0x01, 0xD6, 0x0F, 0xF6, 0x01, 0xBE, 0x06, 0xD0, 0x04, 0x00, 0x04, 0x00, 0x00,
    0x40, 0x00, 0x44, 0x08, 0xFC, 0x0F, 0x74, 0x04, 0x7E, 0x04, 0xFF, 0x01, 0x74, 0x03, 0xDC, 0x06,
    0xCC, 0x04, 0x66, 0x0C, 0x00, 0x00, 0x00, 0x00, 0xC8, 0x0C, 0xFF, 0x0F, 0x68, 0x00, 0xEE, 0x09,
    0xE2, 0x0F, 0x3E, 0x0C, 0xFE, 0x07, 0x3E, 0x04, 0xF6, 0x07, 0xA2, 0x0C, 0x00, 0x00, 0x00, 0x00,
    0x7E, 0x01, 0x4E, 0x05, 0xFE, 0x07, 0xE2, 0x05, 0xE0, 0x0F, 0x56, 0x05, 0xFE, 0x07, 0xFE, 0x07,
    0xF6, 0x07, 0xF2, 0x0D, 0x00, 0x00, 0x00, 0x00, 0xC8, 0x04, 0x48, 0x0C, 0xFF, 0x0F, 0x28, 0x00,
    0x2C, 0x04, 0x44, 0x04, 0x44, 0x04, 0x44, 0x04, 0x44, 0x04, 0xFE, 0x0F, 0x00, 0x00, 0x00, 0x00,
    0xF8, 0x04, 0x9F, 0x03, 0xF8, 0x0B, 0x08, 0x0A, 0xFE, 0x0C, 0xAA, 0x07, 0xFF, 0x06, 0xAA, 0x07,
    0xBE, 0x0D, 0x3E, 0x0C, 0x00, 0x00, 0x00, 0x00, 0x2A, 0x0B, 0xAA, 0x05, 0xBE, 0x07, 0xAE, 0x07,
    0xF2, 0x0F, 0xAA, 0x0D, 0xEE, 0x0C, 0x7E, 0x06, 0xAE, 0x01, 0x31, 0x03, 0x00, 0x00, 0x00, 0x00,
    0x30, 0x00, 0xF8, 0x07, 0xFC, 0x0F, 0x97, 0x0C, 0xF2, 0x0C, 0xF8, 0x0C, 0x96, 0x08, 0xF6, 0x0C,
    0xF0, 0x0C, 0x00, 0x0F, 0x00, 0x04, 0x00, 0x00, 0x18, 0x07, 0xF6, 0x07, 0x3E, 0x04, 0x40, 0x00,
    0xFE, 0x07, 0x32, 0x00, 0xDE, 0x07, 0xD2, 0x05, 0xBA, 0x00, 0x9E, 0x04, 0x00, 0x04, 0x00, 0x00,
    0x20, 0x06, 0x94, 0x01, 0xF8, 0x0F, 0x4C, 0x01, 0x5E, 0x07, 0xDE, 0x03, 0xEC, 0x0F, 0xF8, 0x0F,
    0x52, 0x03, 0x50, 0x06, 0x00, 0x00, 0x00, 0x00, 0x30, 0x00, 0xFC, 0x0F, 0x0F, 0x00, 0x7C, 0x00,
    0xBD, 0x0F, 0xB6, 0x04, 0xBC, 0x04, 0xBE, 0x04, 0xAF, 0x0F, 0xFC, 0x07, 0x04, 0x00, 0x00, 0x00,
    0x6A, 0x0E, 0xDA, 0x0F, 0x76, 0x09, 0xCF, 0x08, 0x62, 0x04, 0x02, 0x04, 0xFF, 0x07, 0x02, 0x03,
    0xA2, 0x01, 0x62, 0x00, 0x40, 0x00, 0x00, 0x00, 0x62, 0x00, 0xFE, 0x07, 0x26, 0x02, 0xE2, 0x0B,
    0x62, 0x08, 0x18, 0x04, 0x08, 0x06, 0xFF, 0x03, 0x88, 0x01, 0xD8, 0x00, 0x10, 0x00, 0x00, 0x00,
    0x40, 0x06, 0x40, 0x03, 0xD2, 0x01, 0xCA, 0x05, 0xEC, 0x0F, 0xE4, 0x07, 0xCE, 0x00, 0x5B, 0x01,
    0x50, 0x03, 0x60, 0x06, 0x40, 0x00, 0x00, 0x00, 0x50, 0x02, 0xCA, 0x01, 0xFE, 0x0C, 0xF6, 0x07,
    0xCF, 0x01, 0x78, 0x03, 0x40, 0x00, 0xFC, 0x05, 0x00, 0x0C, 0xFF, 0x0F, 0x00, 0x00, 0x00, 0x00,
    0x98, 0x00, 0xDA, 0x0F, 0xF6, 0x08, 0x6C, 0x08, 0x38, 0x04, 0x08, 0x04, 0xFF, 0x02, 0x80, 0x03,
    0xC8, 0x01, 0xD8, 0x00, 0x30, 0x00, 0x00, 0x00, 0xB8, 0x06, 0xF6, 0x02, 0xB3, 0x0A, 0xCC, 0x0A,
    0x30, 0x0C, 0x18, 0x04, 0xFF, 0x06, 0xFF, 0x03, 0xC8, 0x01, 0xD8, 0x00, 0x10, 0x00, 0x00, 0x00,
    0x30, 0x00, 0xFE, 0x0F, 0x03, 0x00, 0xBE, 0x0A, 0xF4, 0x09, 0xFE, 0x05, 0xAF, 0x06, 0xFC, 0x07,
    0xFE, 0x0D, 0xFE, 0x08, 0x00, 0x00, 0x00, 0x00, 0xFE, 0x03, 0x84, 0x00, 0xFE, 0x01, 0x50, 0x00,
    0x5C, 0x0F, 0x56, 0x05, 0xF3, 0x05, 0x5C, 0x05, 0xD8, 0x0F, 0x78, 0x00, 0x08, 0x00, 0x00, 0x00,
    0x98, 0x0C, 0xDE, 0x06, 0x97, 0x00, 0xDC, 0x0E, 0xF4, 0x01, 0x10, 0x07, 0x9E, 0x0C, 0xEB, 0x00,
    0xF8, 0x06, 0x8C, 0x0D, 0x00, 0x00, 0x00, 0x00, 0xFC, 0x09, 0x27, 0x07, 0xFF, 0x03, 0x1E, 0x00,
    0xFA, 0x07, 0x56, 0x00, 0xF3, 0x0F, 0x5E, 0x02, 0xD2, 0x07, 0xDA, 0x03, 0x02, 0x00, 0x00, 0x00,
    0xFE, 0x07, 0x22, 0x01, 0xFE, 0x03, 0xF2, 0x07, 0xF2, 0x0F, 0xFE, 0x04, 0x1E, 0x04, 0xFE, 0x04,
    0x92, 0x05, 0xFB, 0x07, 0x00, 0x00, 0x00, 0x00, 0x12, 0x01, 0xFE, 0x01, 0x32, 0x04, 0xFF, 0x03,
    0x22, 0x04, 0xFF, 0x0F, 0xA2, 0x07, 0xFF, 0x04, 0xFF, 0x0F, 0xFE, 0x07, 0x20, 0x00, 0x00, 0x00,
    0x04, 0x00, 0x80, 0x0F, 0x8F, 0x07, 0x8F, 0x04, 0xFC, 0x04, 0xF8, 0x04, 0xAF, 0x04, 0xA6, 0x0F,
    0xB0, 0x0F, 0x32, 0x00, 0x00, 0x00, 0x00, 0x00, 0x88, 0x00, 0x78, 0x00, 0xFF, 0x0F, 0x68, 0x00,
    0x6C, 0x08, 0x88, 0x04, 0x4C, 0x04, 0x26, 0x02, 0x33, 0x03, 0x92, 0x01, 0x80, 0x00, 0x00, 0x00,
    0x00, 0x04, 0xF8, 0x07, 0x00, 0x04, 0x00, 0x04, 0xFE, 0x07, 0xFF, 0x07, 0x00, 0x04, 0x00, 0x04,
    0xF8, 0x0F, 0xF8, 0x0F, 0x00, 0x00, 0x00, 0x00, 0x20, 0x07, 0xFE, 0x01, 0xFE, 0x07, 0xFE, 0x07,
    0xFE, 0x05, 0xFE, 0x07, 0x32, 0x00, 0xFC, 0x01, 0xFC, 0x0D, 0xFF, 0x0F, 0x00, 0x00, 0x00, 0x00,
    0x30, 0x06, 0xFF, 0x01, 0x18, 0x07, 0x08, 0x03, 0xFE, 0x03, 0xEA, 0x05, 0xEB, 0x0F, 0x6A, 0x07,
    0xEA, 0x05, 0xFE, 0x0F, 0x20, 0x00, 0x00, 0x00, 0x88, 0x00, 0x6B, 0x00, 0xFE, 0x0F, 0xEC, 0x00,
    0xA0, 0x09, 0x48, 0x04, 0x44, 0x04, 0x26, 0x02, 0xB3, 0x03, 0xDA, 0x00, 0x80, 0x00, 0x00, 0x00,
    0xFC, 0x0F, 0x05, 0x02, 0x06, 0x03, 0xC0, 0x01, 0x7A, 0x00, 0x5A, 0x00, 0x82, 0x01, 0x02, 0x07,
    0xFE, 0x0F, 0xFE, 0x07, 0x00, 0x00, 0x00, 0x00, 0xFE, 0x0F, 0x3A, 0x01, 0xEE, 0x09, 0x06, 0x04,
    0x74, 0x06, 0xC4, 0x03, 0xFF, 0x00, 0xE4, 0x03, 0x5C, 0x06, 0x46, 0x04, 0x00, 0x00, 0x00, 0x00,
    0xC8, 0x04, 0xFF, 0x0F, 0x2C, 0x00, 0x2E, 0x00, 0xFE, 0x07, 0xFE, 0x03, 0xFF, 0x03, 0xFE, 0x03,
    0xCE, 0x07, 0x7E, 0x04, 0x00, 0x00, 0x00, 0x00, 0xFE, 0x05, 0xFA, 0x03, 0xFE, 0x0B, 0xFE, 0x06,
    0xFC, 0x03, 0x3A, 0x0F, 0x7B, 0x06, 0x7E, 0x02, 0xFA, 0x0E, 0xFC, 0x0F, 0x20, 0x00, 0x00, 0x00,
    0xFE, 0x07, 0x5A, 0x04, 0xFE, 0x0F, 0xFE, 0x07, 0xAC, 0x0F, 0xEF, 0x05, 0xFE, 0x05, 0xFE, 0x05,
    0xEF, 0x0F, 0x9E, 0x07, 0xC0, 0x00, 0x00, 0x00, 0xA4, 0x00, 0x8C, 0x00, 0xEC, 0x0F, 0xEE, 0x05,
    0xFC, 0x05, 0xFC, 0x05, 0xEF, 0x05, 0xEC, 0x0F, 0x9E, 0x00, 0xD0, 0x00, 0x00, 0x00, 0x00, 0x00,
    0x18, 0x01, 0xD6, 0x0F, 0x3E, 0x00, 0xFC, 0x07, 0xF8, 0x07, 0x00, 0x04, 0xFF, 0x07, 0x00, 0x04,
    0x00, 0x04, 0xF8, 0x0F, 0x00, 0x00, 0x00, 0x00, 0x00, 0x06, 0xFE, 0x03, 0x2A, 0x02, 0xAA, 0x03,
    0x2B, 0x0D, 0xEB, 0x07, 0x6A, 0x02, 0xAA, 0x01, 0x3E, 0x0D, 0xEE, 0x0F, 0x00, 0x00, 0x00, 0x00,
    0xD8, 0x02, 0xF6, 0x02, 0x9B, 0x02, 0xAC, 0x00, 0xEC, 0x0F, 0xEF, 0x05, 0xFC, 0x05, 0xEE, 0x05,
    0xED, 0x0F, 0xBE, 0x01, 0x80, 0x00, 0x00, 0x00, 0x10, 0x02, 0xFE, 0x03, 0x10, 0x01, 0xF0, 0x0F,
    0xF4, 0x07, 0xFC, 0x03, 0x93, 0x02, 0xBC, 0x03, 0xF4, 0x0C, 0xF2, 0x0F, 0x00, 0x00, 0x00, 0x00,
    0x30, 0x00, 0xFC, 0x0F, 0x37, 0x08, 0x38, 0x04, 0x26, 0x02, 0xF7, 0x03, 0x7C, 0x04, 0x24, 0x04,
    0xE4, 0x07, 0xE6, 0x01, 0x04, 0x00, 0x00, 0x00, 0x02, 0x00, 0xFA, 0x0F, 0xD2, 0x00, 0xFE, 0x07,
    0xB3, 0x02, 0x93, 0x02, 0xFE, 0x07, 0x56, 0x04, 0xFA, 0x0F, 0x12, 0x00, 0x00, 0x00, 0x00, 0x00,
    0x1C, 0x08, 0xC4, 0x0B, 0xFE, 0x0F, 0x7E, 0x04, 0xA7, 0x03, 0xA7, 0x03, 0x7C, 0x04, 0xFE, 0x07,
    0xCC, 0x0D, 0x0C, 0x08, 0x04, 0x00, 0x00, 0x00, 0xFE, 0x07, 0x24, 0x03, 0xFC, 0x03, 0xFC, 0x03,
    0xFC, 0x0F, 0xF4, 0x01, 0xE7, 0x01, 0xF5, 0x01, 0xF4, 0x0D, 0xFC, 0x0F, 0x00, 0x00, 0x00, 0x00,
    0x00, 0x04, 0x00, 0x04, 0x00, 0x04, 0x00, 0x04, 0xFF, 0x07, 0x32, 0x04, 0x10, 0x04, 0x10, 0x04,
    0x10, 0x04, 0x00, 0x04, 0x00, 0x04, 0x00, 0x00, 0xF0, 0x0F, 0xF2, 0x0F, 0x16, 0x00, 0xFC, 0x03,
    0x5E, 0x01, 0x5F, 0x01, 0xF8, 0x03, 0x14, 0x04, 0xF2, 0x0F, 0xF0, 0x07, 0x00, 0x00, 0x00, 0x00,
    0x98, 0x04, 0x8C, 0x04, 0xFE, 0x0A, 0xF6, 0x0F, 0xF4, 0x04, 0xF6, 0x05, 0xB4, 0x02, 0xFE, 0x07,
    0x90, 0x0D, 0xCC, 0x0C, 0x08, 0x00, 0x00, 0x00, 0xC8, 0x00, 0xFE, 0x0F, 0xFF, 0x0F, 0x68, 0x00,
    0xFA, 0x0F, 0xF4, 0x07, 0x5E, 0x01, 0x5F, 0x05, 0x5C, 0x0D, 0xFE, 0x0F, 0x00, 0x00, 0x00, 0x00,
    0xC8, 0x04, 0xEA, 0x0C, 0xFF, 0x07, 0x2C, 0x00, 0xFA, 0x0F, 0xFC, 0x07, 0x56, 0x01, 0x5F, 0x05,
    0x5C, 0x0D, 0xFE, 0x0F, 0x02, 0x00, 0x00, 0x00, 0x92, 0x00, 0x7A, 0x00, 0xFE, 0x0F, 0x6A, 0x00,
    0x4A, 0x00, 0xFC, 0x0F, 0x50, 0x01, 0x5F, 0x01, 0x58, 0x0D, 0xFE, 0x0F, 0x00, 0x00, 0x00, 0x00,
    0x30, 0x06, 0xFF, 0x03, 0x18, 0x0B, 0x8C, 0x0E, 0xA4, 0x07, 0xA7, 0x03, 0xBC, 0x07, 0xBC, 0x0F,
    0xEC, 0x08, 0xF6, 0x0C, 0x00, 0x06, 0x00, 0x00, 0x44, 0x00, 0x34, 0x00, 0x1C, 0x00, 0xDF, 0x00,
    0x94, 0x01, 0x14, 0x05, 0x1F, 0x04, 0x14, 0x0C, 0xF4, 0x07, 0x16, 0x00, 0x00, 0x00, 0x00, 0x00,
    0x20, 0x00, 0x18, 0x00, 0x0E, 0x00, 0x27, 0x00, 0xE4, 0x00, 0x84, 0x00, 0x04, 0x04, 0x04, 0x0C,
    0xFC, 0x07, 0xFC, 0x00, 0x00, 0x00, 0x00, 0x00, 0xE4, 0x0F, 0xFC, 0x0F, 0x67, 0x05, 0xFC, 0x07,
    0xFE, 0x07, 0x62, 0x0C, 0xBE, 0x0F, 0x86, 0x04, 0xA2, 0x04, 0xFE, 0x0F, 0x00, 0x00, 0x00, 0x00,
    0xC0, 0x08, 0x70, 0x08, 0x1C, 0x04, 0x00, 0x04, 0xFE, 0x06, 0xFF, 0x03, 0x00, 0x01, 0xCC, 0x01,
    0xD8, 0x00, 0x30, 0x00, 0x30, 0x00, 0x00, 0x00, 0xFC, 0x01, 0xFC, 0x01, 0xFC, 0x01, 0xFC, 0x01,
    0xF2, 0x0F, 0xFC, 0x0F, 0x50, 0x01, 0x5F, 0x01, 0x58, 0x0D, 0xF6, 0x0F, 0x12, 0x00, 0x00, 0x00,
    0x22, 0x00, 0xF2, 0x0F, 0x5E, 0x00, 0x52, 0x00, 0xFA, 0x07, 0x4E, 0x00, 0xFE, 0x0F, 0xFE, 0x07,
    0x3A, 0x03, 0xE6, 0x03, 0x82, 0x01, 0x00, 0x00, 0xB8, 0x04, 0xFE, 0x06, 0xB3, 0x02, 0x9C, 0x02,
    0x62, 0x02, 0xF2, 0x0F, 0x1E, 0x04, 0x12, 0x04, 0xB2, 0x04, 0xFE, 0x0F, 0x02, 0x00, 0x00, 0x00,
    0x52, 0x02, 0x5A, 0x01, 0xDE, 0x0F, 0xD6, 0x06, 0xFF, 0x06, 0xF2, 0x06, 0xF6, 0x06, 0xDA, 0x0F,
    0x5A, 0x00, 0x72, 0x00, 0x10, 0x00, 0x00, 0x00, 0xFE, 0x05, 0xFA, 0x03, 0x7A, 0x03, 0xFE, 0x06,
    0x58, 0x03, 0x5C, 0x09, 0xD3, 0x0F, 0xD6, 0x07, 0x5C, 0x01, 0x58, 0x06, 0x08, 0x00, 0x00, 0x00,
    0xF8, 0x04, 0xFE, 0x07, 0xFE, 0x07, 0xFC, 0x07, 0x18, 0x04, 0xFC, 0x07, 0xF4, 0x0F, 0x86, 0x08,
    0x6C, 0x08, 0x6C, 0x0C, 0x04, 0x04, 0x00, 0x00, 0x10, 0x00, 0x12, 0x00, 0xD2, 0x0F, 0x12, 0x04,
    0x7E, 0x04, 0x7E, 0x04, 0x13, 0x04, 0xD3, 0x0F, 0x93, 0x04, 0x18, 0x00, 0x10, 0x00, 0x00, 0x00,
    0x20, 0x00, 0x50, 0x00, 0xD8, 0x0F, 0x54, 0x05, 0xF3, 0x05, 0xF3, 0x05, 0x5E, 0x05, 0xCC, 0x0F,
    0x78, 0x00, 0x18, 0x00, 0x10, 0x00, 0x00, 0x00, 0xD4, 0x0D, 0xF4, 0x07, 0xFF, 0x04, 0xF4, 0x0F,
    0xD4, 0x09, 0xB0, 0x05, 0x7E, 0x06, 0x8B, 0x03, 0xF8, 0x06, 0x08, 0x0C, 0x08, 0x00, 0x00, 0x00,
    0x48, 0x04, 0xFF, 0x0F, 0x2C, 0x00, 0xE6, 0x04, 0x7E, 0x03, 0xFE, 0x0F, 0x6E, 0x04, 0xFE, 0x07,
    0xFE, 0x07, 0xD3, 0x04, 0x00, 0x04, 0x00, 0x00, 0x84, 0x04, 0xFE, 0x02, 0xAB, 0x05, 0xFE, 0x0F,
    0xFC, 0x07, 0x68, 0x00, 0xC8, 0x04, 0x18, 0x0C, 0xFF, 0x07, 0x08, 0x00, 0x00, 0x00, 0x00, 0x00,
    0x38, 0x00, 0xFF, 0x0F, 0x18, 0x00, 0xB2, 0x04, 0xBE, 0x0B, 0xFE, 0x0E, 0xA6, 0x04, 0x7E, 0x07,
    0xFE, 0x07, 0xF3, 0x0C, 0x00, 0x00, 0x00, 0x00, 0x98, 0x07, 0xF2, 0x07, 0x3E, 0x0A, 0xE0, 0x09,
    0xDE, 0x04, 0x00, 0x04, 0xFF, 0x03, 0x34, 0x03, 0xC4, 0x01, 0xD4, 0x00, 0x00, 0x00, 0x00, 0x00,
    0xC8, 0x00, 0xEB, 0x0F, 0xFE, 0x0F, 0xCC, 0x04, 0x10, 0x04, 0x10, 0x04, 0xFF, 0x07, 0xFF, 0x07,
    0x10, 0x04, 0x18, 0x04, 0x00, 0x04, 0x00, 0x00, 0x10, 0x00, 0xF2, 0x0F, 0x36, 0x0A, 0x20, 0x09,
    0x3E, 0x04, 0xE2, 0x07, 0x22, 0x03, 0xEE, 0x07, 0x7A, 0x04, 0x18, 0x0C, 0x00, 0x04, 0x00, 0x00,
    0xF2, 0x07, 0xFE, 0x07, 0xE2, 0x03, 0xF2, 0x03, 0xFC, 0x01, 0xA4, 0x01, 0xA4, 0x01, 0xFF, 0x0F,
    0xA4, 0x00, 0xFC, 0x01, 0x0C, 0x00, 0x00, 0x00, 0x00, 0x00, 0xFC, 0x01, 0xA4, 0x00, 0xA4, 0x00,
    0xFF, 0x0F, 0xFF, 0x0F, 0xA4, 0x00, 0xA4, 0x00, 0xFC, 0x01, 0x04, 0x00, 0x00, 0x00, 0x00, 0x00,
    0xFC, 0x01, 0xFC, 0x01, 0xFC, 0x00, 0xFC, 0x00, 0xFC, 0x01, 0xA4, 0x00, 0xA4, 0x08, 0xFF, 0x0F,
    0xA4, 0x00, 0xFC, 0x01, 0xFC, 0x00, 0x00, 0x00, 0x30, 0x00, 0xFC, 0x0F, 0x03, 0x00, 0xFC, 0x01,
    0xFC, 0x01, 0xA4, 0x00, 0xFF, 0x0F, 0xA4, 0x00, 0xA4, 0x00, 0xFC, 0x01, 0x00, 0x00, 0x00, 0x00,
    0x80, 0x08, 0x80, 0x04, 0xFE, 0x04, 0xAA, 0x06, 0xAA, 0x03, 0xAB, 0x01, 0xAA, 0x0D, 0xFE, 0x0F,
    0x62, 0x00, 0x30, 0x00, 0x00, 0x00, 0x00, 0x00, 0x18, 0x07, 0xF3, 0x0F, 0x1A, 0x04, 0x76, 0x02,
    0xDE, 0x01, 0xCE, 0x00, 0xF2, 0x0F, 0xC6, 0x00, 0x5E, 0x03, 0x72, 0x06, 0x00, 0x00, 0x00, 0x00,
    0xF8, 0x04, 0x1F, 0x03, 0xF8, 0x0F, 0x08, 0x06, 0xFE, 0x01, 0xEA, 0x0F, 0x6A, 0x06, 0xEA, 0x03,
    0xAA, 0x06, 0xE2, 0x0C, 0x00, 0x04, 0x00, 0x00, 0xD8, 0x06, 0xF7, 0x02, 0x99, 0x02, 0x8C, 0x00,
    0xFC, 0x01, 0xA4, 0x00, 0xFF, 0x0F, 0xFF, 0x07, 0xA4, 0x00, 0xFC, 0x01, 0x00, 0x00, 0x00, 0x00,
    0xC8, 0x00, 0x69, 0x08, 0xFE, 0x0F, 0x6C, 0x00, 0xFC, 0x01, 0xFC, 0x00, 0xAC, 0x00, 0xFF, 0x0F,
    0xA4, 0x00, 0xFC, 0x01, 0x00, 0x00, 0x00, 0x00, 0x18, 0x01, 0xF2, 0x0F, 0x3E, 0x08, 0x1C, 0x04,
    0x0C, 0x03, 0xFC, 0x01, 0xFF, 0x07, 0x24, 0x04, 0x1C, 0x0C, 0x0C, 0x06, 0x00, 0x04, 0x00, 0x00,
    0x0C, 0x00, 0xF6, 0x03, 0xF0, 0x01, 0x50, 0x01, 0x57, 0x01, 0xFF, 0x0F, 0x50, 0x01, 0x50, 0x01,
    0xF0, 0x03, 0x06, 0x00, 0x04, 0x00, 0x00, 0x00, 0xE8, 0x04, 0x3F, 0x03, 0xF8, 0x03, 0x18, 0x06,
    0xFE, 0x03, 0x54, 0x01, 0xFF, 0x0F, 0xFE, 0x0F, 0x54, 0x01, 0xFE, 0x01, 0x04, 0x00, 0x00, 0x00,
    0x84, 0x00, 0x84, 0x0F, 0xFE, 0x0C, 0xFF, 0x0E, 0xA4, 0x0B, 0xA4, 0x09, 0xFE, 0x09, 0xFF, 0x0E,
    0x84, 0x0C, 0xC6, 0x0C, 0x80, 0x00, 0x00, 0x00, 0x1E, 0x00, 0x1E, 0x00, 0xFE, 0x0F, 0xFF, 0x02,
    0xE2, 0x02, 0xD6, 0x02, 0xDA, 0x0A, 0xFE, 0x0F, 0x56, 0x00, 0x32, 0x00, 0x00, 0x00, 0x00, 0x00,
    0x38, 0x00, 0xFF, 0x0F, 0x18, 0x08, 0x12, 0x09, 0xFA, 0x07, 0xDA, 0x06, 0xDF, 0x00, 0xDA, 0x02,
    0xFE, 0x07, 0x02, 0x0D, 0x00, 0x01, 0x00, 0x00, 0x30, 0x07, 0xD6, 0x07, 0xB4, 0x08, 0xD4, 0x0D,
    0x7C, 0x0B, 0xBF, 0x0E, 0x5D, 0x05, 0xB6, 0x07, 0xDC, 0x02, 0xD0, 0x02, 0x80, 0x00, 0x00, 0x00,
    0x04, 0x0C, 0xF4, 0x07, 0xE4, 0x01, 0x24, 0x00, 0xAE, 0x00, 0xEF, 0x00, 0x24, 0x00, 0x24, 0x00,
    0xFC, 0x01, 0x2E, 0x00, 0x00, 0x00, 0x00, 0x00, 0x60, 0x04, 0xBC, 0x04, 0x8E, 0x04, 0x88, 0x04,
    0xFE, 0x07, 0xFF, 0x07, 0x88, 0x04, 0x88, 0x04, 0xC8, 0x04, 0x08, 0x04, 0x00, 0x00, 0x00, 0x00,
    0x5C, 0x06, 0x4C, 0x02, 0xFF, 0x0B, 0x68, 0x0A, 0xBC, 0x05, 0xBE, 0x06, 0xEA, 0x03, 0xFE, 0x04,
    0xAA, 0x0C, 0xBE, 0x07, 0x00, 0x00, 0x00, 0x00, 0x9E, 0x00, 0xCE, 0x00, 0xFF, 0x0F, 0x48, 0x04,
    0x7C, 0x04, 0x8E, 0x04, 0xFF, 0x07, 0xFF, 0x07, 0xC8, 0x04, 0xC8, 0x04, 0x00, 0x04, 0x00, 0x00,
    0x24, 0x04, 0x24, 0x04, 0xFE, 0x03, 0xFE, 0x00, 0x23, 0x00, 0x22, 0x00, 0xFE, 0x07, 0xFF, 0x07,
    0x20, 0x00, 0x30, 0x00, 0x20, 0x00, 0x00, 0x00, 0xB8, 0x05, 0xF6, 0x06, 0x9A, 0x02, 0xF8, 0x03,
    0xFE, 0x01, 0x4A, 0x01, 0xFA, 0x0F, 0x4A, 0x09, 0xFE, 0x09, 0xF0, 0x0D, 0x00, 0x04, 0x00, 0x00,
    0x90, 0x00, 0x4C, 0x00, 0xE6, 0x0F, 0xE2, 0x0F, 0xBF, 0x06, 0xBF, 0x06, 0xA8, 0x06, 0xAE, 0x0F,
    0xE6, 0x0F, 0x0C, 0x00, 0x08, 0x00, 0x00, 0x00, 0x80, 0x08, 0x7C, 0x0F, 0x54, 0x0F, 0xF4, 0x0F,
    0x94, 0x0F, 0x5F, 0x0F, 0x74, 0x0F, 0xF6, 0x0F, 0x9E, 0x0F, 0xC4, 0x0C, 0x00, 0x00, 0x00, 0x00,
    0x44, 0x02, 0x7E, 0x03, 0xFE, 0x01, 0xFE, 0x0F, 0x7E, 0x01, 0x77, 0x03, 0x74, 0x00, 0xFC, 0x05,
    0xFC, 0x0C, 0xFF, 0x07, 0x00, 0x00, 0x00, 0x00, 0xFE, 0x07, 0xD2, 0x04, 0xFE, 0x0F, 0xFE, 0x07,
    0xB8, 0x08, 0x9C, 0x00, 0xFE, 0x07, 0xFF, 0x0F, 0x90, 0x00, 0xD8, 0x04, 0x00, 0x00, 0x00, 0x00,
    0x40, 0x04, 0x42, 0x05, 0x22, 0x05, 0x26, 0x05, 0xDA, 0x07, 0xDA, 0x07, 0x1E, 0x05, 0x37, 0x05,
    0xA2, 0x05, 0x20, 0x04, 0x20, 0x04, 0x00, 0x00, 0xFC, 0x09, 0x04, 0x06, 0xFF, 0x03, 0x02, 0x00,
    0xFA, 0x03, 0x0A, 0x00, 0xFE, 0x0F, 0xFE, 0x07, 0x0A, 0x03, 0xFA, 0x03, 0x02, 0x00, 0x00, 0x00,
    0x60, 0x08, 0x5C, 0x08, 0x4E, 0x04, 0x48, 0x02, 0xFE, 0x01, 0x7F, 0x00, 0xC8, 0x01, 0x48, 0x03,
    0x48, 0x06, 0x68, 0x0C, 0x40, 0x04, 0x00, 0x00, 0xCE, 0x0C, 0xFE, 0x0F, 0x83, 0x09, 0xFE, 0x05,
    0xFF, 0x03, 0x3A, 0x00, 0xFA, 0x03, 0xFE, 0x0F, 0x1A, 0x03, 0xFA, 0x03, 0x02, 0x00, 0x00, 0x00,
    0x00, 0x07, 0xF9, 0x05, 0x26, 0x07, 0xF4, 0x03, 0x5C, 0x00, 0xF6, 0x07, 0xFF, 0x0F, 0xFC, 0x0D,
    0xF4, 0x0D, 0xF6, 0x04, 0x00, 0x06, 0x00, 0x00, 0x98, 0x07, 0xF6, 0x07, 0x1C, 0x04, 0xBE, 0x07,
    0x3E, 0x05, 0xE2, 0x07, 0x02, 0x04, 0xE2, 0x07, 0x3E, 0x05, 0xFE, 0x04, 0x00, 0x04, 0x00, 0x00,
    0x10, 0x00, 0xF6, 0x07, 0x16, 0x02, 0xA0, 0x01, 0x84, 0x01, 0x94, 0x03, 0x9F, 0x08, 0xE4, 0x0F,
    0xE4, 0x07, 0xD4, 0x00, 0x10, 0x00, 0x00, 0x00, 0x00, 0x06, 0xFE, 0x03, 0xFE, 0x00, 0x12, 0x00,
    0x12, 0x00, 0x12, 0x00, 0x12, 0x00, 0x12, 0x00, 0x3E, 0x00, 0x1E, 0x00, 0x00, 0x00, 0x00, 0x00,
    0x0A, 0x0C, 0xFA, 0x05, 0xAA, 0x04, 0xFA, 0x07, 0xAE, 0x04, 0xFE, 0x07, 0x26, 0x0E, 0xFE, 0x00,
    0xC2, 0x03, 0x00, 0x06, 0x00, 0x0D, 0x00, 0x00, 0x20, 0x00, 0x20, 0x00, 0x20, 0x00, 0x20, 0x00,
    0xFE, 0x0F, 0xFF, 0x0F, 0x20, 0x00, 0x20, 0x00, 0x20, 0x00, 0x30, 0x00, 0x00, 0x00, 0x00, 0x00,
    0x82, 0x00, 0x42, 0x00, 0xF2, 0x0F, 0xFE, 0x07, 0x26, 0x00, 0x22, 0x00, 0x22, 0x00, 0xE2, 0x07,
    0xE2, 0x07, 0x02, 0x00, 0x00, 0x00, 0x00, 0x00, 0xC8, 0x0C, 0xFE, 0x0F, 0x6E, 0x00, 0x2C, 0x00,
    0xB8, 0x0F, 0xAE, 0x04, 0xA3, 0x04, 0xAE, 0x04, 0xF8, 0x0F, 0x30, 0x00, 0x10, 0x00, 0x00, 0x00,
    0xFE, 0x07, 0x24, 0x01, 0x26, 0x03, 0xFE, 0x03, 0x08, 0x00, 0xE8, 0x00, 0x08, 0x04, 0xFE, 0x0F,
    0xFF, 0x07, 0x0C, 0x00, 0x08, 0x00, 0x00, 0x00, 0x20, 0x00, 0xF8, 0x0F, 0xFF, 0x0F, 0x03, 0x00,
    0x00, 0x00, 0x00, 0x00, 0xFF, 0x0F, 0x10, 0x00, 0x00, 0x00, 0x10, 0x00, 0x10, 0x00, 0x00, 0x00,
    0x10, 0x00, 0x18, 0x00, 0xFC, 0x0F, 0xD6, 0x04, 0xDF, 0x05, 0xDA, 0x06, 0xD6, 0x02, 0xFC, 0x07,
    0x08, 0x0D, 0x18, 0x00, 0x08, 0x00, 0x00, 0x00, 0x1C, 0x00, 0xF7, 0x0F, 0x1C, 0x02, 0x0C, 0x05,
    0xFC, 0x04, 0x48, 0x04, 0xFF, 0x07, 0xFF, 0x07, 0x48, 0x05, 0xFC, 0x06, 0x00, 0x04, 0x00, 0x00,
    0x98, 0x08, 0x0C, 0x08, 0xE4, 0x04, 0xDC, 0x04, 0x17, 0x03, 0xFE, 0x03, 0x9C, 0x02, 0x04, 0x06,
    0x8C, 0x0C, 0x84, 0x00, 0x00, 0x00, 0x00, 0x00, 0x10, 0x00, 0xF6, 0x07, 0xF6, 0x0F, 0x00, 0x05,
    0xFE, 0x06, 0xFE, 0x03, 0x42, 0x01, 0xC2, 0x00, 0x7E, 0x01, 0x7E, 0x06, 0x00, 0x04, 0x00, 0x00,
    0x00, 0x08, 0x7C, 0x08, 0x44, 0x04, 0xC4, 0x07, 0xFF, 0x03, 0x7F, 0x06, 0x44, 0x04, 0x44, 0x04,
    0x7C, 0x0C, 0x00, 0x04, 0x00, 0x00, 0x00, 0x00, 0x70, 0x08, 0x0C, 0x04, 0x07, 0x06, 0xC4, 0x03,
    0xFC, 0x00, 0xC4, 0x00, 0x04, 0x03, 0x04, 0x06, 0x26, 0x0C, 0x24, 0x0C, 0x00, 0x04, 0x00, 0x00,
    0x30, 0x00, 0xFC, 0x0F, 0x07, 0x08, 0xF4, 0x08, 0xD4, 0x05, 0x54, 0x07, 0xFF, 0x07, 0x54, 0x04,
    0xFC, 0x0C, 0x76, 0x0C, 0x04, 0x00, 0x00, 0x00, 0x00, 0x06, 0xFE, 0x05, 0x0A, 0x04, 0x6A, 0x03,
    0xCA, 0x01, 0xFA, 0x0F, 0xCA, 0x00, 0x6A, 0x03, 0x7E, 0x06, 0x4E, 0x06, 0x00, 0x04, 0x00, 0x00,
    0x7E, 0x01, 0x4E, 0x0D, 0x7E, 0x0F, 0xCE, 0x0B, 0x7C, 0x04, 0xEC, 0x07, 0xEC, 0x03, 0x7F, 0x06,
    0x44, 0x04, 0x7C, 0x0C, 0x00, 0x04, 0x00, 0x00, 0xC8, 0x04, 0xFE, 0x07, 0x8B, 0x03, 0xF8, 0x06,
    0x18, 0x00, 0xF8, 0x0F, 0x96, 0x04, 0x93, 0x04, 0x9C, 0x04, 0xD8, 0x0F, 0x10, 0x00, 0x00, 0x00,
    0x28, 0x04, 0x28, 0x04, 0xE8, 0x07, 0x28, 0x02, 0x28, 0x02, 0x3F, 0x00, 0xFC, 0x01, 0x0B, 0x07,
    0x0E, 0x04, 0x0C, 0x0C, 0x00, 0x00, 0x00, 0x00, 0x10, 0x06, 0x92, 0x03, 0xD2, 0x00, 0x52, 0x04,
    0xF2, 0x0F, 0xF2, 0x07, 0x12, 0x00, 0xD2, 0x00, 0x93, 0x01, 0x10, 0x07, 0x10, 0x00, 0x00, 0x00,
    0x20, 0x00, 0x20, 0x00, 0x20, 0x00, 0x20, 0x00, 0xFE, 0x07, 0xFE, 0x07, 0x20, 0x00, 0x20, 0x00,
    0x20, 0x04, 0x30, 0x04, 0x00, 0x00, 0x00, 0x00, 0x10, 0x00, 0xFE, 0x0F, 0xFE, 0x0F, 0x10, 0x00,
    0xFF, 0x03, 0x10, 0x01, 0x10, 0x01, 0xFF, 0x01, 0x10, 0x04, 0x18, 0x04, 0x10, 0x00, 0x00, 0x00,
    0xC8, 0x00, 0xFF, 0x0F, 0xFF, 0x07, 0x6C, 0x00, 0xF4, 0x03, 0x34, 0x00, 0xFF, 0x0F, 0xFE, 0x0F,
    0x04, 0x02, 0xF4, 0x03, 0x04, 0x00, 0x00, 0x00, 0x82, 0x00, 0xFA, 0x00, 0xBA, 0x00, 0x9A, 0x04,
    0xFF, 0x0F, 0xFF, 0x07, 0x9A, 0x00, 0xFE, 0x03, 0xFE, 0x03, 0xC2, 0x00, 0x80, 0x00, 0x00, 0x00,
    0xC8, 0x04, 0xFF, 0x0F, 0xFF, 0x07, 0x28, 0x04, 0x28, 0x06, 0xE8, 0x03, 0x28, 0x02, 0xFF, 0x01,
    0x8A, 0x03, 0x0E, 0x04, 0x00, 0x0E, 0x00, 0x00, 0x4A, 0x00, 0x7A, 0x01, 0xFF, 0x0F, 0xE6, 0x07,
    0xF6, 0x07, 0xEE, 0x07, 0xC6, 0x07, 0xFE, 0x0F, 0xFD, 0x03, 0x64, 0x00, 0x04, 0x00, 0x00, 0x00,
    0x22, 0x04, 0xE6, 0x07, 0x60, 0x04, 0x48, 0x06, 0xFF, 0x0F, 0x28, 0x0B, 0xFE, 0x09, 0x12, 0x0C,
    0xF2, 0x0F, 0x1A, 0x0C, 0x00, 0x04, 0x00, 0x00, 0x14, 0x08, 0xD4, 0x04, 0xFF, 0x04, 0xCC, 0x03,
    0xEC, 0x01, 0x3C, 0x04, 0x3F, 0x0C, 0x84, 0x07, 0x7C, 0x01, 0x60, 0x00, 0x00, 0x00, 0x00, 0x00,
    0x40, 0x0C, 0x40, 0x06, 0xFE, 0x03, 0xDE, 0x06, 0x56, 0x04, 0xD6, 0x07, 0x56, 0x0D, 0x7F, 0x0D,
    0xC0, 0x0D, 0x60, 0x0C, 0x00, 0x04, 0x00, 0x00, 0xFC, 0x03, 0x84, 0x00, 0xFC, 0x00, 0x08, 0x00,
    0xAA, 0x0F, 0x7A, 0x0F, 0xFF, 0x02, 0xEE, 0x02, 0xDE, 0x0F, 0x4A, 0x0F, 0x68, 0x00, 0x00, 0x00,
    0xFE, 0x03, 0x02, 0x01, 0xFE, 0x05, 0x3C, 0x03, 0xE7, 0x01, 0x2C, 0x01, 0xFC, 0x07, 0xA7, 0x03,
    0xED, 0x01, 0x36, 0x07, 0x00, 0x00, 0x00, 0x00, 0x20, 0x04, 0xE6, 0x07, 0x24, 0x06, 0x0A, 0x04,
    0xE2, 0x0F, 0x4A, 0x0C, 0x7E, 0x0C, 0x42, 0x0C, 0xEB, 0x0F, 0x08, 0x0C, 0x00, 0x04, 0x00, 0x00,
    0x30, 0x00, 0xFC, 0x0F, 0xFF, 0x07, 0x10, 0x04, 0x10, 0x04, 0x10, 0x04, 0xFF, 0x07, 0x10, 0x04,
    0x10, 0x04, 0x10, 0x04, 0x10, 0x00, 0x00, 0x00, 0x30, 0x00, 0xFC, 0x0F, 0x07, 0x00, 0xA4, 0x00,
    0xA4, 0x03, 0xBE, 0x02, 0xBF, 0x0C, 0xE4, 0x0F, 0xA4, 0x00, 0xF4, 0x00, 0x00, 0x00, 0x00, 0x00,
    0x9E, 0x01, 0xFE, 0x0F, 0xFE, 0x07, 0xDF, 0x00, 0x34, 0x01, 0x52, 0x01, 0xFE, 0x0F, 0xFE, 0x07,
    0x77, 0x01, 0x32, 0x01, 0x00, 0x00, 0x00, 0x00, 0x18, 0x00, 0xF7, 0x07, 0x14, 0x02, 0x3C, 0x01,
    0xFC, 0x07, 0x27, 0x00, 0xFC, 0x0F, 0xFC, 0x0F, 0x24, 0x02, 0xF4, 0x03, 0x04, 0x00, 0x00, 0x00,
    0x00, 0x04, 0xFE, 0x07, 0x22, 0x06, 0x22, 0x02, 0x26, 0x00, 0xFE, 0x01, 0x22, 0x03, 0x23, 0x06,
    0x32, 0x04, 0x30, 0x0E, 0x00, 0x00, 0x00, 0x00, 0x04, 0x00, 0xF4, 0x03, 0x34, 0x00, 0x14, 0x00,
    0xFF, 0x0F, 0xFE, 0x0F, 0x14, 0x02, 0x14, 0x02, 0xF4, 0x03, 0x06, 0x00, 0x04, 0x00, 0x00, 0x00,
    0x30, 0x00, 0xFF, 0x0F, 0x08, 0x00, 0x9C, 0x00, 0x84, 0x03, 0x94, 0x02, 0x9F, 0x0C, 0xE4, 0x0F,
    0xE4, 0x00, 0xD4, 0x00, 0x10, 0x00, 0x00, 0x00, 0x0C, 0x08, 0xD4, 0x0A, 0xD4, 0x0A, 0x74, 0x0A,
    0xD7, 0x0F, 0xD6, 0x0F, 0x74, 0x0A, 0x5C, 0x0B, 0xDC, 0x0B, 0x06, 0x0C, 0x04, 0x00, 0x00, 0x00,
    0x48, 0x00, 0xEF, 0x0F, 0x7E, 0x08, 0xC8, 0x08, 0xFE, 0x04, 0xC2, 0x03, 0xFE, 0x01, 0xC2, 0x07,
    0xFE, 0x04, 0x02, 0x06, 0x00, 0x04, 0x00, 0x00, 0x22, 0x04, 0xF6, 0x07, 0x08, 0x07, 0x28, 0x04,
    0xE8, 0x07, 0xE8, 0x03, 0x2F, 0x02, 0xFF, 0x01, 0x0A, 0x07, 0x0E, 0x0C, 0x00, 0x00, 0x00, 0x00,
    0xFC, 0x03, 0x80, 0x01, 0xFF, 0x0F, 0x60, 0x08, 0x38, 0x04, 0xFF, 0x06, 0x88, 0x03, 0xF8, 0x06,
    0x08, 0x04, 0x0C, 0x0C, 0x00, 0x00, 0x00, 0x00, 0x40, 0x00, 0x52, 0x00, 0x52, 0x00, 0x52, 0x04,
    0xFE, 0x0F, 0xFE, 0x07, 0x52, 0x00, 0x53, 0x00, 0x5B, 0x00, 0x40, 0x00, 0x40, 0x00, 0x00, 0x00,
    0x04, 0x00, 0x04, 0x08, 0xF4, 0x0F, 0x56, 0x05, 0x5C, 0x05, 0x5C, 0x05, 0x56, 0x05, 0xF7, 0x0F,
    0x14, 0x00, 0x04, 0x00, 0x04, 0x00, 0x00, 0x00, 0x38, 0x00, 0x24, 0x00, 0xA4, 0x01, 0x24, 0x03,
    0x25, 0x00, 0x27, 0x0C, 0xFC, 0x0F, 0x24, 0x00, 0x2C, 0x00, 0x24, 0x00, 0x20, 0x00, 0x00, 0x00,
    0x20, 0x02, 0x2C, 0x03, 0xA8, 0x01, 0xFC, 0x00, 0xBF, 0x03, 0xAA, 0x04, 0xA8, 0x0C, 0xE8, 0x0F,
    0xAE, 0x00, 0xB2, 0x00, 0x00, 0x00, 0x00, 0x00, 0xC8, 0x04, 0xFF, 0x0F, 0x7E, 0x08, 0x38, 0x08,
    0x5E, 0x04, 0xDA, 0x07, 0x5E, 0x03, 0xDA, 0x07, 0xDF, 0x04, 0x36, 0x0C, 0x00, 0x00, 0x00, 0x00,
    0x18, 0x00, 0xFE, 0x00, 0xFF, 0x0F, 0x28, 0x05, 0x69, 0x05, 0x7F, 0x05, 0x28, 0x05, 0x28, 0x07,
    0x7E, 0x0F, 0x42, 0x00, 0x00, 0x00, 0x00, 0x00, 0x60, 0x08, 0x12, 0x08, 0x5E, 0x04, 0xDA, 0x04,
    0x56, 0x07, 0x5A, 0x03, 0xDA, 0x04, 0x5F, 0x04, 0x76, 0x0C, 0x30, 0x04, 0x00, 0x00, 0x00, 0x00,
    0x58, 0x04, 0xFE, 0x0B, 0x06, 0x08, 0xF8, 0x09, 0x4C, 0x05, 0xFF, 0x07, 0xFE, 0x07, 0x68, 0x07,
    0xFE, 0x0D, 0x7A, 0x0C, 0x00, 0x00, 0x00, 0x00, 0x80, 0x00, 0xFC, 0x00, 0xBC, 0x0F, 0xA7, 0x05,
    0xBE, 0x05, 0xBC, 0x05, 0xA7, 0x05, 0xBC, 0x0F, 0xFC, 0x05, 0xC0, 0x00, 0x00, 0x00, 0x00, 0x00,
    0xD2, 0x07, 0xE2, 0x07, 0xF6, 0x0B, 0x9F, 0x0A, 0xD2, 0x07, 0xF2, 0x00, 0xDF, 0x0F, 0xF2, 0x07,
    0xF2, 0x0F, 0x5A, 0x0E, 0x00, 0x00, 0x00, 0x00, 0xC8, 0x00, 0xFF, 0x0F, 0x68, 0x00, 0x48, 0x00,
    0xFE, 0x0F, 0x0A, 0x07, 0x92, 0x04, 0x72, 0x04, 0xDE, 0x05, 0x0A, 0x05, 0x02, 0x04, 0x00, 0x00,
    0xE8, 0x00, 0xFF, 0x0F, 0x68, 0x08, 0x6C, 0x0C, 0xF4, 0x07, 0x3C, 0x00, 0xEF, 0x0F, 0x64, 0x00,
    0xD4, 0x0F, 0x36, 0x0C, 0x00, 0x04, 0x00, 0x00, 0x70, 0x04, 0xDC, 0x03, 0xF2, 0x05, 0x32, 0x02,
    0x3E, 0x03, 0xEE, 0x00, 0xFF, 0x0F, 0xEC, 0x00, 0xAC, 0x03, 0x2C, 0x06, 0x00, 0x04, 0x00, 0x00,
    0xC8, 0x04, 0xFF, 0x0F, 0xFF, 0x07, 0x2C, 0x00, 0x22, 0x00, 0x22, 0x04, 0x2A, 0x0C, 0xFE, 0x0F,
    0x66, 0x00, 0x32, 0x00, 0x20, 0x00, 0x00, 0x00, 0x7C, 0x01, 0xFF, 0x0F, 0xF4, 0x07, 0xF4, 0x05,
    0xE8, 0x0F, 0xEE, 0x0F, 0xEB, 0x07, 0xEE, 0x07, 0xEC, 0x0F, 0xE8, 0x07, 0x08, 0x00, 0x00, 0x00,
    0xA0, 0x03, 0xA0, 0x0C, 0xFF, 0x0F, 0x64, 0x08, 0xA4, 0x09, 0x24, 0x07, 0x7C, 0x02, 0xC0, 0x03,
    0x7E, 0x06, 0x0E, 0x0C, 0x00, 0x04, 0x00, 0x00, 0xD8, 0x0F, 0x9E, 0x07, 0xF3, 0x04, 0x8E, 0x07,
    0xAC, 0x07, 0x22, 0x00, 0x2E, 0x0C, 0xFA, 0x0F, 0x26, 0x00, 0x62, 0x00, 0x20, 0x00, 0x00, 0x00,
    0x98, 0x0F, 0xF6, 0x06, 0xAC, 0x03, 0xA2, 0x0C, 0xFF, 0x0F, 0xA4, 0x0D, 0x24, 0x07, 0xFC, 0x03,
    0xE0, 0x07, 0x3E, 0x0C, 0x00, 0x04, 0x00, 0x00, 0xF4, 0x07, 0xF0, 0x03, 0xFC, 0x0B, 0x26, 0x05,
    0xF0, 0x07, 0xFC, 0x00, 0xFF, 0x0F, 0x1C, 0x00, 0xDE, 0x07, 0x36, 0x0C, 0x00, 0x04, 0x00, 0x00,
    0x40, 0x00, 0x48, 0x00, 0x48, 0x00, 0x48, 0x00, 0xFF, 0x0F, 0x48, 0x00, 0x48, 0x00, 0x78, 0x02,
    0x5E, 0x06, 0xE6, 0x03, 0x00, 0x00, 0x00, 0x00, 0xFE, 0x05, 0xFA, 0x03, 0xFA, 0x02, 0xFE, 0x0F,
    0x54, 0x09, 0xF4, 0x05, 0x3F, 0x07, 0xFE, 0x03, 0x36, 0x05, 0x9C, 0x0D, 0x10, 0x01, 0x00, 0x00,
    0x7C, 0x01, 0x7C, 0x05, 0xDF, 0x0F, 0xFC, 0x08, 0xFE, 0x04, 0xC8, 0x03, 0xFF, 0x01, 0x88, 0x01,
    0xF8, 0x03, 0x08, 0x06, 0x00, 0x06, 0x00, 0x00, 0xA6, 0x0C, 0xBC, 0x03, 0xF7, 0x03, 0xFE, 0x0E,
    0x7E, 0x01, 0xE4, 0x06, 0x7F, 0x0C, 0xC4, 0x00, 0xFC, 0x06, 0x80, 0x0D, 0xC0, 0x01, 0x00, 0x00,
    0x82, 0x02, 0xBE, 0x02, 0x9E, 0x0F, 0x9F, 0x0F, 0xFA, 0x03, 0xFA, 0x03, 0xFF, 0x03, 0xD6, 0x0F,
    0xFE, 0x0F, 0xC2, 0x00, 0x02, 0x00, 0x00, 0x00, 0x40, 0x02, 0x40, 0x01, 0xDF, 0x0F, 0xC8, 0x07,
    0xF8, 0x06, 0xD8, 0x06, 0xF8, 0x06, 0xFF, 0x07, 0xDA, 0x07, 0x58, 0x00, 0x40, 0x00, 0x00, 0x00,
    0xFE, 0x03, 0x12, 0x01, 0xFE, 0x03, 0x42, 0x01, 0x5E, 0x01, 0xDE, 0x0F, 0xFE, 0x06, 0xF6, 0x06,
    0xF2, 0x07, 0xFE, 0x0F, 0x40, 0x00, 0x00, 0x00, 0x40, 0x02, 0x4F, 0x01, 0xD4, 0x07, 0xD6, 0x07,
    0xFE, 0x06, 0xFC, 0x06, 0xF6, 0x06, 0xF0, 0x07, 0xDF, 0x07, 0x66, 0x00, 0x00, 0x00, 0x00, 0x00,
    0x40, 0x00, 0x6F, 0x06, 0xF8, 0x03, 0x5E, 0x03, 0xFE, 0x03, 0x48, 0x03, 0xEE, 0x07, 0x48, 0x0E,
    0x3F, 0x0E, 0xFF, 0x07, 0x00, 0x00, 0x00, 0x00, 0xA4, 0x00, 0xA6, 0x04, 0xD6, 0x02, 0xAE, 0x07,
    0xFE, 0x0F, 0xFE, 0x07, 0xEF, 0x03, 0xD7, 0x02, 0xD4, 0x06, 0xE4, 0x00, 0x00, 0x00, 0x00, 0x00,
    0x00, 0x0C, 0xFE, 0x0F, 0x52, 0x05, 0x55, 0x03, 0xF4, 0x0F, 0xF6, 0x05, 0xD6, 0x03, 0xFE, 0x01,
    0x1E, 0x07, 0x00, 0x0C, 0x00, 0x08, 0x00, 0x00, 0x00, 0x07, 0xFF, 0x01, 0x84, 0x0F, 0xF4, 0x07,
    0x74, 0x02, 0xF4, 0x03, 0xFC, 0x03, 0x6C, 0x07, 0xFE, 0x0E, 0x86, 0x0F, 0x00, 0x00, 0x00, 0x00,
    0x08, 0x02, 0x08, 0x01, 0xC8, 0x00, 0x78, 0x00, 0xFF, 0x0F, 0xFF, 0x07, 0x7A, 0x00, 0xCE, 0x01,
    0x0C, 0x03, 0x08, 0x03, 0x00, 0x00, 0x00, 0x00, 0x20, 0x04, 0xE6, 0x03, 0x2C, 0x07, 0x88, 0x04,
    0x78, 0x0C, 0x38, 0x0E, 0xFF, 0x0F, 0x2A, 0x0C, 0xCE, 0x0C, 0x8C, 0x0D, 0x00, 0x04, 0x00, 0x00,
    0xE8, 0x00, 0xFF, 0x0F, 0x68, 0x02, 0xDC, 0x03, 0xE4, 0x00, 0xFC, 0x01, 0x6C, 0x04, 0xC8, 0x0C,
    0xFF, 0x0F, 0x08, 0x00, 0x08, 0x00, 0x00, 0x00, 0x04, 0x04, 0xF8, 0x06, 0x50, 0x03, 0xC0, 0x01,
    0xFF, 0x0F, 0xFF, 0x07, 0xC0, 0x01, 0x50, 0x03, 0xF8, 0x06, 0x02, 0x06, 0x00, 0x00, 0x00, 0x00,
    0x00, 0x06, 0xF8, 0x03, 0x68, 0x00, 0xC8, 0x04, 0x88, 0x04, 0x7F, 0x02, 0xE8, 0x03, 0xEA, 0x03,
    0x7E, 0x04, 0x0C, 0x0C, 0x00, 0x0F, 0x00, 0x00, 0xBE, 0x08, 0xBE, 0x08, 0xFF, 0x09, 0xFF, 0x0E,
    0xE2, 0x08, 0xDE, 0x0C, 0x9A, 0x0B, 0xBE, 0x09, 0xA6, 0x08, 0x20, 0x0C, 0x00, 0x00, 0x00, 0x00,
    0xBE, 0x08, 0xBE, 0x0A, 0xFE, 0x0A, 0xF6, 0x0A, 0xBE, 0x0F, 0xA2, 0x0F, 0x92, 0x0A, 0xFE, 0x0A,
    0x7E, 0x0B, 0x3A, 0x0C, 0x10, 0x08, 0x00, 0x00, 0x00, 0x06, 0xFE, 0x0B, 0x24, 0x0E, 0x04, 0x00,
    0xFC, 0x07, 0x87, 0x04, 0x84, 0x06, 0xFC, 0x05, 0x04, 0x02, 0x16, 0x0E, 0x00, 0x00, 0x00, 0x00,
    0xAE, 0x08, 0x9E, 0x07, 0xFF, 0x06, 0x9C, 0x0F, 0xBE, 0x0D, 0x38, 0x04, 0xFE, 0x03, 0xCB, 0x03,
    0x78, 0x06, 0x0C, 0x04, 0x00, 0x00, 0x00, 0x00, 0x92, 0x0F, 0xF6, 0x05, 0x7C, 0x02, 0xFC, 0x01,
    0xFF, 0x0F, 0xFC, 0x09, 0x34, 0x05, 0xFF, 0x03, 0xFB, 0x01, 0x18, 0x0F, 0x08, 0x04, 0x00, 0x00,
    0x84, 0x0C, 0xBC, 0x06, 0x6F, 0x01, 0x74, 0x0F, 0x7C, 0x09, 0x44, 0x0B, 0xFE, 0x08, 0x20, 0x0E,
    0x24, 0x01, 0x7E, 0x06, 0x00, 0x00, 0x00, 0x00, 0xC0, 0x03, 0xFE, 0x03, 0xEA, 0x03, 0xFA, 0x0F,
    0x7A, 0x06, 0xEE, 0x07, 0x00, 0x00, 0xFC, 0x05, 0x00, 0x0C, 0xFF, 0x0F, 0x00, 0x00, 0x00, 0x00,
    0x82, 0x08, 0xFE, 0x08, 0x86, 0x05, 0xFE, 0x07, 0xEE, 0x06, 0x9E, 0x03, 0xBE, 0x07, 0xA6, 0x04,
    0xBE, 0x0C, 0xC3, 0x00, 0x80, 0x00, 0x00, 0x00, 0xC8, 0x04, 0xFF, 0x0F, 0xAC, 0x01, 0xCC, 0x01,
    0x50, 0x01, 0xFC, 0x01, 0xFF, 0x0F, 0xDA, 0x01, 0xFC, 0x01, 0x4E, 0x01, 0x00, 0x01, 0x00, 0x00,
    0x20, 0x04, 0x20, 0x02, 0xFC, 0x03, 0xE8, 0x0F, 0xEB, 0x04, 0xEA, 0x04, 0x68, 0x03, 0xFC, 0x07,
    0xB8, 0x04, 0x32, 0x0C, 0x00, 0x04, 0x00, 0x00, 0x00, 0x02, 0xFF, 0x01, 0x4A, 0x00, 0x48, 0x00,
    0xFE, 0x07, 0xFE, 0x07, 0x48, 0x05, 0x4A, 0x07, 0xFF, 0x05, 0x00, 0x06, 0x00, 0x04, 0x00, 0x00,
    0xFC, 0x09, 0xFC, 0x05, 0xFE, 0x03, 0xFE, 0x00, 0xF8, 0x03, 0xF8, 0x01, 0xFE, 0x0F, 0xFF, 0x0F,
    0x08, 0x03, 0xFC, 0x03, 0x00, 0x00, 0x00, 0x00, 0xE8, 0x00, 0xFF, 0x0F, 0x68, 0x04, 0x6C, 0x00,
    0x38, 0x01, 0x2E, 0x00, 0xE3, 0x07, 0x2E, 0x01, 0xB8, 0x00, 0xB0, 0x04, 0x10, 0x00, 0x00, 0x00,
    0xC8, 0x0C, 0xFF, 0x0F, 0x68, 0x00, 0x3C, 0x04, 0xB8, 0x04, 0xAE, 0x04, 0xE3, 0x07, 0xA4, 0x04,
    0x98, 0x04, 0x10, 0x04, 0x10, 0x00, 0x00, 0x00, 0x4C, 0x02, 0xD6, 0x01, 0xFE, 0x0F, 0x5C, 0x01,
    0x5E, 0x03, 0xFE, 0x0F, 0xBC, 0x04, 0xBD, 0x04, 0xEF, 0x07, 0x06, 0x00, 0x00, 0x00, 0x00, 0x00,
    0x0A, 0x02, 0xB2, 0x01, 0xE2, 0x00, 0xBE, 0x07, 0x02, 0x04, 0x1E, 0x02, 0xE2, 0x01, 0xE2, 0x01,
    0x3E, 0x07, 0x06, 0x06, 0x00, 0x04, 0x00, 0x00, 0x24, 0x09, 0xDC, 0x0C, 0xDC, 0x04, 0x3C, 0x03,
    0xFF, 0x01, 0xEF, 0x00, 0xDC, 0x03, 0xDC, 0x06, 0xFE, 0x04, 0x26, 0x0D, 0x00, 0x00, 0x00, 0x00,
    0x10, 0x00, 0xF6, 0x07, 0x30, 0x03, 0x98, 0x00, 0xFE, 0x0F, 0xA3, 0x04, 0xBC, 0x04, 0xFE, 0x07,
    0xA4, 0x04, 0xB4, 0x06, 0x00, 0x04, 0x00, 0x00, 0x10, 0x02, 0x10, 0x03, 0xF0, 0x00, 0x38, 0x04,
    0xFF, 0x0F, 0xFF, 0x07, 0x70, 0x00, 0x98, 0x01, 0x0C, 0x03, 0x00, 0x06, 0x00, 0x02, 0x00, 0x00,
    0xFE, 0x0F, 0x92, 0x02, 0xFE, 0x07, 0x48, 0x01, 0xFA, 0x01, 0x6A, 0x01, 0xFE, 0x07, 0x6A, 0x01,
    0xFB, 0x05, 0x28, 0x05, 0x00, 0x00, 0x00, 0x00, 0x92, 0x00, 0xFE, 0x0F, 0xFE, 0x0F, 0xDA, 0x08,
    0xF8, 0x04, 0xFE, 0x07, 0xCC, 0x01, 0xCC, 0x0F, 0x7B, 0x08, 0x78, 0x0C, 0x00, 0x04, 0x00, 0x00,
    0xFE, 0x01, 0x84, 0x08, 0xFE, 0x08, 0xFC, 0x04, 0x18, 0x03, 0xF6, 0x01, 0x13, 0x00, 0xF2, 0x0F,
    0x1C, 0x0C, 0x18, 0x0E, 0x00, 0x04, 0x00, 0x00, 0xFE, 0x0F, 0x12, 0x02, 0xFE, 0x0F, 0xB0, 0x05,
    0x7E, 0x03, 0xDA, 0x01, 0xDE, 0x03, 0xDA, 0x01, 0xFF, 0x0F, 0x70, 0x01, 0x10, 0x00, 0x00, 0x00,
    0xFE, 0x03, 0xFE, 0x00, 0xFE, 0x01, 0xFE, 0x07, 0xFE, 0x0F, 0xFE, 0x05, 0x0E, 0x03, 0xFE, 0x01,
    0x0A, 0x02, 0xFE, 0x07, 0x00, 0x00, 0x00, 0x00, 0x30, 0x09, 0xDA, 0x04, 0xFE, 0x07, 0xCA, 0x03,
    0xC2, 0x00, 0xCE, 0x03, 0x4B, 0x01, 0xFF, 0x0F, 0x53, 0x01, 0x78, 0x01, 0x00, 0x00, 0x00, 0x00,
    0x10, 0x00, 0xF6, 0x07, 0x06, 0x0A, 0x00, 0x09, 0xFB, 0x06, 0xCE, 0x03, 0xC8, 0x07, 0xCE, 0x0F,
    0x7B, 0x0C, 0x08, 0x0E, 0x00, 0x04, 0x00, 0x00, 0x72, 0x00, 0xFE, 0x07, 0x12, 0x03, 0xF3, 0x0B,
    0x02, 0x05, 0xFA, 0x07, 0xFE, 0x03, 0x7A, 0x01, 0xFA, 0x06, 0xFB, 0x05, 0x00, 0x00, 0x00, 0x00,
    0xF8, 0x04, 0x8E, 0x06, 0xF8, 0x03, 0x8E, 0x08, 0xFD, 0x04, 0x0C, 0x06, 0xFE, 0x01, 0x92, 0x00,
    0x92, 0x04, 0xFE, 0x0F, 0x00, 0x00, 0x00, 0x00, 0x30, 0x04, 0xFF, 0x03, 0xBE, 0x01, 0x0C, 0x07,
    0x7E, 0x03, 0x86, 0x05, 0xFE, 0x0F, 0xFA, 0x0F, 0x82, 0x01, 0x22, 0x07, 0x00, 0x02, 0x00, 0x00,
    0x84, 0x04, 0xFF, 0x03, 0xA4, 0x01, 0xFF, 0x01, 0xFF, 0x06, 0x84, 0x06, 0xFE, 0x01, 0x12, 0x00,
    0xF2, 0x0F, 0x32, 0x00, 0x10, 0x00, 0x00, 0x00, 0x48, 0x0C, 0xFF, 0x0F, 0xAC, 0x04, 0xFF, 0x03,
    0x94, 0x01, 0xFF, 0x07, 0x84, 0x07, 0xFE, 0x01, 0xF2, 0x07, 0xF2, 0x0F, 0x10, 0x00, 0x00, 0x00,
    0xFC, 0x01, 0xFC, 0x09, 0x84, 0x06, 0xFF, 0x03, 0xF4, 0x09, 0xFF, 0x06, 0x84, 0x07, 0xFE, 0x00,
    0xE2, 0x0F, 0x32, 0x00, 0x00, 0x00, 0x00, 0x00, 0x00, 0x06, 0x7E, 0x01, 0xEA, 0x07, 0x4A, 0x0F,
    0xFE, 0x08, 0xFE, 0x0B, 0x4A, 0x0C, 0x4A, 0x0E, 0xFE, 0x01, 0x00, 0x03, 0x00, 0x02, 0x00, 0x00,
    0x92, 0x01, 0xF2, 0x00, 0xFE, 0x0F, 0x73, 0x00, 0xDB, 0x00, 0x18, 0x07, 0xF0, 0x06, 0x1E, 0x02,
    0x82, 0x03, 0x00, 0x07, 0x00, 0x00, 0x00, 0x00, 0x08, 0x00, 0xEA, 0x03, 0xEA, 0x03, 0x2A, 0x01,
    0x2A, 0x01, 0xEA, 0x03, 0x2A, 0x04, 0x0A, 0x04, 0xFE, 0x0F, 0xFE, 0x07, 0x00, 0x00, 0x00, 0x00,
    0x30, 0x01, 0xB8, 0x01, 0x66, 0x01, 0x3A, 0x01, 0x18, 0x01, 0x30, 0x01, 0xFC, 0x01, 0x77, 0x01,
    0x18, 0x05, 0x08, 0x04, 0x00, 0x00, 0x00, 0x00, 0xC2, 0x04, 0x72, 0x04, 0xDE, 0x03, 0xD2, 0x01,
    0x72, 0x00, 0x12, 0x00, 0xFE, 0x07, 0x22, 0x04, 0x32, 0x04, 0x13, 0x07, 0x00, 0x04, 0x00, 0x00,
    0xFE, 0x07, 0xEA, 0x05, 0x2A, 0x07, 0x7A, 0x06, 0xA8, 0x02, 0xAC, 0x02, 0xFF, 0x0F, 0xBE, 0x02,
    0xBE, 0x02, 0xBE, 0x03, 0x08, 0x00, 0x00, 0x00, 0x80, 0x00, 0x84, 0x00, 0x84, 0x01, 0x84, 0x03,
    0x9F, 0x00, 0x9F, 0x00, 0xE4, 0x0F, 0xE4, 0x07, 0x84, 0x00, 0xD0, 0x00, 0x00, 0x00, 0x00, 0x00,
    0xFE, 0x0F, 0xFE, 0x07, 0xA8, 0x03, 0xEA, 0x07, 0xFE, 0x0F, 0xE8, 0x03, 0xEA, 0x01, 0xE8, 0x01,
    0xEC, 0x0D, 0xFF, 0x0F, 0x00, 0x00, 0x00, 0x00, 0xFE, 0x07, 0xFE, 0x07, 0x82, 0x02, 0x7E, 0x02,
    0x02, 0x02, 0x7E, 0x02, 0xFE, 0x02, 0x82, 0x02, 0xFE, 0x07, 0xFE, 0x07, 0x00, 0x00, 0x00, 0x00,
    0x30, 0x00, 0xFC, 0x0F, 0x07, 0x00, 0xE8, 0x03, 0xEA, 0x03, 0x2A, 0x01, 0xEA, 0x01, 0x2A, 0x04,
    0x02, 0x0C, 0xFE, 0x07, 0x00, 0x00, 0x00, 0x00, 0x30, 0x00, 0xFC, 0x0F, 0x07, 0x00, 0xFC, 0x0F,
    0xFC, 0x0B, 0x04, 0x05, 0x9C, 0x04, 0x00, 0x03, 0xFE, 0x03, 0x1E, 0x0E, 0x00, 0x00, 0x00, 0x00,
    0x38, 0x00, 0xFF, 0x0F, 0x1C, 0x06, 0x0C, 0x02, 0xEA, 0x03, 0x2A, 0x01, 0xAA, 0x01, 0xEA, 0x05,
    0x0A, 0x0C, 0xFE, 0x0F, 0x00, 0x00, 0x00, 0x00, 0x00, 0x00, 0xFE, 0x07, 0x22, 0x06, 0x22, 0x04,
    0x22, 0x04, 0x22, 0x04, 0x22, 0x04, 0x3E, 0x04, 0x3E, 0x04, 0x80, 0x07, 0x00, 0x00, 0x00, 0x00,
    0xC8, 0x00, 0xFF, 0x0F, 0xFE, 0x07, 0xE8, 0x04, 0x38, 0x06, 0x8E, 0x07, 0xE0, 0x04, 0x0E, 0x05,
    0x30, 0x0E, 0x60, 0x04, 0x00, 0x00, 0x00, 0x00, 0x10, 0x04, 0x2C, 0x04, 0xE7, 0x07, 0x74, 0x05,
    0x7C, 0x05, 0x6C, 0x01, 0xE3, 0x0F, 0xE6, 0x0F, 0x38, 0x02, 0x18, 0x02, 0x00, 0x00, 0x00, 0x00,
    0x80, 0x06, 0x60, 0x00, 0x1F, 0x0F, 0xB2, 0x0C, 0xE0, 0x09, 0x60, 0x0B, 0x1F, 0x0C, 0x38, 0x0E,
    0x60, 0x01, 0xC0, 0x06, 0x00, 0x00, 0x00, 0x00, 0x18, 0x03, 0xE6, 0x03, 0xF2, 0x03, 0x9C, 0x0B,
    0x10, 0x08, 0xF8, 0x05, 0x0E, 0x03, 0xFA, 0x03, 0x08, 0x06, 0xF9, 0x0D, 0x01, 0x00, 0x00, 0x00,
    0x20, 0x04, 0xE6, 0x03, 0x24, 0x06, 0x48, 0x06, 0x4E, 0x0E, 0xFE, 0x0D, 0xF8, 0x0C, 0xCE, 0x0D,
    0x4A, 0x0F, 0x68, 0x0C, 0x00, 0x04, 0x00, 0x00, 0x2C, 0x04, 0x26, 0x03, 0xA4, 0x01, 0xE4, 0x00,
    0xFF, 0x0F, 0xFE, 0x07, 0xE4, 0x00, 0x24, 0x01, 0x2C, 0x03, 0x36, 0x02, 0x00, 0x00, 0x00, 0x00,
    0x00, 0x04, 0xF6, 0x0F, 0x06, 0x02, 0x60, 0x01, 0x1C, 0x0E, 0x8E, 0x07, 0xE0, 0x04, 0x0E, 0x05,
    0x38, 0x0E, 0x70, 0x04, 0x20, 0x00, 0x00, 0x00, 0x10, 0x00, 0xF6, 0x07, 0x00, 0x02, 0xFA, 0x07,
    0xFA, 0x07, 0x0A, 0x00, 0xFE, 0x0F, 0xAE, 0x04, 0x2B, 0x0C, 0xFB, 0x07, 0x00, 0x00, 0x00, 0x00,
    0x48, 0x0C, 0xFF, 0x0F, 0x28, 0x08, 0xBC, 0x08, 0xFE, 0x00, 0xAA, 0x07, 0xFF, 0x06, 0xA2, 0x07,
    0xFE, 0x0D, 0x3E, 0x0C, 0x00, 0x00, 0x00, 0x00, 0xFC, 0x07, 0xFE, 0x05, 0xBF, 0x0D, 0xFC, 0x0F,
    0xFE, 0x08, 0xBA, 0x08, 0xFA, 0x07, 0xFF, 0x06, 0x88, 0x07, 0xFE, 0x0C, 0x00, 0x00, 0x00, 0x00,
    0x48, 0x04, 0xFF, 0x0F, 0xE8, 0x08, 0xBE, 0x07, 0xFF, 0x06, 0x9E, 0x0F, 0xBE, 0x04, 0xFE, 0x03,
    0xFB, 0x03, 0x38, 0x06, 0x08, 0x04, 0x00, 0x00, 0xFC, 0x01, 0xFC, 0x04, 0x7C, 0x02, 0xFC, 0x01,
    0xFF, 0x0F, 0xFC, 0x09, 0x38, 0x07, 0xFE, 0x03, 0xFB, 0x03, 0x18, 0x0E, 0x08, 0x00, 0x00, 0x00,
    0x00, 0x09, 0xC0, 0x05, 0x0F, 0x06, 0xAF, 0x03, 0xF8, 0x05, 0x10, 0x0C, 0x2F, 0x07, 0xF7, 0x03,
    0x40, 0x00, 0x82, 0x03, 0x02, 0x01, 0x00, 0x00, 0xFA, 0x0F, 0x7E, 0x05, 0x3E, 0x05, 0xFE, 0x07,
    0xFF, 0x07, 0x92, 0x01, 0x72, 0x00, 0xFE, 0x0F, 0xF3, 0x00, 0x99, 0x01, 0x00, 0x01, 0x00, 0x00,
    0x30, 0x00, 0xFC, 0x0F, 0x97, 0x00, 0x48, 0x00, 0xE6, 0x0F, 0x9B, 0x04, 0x8C, 0x04, 0x90, 0x04,
    0xE6, 0x0F, 0x64, 0x00, 0x00, 0x00, 0x00, 0x00, 0x10, 0x08, 0x1A, 0x05, 0xDA, 0x03, 0xFA, 0x07,
    0xFF, 0x0F, 0x5F, 0x07, 0xFA, 0x01, 0xBA, 0x02, 0x9E, 0x07, 0x12, 0x00, 0x10, 0x00, 0x00, 0x00,
    0x20, 0x04, 0xE6, 0x03, 0x04, 0x06, 0x7C, 0x05, 0xFC, 0x0D, 0xFE, 0x0E, 0xFF, 0x0F, 0x84, 0x0C,
    0x7C, 0x0D, 0x06, 0x0D, 0x00, 0x04, 0x00, 0x00, 0x82, 0x04, 0xBE, 0x04, 0xD6, 0x02, 0xDE, 0x01,
    0xFE, 0x0F, 0xF6, 0x0F, 0xDE, 0x03, 0xF6, 0x02, 0xBE, 0x06, 0x83, 0x04, 0x80, 0x04, 0x00, 0x00,
    0x30, 0x00, 0xFE, 0x0F, 0x03, 0x01, 0x3E, 0x05, 0xE6, 0x03, 0xBE, 0x03, 0xFE, 0x0F, 0xFE, 0x03,
    0x7E, 0x07, 0xBF, 0x05, 0x00, 0x04, 0x00, 0x00, 0x3C, 0x09, 0xBF, 0x0A, 0x7C, 0x0A, 0x26, 0x0B,
    0xBD, 0x0F, 0xE4, 0x0F, 0x3E, 0x0A, 0xAA, 0x0A, 0xEA, 0x0B, 0xFE, 0x0C, 0x00, 0x00, 0x00, 0x00,
    0x98, 0x07, 0xF6, 0x0F, 0xFC, 0x04, 0xFE, 0x03, 0xFE, 0x09, 0xFF, 0x04, 0x84, 0x07, 0xFE, 0x01,
    0x52, 0x04, 0xFE, 0x0F, 0x00, 0x00, 0x00, 0x00, 0xCC, 0x00, 0xF6, 0x0F, 0xFE, 0x0F, 0x0A, 0x00,
    0xE3, 0x0F, 0x73, 0x05, 0x72, 0x05, 0x42, 0x05, 0xEE, 0x0F, 0x0E, 0x00, 0x00, 0x00, 0x00, 0x00,
    0x10, 0x00, 0xF2, 0x07, 0x16, 0x0F, 0x80, 0x06, 0xFE, 0x01, 0x12, 0x00, 0x52, 0x00, 0xF2, 0x0F,
    0x93, 0x00, 0x9A, 0x01, 0x00, 0x00, 0x00, 0x00, 0x08, 0x04, 0xEA, 0x03, 0x2A, 0x07, 0x8A, 0x01,
    0xFF, 0x0F, 0xFE, 0x00, 0x8A, 0x03, 0x3E, 0x02, 0xFE, 0x0F, 0x0C, 0x00, 0x00, 0x00, 0x00, 0x00,
    0xFA, 0x0F, 0x3E, 0x05, 0x7E, 0x05, 0xFA, 0x0F, 0x68, 0x0B, 0xBC, 0x05, 0xFF, 0x07, 0x49, 0x03,
    0xD6, 0x05, 0xFC, 0x0C, 0x00, 0x04, 0x00, 0x00, 0x42, 0x03, 0xD2, 0x0D, 0xD2, 0x0F, 0xDF, 0x01,
    0x52, 0x07, 0xD2, 0x03, 0xDF, 0x0C, 0xD2, 0x0F, 0xDA, 0x01, 0x62, 0x03, 0x42, 0x02, 0x00, 0x00,
    0x0C, 0x09, 0x86, 0x09, 0xFF, 0x07, 0xDC, 0x03, 0xDA, 0x01, 0xDE, 0x00, 0xD3, 0x0F, 0xFE, 0x07,
    0x02, 0x01, 0x02, 0x01, 0x00, 0x01, 0x00, 0x00, 0x00, 0x0C, 0xE0, 0x0D, 0x3E, 0x0D, 0x2A, 0x05,
    0xFA, 0x07, 0xFA, 0x07, 0x2A, 0x05, 0x2E, 0x07, 0xEE, 0x07, 0x00, 0x0C, 0x00, 0x00, 0x00, 0x00,
    0xFE, 0x0F, 0x92, 0x01, 0xEE, 0x01, 0xF2, 0x00, 0xFC, 0x0F, 0xCF, 0x07, 0xDC, 0x00, 0xDC, 0x04,
    0xEC, 0x0F, 0xF6, 0x07, 0x00, 0x00, 0x00, 0x00, 0xFE, 0x0F, 0x3A, 0x01, 0xE6, 0x0D, 0x26, 0x06,
    0xEC, 0x07, 0x14, 0x04, 0xFE, 0x0F, 0xB7, 0x08, 0xF4, 0x0F, 0xF6, 0x0F, 0x00, 0x00, 0x00, 0x00,
    0xB8, 0x05, 0xF6, 0x07, 0xBA, 0x0A, 0x88, 0x0A, 0x1C, 0x09, 0xC2, 0x07, 0x7E, 0x06, 0x82, 0x07,
    0x9B, 0x04, 0x4E, 0x08, 0x00, 0x00, 0x00, 0x00, 0xFE, 0x0F, 0xFE, 0x07, 0xBE, 0x0D, 0xFE, 0x07,
    0xD6, 0x07, 0xD6, 0x07, 0xFE, 0x07, 0xFF, 0x0C, 0xFA, 0x0E, 0xFE, 0x0F, 0x12, 0x04, 0x00, 0x00,
    0xF2, 0x07, 0xFE, 0x07, 0xF2, 0x03, 0xE2, 0x03, 0x74, 0x01, 0x3C, 0x01, 0xE7, 0x0F, 0xF6, 0x07,
    0x1C, 0x01, 0xE6, 0x01, 0x00, 0x00, 0x00, 0x00, 0x00, 0x0A, 0x1E, 0x09, 0xC8, 0x08, 0xE8, 0x04,
    0xF8, 0x07, 0x4F, 0x02, 0x48, 0x03, 0xC8, 0x00, 0x6E, 0x00, 0x0E, 0x00, 0x00, 0x00, 0x00, 0x00,
    0xC2, 0x01, 0xFE, 0x0F, 0xFE, 0x0F, 0xCA, 0x04, 0xFE, 0x03, 0xFA, 0x0E, 0xFF, 0x0B, 0xFF, 0x0A,
    0xFA, 0x0E, 0xFE, 0x06, 0x02, 0x04, 0x00, 0x00, 0x22, 0x04, 0xE6, 0x03, 0xA0, 0x04, 0xA4, 0x06,
    0x57, 0x0D, 0xBE, 0x0E, 0xEC, 0x0F, 0xE7, 0x0F, 0xD4, 0x0C, 0x94, 0x0D, 0x00, 0x00, 0x00, 0x00,
    0xFE, 0x0F, 0xBA, 0x01, 0xE6, 0x04, 0xEC, 0x07, 0xE4, 0x06, 0x57, 0x05, 0xBE, 0x06, 0xE4, 0x0F,
    0xF7, 0x0C, 0x94, 0x0D, 0x00, 0x00, 0x00, 0x00, 0x10, 0x05, 0x7E, 0x06, 0x44, 0x03, 0x44, 0x04,
    0x5F, 0x0F, 0x5F, 0x07, 0x44, 0x01, 0x64, 0x03, 0x7E, 0x06, 0x90, 0x04, 0x00, 0x00, 0x00, 0x00,
    0xC2, 0x04, 0x62, 0x0C, 0xFA, 0x07, 0x26, 0x03, 0xC2, 0x01, 0x70, 0x04, 0x10, 0x0C, 0xFF, 0x07,
    0x30, 0x00, 0xE0, 0x01, 0x00, 0x01, 0x00, 0x00, 0xC8, 0x04, 0x48, 0x0C, 0xFF, 0x0F, 0x2C, 0x08,
    0xF8, 0x0B, 0xFE, 0x05, 0x2A, 0x07, 0xEA, 0x03, 0x2A, 0x06, 0xFE, 0x0F, 0x00, 0x08, 0x00, 0x00,
    0x4C, 0x09, 0x57, 0x05, 0x5F, 0x07, 0xFA, 0x03, 0x7A, 0x01, 0x56, 0x01, 0x53, 0x01, 0xFE, 0x01,
    0x42, 0x00, 0x62, 0x00, 0x00, 0x00, 0x00, 0x00, 0x4A, 0x04, 0x4A, 0x02, 0xFA, 0x03, 0xDF, 0x0F,
    0xDE, 0x04, 0xDE, 0x05, 0xDF, 0x02, 0xFA, 0x07, 0x4A, 0x05, 0x6A, 0x0C, 0x02, 0x00, 0x00, 0x00,
    0x68, 0x00, 0xFF, 0x0F, 0x38, 0x00, 0x68, 0x0B, 0xEC, 0x09, 0xFE, 0x04, 0x4B, 0x07, 0xDC, 0x07,
    0xF4, 0x04, 0x6C, 0x0C, 0x00, 0x00, 0x00, 0x00, 0xFE, 0x03, 0x84, 0x00, 0xFC, 0x0B, 0x48, 0x0B,
    0xFC, 0x09, 0xFE, 0x04, 0x4B, 0x07, 0xDA, 0x07, 0xFC, 0x04, 0x6C, 0x0C, 0x00, 0x04, 0x00, 0x00,
    0xDC, 0x06, 0xF7, 0x02, 0xDC, 0x02, 0xEC, 0x02, 0xFE, 0x0F, 0xCA, 0x0F, 0xC3, 0x07, 0x72, 0x05,
    0x4A, 0x05, 0xEE, 0x0F, 0x00, 0x00, 0x00, 0x00, 0x24, 0x06, 0xFC, 0x03, 0x24, 0x03, 0x22, 0x09,
    0xF2, 0x0D, 0xFE, 0x07, 0xFE, 0x03, 0xFF, 0x02, 0x1C, 0x06, 0xFA, 0x05, 0x00, 0x0C, 0x00, 0x00,
    0x38, 0x04, 0x0A, 0x05, 0xE8, 0x03, 0xF8, 0x03, 0xDF, 0x0F, 0x6F, 0x07, 0xE8, 0x01, 0xAA, 0x03,
    0x0A, 0x05, 0x18, 0x00, 0x00, 0x00, 0x00, 0x00, 0x5C, 0x00, 0xF7, 0x0F, 0x55, 0x06, 0x56, 0x0A,
    0x52, 0x09, 0xFE, 0x07, 0xD8, 0x07, 0xFF, 0x03, 0x1C, 0x06, 0xFA, 0x0D, 0x00, 0x00, 0x00, 0x00,
    0x00, 0x07, 0xFE, 0x01, 0x42, 0x08, 0xFA, 0x04, 0x12, 0x06, 0xFE, 0x03, 0x3E, 0x00, 0x32, 0x00,
    0xF2, 0x0F, 0x12, 0x00, 0x10, 0x00, 0x00, 0x00, 0x10, 0x03, 0xFF, 0x01, 0x98, 0x01, 0xF8, 0x02,
    0xBE, 0x07, 0xFE, 0x0F, 0xF4, 0x07, 0xF4, 0x02, 0xBE, 0x0D, 0xFE, 0x0F, 0x00, 0x00, 0x00, 0x00,
    0x30, 0x00, 0xFC, 0x0F, 0x27, 0x00, 0xF8, 0x03, 0xFC, 0x0F, 0x10, 0x0C, 0xFF, 0x0F, 0x88, 0x0C,
    0xF8, 0x0D, 0x78, 0x06, 0x00, 0x04, 0x00, 0x00, 0x1C, 0x00, 0x04, 0x00, 0xF4, 0x07, 0x94, 0x0C,
    0x87, 0x08, 0x46, 0x08, 0x64, 0x08, 0x64, 0x0C, 0x0C, 0x0E, 0x04, 0x04, 0x00, 0x00, 0x00, 0x00,
    0xC8, 0x01, 0xFF, 0x07, 0xEA, 0x03, 0x78, 0x04, 0xFC, 0x07, 0xFC, 0x0F, 0xFE, 0x0F, 0xFE, 0x09,
    0xF8, 0x0D, 0xF8, 0x0F, 0x00, 0x04, 0x00, 0x00, 0x10, 0x02, 0xFF, 0x03, 0x10, 0x01, 0x54, 0x00,
    0x66, 0x0F, 0x7F, 0x05, 0x5C, 0x05, 0x7F, 0x05, 0xE6, 0x0F, 0x66, 0x00, 0x40, 0x00, 0x00, 0x00,
    0xDE, 0x04, 0xFE, 0x0F, 0x67, 0x02, 0xF4, 0x01, 0xFF, 0x0F, 0x7E, 0x09, 0xFC, 0x05, 0xF7, 0x07,
    0xFE, 0x03, 0xFE, 0x07, 0x00, 0x04, 0x00, 0x00, 0xC8, 0x0C, 0xFF, 0x0F, 0x3C, 0x04, 0x2C, 0x04,
    0xEE, 0x03, 0x08, 0x06, 0x88, 0x05, 0x7F, 0x0C, 0x88, 0x0C, 0x88, 0x0F, 0x00, 0x00, 0x00, 0x00,
    0xFE, 0x07, 0xDE, 0x07, 0xF2, 0x03, 0x5F, 0x03, 0x60, 0x02, 0xBF, 0x0D, 0xF4, 0x0F, 0x74, 0x03,
    0xBE, 0x0D, 0xFF, 0x0F, 0x00, 0x00, 0x00, 0x00, 0xFE, 0x07, 0xF2, 0x07, 0xFE, 0x03, 0x5E, 0x02,
    0xF4, 0x0F, 0x9C, 0x05, 0xE6, 0x05, 0xBF, 0x05, 0x9C, 0x05, 0xF6, 0x0F, 0x20, 0x00, 0x00, 0x00,
    0xFE, 0x07, 0xFE, 0x00, 0xD2, 0x0C, 0xFE, 0x0F, 0x30, 0x00, 0xF8, 0x0F, 0x16, 0x04, 0x13, 0x04,
    0xDC, 0x04, 0xF8, 0x0F, 0x30, 0x00, 0x00, 0x00, 0x44, 0x00, 0xE0, 0x07, 0xEE, 0x0F, 0xDF, 0x04,
    0xDC, 0x04, 0x88, 0x04, 0xBF, 0x04, 0xB6, 0x0F, 0xE0, 0x05, 0x42, 0x00, 0x00, 0x00, 0x00, 0x00,
    0xC8, 0x04, 0xFE, 0x0F, 0xFF, 0x07, 0x28, 0x00, 0xF8, 0x0F, 0xBC, 0x0F, 0x17, 0x04, 0x11, 0x04,
    0xDC, 0x0F, 0xD8, 0x07, 0x30, 0x00, 0x00, 0x00, 0x30, 0x00, 0xB0, 0x0F, 0xB8, 0x0F, 0x96, 0x04,
    0x93, 0x04, 0x91, 0x04, 0x94, 0x04, 0xDC, 0x0F, 0xD8, 0x07, 0x30, 0x00, 0x00, 0x00, 0x00, 0x00,
    0x24, 0x01, 0xAC, 0x04, 0xEC, 0x06, 0x3C, 0x0B, 0xEF, 0x0F, 0xEE, 0x07, 0xAC, 0x03, 0xEC, 0x06,
    0xAE, 0x04, 0xB0, 0x01, 0x00, 0x00, 0x00, 0x00, 0xFA, 0x0F, 0x7E, 0x05, 0x3E, 0x05, 0x7E, 0x05,
    0xFA, 0x07, 0x08, 0x02, 0xFF, 0x01, 0x3F, 0x02, 0xC8, 0x03, 0x08, 0x06, 0x08, 0x04, 0x00, 0x00,
    0x08, 0x04, 0x08, 0x06, 0x08, 0x03, 0xC8, 0x01, 0x7F, 0x01, 0x19, 0x06, 0xE8, 0x00, 0x88, 0x03,
    0x08, 0x06, 0x08, 0x06, 0x00, 0x04, 0x00, 0x00, 0x44, 0x06, 0x44, 0x03, 0xA4, 0x07, 0x1C, 0x0F,
    0xAF, 0x08, 0x64, 0x0B, 0x1C, 0x08, 0x24, 0x0E, 0x64, 0x01, 0x44, 0x07, 0x40, 0x00, 0x00, 0x00,
    0x18, 0x07, 0xF2, 0x0F, 0x36, 0x04, 0x08, 0x06, 0x88, 0x03, 0xFF, 0x03, 0x3F, 0x06, 0xC8, 0x01,
    0x08, 0x07, 0x08, 0x0C, 0x00, 0x04, 0x00, 0x00, 0x10, 0x03, 0xFF, 0x01, 0x18, 0x09, 0x18, 0x06,
    0xFE, 0x03, 0x62, 0x00, 0x3A, 0x04, 0x12, 0x0C, 0xFE, 0x0F, 0x62, 0x00, 0x20, 0x00, 0x00, 0x00,
    0xC8, 0x04, 0xFF, 0x0F, 0x28, 0x03, 0xF4, 0x00, 0xFC, 0x01, 0xBC, 0x09, 0xFF, 0x0F, 0xAA, 0x04,
    0xFE, 0x07, 0xA4, 0x04, 0x00, 0x04, 0x00, 0x00, 0x10, 0x08, 0x08, 0x08, 0xDC, 0x0F, 0x56, 0x04,
    0xDF, 0x03, 0xFB, 0x02, 0x76, 0x04, 0xFC, 0x07, 0x0C, 0x0C, 0x0C, 0x00, 0x08, 0x00, 0x00, 0x00,
    0x58, 0x04, 0xFE, 0x03, 0x3A, 0x02, 0xEA, 0x01, 0xFA, 0x03, 0x7B, 0x0E, 0xFE, 0x0F, 0xFE, 0x07,
    0xFA, 0x07, 0xFA, 0x05, 0x02, 0x04, 0x00, 0x00, 0x12, 0x07, 0xE6, 0x07, 0x1C, 0x03, 0xF4, 0x00,
    0xFC, 0x03, 0xFC, 0x0F, 0xFF, 0x0F, 0xA9, 0x04, 0xFE, 0x07, 0xA4, 0x04, 0xA4, 0x04, 0x00, 0x00,
    0x10, 0x06, 0xFF, 0x03, 0x10, 0x03, 0x30, 0x0D, 0x22, 0x0F, 0xE2, 0x05, 0xE2, 0x04, 0x22, 0x05,
    0x22, 0x0E, 0x30, 0x0C, 0x00, 0x00, 0x00, 0x00, 0x68, 0x00, 0xFF, 0x0F, 0x2C, 0x00, 0x6E, 0x08,
    0xFE, 0x07, 0xFE, 0x03, 0xEF, 0x03, 0xFE, 0x03, 0xFE, 0x07, 0x7E, 0x04, 0x02, 0x00, 0x00, 0x00,
    0xD8, 0x04, 0xFC, 0x0B, 0x7E, 0x08, 0x52, 0x05, 0x6A, 0x06, 0xFF, 0x03, 0xDE, 0x01, 0x3A, 0x07,
    0xEA, 0x04, 0x62, 0x0C, 0x00, 0x04, 0x00, 0x00, 0x98, 0x07, 0xF6, 0x07, 0x1E, 0x02, 0xBE, 0x02,
    0xE4, 0x03, 0xEE, 0x02, 0xE6, 0x0F, 0xEE, 0x02, 0xF4, 0x03, 0x1F, 0x03, 0x00, 0x02, 0x00, 0x00,
    0x10, 0x00, 0xF6, 0x07, 0x00, 0x03, 0x9E, 0x02, 0xF6, 0x03, 0x7E, 0x02, 0x76, 0x0F, 0x7E, 0x02,
    0xF6, 0x03, 0x3F, 0x03, 0x00, 0x02, 0x00, 0x00, 0x00, 0x00, 0xF6, 0x07, 0x04, 0x0A, 0x48, 0x09,
    0xAC, 0x05, 0x30, 0x03, 0xFF, 0x01, 0x94, 0x03, 0xF6, 0x06, 0x62, 0x0C, 0x00, 0x00, 0x00, 0x00,
    0x10, 0x06, 0xFF, 0x03, 0x10, 0x01, 0x10, 0x01, 0xFE, 0x03, 0x12, 0x01, 0x12, 0x01, 0x12, 0x01,
    0xFE, 0x01, 0x02, 0x04, 0x00, 0x04, 0x00, 0x00, 0xA4, 0x00, 0xFE, 0x07, 0x92, 0x0C, 0xD3, 0x0C,
    0xA8, 0x0D, 0x9C, 0x0E, 0xFF, 0x0D, 0x6C, 0x0D, 0x52, 0x0F, 0x12, 0x06, 0x00, 0x04, 0x00, 0x00,
    0x40, 0x00, 0xF7, 0x0F, 0xFE, 0x00, 0xBC, 0x01, 0xFE, 0x03, 0xFE, 0x03, 0x12, 0x00, 0x12, 0x00,
    0xFE, 0x01, 0xFE, 0x05, 0x00, 0x04, 0x00, 0x00, 0xF2, 0x07, 0xFE, 0x03, 0xF2, 0x07, 0x22, 0x0B,
    0xEE, 0x09, 0xF8, 0x05, 0xFF, 0x03, 0xEE, 0x01, 0x8E, 0x07, 0xDE, 0x0C, 0x00, 0x00, 0x00, 0x00,
    0xC8, 0x04, 0xFF, 0x0F, 0x28, 0x04, 0x6C, 0x06, 0x56, 0x03, 0xCE, 0x00, 0xF2, 0x0F, 0xC6, 0x00,
    0x5A, 0x03, 0x76, 0x06, 0x42, 0x00, 0x00, 0x00, 0xFE, 0x01, 0x82, 0x08, 0xFE, 0x04, 0xFE, 0x04,
    0x06, 0x02, 0x7A, 0x03, 0xC2, 0x01, 0x72, 0x03, 0x1E, 0x06, 0x02, 0x04, 0x00, 0x00, 0x00, 0x00,
    0x20, 0x02, 0x8E, 0x09, 0xFE, 0x09, 0xB8, 0x05, 0x0E, 0x03, 0xEF, 0x01, 0xA8, 0x01, 0x88, 0x03,
    0xCE, 0x04, 0x10, 0x0C, 0x00, 0x00, 0x00, 0x00, 0x18, 0x05, 0xD3, 0x0F, 0x32, 0x02, 0x0C, 0x05,
    0xB2, 0x05, 0x7A, 0x02, 0xAE, 0x05, 0xE6, 0x0C, 0x23, 0x0E, 0xF0, 0x07, 0x00, 0x00, 0x00, 0x00,
    0x10, 0x03, 0xFF, 0x09, 0x10, 0x05, 0xFE, 0x03, 0xFE, 0x0F, 0x68, 0x0F, 0xFF, 0x05, 0xEE, 0x05,
    0xFA, 0x0F, 0x32, 0x00, 0x00, 0x00, 0x00, 0x00, 0xC8, 0x0C, 0xFF, 0x0F, 0x28, 0x04, 0xEC, 0x03,
    0x7C, 0x0F, 0x6C, 0x0F, 0xFF, 0x05, 0x6C, 0x05, 0xFE, 0x0F, 0x3A, 0x01, 0x00, 0x00, 0x00, 0x00,
    0x38, 0x08, 0x08, 0x0A, 0xFE, 0x0A, 0xAC, 0x0A, 0x8F, 0x0F, 0x8E, 0x0F, 0xBC, 0x0A, 0xFE, 0x0A,
    0x1A, 0x0B, 0x08, 0x0C, 0x00, 0x00, 0x00, 0x00, 0x98, 0x04, 0x88, 0x04, 0xFE, 0x02, 0xD8, 0x01,
    0xDF, 0x0F, 0xDE, 0x07, 0xFC, 0x03, 0xFE, 0x02, 0x9A, 0x06, 0x8C, 0x04, 0x00, 0x00, 0x00, 0x00,
    0xFE, 0x07, 0xD2, 0x04, 0xFE, 0x0F, 0x3E, 0x05, 0xFE, 0x0A, 0xEC, 0x08, 0x8F, 0x0F, 0x2C, 0x08,
    0xFA, 0x09, 0x1A, 0x0D, 0x08, 0x00, 0x00, 0x00, 0x00, 0x06, 0xFE, 0x01, 0x64, 0x00, 0x6C, 0x0F,
    0x6C, 0x05, 0xFF, 0x05, 0x6C, 0x05, 0x6C, 0x05, 0xFE, 0x0F, 0x36, 0x00, 0x20, 0x00, 0x00, 0x00,
    0x9C, 0x01, 0xFF, 0x0F, 0xDC, 0x08, 0xB4, 0x07, 0xFE, 0x01, 0x6C, 0x0F, 0xFF, 0x01, 0xFE, 0x01,
    0xFC, 0x0F, 0x36, 0x00, 0x00, 0x00, 0x00, 0x00, 0x30, 0x00, 0xFE, 0x0F, 0x03, 0x00, 0xF0, 0x0F,
    0x1C, 0x00, 0xD0, 0x03, 0x5F, 0x00, 0xD8, 0x07, 0x1C, 0x0C, 0xF6, 0x0F, 0x00, 0x00, 0x00, 0x00,
    0xFC, 0x06, 0xBE, 0x03, 0xBF, 0x0D, 0xFC, 0x07, 0xF2, 0x0F, 0xDC, 0x03, 0xDE, 0x03, 0xDF, 0x03,
    0xDC, 0x0D, 0xF6, 0x0F, 0x10, 0x00, 0x00, 0x00, 0x18, 0x07, 0xF6, 0x0F, 0x38, 0x00, 0xF0, 0x0F,
    0x1C, 0x00, 0xD8, 0x03, 0x5F, 0x00, 0xD8, 0x07, 0x16, 0x0C, 0xF2, 0x0F, 0x00, 0x00, 0x00, 0x00,
    0xE4, 0x03, 0xFE, 0x03, 0xFF, 0x07, 0xB4, 0x04, 0xF2, 0x0F, 0xFC, 0x0D, 0xFF, 0x0D, 0xFE, 0x0D,
    0x36, 0x0E, 0xF2, 0x0F, 0x00, 0x04, 0x00, 0x00, 0x24, 0x08, 0xEE, 0x0A, 0x9A, 0x05, 0x64, 0x06,
    0xFA, 0x03, 0xFC, 0x01, 0x3E, 0x06, 0xDA, 0x05, 0xEB, 0x0D, 0x38, 0x0C, 0x00, 0x00, 0x00, 0x00,
    0xC8, 0x04, 0xFF, 0x0F, 0x2C, 0x00, 0x58, 0x00, 0xFE, 0x03, 0x5F, 0x02, 0xF4, 0x03, 0xD4, 0x07,
    0xE4, 0x0D, 0xFE, 0x07, 0x04, 0x00, 0x00, 0x00, 0x98, 0x07, 0xF6, 0x07, 0x3C, 0x02, 0xA4, 0x01,
    0xE4, 0x01, 0xBE, 0x06, 0xAF, 0x04, 0xE4, 0x0F, 0xEC, 0x07, 0xAE, 0x00, 0xA0, 0x00, 0x00, 0x00,
    0x98, 0x00, 0xD2, 0x07, 0x3E, 0x00, 0xE6, 0x0F, 0xEE, 0x07, 0xB2, 0x04, 0x8E, 0x04, 0xA2, 0x04,
    0xA9, 0x04, 0xE7, 0x0F, 0x00, 0x00, 0x00, 0x00, 0xD8, 0x06, 0xF6, 0x02, 0x9A, 0x02, 0xD8, 0x06,
    0xEC, 0x03, 0xAF, 0x08, 0xD8, 0x0F, 0xBC, 0x00, 0xE6, 0x02, 0xE0, 0x04, 0x00, 0x00, 0x00, 0x00,
    0xA2, 0x00, 0xDA, 0x03, 0xBE, 0x03, 0xBF, 0x02, 0xE2, 0x03, 0xAA, 0x04, 0xBF, 0x07, 0xC2, 0x0C,
    0xFA, 0x0F, 0xFA, 0x03, 0x00, 0x00, 0x00, 0x00, 0x68, 0x00, 0xFF, 0x0F, 0x68, 0x08, 0x88, 0x04,
    0xB0, 0x07, 0xFF, 0x01, 0x00, 0x00, 0xFF, 0x07, 0xD8, 0x0C, 0x88, 0x06, 0x00, 0x04, 0x00, 0x00,
    0x20, 0x0C, 0xE6, 0x07, 0xE4, 0x06, 0x58, 0x06, 0xF8, 0x0D, 0xFE, 0x0C, 0xFE, 0x0D, 0xFE, 0x0F,
    0x68, 0x0E, 0xCC, 0x0F, 0x00, 0x04, 0x00, 0x00, 0x30, 0x05, 0xE6, 0x0F, 0x3C, 0x00, 0xFC, 0x03,
    0x5F, 0x02, 0xFC, 0x03, 0x54, 0x02, 0xD4, 0x0F, 0x44, 0x0C, 0xFE, 0x07, 0x00, 0x00, 0x00, 0x00,
    0xFE, 0x0F, 0xFE, 0x07, 0xEE, 0x01, 0xDA, 0x00, 0xFE, 0x03, 0x5F, 0x02, 0xF4, 0x03, 0xD4, 0x07,
    0xE4, 0x0D, 0xFE, 0x07, 0x04, 0x00, 0x00, 0x00, 0x10, 0x00, 0xF6, 0x07, 0x16, 0x02, 0x08, 0x01,
    0x28, 0x00, 0xC8, 0x00, 0x08, 0x04, 0xFE, 0x0F, 0xFF, 0x07, 0x08, 0x00, 0x08, 0x00, 0x00, 0x00,
    0x20, 0x01, 0x30, 0x05, 0xF8, 0x0D, 0xFE, 0x07, 0x97, 0x05, 0x90, 0x05, 0xBC, 0x07, 0xF8, 0x05,
    0x12, 0x0D, 0x32, 0x01, 0x00, 0x00, 0x00, 0x00, 0x9E, 0x00, 0xFE, 0x0F, 0xFF, 0x0F, 0x38, 0x00,
    0x84, 0x01, 0x84, 0x03, 0x9F, 0x04, 0xE4, 0x0F, 0xE4, 0x00, 0xD4, 0x00, 0x00, 0x00, 0x00, 0x00,
    0xFA, 0x07, 0xFA, 0x01, 0xFA, 0x0F, 0x7F, 0x01, 0xDA, 0x07, 0x72, 0x0B, 0xFF, 0x0F, 0x5A, 0x03,
    0xDA, 0x07, 0xE2, 0x01, 0x00, 0x01, 0x00, 0x00, 0xFE, 0x07, 0x4A, 0x04, 0xFE, 0x0F, 0xD2, 0x02,
    0xFE, 0x03, 0xFC, 0x03, 0x1F, 0x03, 0xFC, 0x0B, 0x7A, 0x0F, 0x58, 0x03, 0x40, 0x00, 0x00, 0x00,
    0xD8, 0x04, 0xFE, 0x03, 0x7E, 0x01, 0xB0, 0x00, 0x9E, 0x04, 0xFF, 0x05, 0x6A, 0x0F, 0xF8, 0x0C,
    0x9A, 0x00, 0x82, 0x00, 0x80, 0x00, 0x00, 0x00, 0x4C, 0x00, 0x6C, 0x0F, 0xFE, 0x0F, 0xDC, 0x03,
    0xFF, 0x03, 0xEC, 0x03, 0xDE, 0x03, 0xFE, 0x0F, 0x2C, 0x00, 0x68, 0x00, 0x20, 0x00, 0x00, 0x00,
    0xC8, 0x00, 0xFF, 0x0F, 0xFF, 0x0F, 0x6C, 0x04, 0xF4, 0x02, 0xD6, 0x01, 0xFC, 0x0F, 0xFE, 0x0F,
    0x57, 0x02, 0xFC, 0x03, 0xC0, 0x00, 0x00, 0x00, 0xC0, 0x02, 0xFE, 0x05, 0xF6, 0x02, 0xD6, 0x05,
    0xDE, 0x0C, 0xDE, 0x07, 0x40, 0x00, 0xFE, 0x05, 0x00, 0x0C, 0xFF, 0x0F, 0x00, 0x00, 0x00, 0x00,
    0xFE, 0x07, 0x1A, 0x02, 0xFA, 0x03, 0x5E, 0x0A, 0xC0, 0x02, 0xFF, 0x05, 0xF4, 0x06, 0xD4, 0x07,
    0x5E, 0x0C, 0xDE, 0x07, 0x40, 0x00, 0x00, 0x00, 0x58, 0x00, 0xF7, 0x07, 0x55, 0x06, 0x56, 0x06,
    0x74, 0x02, 0x77, 0x03, 0xD6, 0x07, 0xFE, 0x0F, 0x57, 0x02, 0xDC, 0x03, 0xC0, 0x00, 0x00, 0x00,
    0xC8, 0x0C, 0xFF, 0x0F, 0x68, 0x0C, 0x6C, 0x06, 0xFE, 0x03, 0x5E, 0x06, 0xD6, 0x07, 0x56, 0x0D,
    0x5F, 0x0D, 0x60, 0x0D, 0x00, 0x00, 0x00, 0x00, 0xDE, 0x03, 0xDE, 0x02, 0xD4, 0x07, 0x5F, 0x05,
    0xE0, 0x0D, 0xFA, 0x0E, 0x8E, 0x0D, 0xFE, 0x0C, 0x08, 0x0D, 0xFD, 0x0F, 0x00, 0x04, 0x00, 0x00,
    0xDE, 0x07, 0xF2, 0x07, 0x5E, 0x02, 0x7E, 0x02, 0xF0, 0x07, 0x5C, 0x00, 0xFB, 0x0F, 0xFE, 0x02,
    0xD6, 0x07, 0xF2, 0x03, 0x10, 0x00, 0x00, 0x00, 0xFC, 0x01, 0x84, 0x00, 0xFC, 0x01, 0x32, 0x00,
    0xD4, 0x07, 0x5F, 0x00, 0xF3, 0x0F, 0x5C, 0x02, 0xD6, 0x07, 0xF2, 0x00, 0x10, 0x00, 0x00, 0x00,
    0x30, 0x00, 0xFE, 0x0F, 0x0B, 0x01, 0x88, 0x01, 0x68, 0x01, 0x38, 0x01, 0xFF, 0x0F, 0x78, 0x01,
    0xC8, 0x01, 0x8C, 0x01, 0x00, 0x01, 0x00, 0x00, 0xC0, 0x00, 0x74, 0x00, 0xBF, 0x0F, 0xAE, 0x06,
    0xEE, 0x06, 0xF4, 0x06, 0x9F, 0x06, 0xFE, 0x0F, 0x64, 0x00, 0x4E, 0x00, 0x40, 0x00, 0x00, 0x00,
    0xFC, 0x01, 0xC4, 0x00, 0xFC, 0x08, 0x9C, 0x0C, 0xFE, 0x07, 0xEE, 0x04, 0xFF, 0x07, 0xEE, 0x0A,
    0xFE, 0x0B, 0x8E, 0x09, 0x00, 0x00, 0x00, 0x00, 0x38, 0x00, 0xFF, 0x0F, 0x1C, 0x0F, 0x98, 0x0A,
    0xFE, 0x07, 0xF6, 0x05, 0x76, 0x03, 0xD6, 0x05, 0x5E, 0x0C, 0xC2, 0x07, 0x40, 0x00, 0x00, 0x00,
    0x18, 0x01, 0xF2, 0x0F, 0x3E, 0x08, 0xE4, 0x04, 0x75, 0x03, 0x96, 0x01, 0xFC, 0x0F, 0x16, 0x00,
    0x3F, 0x02, 0xDC, 0x03, 0x00, 0x00, 0x00, 0x00, 0x40, 0x04, 0xF4, 0x03, 0xD6, 0x01, 0xFC, 0x0F,
    0x17, 0x02, 0xFC, 0x03, 0x80, 0x00, 0xFC, 0x01, 0x00, 0x0C, 0xFF, 0x0F, 0x00, 0x00, 0x00, 0x00,
    0xE0, 0x07, 0xFE, 0x01, 0x6A, 0x04, 0xF2, 0x07, 0x42, 0x04, 0xFA, 0x07, 0x42, 0x05, 0xFA, 0x07,
    0x4E, 0x04, 0x6E, 0x04, 0x00, 0x00, 0x00, 0x00, 0x00, 0x00, 0x02, 0x04, 0x02, 0x02, 0x82, 0x03,
    0xFE, 0x00, 0xF2, 0x00, 0x82, 0x01, 0x02, 0x03, 0x13, 0x06, 0x10, 0x04, 0x00, 0x00, 0x00, 0x00,
    0x98, 0x07, 0xF6, 0x07, 0x9C, 0x02, 0x4A, 0x03, 0x3A, 0x04, 0xFE, 0x0F, 0xCA, 0x01, 0x3A, 0x03,
    0xEB, 0x01, 0x6E, 0x03, 0x40, 0x00, 0x00, 0x00, 0x10, 0x03, 0xFF, 0x01, 0x18, 0x09, 0x1A, 0x09,
    0xFA, 0x07, 0xDA, 0x07, 0xDF, 0x00, 0xDA, 0x02, 0xFE, 0x07, 0x02, 0x0D, 0x00, 0x00, 0x00, 0x00,
    0x00, 0x00, 0xFE, 0x07, 0x22, 0x02, 0x22, 0x02, 0xFE, 0x03, 0xFE, 0x03, 0x22, 0x02, 0x22, 0x02,
    0xFE, 0x07, 0x02, 0x00, 0x00, 0x00, 0x00, 0x00, 0xD2, 0x0F, 0x7E, 0x04, 0x7E, 0x04, 0xD2, 0x0F,
    0x08, 0x00, 0xFF, 0x0F, 0x48, 0x04, 0x48, 0x04, 0xFF, 0x0F, 0x08, 0x00, 0x08, 0x00, 0x00, 0x00,
    0x38, 0x00, 0xFF, 0x0F, 0x08, 0x00, 0x18, 0x00, 0x92, 0x0F, 0x92, 0x04, 0xFE, 0x04, 0x92, 0x04,
    0xD3, 0x0F, 0x90, 0x07, 0x10, 0x00, 0x00, 0x00, 0xC2, 0x07, 0x7E, 0x02, 0xFB, 0x07, 0xC9, 0x02,
    0x4A, 0x03, 0x3A, 0x04, 0xEE, 0x0F, 0x9A, 0x01, 0xEA, 0x01, 0x4B, 0x03, 0x40, 0x00, 0x00, 0x00,
    0xFE, 0x07, 0x5A, 0x04, 0xFE, 0x0F, 0x80, 0x0D, 0xFC, 0x05, 0xFF, 0x03, 0x24, 0x01, 0xFF, 0x03,
    0x24, 0x07, 0xFC, 0x0D, 0x80, 0x00, 0x00, 0x00, 0x48, 0x04, 0xFF, 0x0F, 0xE8, 0x08, 0xBC, 0x05,
    0xF0, 0x07, 0xFE, 0x01, 0x02, 0x00, 0xFF, 0x0F, 0x50, 0x08, 0xC8, 0x0C, 0x00, 0x04, 0x00, 0x00,
    0xC0, 0x04, 0xE8, 0x02, 0xA6, 0x03, 0xB7, 0x04, 0xFA, 0x0F, 0xDA, 0x07, 0xBE, 0x01, 0xA6, 0x02,
    0xE0, 0x06, 0x60, 0x00, 0x00, 0x00, 0x00, 0x00, 0x20, 0x04, 0xE6, 0x07, 0x64, 0x06, 0x22, 0x04,
    0xFA, 0x0F, 0x2E, 0x0D, 0x22, 0x0D, 0x32, 0x0D, 0xFE, 0x0F, 0x66, 0x0C, 0x00, 0x00, 0x00, 0x00,
    0xFE, 0x0F, 0x52, 0x02, 0xFE, 0x0B, 0x8E, 0x09, 0x98, 0x06, 0xFE, 0x03, 0x02, 0x00, 0xFF, 0x0F,
    0x58, 0x08, 0x8C, 0x0C, 0x00, 0x04, 0x00, 0x00, 0xFE, 0x07, 0xFA, 0x03, 0xF2, 0x03, 0xFE, 0x06,
    0x5C, 0x06, 0xFE, 0x03, 0x3E, 0x00, 0xFF, 0x07, 0x78, 0x04, 0xCC, 0x04, 0x00, 0x06, 0x00, 0x00,
    0xFE, 0x04, 0xFA, 0x03, 0xFE, 0x03, 0xFE, 0x06, 0x42, 0x04, 0xC0, 0x0F, 0x7E, 0x00, 0x7F, 0x00,
    0xC8, 0x07, 0xCC, 0x07, 0x08, 0x00, 0x00, 0x00, 0x1C, 0x00, 0xF7, 0x0F, 0xD4, 0x0E, 0x54, 0x0E,
    0x7C, 0x04, 0x4E, 0x03, 0xFE, 0x01, 0xDF, 0x01, 0x48, 0x07, 0x6C, 0x0C, 0x00, 0x04, 0x00, 0x00,
    0xFC, 0x01, 0xFF, 0x0F, 0xFE, 0x0F, 0xFC, 0x01, 0xC0, 0x0F, 0xC0, 0x0F, 0x7F, 0x04, 0x7E, 0x04,
    0xC8, 0x0F, 0xCC, 0x07, 0x08, 0x00, 0x00, 0x00, 0x00, 0x03, 0xFE, 0x01, 0x12, 0x00, 0x12, 0x00,
    0x12, 0x04, 0x12, 0x0C, 0xF2, 0x07, 0x12, 0x00, 0x12, 0x00, 0x1B, 0x00, 0x10, 0x00, 0x00, 0x00,
    0xFE, 0x03, 0x84, 0x00, 0xFE, 0x05, 0xFC, 0x06, 0xFE, 0x03, 0x7E, 0x00, 0x12, 0x00, 0xF2, 0x0F,
    0xF3, 0x07, 0x12, 0x00, 0x00, 0x00, 0x00, 0x00, 0x30, 0x04, 0xFF, 0x03, 0xFE, 0x01, 0x4C, 0x07,
    0xA2, 0x00, 0x92, 0x00, 0x9A, 0x07, 0x9E, 0x04, 0xD2, 0x00, 0xF0, 0x04, 0x00, 0x04, 0x00, 0x00,
    0x98, 0x07, 0xF3, 0x07, 0x1E, 0x00, 0x02, 0x00, 0x02, 0x00, 0x02, 0x04, 0xFE, 0x0F, 0xFE, 0x07,
    0x02, 0x00, 0x02, 0x00, 0x00, 0x00, 0x00, 0x00, 0x02, 0x04, 0xBA, 0x07, 0xEE, 0x03, 0x72, 0x06,
    0x12, 0x05, 0x12, 0x05, 0xFE, 0x05, 0x12, 0x05, 0x13, 0x0D, 0x90, 0x0D, 0x00, 0x04, 0x00, 0x00,
    0x38, 0x00, 0xFF, 0x0F, 0xC3, 0x00, 0xC2, 0x00, 0x7E, 0x00, 0x5B, 0x0C, 0x5B, 0x0F, 0x5A, 0x00,
    0xFE, 0x00, 0xE2, 0x00, 0x00, 0x00, 0x00, 0x00, 0xC2, 0x00, 0x42, 0x01, 0x7E, 0x01, 0x4A, 0x00,
    0x4B, 0x0F, 0x4A, 0x07, 0x5A, 0x00, 0xFE, 0x00, 0xC2, 0x00, 0x42, 0x00, 0x00, 0x00, 0x00, 0x00,
    0x00, 0x0E, 0xFE, 0x09, 0xC8, 0x04, 0x78, 0x03, 0xD8, 0x07, 0x53, 0x06, 0x5A, 0x06, 0xF8, 0x0F,
    0x4E, 0x0E, 0x6A, 0x0F, 0x00, 0x04, 0x00, 0x00, 0xC8, 0x0C, 0xFF, 0x0F, 0x28, 0x08, 0xF2, 0x07,
    0xFE, 0x03, 0x64, 0x07, 0x24, 0x05, 0xFE, 0x05, 0x32, 0x0D, 0x12, 0x0D, 0x00, 0x01, 0x00, 0x00,
    0xFC, 0x07, 0xFE, 0x05, 0xB7, 0x05, 0xFE, 0x0F, 0xA0, 0x04, 0xBE, 0x07, 0xE6, 0x05, 0x32, 0x05,
    0xFE, 0x0D, 0x12, 0x0D, 0x00, 0x01, 0x00, 0x00, 0x20, 0x04, 0xE6, 0x03, 0x24, 0x06, 0xFA, 0x07,
    0xEA, 0x04, 0xAE, 0x0C, 0xFE, 0x0F, 0xAE, 0x0C, 0xFA, 0x0F, 0xFA, 0x05, 0x00, 0x04, 0x00, 0x00,
    0xE8, 0x00, 0xFF, 0x0F, 0x6A, 0x00, 0x48, 0x00, 0xFE, 0x0F, 0xEA, 0x03, 0x2A, 0x01, 0xEA, 0x01,
    0xEA, 0x0D, 0xFE, 0x0F, 0x02, 0x00, 0x00, 0x00, 0xFE, 0x0F, 0x7E, 0x04, 0x3E, 0x04, 0xFE, 0x07,
    0xFF, 0x07, 0xFE, 0x07, 0xE8, 0x01, 0xA8, 0x00, 0xEC, 0x05, 0xFF, 0x0F, 0x02, 0x00, 0x00, 0x00,
    0xFE, 0x0F, 0x90, 0x02, 0xFE, 0x07, 0x10, 0x08, 0xF2, 0x0B, 0x7E, 0x0B, 0xF3, 0x0F, 0x7E, 0x0B,
    0xFE, 0x0B, 0x3A, 0x0E, 0x00, 0x08, 0x00, 0x00, 0xFE, 0x0F, 0xFE, 0x0F, 0x0A, 0x00, 0xEA, 0x03,
    0x2A, 0x01, 0x2A, 0x01, 0xEA, 0x01, 0x0A, 0x04, 0xFE, 0x0F, 0xFE, 0x07, 0x00, 0x00, 0x00, 0x00,
    0x58, 0x00, 0xF7, 0x07, 0x54, 0x06, 0x54, 0x02, 0xFE, 0x0F, 0x0A, 0x00, 0xEA, 0x01, 0xEA, 0x01,
    0xEA, 0x0D, 0xFE, 0x0F, 0x02, 0x00, 0x00, 0x00, 0x60, 0x06, 0xFE, 0x01, 0x1C, 0x00, 0x18, 0x04,
    0xFF, 0x0F, 0x20, 0x0C, 0xE8, 0x04, 0x44, 0x06, 0x33, 0x03, 0x98, 0x01, 0x80, 0x00, 0x00, 0x00,
    0x10, 0x08, 0x12, 0x0B, 0xF2, 0x0B, 0x7E, 0x0B, 0xF3, 0x0F, 0xF2, 0x0F, 0x7E, 0x0B, 0xF6, 0x0B,
    0x32, 0x0B, 0x1A, 0x0C, 0x00, 0x00, 0x00, 0x00, 0xC8, 0x00, 0xFF, 0x0F, 0xFF, 0x07, 0x4C, 0x00,
    0xFA, 0x0F, 0x02, 0x01, 0xFE, 0x0F, 0xFE, 0x07, 0x02, 0x0D, 0xFA, 0x0F, 0x00, 0x00, 0x00, 0x00,
    0xC8, 0x04, 0xFF, 0x0F, 0xFF, 0x07, 0x28, 0x00, 0xFA, 0x0F, 0x52, 0x01, 0xFE, 0x0F, 0xFE, 0x0F,
    0x56, 0x0D, 0xFA, 0x0F, 0x00, 0x00, 0x00, 0x00, 0x0C, 0x00, 0xF6, 0x0F, 0x37, 0x00, 0xFC, 0x03,
    0xB2, 0x02, 0xBE, 0x02, 0xF7, 0x03, 0x3C, 0x04, 0xF8, 0x0F, 0x12, 0x00, 0x00, 0x00, 0x00, 0x00,
    0x98, 0x06, 0xF6, 0x0A, 0xBA, 0x0A, 0x2C, 0x0C, 0x34, 0x06, 0xFC, 0x03, 0x6F, 0x00, 0xF4, 0x0F,
    0x34, 0x0C, 0x26, 0x0E, 0x00, 0x04, 0x00, 0x00, 0xD8, 0x04, 0xFE, 0x03, 0xFE, 0x00, 0xE2, 0x0F,
    0x6A, 0x01, 0x7B, 0x01, 0xFA, 0x0F, 0x2A, 0x05, 0xEE, 0x0D, 0xE2, 0x07, 0x00, 0x00, 0x00, 0x00,
    0x30, 0x00, 0xFE, 0x0F, 0x17, 0x00, 0xF8, 0x0F, 0x3C, 0x0D, 0xF3, 0x0F, 0x22, 0x00, 0xEC, 0x07,
    0xE8, 0x0F, 0xF8, 0x07, 0x00, 0x00, 0x00, 0x00, 0xC8, 0x04, 0xFF, 0x0F, 0xFF, 0x0F, 0x3C, 0x08,
    0x38, 0x04, 0xEE, 0x04, 0x22, 0x03, 0xEE, 0x07, 0x7E, 0x04, 0x18, 0x0C, 0x10, 0x00, 0x00, 0x00,
    0x00, 0x08, 0x10, 0x04, 0x72, 0x04, 0x2C, 0x02, 0x80, 0x03, 0xFE, 0x01, 0x0E, 0x01, 0x00, 0x02,
    0x40, 0x06, 0x40, 0x0C, 0x00, 0x00, 0x00, 0x00, 0x20, 0x0C, 0xE6, 0x07, 0x64, 0x04, 0x26, 0x06,
    0xFE, 0x09, 0xEE, 0x08, 0xFE, 0x0A, 0xEF, 0x0E, 0x95, 0x0F, 0xB4, 0x0C, 0x00, 0x04, 0x00, 0x00,
    0xE0, 0x0F, 0xE0, 0x07, 0x20, 0x04, 0x3E, 0x04, 0x02, 0x04, 0x02, 0x04, 0x3F, 0x04, 0x20, 0x04,
    0xE0, 0x07, 0xE0, 0x07, 0x00, 0x00, 0x00, 0x00, 0x48, 0x08, 0x4A, 0x04, 0x2A, 0x06, 0xDA, 0x03,
    0xFE, 0x00, 0xBE, 0x00, 0xDB, 0x07, 0x3B, 0x04, 0x68, 0x04, 0x6C, 0x06, 0x00, 0x00, 0x00, 0x00,
    0x0C, 0x08, 0x26, 0x04, 0x1C, 0x04, 0x8C, 0x03, 0xF7, 0x01, 0x97, 0x00, 0xAC, 0x03, 0x7C, 0x06,
    0x3C, 0x04, 0x46, 0x04, 0x04, 0x00, 0x00, 0x00, 0xFE, 0x0F, 0xFE, 0x07, 0x50, 0x04, 0x4E, 0x05,
    0x7E, 0x07, 0xBC, 0x07, 0x6C, 0x06, 0x40, 0x04, 0xFE, 0x07, 0xFE, 0x07, 0x00, 0x00, 0x00, 0x00,
    0x4C, 0x00, 0xF6, 0x0F, 0x3B, 0x0C, 0x20, 0x07, 0xE4, 0x03, 0x24, 0x06, 0xFF, 0x07, 0xA4, 0x04,
    0xA4, 0x0C, 0xB4, 0x0C, 0x00, 0x00, 0x00, 0x00, 0x20, 0x0C, 0xE6, 0x07, 0xE4, 0x07, 0x50, 0x05,
    0xDC, 0x08, 0x56, 0x0E, 0xF3, 0x0F, 0x5E, 0x08, 0xCC, 0x09, 0x68, 0x0F, 0x08, 0x04, 0x00, 0x00,
    0x18, 0x07, 0xF6, 0x0F, 0x78, 0x04, 0x54, 0x07, 0xDC, 0x05, 0x56, 0x0C, 0xF3, 0x0F, 0x54, 0x00,
    0x58, 0x03, 0x58, 0x06, 0x10, 0x00, 0x00, 0x00, 0x00, 0x07, 0xFF, 0x03, 0x44, 0x01, 0xD4, 0x07,
    0xD4, 0x07, 0xFC, 0x06, 0xF4, 0x06, 0xF4, 0x06, 0xD7, 0x0F, 0x66, 0x00, 0x00, 0x00, 0x00, 0x00,
    0x00, 0x00, 0x20, 0x00, 0x20, 0x00, 0x20, 0x00, 0xFE, 0x07, 0xFE, 0x07, 0x20, 0x00, 0x20, 0x00,
    0x30, 0x00, 0x20, 0x04, 0x00, 0x00, 0x00, 0x00, 0xFC, 0x03, 0x04, 0x01, 0xFC, 0x01, 0xFC, 0x01,
    0x20, 0x00, 0x20, 0x00, 0xFF, 0x07, 0x20, 0x04, 0x30, 0x00, 0x30, 0x04, 0x00, 0x04, 0x00, 0x00,
    0x10, 0x08, 0xF8, 0x0C, 0x7C, 0x04, 0x57, 0x03, 0xF3, 0x01, 0xFA, 0x07, 0x56, 0x0C, 0x56, 0x0D,
    0xF8, 0x0F, 0x00, 0x0E, 0x00, 0x04, 0x00, 0x00, 0x18, 0x0F, 0xF2, 0x07, 0x3E, 0x00, 0xEE, 0x0F,
    0x4E, 0x00, 0xE8, 0x0F, 0x6F, 0x00, 0xC8, 0x07, 0x48, 0x08, 0xDE, 0x0F, 0x10, 0x00, 0x00, 0x00,
    0xFE, 0x0F, 0x1A, 0x05, 0x92, 0x04, 0xC2, 0x04, 0x32, 0x06, 0xFE, 0x07, 0x12, 0x04, 0x0A, 0x04,
    0xFE, 0x0F, 0x02, 0x07, 0x00, 0x00, 0x00, 0x00, 0xC8, 0x04, 0xFF, 0x0F, 0x78, 0x00, 0x38, 0x00,
    0xFE, 0x0F, 0xA7, 0x04, 0xFA, 0x07, 0xFE, 0x07, 0xA0, 0x04, 0xA4, 0x06, 0x00, 0x04, 0x00, 0x00,
    0x6A, 0x04, 0xDA, 0x03, 0xFE, 0x00, 0xDA, 0x07, 0x3E, 0x0A, 0xFA, 0x0D, 0xFA, 0x07, 0xFE, 0x03,
    0x0A, 0x02, 0xFB, 0x07, 0x00, 0x00, 0x00, 0x00, 0xFE, 0x07, 0x5A, 0x04, 0xFF, 0x0F, 0x22, 0x04,
    0xEC, 0x07, 0x00, 0x06, 0xFE, 0x07, 0x4A, 0x05, 0xFE, 0x0D, 0x62, 0x0F, 0x00, 0x00, 0x00, 0x00,
    0xFC, 0x06, 0xFF, 0x03, 0xFF, 0x03, 0xFC, 0x0B, 0xF8, 0x06, 0xFE, 0x07, 0xCE, 0x01, 0xCC, 0x0F,
    0x7B, 0x0C, 0x78, 0x0C, 0x00, 0x06, 0x00, 0x00, 0x44, 0x00, 0xFF, 0x0F, 0xFE, 0x00, 0xA0, 0x04,
    0xF6, 0x03, 0x00, 0x06, 0xFE, 0x07, 0x6A, 0x0D, 0xFE, 0x0D, 0x7E, 0x0F, 0x00, 0x04, 0x00, 0x00,
    0x20, 0x04, 0xE6, 0x07, 0xE6, 0x07, 0x00, 0x04, 0xFE, 0x0F, 0x0A, 0x0F, 0x4A, 0x0D, 0xCA, 0x0C,
    0xFE, 0x0D, 0x20, 0x0F, 0x00, 0x04, 0x00, 0x00, 0x90, 0x00, 0xC2, 0x00, 0xE2, 0x0F, 0x7A, 0x04,
    0x5E, 0x04, 0x52, 0x04, 0xF2, 0x04, 0xE2, 0x0F, 0xCB, 0x00, 0xC8, 0x00, 0x00, 0x00, 0x00, 0x00,
    0x84, 0x00, 0xFC, 0x00, 0x84, 0x00, 0x84, 0x00, 0xFF, 0x07, 0x84, 0x0C, 0x84, 0x08, 0x94, 0x0C,
    0xF4, 0x0C, 0x04, 0x0E, 0x00, 0x04, 0x00, 0x00, 0x7E, 0x00, 0x6E, 0x00, 0xFC, 0x0F, 0xAC, 0x03,
    0xFF, 0x03, 0xD8, 0x03, 0xCF, 0x07, 0xF8, 0x0F, 0xFF, 0x00, 0x44, 0x00, 0x04, 0x00, 0x00, 0x00,
    0xC8, 0x04, 0xFF, 0x0F, 0x68, 0x00, 0x9C, 0x00, 0xFC, 0x07, 0x47, 0x0C, 0xFC, 0x0F, 0x24, 0x09,
    0xF4, 0x0D, 0x76, 0x0C, 0x04, 0x06, 0x00, 0x00, 0xC8, 0x04, 0xFF, 0x0F, 0xFF, 0x07, 0x6C, 0x00,
    0x44, 0x00, 0x66, 0x00, 0xFE, 0x0F, 0x22, 0x0C, 0x23, 0x0C, 0x20, 0x0E, 0x20, 0x04, 0x00, 0x00,
    0xFE, 0x07, 0xFE, 0x00, 0xD2, 0x0C, 0xFE, 0x0F, 0x78, 0x04, 0xCB, 0x07, 0xCE, 0x01, 0xCC, 0x0F,
    0x7F, 0x0C, 0x79, 0x0C, 0x00, 0x04, 0x00, 0x00, 0xFC, 0x02, 0x6E, 0x03, 0x7F, 0x05, 0xFC, 0x0F,
    0xDC, 0x03, 0xFC, 0x07, 0xF4, 0x0F, 0xC6, 0x08, 0x44, 0x08, 0x4C, 0x0E, 0x04, 0x04, 0x00, 0x00,
    0xFE, 0x0F, 0x12, 0x01, 0xEE, 0x01, 0xCA, 0x00, 0x0C, 0x00, 0xF4, 0x07, 0x87, 0x0C, 0x46, 0x0C,
    0x6C, 0x0C, 0x2C, 0x07, 0x04, 0x00, 0x00, 0x00, 0x7A, 0x01, 0x4E, 0x05, 0xE2, 0x0C, 0xFE, 0x0F,
    0xC8, 0x04, 0x08, 0x03, 0xFF, 0x01, 0x7F, 0x00, 0x88, 0x07, 0x08, 0x0E, 0x08, 0x0C, 0x00, 0x00,
    0x7A, 0x01, 0x7E, 0x05, 0x7A, 0x0C, 0xFE, 0x0F, 0xD8, 0x00, 0xFC, 0x07, 0xF5, 0x0F, 0x46, 0x0C,
    0x6C, 0x0C, 0x2C, 0x0E, 0x04, 0x04, 0x00, 0x00, 0xE8, 0x00, 0xFF, 0x0F, 0x68, 0x00, 0xFE, 0x0F,
    0xBA, 0x00, 0xE6, 0x00, 0xFC, 0x0F, 0x57, 0x05, 0x54, 0x09, 0xF4, 0x0F, 0x04, 0x00, 0x00, 0x00,
    0x40, 0x08, 0x4E, 0x08, 0x5A, 0x09, 0xC2, 0x07, 0x7E, 0x06, 0x5A, 0x06, 0xC2, 0x07, 0xDB, 0x04,
    0x4F, 0x0C, 0x40, 0x00, 0x40, 0x00, 0x00, 0x00, 0xC8, 0x08, 0xFE, 0x0F, 0xFE, 0x07, 0x28, 0x01,
    0xC0, 0x00, 0xFC, 0x0F, 0x4C, 0x04, 0x40, 0x04, 0xC0, 0x0F, 0xC2, 0x0F, 0x00, 0x00, 0x00, 0x00,
    0xFE, 0x01, 0x84, 0x00, 0xFE, 0x01, 0x48, 0x09, 0xFA, 0x09, 0x4A, 0x09, 0xFE, 0x0F, 0x4A, 0x09,
    0xFB, 0x09, 0x68, 0x0D, 0x00, 0x00, 0x00, 0x00, 0xC8, 0x04, 0xFF, 0x0F, 0x6C, 0x00, 0x68, 0x00,
    0x7C, 0x06, 0x5C, 0x0F, 0xC7, 0x09, 0xCE, 0x08, 0x7C, 0x08, 0x24, 0x0E, 0x04, 0x04, 0x00, 0x00,
    0xFC, 0x03, 0x04, 0x01, 0xFC, 0x03, 0x24, 0x08, 0x24, 0x09, 0x24, 0x09, 0xFF, 0x0F, 0x24, 0x09,
    0x24, 0x09, 0xA4, 0x0D, 0x20, 0x00, 0x00, 0x00, 0xF8, 0x04, 0xFE, 0x07, 0xFE, 0x07, 0xF8, 0x0F,
    0x28, 0x0E, 0x28, 0x09, 0xFE, 0x0F, 0xFE, 0x0F, 0x28, 0x09, 0xAC, 0x0D, 0x20, 0x00, 0x00, 0x00,
    0x30, 0x0F, 0xE6, 0x0F, 0x74, 0x08, 0x2C, 0x09, 0x28, 0x09, 0x28, 0x09, 0xFF, 0x0F, 0x28, 0x09,
    0x2C, 0x09, 0x2C, 0x0D, 0x00, 0x08, 0x00, 0x00, 0xE8, 0x04, 0x3F, 0x07, 0xCA, 0x03, 0x78, 0x0E,
    0x20, 0x09, 0x24, 0x09, 0xFF, 0x0F, 0xFF, 0x0F, 0x24, 0x09, 0xB4, 0x0D, 0x20, 0x00, 0x00, 0x00,
    0x02, 0x00, 0x02, 0x0F, 0xFE, 0x07, 0x3E, 0x02, 0xD2, 0x02, 0x92, 0x00, 0xFA, 0x07, 0x1A, 0x04,
    0x02, 0x0C, 0x02, 0x06, 0x00, 0x04, 0x00, 0x00, 0x48, 0x00, 0xFB, 0x0F, 0x7E, 0x00, 0xF4, 0x02,
    0xA4, 0x01, 0xE4, 0x00, 0xFF, 0x0F, 0xE4, 0x00, 0xA4, 0x03, 0x34, 0x02, 0x00, 0x00, 0x00, 0x00,
    0x22, 0x04, 0x52, 0x04, 0xDA, 0x07, 0x4E, 0x04, 0xEE, 0x07, 0xFE, 0x07, 0x42, 0x05, 0x4A, 0x05,
    0xEA, 0x05, 0x1B, 0x04, 0x00, 0x00, 0x00, 0x00, 0x60, 0x04, 0x38, 0x06, 0x6F, 0x03, 0xE9, 0x01,
    0x78, 0x00, 0x08, 0x00, 0xFF, 0x0F, 0xFF, 0x0F, 0x30, 0x00, 0xE0, 0x00, 0x00, 0x00, 0x00, 0x00,
    0xFA, 0x07, 0x4A, 0x02, 0xFA, 0x0B, 0x8E, 0x04, 0xFC, 0x07, 0xFC, 0x03, 0x77, 0x00, 0xF4, 0x0F,
    0x9C, 0x09, 0xF6, 0x0D, 0x00, 0x04, 0x00, 0x00, 0x12, 0x00, 0x3A, 0x01, 0xAE, 0x01, 0xBE, 0x01,
    0xBF, 0x01, 0xA3, 0x05, 0xBE, 0x09, 0xE6, 0x0D, 0xEA, 0x07, 0x1A, 0x00, 0x02, 0x00, 0x00, 0x00,
    0x18, 0x0F, 0xF6, 0x07, 0x38, 0x00, 0x3C, 0x01, 0xAC, 0x01, 0xBC, 0x01, 0xA7, 0x05, 0xBC, 0x09,
    0xEC, 0x0F, 0x3A, 0x03, 0x10, 0x00, 0x00, 0x00, 0x22, 0x02, 0xFE, 0x03, 0x32, 0x09, 0x12, 0x05,
    0x12, 0x03, 0xF2, 0x01, 0x12, 0x00, 0xF2, 0x07, 0x12, 0x04, 0x12, 0x06, 0x10, 0x04, 0x00, 0x00,
    0x12, 0x07, 0xF2, 0x01, 0xF2, 0x03, 0x12, 0x0B, 0x1A, 0x05, 0xFA, 0x05, 0x0A, 0x03, 0xFE, 0x01,
    0x0A, 0x02, 0xFB, 0x0D, 0x00, 0x00, 0x00, 0x00, 0x08, 0x00, 0x08, 0x04, 0x48, 0x03, 0xFF, 0x00,
    0x9F, 0x01, 0x08, 0x01, 0xF8, 0x07, 0x7C, 0x0C, 0x00, 0x0C, 0x00, 0x0E, 0x00, 0x04, 0x00, 0x00,
    0x30, 0x06, 0xFF, 0x03, 0x1C, 0x0B, 0x4C, 0x0E, 0x5C, 0x04, 0xD4, 0x03, 0x57, 0x00, 0xD6, 0x0F,
    0x54, 0x0C, 0x4C, 0x0E, 0x04, 0x04, 0x00, 0x00, 0x48, 0x08, 0x4E, 0x08, 0x54, 0x04, 0xD4, 0x03,
    0x55, 0x00, 0xD6, 0x07, 0xD4, 0x0F, 0x5C, 0x08, 0x4C, 0x0C, 0x46, 0x0E, 0x00, 0x00, 0x00, 0x00,
    0xE4, 0x07, 0xFC, 0x07, 0xE4, 0x0B, 0xE6, 0x04, 0xFC, 0x06, 0xFC, 0x01, 0x77, 0x00, 0xF4, 0x0F,
    0x1C, 0x09, 0xF4, 0x0D, 0x04, 0x04, 0x00, 0x00, 0xC8, 0x04, 0xFF, 0x0F, 0x2C, 0x08, 0x18, 0x04,
    0xFC, 0x06, 0xD7, 0x03, 0xF5, 0x01, 0x9C, 0x0F, 0xF6, 0x08, 0xF8, 0x0E, 0x00, 0x04, 0x00, 0x00,
    0xFE, 0x03, 0x20, 0x01, 0xFE, 0x0B, 0x18, 0x0C, 0xFC, 0x06, 0xD7, 0x03, 0xFB, 0x01, 0x9E, 0x0F,
    0xF6, 0x08, 0x78, 0x0C, 0x00, 0x06, 0x00, 0x00, 0xFC, 0x03, 0x0E, 0x02, 0xFE, 0x0B, 0x5C, 0x0D,
    0x5C, 0x06, 0xD4, 0x03, 0x57, 0x00, 0xD4, 0x0F, 0x5C, 0x0C, 0x46, 0x0E, 0x00, 0x04, 0x00, 0x00,
    0x30, 0x00, 0xFF, 0x0F, 0x18, 0x09, 0xCC, 0x04, 0xFC, 0x07, 0xFC, 0x01, 0x77, 0x00, 0xF4, 0x0F,
    0xFC, 0x09, 0xF6, 0x0D, 0x00, 0x04, 0x00, 0x00, 0x98, 0x09, 0xEE, 0x04, 0xBC, 0x07, 0xEC, 0x03,
    0x75, 0x00, 0xF7, 0x07, 0xF4, 0x0F, 0x14, 0x09, 0xFC, 0x09, 0x06, 0x0E, 0x00, 0x04, 0x00, 0x00,
    0xE8, 0x05, 0x3F, 0x03, 0xF8, 0x0B, 0x88, 0x04, 0xFC, 0x06, 0xFC, 0x01, 0x67, 0x00, 0xF4, 0x07,
    0x1C, 0x09, 0xF6, 0x0D, 0x04, 0x06, 0x00, 0x00, 0x02, 0x04, 0x02, 0x06, 0x02, 0x03, 0xFE, 0x01,
    0x1E, 0x00, 0x12, 0x02, 0x12, 0x06, 0xF2, 0x07, 0xF2, 0x01, 0x02, 0x00, 0x00, 0x00, 0x00, 0x00,
    0xFE, 0x07, 0x52, 0x04, 0xFE, 0x0F, 0xCC, 0x0C, 0xFC, 0x06, 0xFC, 0x03, 0x67, 0x00, 0xF4, 0x0F,
    0x9C, 0x09, 0xF6, 0x0D, 0x00, 0x04, 0x00, 0x00, 0x18, 0x05, 0xF6, 0x0F, 0x36, 0x04, 0x00, 0x04,
    0x02, 0x04, 0x42, 0x04, 0xFE, 0x07, 0x02, 0x04, 0x22, 0x04, 0x22, 0x04, 0x00, 0x04, 0x00, 0x00,
    0x00, 0x04, 0x42, 0x04, 0x40, 0x04, 0x40, 0x04, 0xFC, 0x07, 0xFC, 0x07, 0x40, 0x04, 0x40, 0x04,
    0x62, 0x04, 0x02, 0x04, 0x00, 0x04, 0x00, 0x00, 0x08, 0x00, 0x08, 0x06, 0xF8, 0x07, 0x08, 0x04,
    0x0B, 0x04, 0x0E, 0x04, 0x08, 0x04, 0x08, 0x04, 0x08, 0x04, 0x0C, 0x04, 0x08, 0x00, 0x00, 0x00,
    0xE8, 0x00, 0xFF, 0x0F, 0xFF, 0x07, 0x4C, 0x04, 0x44, 0x04, 0x40, 0x04, 0xFC, 0x07, 0xFC, 0x07,
    0x40, 0x04, 0x62, 0x04, 0x00, 0x04, 0x00, 0x00, 0xFE, 0x0F, 0xFE, 0x0F, 0x92, 0x01, 0x72, 0x00,
    0xDA, 0x03, 0x92, 0x01, 0xF2, 0x00, 0xDA, 0x05, 0xFE, 0x0F, 0xFE, 0x07, 0x00, 0x00, 0x00, 0x00,
    0x4C, 0x00, 0xF6, 0x0F, 0x3B, 0x04, 0x48, 0x04, 0x48, 0x04, 0x4B, 0x04, 0xFE, 0x07, 0x48, 0x04,
    0x48, 0x04, 0x4C, 0x04, 0x00, 0x04, 0x00, 0x00, 0xFE, 0x07, 0x22, 0x03, 0xFE, 0x03, 0xFE, 0x05,
    0x22, 0x04, 0x22, 0x04, 0xFE, 0x07, 0x22, 0x04, 0x22, 0x04, 0x22, 0x06, 0x00, 0x04, 0x00, 0x00,
    0x04, 0x08, 0xFC, 0x0A, 0xA7, 0x0A, 0xD4, 0x0A, 0xD4, 0x0F, 0xBE, 0x0F, 0x96, 0x0A, 0xB6, 0x0A,
    0xFE, 0x0B, 0x82, 0x0C, 0x00, 0x00, 0x00, 0x00, 0x04, 0x07, 0x24, 0x00, 0xBC, 0x07, 0xA4, 0x0F,
    0x25, 0x0C, 0xA6, 0x0D, 0x24, 0x0C, 0x24, 0x0E, 0xA4, 0x00, 0x06, 0x03, 0x00, 0x00, 0x00, 0x00,
    0x84, 0x08, 0x84, 0x08, 0xBC, 0x0B, 0xF4, 0x0F, 0xE5, 0x06, 0x86, 0x06, 0x84, 0x07, 0x94, 0x04,
    0x94, 0x0C, 0xC6, 0x00, 0x00, 0x00, 0x00, 0x00, 0x00, 0x07, 0xFC, 0x09, 0x50, 0x05, 0xF0, 0x07,
    0x50, 0x0B, 0xD8, 0x0E, 0x7F, 0x04, 0xC0, 0x03, 0xF6, 0x07, 0x14, 0x0C, 0x00, 0x0E, 0x00, 0x00,
    0x48, 0x09, 0xAE, 0x07, 0xFC, 0x06, 0xFC, 0x0F, 0xFF, 0x04, 0xFE, 0x06, 0xFC, 0x07, 0xBC, 0x0F,
    0xFE, 0x0B, 0x00, 0x0E, 0x00, 0x00, 0x00, 0x00, 0x64, 0x00, 0xFB, 0x0F, 0x28, 0x04, 0xBC, 0x03,
    0xBF, 0x08, 0xF0, 0x0F, 0x3E, 0x06, 0xFE, 0x03, 0xFB, 0x03, 0x38, 0x04, 0x08, 0x04, 0x00, 0x00,
    0x18, 0x04, 0xFC, 0x03, 0x0E, 0x00, 0xEB, 0x07, 0x2A, 0x0C, 0x2A, 0x0D, 0x2E, 0x0D, 0xEA, 0x0D,
    0x08, 0x0C, 0x08, 0x06, 0x00, 0x00, 0x00, 0x00, 0x44, 0x00, 0x54, 0x00, 0x54, 0x00, 0x54, 0x00,
    0xFF, 0x0F, 0xFF, 0x07, 0x54, 0x00, 0x54, 0x06, 0xD4, 0x07, 0xC6, 0x03, 0x00, 0x00, 0x00, 0x00,
    0x20, 0x0C, 0xE6, 0x07, 0x64, 0x06, 0x54, 0x04, 0x54, 0x08, 0xFE, 0x0F, 0xFE, 0x0F, 0x54, 0x09,
    0xDC, 0x0F, 0xC4, 0x0D, 0x00, 0x00, 0x00, 0x00, 0xE8, 0x00, 0xFF, 0x0F, 0xFE, 0x0F, 0x58, 0x04,
    0xFC, 0x03, 0x0F, 0x00, 0xEA, 0x0F, 0x2E, 0x09, 0xEE, 0x0D, 0x28, 0x0E, 0x08, 0x04, 0x00, 0x00,
    0xFE, 0x0F, 0xFE, 0x07, 0x54, 0x04, 0x50, 0x04, 0xFE, 0x07, 0x56, 0x04, 0x5C, 0x05, 0xD6, 0x05,
    0xFE, 0x0F, 0xFE, 0x07, 0x00, 0x00, 0x00, 0x00, 0xFE, 0x03, 0x82, 0x00, 0xFE, 0x01, 0x30, 0x00,
    0xFE, 0x0F, 0xA7, 0x04, 0xA5, 0x04, 0xFF, 0x07, 0xA4, 0x04, 0xB4, 0x06, 0x04, 0x00, 0x00, 0x00,
    0x38, 0x00, 0xFF, 0x0F, 0x4C, 0x00, 0x38, 0x00, 0xFE, 0x0F, 0xA7, 0x04, 0xA4, 0x04, 0xFE, 0x07,
    0xA4, 0x04, 0xB4, 0x04, 0x04, 0x04, 0x00, 0x00, 0x10, 0x08, 0x10, 0x04, 0x16, 0x02, 0x9C, 0x01,
    0xF8, 0x00, 0x5F, 0x00, 0xD0, 0x05, 0x10, 0x0C, 0x90, 0x07, 0xF8, 0x03, 0x00, 0x00, 0x00, 0x00,
    0x32, 0x0F, 0xF6, 0x07, 0xB8, 0x07, 0xFE, 0x02, 0xBE, 0x02, 0xB8, 0x0F, 0xFE, 0x0F, 0xAA, 0x04,
    0xFE, 0x07, 0xBC, 0x04, 0x00, 0x04, 0x00, 0x00, 0x98, 0x06, 0xF6, 0x02, 0x9B, 0x02, 0x3C, 0x02,
    0xFC, 0x0F, 0xFF, 0x07, 0xA0, 0x04, 0xFE, 0x07, 0xA4, 0x04, 0xB4, 0x04, 0x00, 0x04, 0x00, 0x00,
    0x92, 0x00, 0xD2, 0x00, 0xD7, 0x00, 0xD7, 0x00, 0xFE, 0x0F, 0xF2, 0x01, 0xD7, 0x00, 0xF2, 0x04,
    0x9A, 0x07, 0x82, 0x01, 0x02, 0x00, 0x00, 0x00, 0x82, 0x09, 0x4A, 0x09, 0x6A, 0x0B, 0xAF, 0x0F,
    0xFA, 0x07, 0x3A, 0x07, 0x2F, 0x07, 0x6E, 0x0D, 0xD2, 0x0D, 0xD2, 0x00, 0x02, 0x00, 0x00, 0x00,
    0xC8, 0x08, 0xA2, 0x08, 0xB2, 0x0B, 0xDA, 0x07, 0xFE, 0x06, 0xBF, 0x06, 0x99, 0x07, 0xB1, 0x04,
    0xA4, 0x0C, 0xE4, 0x00, 0x00, 0x00, 0x00, 0x00, 0x30, 0x00, 0xFC, 0x0F, 0x57, 0x00, 0x54, 0x00,
    0x54, 0x00, 0x54, 0x00, 0xFF, 0x0F, 0x54, 0x02, 0x54, 0x06, 0xD6, 0x03, 0x04, 0x00, 0x00, 0x00,
    0x30, 0x00, 0xFC, 0x0F, 0x17, 0x08, 0x12, 0x04, 0x1E, 0x03, 0xFC, 0x00, 0xFF, 0x04, 0x92, 0x0D,
    0x10, 0x0F, 0xF8, 0x03, 0x00, 0x00, 0x00, 0x00, 0x00, 0x06, 0xFF, 0x01, 0x28, 0x01, 0x48, 0x01,
    0x78, 0x01, 0xF8, 0x07, 0x58, 0x0D, 0xF8, 0x0C, 0xAF, 0x04, 0x82, 0x06, 0x00, 0x04, 0x00, 0x00,
    0x98, 0x06, 0xF6, 0x02, 0xBB, 0x02, 0x4C, 0x02, 0x54, 0x00, 0x54, 0x00, 0xFF, 0x0F, 0x54, 0x00,
    0x54, 0x06, 0xC4, 0x03, 0x00, 0x00, 0x00, 0x00, 0x20, 0x04, 0x24, 0x02, 0xA4, 0x01, 0xE4, 0x00,
    0xFF, 0x0F, 0xFF, 0x0F, 0xE4, 0x00, 0x24, 0x01, 0x24, 0x03, 0x24, 0x06, 0x20, 0x02, 0x00, 0x00,
    0x02, 0x07, 0xFA, 0x07, 0x6A, 0x07, 0x6F, 0x0F, 0xEA, 0x07, 0xFA, 0x06, 0xA7, 0x05, 0x22, 0x0D,
    0xFE, 0x0F, 0x22, 0x00, 0x22, 0x00, 0x00, 0x00, 0xFC, 0x03, 0x84, 0x04, 0xFE, 0x03, 0x24, 0x03,
    0xE4, 0x00, 0xFE, 0x0F, 0xFF, 0x0F, 0xE4, 0x00, 0x24, 0x03, 0x34, 0x06, 0x20, 0x02, 0x00, 0x00,
    0x40, 0x00, 0x7E, 0x0C, 0xFE, 0x0F, 0x60, 0x04, 0x7E, 0x04, 0xFE, 0x03, 0x60, 0x03, 0xFF, 0x07,
    0xFE, 0x04, 0x40, 0x04, 0x40, 0x00, 0x00, 0x00, 0x00, 0x00, 0x3F, 0x00, 0xF4, 0x0F, 0xD4, 0x02,
    0xDE, 0x02, 0xDE, 0x02, 0xD4, 0x06, 0xF4, 0x0F, 0xFF, 0x07, 0x00, 0x00, 0x00, 0x00, 0x00, 0x00,
    0xFE, 0x01, 0x82, 0x00, 0xFE, 0x01, 0x60, 0x08, 0xFE, 0x0F, 0x4A, 0x04, 0xDE, 0x01, 0x4A, 0x03,
    0xFE, 0x07, 0xFE, 0x04, 0x40, 0x04, 0x00, 0x00, 0xBA, 0x05, 0xDA, 0x07, 0xFE, 0x03, 0xF7, 0x0F,
    0x7E, 0x04, 0x7E, 0x03, 0xFF, 0x01, 0xDE, 0x0F, 0xFE, 0x0F, 0x7E, 0x0F, 0x00, 0x04, 0x00, 0x00,
    0x30, 0x00, 0xFC, 0x0F, 0x17, 0x04, 0x08, 0x04, 0xF8, 0x04, 0xC9, 0x07, 0x0E, 0x04, 0xE8, 0x07,
    0x78, 0x04, 0x0C, 0x04, 0x00, 0x04, 0x00, 0x00, 0x18, 0x05, 0xF6, 0x0F, 0x3C, 0x00, 0x3E, 0x00,
    0xFE, 0x0F, 0xD6, 0x02, 0xDE, 0x02, 0xD6, 0x06, 0xF6, 0x0F, 0xFE, 0x07, 0x00, 0x00, 0x00, 0x00,
    0x10, 0x00, 0xF6, 0x07, 0x30, 0x07, 0x10, 0x01, 0xFE, 0x0F, 0xD6, 0x03, 0x9E, 0x00, 0x9E, 0x04,
    0xF6, 0x0F, 0xFE, 0x07, 0x00, 0x00, 0x00, 0x00, 0xFE, 0x07, 0xFE, 0x07, 0x6A, 0x05, 0xCA, 0x0F,
    0xDE, 0x01, 0x5E, 0x03, 0xE8, 0x00, 0xC8, 0x0C, 0xFF, 0x0F, 0x08, 0x00, 0x08, 0x00, 0x00, 0x00,
    0xF0, 0x0C, 0xFE, 0x06, 0xFE, 0x06, 0xFE, 0x0F, 0x7E, 0x09, 0xD6, 0x0F, 0x18, 0x0C, 0xA0, 0x0E,
    0xFF, 0x01, 0x0C, 0x06, 0x04, 0x04, 0x00, 0x00, 0x00, 0x04, 0x02, 0x04, 0x02, 0x04, 0x02, 0x04,
    0xFE, 0x07, 0x02, 0x04, 0x82, 0x04, 0x82, 0x05, 0xFE, 0x04, 0x00, 0x06, 0x00, 0x00, 0x00, 0x00,
    0xD8, 0x04, 0xFE, 0x03, 0x04, 0x08, 0xFC, 0x0F, 0xF8, 0x0C, 0xDB, 0x0F, 0xD8, 0x0F, 0xFC, 0x0C,
    0xBE, 0x0F, 0x02, 0x0C, 0x00, 0x00, 0x00, 0x00, 0x98, 0x07, 0xF6, 0x07, 0x1C, 0x04, 0xFE, 0x07,
    0xFE, 0x04, 0xCA, 0x07, 0xCA, 0x07, 0xFA, 0x07, 0xFE, 0x07, 0xC0, 0x06, 0x00, 0x04, 0x00, 0x00,
    0xFC, 0x06, 0x4C, 0x02, 0xFF, 0x03, 0xFC, 0x0B, 0x04, 0x07, 0x3C, 0x06, 0xC7, 0x03, 0xE6, 0x03,
    0x7C, 0x06, 0x04, 0x04, 0x04, 0x04, 0x00, 0x00, 0x04, 0x08, 0x04, 0x00, 0x0C, 0x04, 0x74, 0x06,
    0x87, 0x03, 0x86, 0x03, 0x7C, 0x06, 0x1C, 0x06, 0x04, 0x0C, 0x04, 0x0C, 0x00, 0x00, 0x00, 0x00,
    0xFC, 0x0F, 0xFC, 0x0F, 0x0B, 0x01, 0xFE, 0x01, 0x68, 0x01, 0x6A, 0x01, 0xFA, 0x07, 0x0A, 0x05,
    0x0A, 0x0D, 0xFE, 0x0F, 0x00, 0x00, 0x00, 0x00, 0xB8, 0x07, 0xF6, 0x0A, 0xBA, 0x0A, 0x88, 0x06,
    0x08, 0x04, 0xF8, 0x02, 0x8E, 0x03, 0xF8, 0x06, 0x18, 0x04, 0x0C, 0x0C, 0x00, 0x04, 0x00, 0x00,
    0xFE, 0x01, 0x84, 0x00, 0xFE, 0x08, 0xB4, 0x05, 0x9C, 0x04, 0x7F, 0x02, 0x9D, 0x05, 0xFC, 0x0C,
    0x0C, 0x0C, 0xFC, 0x07, 0x04, 0x00, 0x00, 0x00, 0xC2, 0x00, 0xFE, 0x0F, 0xFE, 0x07, 0xCB, 0x06,
    0x28, 0x02, 0x26, 0x0F, 0xA3, 0x0D, 0x2E, 0x0D, 0x76, 0x06, 0xF8, 0x06, 0x00, 0x06, 0x00, 0x00,
    0x22, 0x04, 0x22, 0x07, 0xD6, 0x07, 0xFE, 0x07, 0xFB, 0x0F, 0x5E, 0x07, 0xFE, 0x03, 0xB2, 0x03,
    0x12, 0x07, 0x12, 0x00, 0x00, 0x00, 0x00, 0x00, 0x00, 0x04, 0xFC, 0x0F, 0x06, 0x00, 0xF6, 0x01,
    0x12, 0x00, 0x12, 0x00, 0xF2, 0x01, 0x12, 0x04, 0x06, 0x0C, 0xFE, 0x07, 0x00, 0x00, 0x00, 0x00,
    0xFC, 0x01, 0x84, 0x00, 0xFC, 0x04, 0xC8, 0x03, 0x56, 0x0F, 0xDA, 0x0F, 0xD4, 0x02, 0xDB, 0x07,
    0xDC, 0x0F, 0xCC, 0x07, 0x00, 0x00, 0x00, 0x00, 0x08, 0x06, 0x48, 0x02, 0xD6, 0x07, 0x5B, 0x0D,
    0xFC, 0x07, 0x54, 0x02, 0xDB, 0x03, 0x36, 0x05, 0xEC, 0x0F, 0x0C, 0x00, 0x00, 0x00, 0x00, 0x00,
    0x08, 0x00, 0x0C, 0x0C, 0xF6, 0x0F, 0xFA, 0x05, 0x94, 0x07, 0x98, 0x06, 0xDB, 0x0F, 0xB4, 0x08,
    0x0C, 0x08, 0x28, 0x0C, 0x08, 0x00, 0x00, 0x00, 0xC8, 0x0C, 0xFF, 0x0F, 0x28, 0x04, 0x22, 0x04,
    0xEE, 0x07, 0x28, 0x04, 0x68, 0x0C, 0x08, 0x0E, 0xFF, 0x0F, 0x08, 0x0C, 0x00, 0x00, 0x00, 0x00,
    0xFC, 0x06, 0xFF, 0x03, 0xFE, 0x03, 0xFC, 0x07, 0xC0, 0x0F, 0x5E, 0x03, 0xD2, 0x01, 0xF2, 0x01,
    0x5E, 0x0B, 0xDE, 0x0F, 0x40, 0x00, 0x00, 0x00, 0x18, 0x05, 0xF6, 0x0F, 0x3A, 0x00, 0xE4, 0x0F,
    0x7E, 0x02, 0xDA, 0x01, 0xF2, 0x00, 0x82, 0x05, 0x1E, 0x0D, 0xE2, 0x0F, 0x00, 0x00, 0x00, 0x00,
    0x2C, 0x00, 0x96, 0x0F, 0xFA, 0x04, 0xDE, 0x02, 0xD3, 0x01, 0xD7, 0x01, 0xDE, 0x06, 0xFA, 0x04,
    0x9E, 0x0F, 0x16, 0x00, 0x00, 0x00, 0x00, 0x00, 0x94, 0x01, 0x94, 0x04, 0xFE, 0x0F, 0xFE, 0x07,
    0x52, 0x00, 0x7E, 0x02, 0xFF, 0x03, 0xD2, 0x03, 0x76, 0x04, 0x18, 0x0C, 0x00, 0x08, 0x00, 0x00,
    0xFC, 0x01, 0xBC, 0x01, 0xAF, 0x0F, 0xFC, 0x01, 0x36, 0x03, 0xD8, 0x02, 0xB6, 0x01, 0xF3, 0x0F,
    0x1C, 0x01, 0x98, 0x01, 0x10, 0x00, 0x00, 0x00, 0xFE, 0x07, 0x92, 0x04, 0x9E, 0x07, 0x9E, 0x07,
    0xF2, 0x04, 0xF2, 0x06, 0x00, 0x00, 0xFF, 0x0F, 0x30, 0x00, 0x60, 0x00, 0x40, 0x00, 0x00, 0x00,
    0xC8, 0x04, 0xFF, 0x0F, 0x28, 0x04, 0xFE, 0x07, 0xFE, 0x00, 0xDA, 0x02, 0xFA, 0x07, 0xDA, 0x07,
    0x7E, 0x02, 0xDE, 0x07, 0x00, 0x00, 0x00, 0x00, 0x98, 0x05, 0xF2, 0x07, 0x3A, 0x0C, 0x22, 0x04,
    0x02, 0x03, 0xFE, 0x01, 0x7E, 0x00, 0xE2, 0x01, 0x03, 0x07, 0x10, 0x06, 0x00, 0x04, 0x00, 0x00,
    0x02, 0x05, 0xE2, 0x04, 0x7E, 0x04, 0xCA, 0x04, 0xFE, 0x07, 0xFE, 0x07, 0xC2, 0x04, 0x7A, 0x04,
    0xCA, 0x04, 0x82, 0x04, 0x00, 0x04, 0x00, 0x00, 0xFC, 0x01, 0x84, 0x00, 0xFC, 0x01, 0xFC, 0x01,
    0xFE, 0x00, 0x46, 0x00, 0x57, 0x00, 0x74, 0x0D, 0x7E, 0x0F, 0xC0, 0x07, 0x00, 0x00, 0x00, 0x00,
    0x18, 0x00, 0xFF, 0x0F, 0xF6, 0x07, 0x54, 0x02, 0x54, 0x00, 0xFC, 0x00, 0x47, 0x00, 0x75, 0x05,
    0x7E, 0x0D, 0xC4, 0x0F, 0x40, 0x00, 0x00, 0x00, 0x00, 0x02, 0x00, 0x00, 0xFC, 0x00, 0x04, 0x00,
    0x07, 0x00, 0x24, 0x00, 0x74, 0x00, 0x3E, 0x0D, 0x00, 0x0E, 0xC0, 0x07, 0x00, 0x00, 0x00, 0x00,
    0x18, 0x07, 0xF2, 0x07, 0x3E, 0x00, 0x10, 0x00, 0x52, 0x00, 0x72, 0x04, 0x52, 0x0C, 0x52, 0x0C,
    0xD3, 0x07, 0x58, 0x00, 0x00, 0x00, 0x00, 0x00, 0x10, 0x00, 0xF6, 0x07, 0x04, 0x07, 0x82, 0x05,
    0x7A, 0x04, 0xC2, 0x04, 0xFE, 0x07, 0xC2, 0x05, 0x7A, 0x04, 0xC2, 0x04, 0x00, 0x04, 0x00, 0x00,
    0x00, 0x07, 0xFE, 0x01, 0x16, 0x00, 0xD6, 0x02, 0xF6, 0x00, 0xF6, 0x07, 0xF6, 0x03, 0x76, 0x00,
    0xDF, 0x01, 0x12, 0x04, 0x00, 0x00, 0x00, 0x00, 0x10, 0x04, 0x12, 0x04, 0x12, 0x03, 0xF2, 0x01,
    0x7E, 0x00, 0xF2, 0x07, 0x32, 0x04, 0x12, 0x04, 0x12, 0x04, 0x10, 0x07, 0x00, 0x04, 0x00, 0x00,
    0x42, 0x08, 0x52, 0x04, 0x56, 0x06, 0xDF, 0x03, 0xF2, 0x01, 0xD2, 0x07, 0x5F, 0x04, 0x5E, 0x04,
    0x5A, 0x04, 0x42, 0x06, 0x00, 0x04, 0x00, 0x00, 0xE8, 0x00, 0xFF, 0x0F, 0x68, 0x00, 0x4C, 0x00,
    0xCA, 0x0F, 0xBE, 0x07, 0x8E, 0x04, 0x8A, 0x04, 0xFA, 0x0F, 0xA3, 0x07, 0x00, 0x00, 0x00, 0x00,
    0x02, 0x00, 0x0A, 0x00, 0xAA, 0x0F, 0xBE, 0x04, 0x8E, 0x04, 0x8A, 0x04, 0xBA, 0x04, 0xBA, 0x0F,
    0x83, 0x00, 0x22, 0x00, 0x00, 0x00, 0x00, 0x00, 0xA0, 0x08, 0xA0, 0x04, 0xBE, 0x04, 0xA8, 0x03,
    0xE8, 0x01, 0xA8, 0x00, 0xA8, 0x03, 0xAF, 0x06, 0xB0, 0x04, 0xC0, 0x0C, 0x80, 0x00, 0x00, 0x00,
    0x20, 0x08, 0xFC, 0x05, 0x3E, 0x05, 0x02, 0x03, 0xFE, 0x01, 0x3E, 0x05, 0x02, 0x0D, 0xFE, 0x07,
    0x3E, 0x01, 0x10, 0x01, 0x00, 0x00, 0x00, 0x00, 0x10, 0x04, 0xD4, 0x07, 0x10, 0x04, 0xF0, 0x07,
    0x92, 0x02, 0x90, 0x02, 0xFF, 0x00, 0x90, 0x03, 0x16, 0x06, 0x18, 0x0E, 0x00, 0x00, 0x00, 0x00,
    0x02, 0x04, 0x22, 0x04, 0x22, 0x04, 0xFE, 0x07, 0x3E, 0x04, 0x22, 0x04, 0x22, 0x04, 0xF2, 0x07,
    0x02, 0x04, 0x02, 0x06, 0x00, 0x04, 0x00, 0x00, 0xC8, 0x04, 0xFF, 0x0F, 0x2C, 0x00, 0x6A, 0x00,
    0xEA, 0x0F, 0xFE, 0x04, 0xCA, 0x04, 0xEA, 0x04, 0xFA, 0x0F, 0x62, 0x00, 0x00, 0x00, 0x00, 0x00,
    0x70, 0x00, 0x4C, 0x00, 0x47, 0x00, 0x45, 0x00, 0x44, 0x00, 0xFC, 0x0F, 0x44, 0x00, 0x44, 0x00,
    0x46, 0x00, 0x60, 0x00, 0x40, 0x00, 0x00, 0x00, 0x28, 0x0B, 0xAE, 0x05, 0xFF, 0x07, 0xAA, 0x03,
    0xBE, 0x01, 0xBE, 0x03, 0xBE, 0x02, 0xFE, 0x0F, 0xAA, 0x02, 0xEA, 0x03, 0x20, 0x00, 0x00, 0x00,
    0x30, 0x00, 0xFE, 0x0F, 0x03, 0x04, 0x22, 0x04, 0xA2, 0x07, 0xFE, 0x07, 0x22, 0x04, 0x22, 0x04,
    0xE2, 0x07, 0x02, 0x04, 0x00, 0x04, 0x00, 0x00, 0x30, 0x00, 0xFE, 0x0F, 0x53, 0x00, 0xCC, 0x03,
    0xFE, 0x03, 0xCB, 0x02, 0xF8, 0x07, 0x48, 0x0E, 0xFE, 0x07, 0x42, 0x02, 0x40, 0x00, 0x00, 0x00,
    0x10, 0x02, 0xFE, 0x03, 0xFF, 0x01, 0x98, 0x01, 0xFC, 0x00, 0x7C, 0x00, 0x47, 0x00, 0x75, 0x05,
    0x7E, 0x0D, 0xCE, 0x0F, 0xC0, 0x00, 0x00, 0x00, 0x00, 0x06, 0xF8, 0x03, 0x08, 0x08, 0x08, 0x04,
    0x0F, 0x04, 0xFF, 0x03, 0x88, 0x03, 0xEA, 0x06, 0x3E, 0x04, 0x0C, 0x0C, 0x00, 0x0A, 0x00, 0x00,
    0x8C, 0x09, 0x44, 0x09, 0xBC, 0x07, 0xBC, 0x07, 0xFE, 0x03, 0xEE, 0x04, 0xFC, 0x0E, 0xBD, 0x07,
    0x8D, 0x01, 0x86, 0x01, 0x00, 0x00, 0x00, 0x00, 0xFE, 0x07, 0x22, 0x01, 0xFE, 0x03, 0x62, 0x00,
    0xCA, 0x0F, 0xBE, 0x07, 0x8E, 0x04, 0x8A, 0x04, 0xBA, 0x07, 0xA3, 0x04, 0x20, 0x00, 0x00, 0x00,
    0x9E, 0x01, 0x9E, 0x00, 0xFF, 0x0F, 0x68, 0x01, 0xD8, 0x04, 0x7F, 0x02, 0x99, 0x05, 0xF8, 0x0C,
    0x08, 0x0C, 0xFC, 0x07, 0x00, 0x00, 0x00, 0x00, 0x20, 0x02, 0x10, 0x01, 0x8E, 0x04, 0xE7, 0x06,
    0x3C, 0x03, 0xC4, 0x01, 0x7C, 0x04, 0x0C, 0x0C, 0xCC, 0x07, 0xFC, 0x01, 0x00, 0x00, 0x00, 0x00,
    0xD0, 0x08, 0xC8, 0x04, 0xE6, 0x06, 0xAF, 0x03, 0xFA, 0x00, 0x9A, 0x04, 0xAE, 0x0E, 0xA6, 0x07,
    0x60, 0x00, 0x60, 0x00, 0x00, 0x00, 0x00, 0x00, 0x38, 0x00, 0xFF, 0x0F, 0x18, 0x00, 0x5A, 0x00,
    0x8A, 0x0F, 0xBE, 0x04, 0x8A, 0x04, 0x8A, 0x04, 0xBA, 0x0F, 0x22, 0x00, 0x20, 0x00, 0x00, 0x00,
    0x10, 0x00, 0xF6, 0x07, 0x04, 0x0A, 0xA0, 0x09, 0xBE, 0x04, 0xAA, 0x07, 0xEA, 0x01, 0xAA, 0x03,
    0xBE, 0x04, 0xA0, 0x0C, 0x00, 0x00, 0x00, 0x00, 0x24, 0x00, 0x24, 0x00, 0xFE, 0x0F, 0x7F, 0x05,
    0x64, 0x05, 0x64, 0x05, 0x7F, 0x05, 0xFF, 0x0F, 0x64, 0x00, 0x34, 0x00, 0x00, 0x00, 0x00, 0x00,
    0xFE, 0x0D, 0xFE, 0x03, 0x3A, 0x01, 0xEE, 0x0F, 0xBA, 0x01, 0x82, 0x06, 0xFE, 0x04, 0x92, 0x01,
    0x9E, 0x07, 0xDE, 0x0C, 0x80, 0x00, 0x00, 0x00, 0xE8, 0x00, 0xFF, 0x0F, 0x69, 0x0C, 0x6C, 0x04,
    0xFE, 0x03, 0xFE, 0x00, 0x12, 0x00, 0xF2, 0x0F, 0xF2, 0x07, 0x12, 0x00, 0x00, 0x00, 0x00, 0x00,
    0x02, 0x00, 0xFA, 0x07, 0x8A, 0x01, 0xFE, 0x00, 0x1E, 0x00, 0x1A, 0x00, 0xFE, 0x00, 0x8A, 0x00,
    0xFA, 0x07, 0xFB, 0x07, 0x00, 0x00, 0x00, 0x00, 0xF2, 0x07, 0xFE, 0x07, 0xF2, 0x03, 0x12, 0x00,
    0xFA, 0x0F, 0xFE, 0x04, 0x1E, 0x04, 0xFE, 0x04, 0x92, 0x04, 0xFA, 0x07, 0x00, 0x00, 0x00, 0x00,
    0x62, 0x00, 0xFE, 0x07, 0x26, 0x02, 0xF2, 0x0B, 0x62, 0x04, 0x38, 0x04, 0x6F, 0x02, 0xC1, 0x01,
    0xE0, 0x00, 0x3C, 0x00, 0x08, 0x00, 0x00, 0x00, 0xFE, 0x07, 0x24, 0x03, 0xFE, 0x03, 0xF8, 0x00,
    0xFF, 0x0F, 0x68, 0x0C, 0xFC, 0x07, 0x3E, 0x00, 0xF2, 0x0F, 0x12, 0x00, 0x10, 0x00, 0x00, 0x00,
    0xFE, 0x03, 0x80, 0x00, 0xFE, 0x01, 0x02, 0x01, 0x7A, 0x0F, 0xFA, 0x06, 0x3F, 0x06, 0xFA, 0x06,
    0xFA, 0x0F, 0x8E, 0x07, 0x80, 0x00, 0x00, 0x00, 0xFE, 0x01, 0x80, 0x08, 0xFE, 0x04, 0x02, 0x0B,
    0xFE, 0x05, 0x7E, 0x04, 0x90, 0x03, 0xDE, 0x03, 0x73, 0x06, 0x10, 0x0C, 0x00, 0x04, 0x00, 0x00,
    0x38, 0x00, 0xFF, 0x0F, 0xD5, 0x06, 0xD4, 0x03, 0xC0, 0x0A, 0x7E, 0x07, 0xF2, 0x07, 0xD2, 0x07,
    0xDE, 0x0C, 0xDE, 0x07, 0xC0, 0x00, 0x00, 0x00, 0x9E, 0x00, 0xFF, 0x0F, 0x5A, 0x04, 0x5A, 0x00,
    0xF2, 0x0F, 0xFE, 0x04, 0x1E, 0x04, 0xFE, 0x04, 0x92, 0x05, 0xFA, 0x0F, 0x02, 0x00, 0x00, 0x00,
    0xD2, 0x00, 0xFE, 0x0F, 0xFE, 0x07, 0xDA, 0x00, 0xD8, 0x07, 0x76, 0x00, 0xFE, 0x0F, 0xF6, 0x07,
    0xDF, 0x06, 0xD0, 0x07, 0x10, 0x00, 0x00, 0x00, 0x00, 0x04, 0x00, 0x02, 0xFE, 0x07, 0x2A, 0x0D,
    0xAB, 0x09, 0x2A, 0x0B, 0x2A, 0x08, 0xFE, 0x0E, 0x00, 0x01, 0x00, 0x06, 0x00, 0x00, 0x00, 0x00,
    0x10, 0x01, 0x98, 0x01, 0xEA, 0x07, 0x7E, 0x00, 0xFE, 0x00, 0xE6, 0x0F, 0x07, 0x00, 0x8D, 0x06,
    0xD8, 0x07, 0x10, 0x00, 0x00, 0x00, 0x00, 0x00, 0x90, 0x06, 0xD2, 0x02, 0x7E, 0x07, 0x3A, 0x0F,
    0xFE, 0x0D, 0x7E, 0x0F, 0x3E, 0x0C, 0x77, 0x06, 0x58, 0x01, 0xD0, 0x06, 0x00, 0x00, 0x00, 0x00,
    0xFE, 0x07, 0x5A, 0x04, 0xFE, 0x0F, 0xD2, 0x06, 0xDA, 0x06, 0xAE, 0x03, 0xDF, 0x0F, 0xA6, 0x03,
    0xEE, 0x02, 0x5A, 0x06, 0x40, 0x00, 0x00, 0x00, 0x80, 0x09, 0xC0, 0x08, 0x60, 0x04, 0x1C, 0x04,
    0x6F, 0x02, 0xE4, 0x03, 0x84, 0x01, 0xE4, 0x00, 0x3C, 0x00, 0x0C, 0x00, 0x00, 0x00, 0x00, 0x00,
    0x38, 0x00, 0xFF, 0x0F, 0x08, 0x00, 0x2C, 0x00, 0xF4, 0x0F, 0x7F, 0x05, 0x64, 0x05, 0x7F, 0x05,
    0xE4, 0x0F, 0x34, 0x00, 0x00, 0x00, 0x00, 0x00, 0x70, 0x04, 0xFF, 0x03, 0x1A, 0x01, 0x0C, 0x0F,
    0xFE, 0x03, 0x6C, 0x0F, 0xEF, 0x09, 0x6C, 0x0B, 0x7E, 0x0D, 0x7E, 0x03, 0x00, 0x02, 0x00, 0x00,
    0x30, 0x06, 0xFF, 0x03, 0x18, 0x03, 0x9C, 0x00, 0xFA, 0x07, 0x3A, 0x00, 0xF6, 0x0F, 0xE6, 0x02,
    0xCF, 0x07, 0xD0, 0x03, 0x10, 0x00, 0x00, 0x00, 0x98, 0x07, 0xF3, 0x07, 0x1A, 0x09, 0xC6, 0x05,
    0xFC, 0x05, 0xFA, 0x03, 0xEF, 0x01, 0x79, 0x03, 0x5D, 0x05, 0xC7, 0x0D, 0x00, 0x05, 0x00, 0x00,
    0x18, 0x07, 0xF6, 0x0F, 0xF4, 0x08, 0x6C, 0x08, 0x38, 0x04, 0x6E, 0x06, 0xCB, 0x03, 0x88, 0x01,
    0x78, 0x00, 0x1C, 0x00, 0x00, 0x00, 0x00, 0x00, 0x00, 0x06, 0xFE, 0x03, 0x4A, 0x03, 0xFA, 0x03,
    0x3A, 0x03, 0xFA, 0x0F, 0xBA, 0x07, 0x32, 0x03, 0xBE, 0x03, 0x46, 0x03, 0x00, 0x02, 0x00, 0x00,
    0xE8, 0x00, 0xFF, 0x0F, 0x68, 0x08, 0xFC, 0x07, 0xEF, 0x05, 0xFC, 0x0F, 0x7C, 0x04, 0xFE, 0x03,
    0xFB, 0x03, 0x18, 0x0C, 0x08, 0x00, 0x00, 0x00, 0x80, 0x04, 0xA0, 0x02, 0x90, 0x03, 0x9E, 0x0F,
    0xF6, 0x04, 0xFD, 0x05, 0xAB, 0x03, 0xAE, 0x05, 0xAE, 0x0D, 0xFA, 0x0C, 0x00, 0x00, 0x00, 0x00,
    0xE0, 0x03, 0xFE, 0x00, 0x92, 0x07, 0x9E, 0x07, 0xFE, 0x00, 0xC3, 0x0F, 0xFE, 0x00, 0xBE, 0x04,
    0x82, 0x07, 0x0A, 0x00, 0x00, 0x00, 0x00, 0x00, 0x00, 0x01, 0x02, 0x01, 0x82, 0x01, 0x8A, 0x00,
    0xFA, 0x00, 0x42, 0x00, 0x42, 0x04, 0x02, 0x06, 0xFE, 0x07, 0x02, 0x00, 0x00, 0x00, 0x00, 0x00,
    0xE8, 0x05, 0x7F, 0x03, 0xF8, 0x03, 0x38, 0x06, 0xFE, 0x03, 0x7C, 0x0F, 0xEB, 0x09, 0x6A, 0x09,
    0x7E, 0x0F, 0x7E, 0x03, 0x00, 0x02, 0x00, 0x00, 0x00, 0x00, 0x08, 0x01, 0x78, 0x0F, 0xD8, 0x07,
    0xDE, 0x07, 0xDE, 0x07, 0xD8, 0x07, 0xFC, 0x0F, 0x1E, 0x07, 0x82, 0x00, 0x00, 0x00, 0x00, 0x00,
    0x98, 0x00, 0xFF, 0x0F, 0xF4, 0x0E, 0xF4, 0x0B, 0x7C, 0x04, 0xCE, 0x03, 0x7E, 0x00, 0xFE, 0x0F,
    0x4C, 0x0C, 0x28, 0x0C, 0x00, 0x04, 0x00, 0x00, 0x18, 0x05, 0xF6, 0x0F, 0x3C, 0x08, 0x38, 0x04,
    0x4E, 0x07, 0xC8, 0x01, 0x7F, 0x00, 0xC8, 0x0F, 0x0C, 0x0C, 0x2C, 0x0C, 0x20, 0x06, 0x00, 0x00,
    0x00, 0x04, 0x82, 0x04, 0xD2, 0x03, 0xDA, 0x05, 0xB6, 0x0C, 0x92, 0x07, 0xDA, 0x00, 0x6F, 0x01,
    0xC3, 0x02, 0x00, 0x06, 0x00, 0x00, 0x00, 0x00, 0xFE, 0x0F, 0xBA, 0x09, 0xFE, 0x05, 0x0E, 0x06,
    0xFE, 0x03, 0xAA, 0x04, 0xAF, 0x0F, 0xA8, 0x01, 0xFA, 0x03, 0x0C, 0x06, 0x00, 0x04, 0x00, 0x00,
    0x14, 0x06, 0x64, 0x03, 0xFC, 0x00, 0x9C, 0x03, 0x10, 0x04, 0x1F, 0x02, 0xFC, 0x03, 0xD2, 0x03,
    0x76, 0x06, 0x08, 0x0E, 0x00, 0x08, 0x00, 0x00, 0xB8, 0x05, 0xFE, 0x06, 0xB2, 0x02, 0x98, 0x02,
    0xFE, 0x0F, 0x44, 0x04, 0x44, 0x04, 0xFC, 0x07, 0x40, 0x04, 0xFE, 0x0F, 0x00, 0x00, 0x00, 0x00,
    0xFE, 0x07, 0xD2, 0x02, 0xFE, 0x07, 0x4E, 0x00, 0x6A, 0x0F, 0xEA, 0x05, 0xFF, 0x05, 0x6A, 0x05,
    0xFE, 0x0F, 0x46, 0x00, 0x00, 0x00, 0x00, 0x00, 0xF8, 0x06, 0xFF, 0x03, 0xCF, 0x02, 0xFC, 0x03,
    0x02, 0x02, 0x02, 0x00, 0xFE, 0x0F, 0xFE, 0x07, 0x22, 0x00, 0xE2, 0x00, 0x02, 0x00, 0x00, 0x00,
    0xFE, 0x0F, 0xFE, 0x07, 0xFA, 0x00, 0xFA, 0x00, 0xAA, 0x00, 0xFA, 0x07, 0xAA, 0x04, 0xAA, 0x00,
    0xFE, 0x00, 0x02, 0x04, 0x00, 0x00, 0x00, 0x00, 0xEC, 0x0F, 0xFE, 0x07, 0x3E, 0x03, 0xFE, 0x0B,
    0x7E, 0x03, 0x7E, 0x05, 0x7E, 0x07, 0x7F, 0x07, 0xFC, 0x0D, 0x06, 0x0C, 0x00, 0x00, 0x00, 0x00,
    0x7C, 0x01, 0x3F, 0x01, 0xF5, 0x0F, 0x24, 0x00, 0xCE, 0x00, 0xA0, 0x0F, 0xFF, 0x05, 0xFE, 0x05,
    0xBC, 0x07, 0xEE, 0x0F, 0x40, 0x00, 0x00, 0x00, 0xFE, 0x03, 0x12, 0x01, 0xFE, 0x01, 0xFE, 0x0F,
    0x6A, 0x09, 0xBE, 0x01, 0xEA, 0x04, 0xAA, 0x03, 0xEE, 0x07, 0x6E, 0x0C, 0x00, 0x00, 0x00, 0x00,
    0xF8, 0x03, 0xFE, 0x01, 0xFC, 0x09, 0xFC, 0x0D, 0xF4, 0x04, 0xE4, 0x03, 0xFF, 0x01, 0xE4, 0x03,
    0x34, 0x06, 0x54, 0x0C, 0x00, 0x04, 0x00, 0x00, 0x30, 0x00, 0xFE, 0x0F, 0x07, 0x08, 0x1C, 0x08,
    0x74, 0x04, 0xE4, 0x03, 0xFF, 0x00, 0xE4, 0x03, 0x1C, 0x06, 0x44, 0x0C, 0x00, 0x04, 0x00, 0x00,
    0x9A, 0x04, 0x6C, 0x0C, 0xFE, 0x0F, 0x96, 0x00, 0xF4, 0x06, 0xE4, 0x03, 0xFF, 0x00, 0xE4, 0x03,
    0xBC, 0x06, 0xC4, 0x0C, 0x00, 0x00, 0x00, 0x00, 0x02, 0x00, 0x02, 0x00, 0x02, 0x00, 0x02, 0x00,
    0xFE, 0x0F, 0x32, 0x00, 0x22, 0x00, 0x62, 0x00, 0x42, 0x00, 0x02, 0x00, 0x00, 0x00, 0x00, 0x00,
    0x00, 0x03, 0xFF, 0x09, 0x06, 0x0A, 0xFE, 0x09, 0xFE, 0x05, 0xFE, 0x07, 0x7E, 0x07, 0x7E, 0x07,
    0xFE, 0x0D, 0x07, 0x0C, 0x00, 0x00, 0x00, 0x00, 0x02, 0x0C, 0x7E, 0x0A, 0xFE, 0x09, 0xE6, 0x05,
    0xE6, 0x06, 0xE6, 0x06, 0xE6, 0x07, 0xFE, 0x05, 0x06, 0x0C, 0x03, 0x0C, 0x00, 0x00, 0x00, 0x00,
    0xFE, 0x01, 0x80, 0x00, 0xFE, 0x01, 0x86, 0x00, 0x02, 0x00, 0x02, 0x00, 0xFE, 0x0F, 0x12, 0x00,
    0x22, 0x00, 0xE3, 0x00, 0x02, 0x00, 0x00, 0x00, 0xC8, 0x0C, 0xFF, 0x0F, 0x2C, 0x04, 0xFE, 0x03,
    0x12, 0x00, 0xF2, 0x0F, 0x32, 0x06, 0xFF, 0x03, 0xEA, 0x03, 0x18, 0x0E, 0x08, 0x00, 0x00, 0x00,
    0x5E, 0x04, 0xF7, 0x07, 0x54, 0x06, 0xFE, 0x03, 0x76, 0x08, 0xF2, 0x07, 0x1A, 0x02, 0xFF, 0x01,
    0xF1, 0x03, 0x1C, 0x0E, 0x08, 0x04, 0x00, 0x00, 0x20, 0x08, 0x3C, 0x04, 0x2E, 0x07, 0xE0, 0x01,
    0x3F, 0x00, 0xFF, 0x07, 0xE0, 0x0F, 0x20, 0x0C, 0x24, 0x0C, 0x20, 0x07, 0x00, 0x04, 0x00, 0x00,
    0x30, 0x00, 0xFC, 0x0F, 0x17, 0x00, 0xF8, 0x07, 0xF8, 0x07, 0x00, 0x04, 0xFF, 0x07, 0x00, 0x04,
    0x00, 0x04, 0xF8, 0x0F, 0x00, 0x00, 0x00, 0x00, 0xFC, 0x05, 0xF7, 0x05, 0xFF, 0x06, 0xFE, 0x03,
    0xF8, 0x03, 0x2A, 0x01, 0x2E, 0x01, 0xFC, 0x0F, 0x2F, 0x01, 0xAC, 0x01, 0x00, 0x00, 0x00, 0x00,
    0xD8, 0x06, 0xF6, 0x02, 0xB3, 0x02, 0xAC, 0x02, 0x20, 0x00, 0x22, 0x00, 0xFE, 0x0F, 0xFE, 0x0F,
    0x23, 0x00, 0x22, 0x00, 0x20, 0x00, 0x00, 0x00, 0x00, 0x07, 0xFC, 0x01, 0xD4, 0x03, 0x54, 0x0A,
    0xD4, 0x0B, 0xD4, 0x07, 0xFF, 0x02, 0x85, 0x03, 0xF6, 0x06, 0x14, 0x0C, 0x00, 0x0E, 0x00, 0x00,
    0x3E, 0x08, 0xFE, 0x0B, 0xE0, 0x0F, 0x7F, 0x04, 0xE2, 0x07, 0xD6, 0x02, 0x5A, 0x04, 0xFE, 0x07,
    0x72, 0x0C, 0x30, 0x08, 0x00, 0x00, 0x00, 0x00, 0x4C, 0x00, 0xF6, 0x0F, 0x3B, 0x00, 0x58, 0x00,
    0xF7, 0x07, 0x54, 0x06, 0x54, 0x03, 0x12, 0x04, 0xF2, 0x0F, 0x12, 0x00, 0x10, 0x00, 0x00, 0x00,
    0xFC, 0x07, 0xFE, 0x01, 0xFF, 0x05, 0xFE, 0x0F, 0x44, 0x04, 0x64, 0x06, 0x5D, 0x07, 0xCE, 0x04,
    0x74, 0x03, 0x16, 0x0E, 0x04, 0x00, 0x00, 0x00, 0xFC, 0x0F, 0xFC, 0x07, 0x16, 0x01, 0xD0, 0x00,
    0xFE, 0x07, 0xFE, 0x03, 0x92, 0x00, 0x92, 0x05, 0xFE, 0x0F, 0xFE, 0x07, 0x00, 0x00, 0x00, 0x00,
    0x9A, 0x07, 0xF6, 0x0C, 0x3A, 0x04, 0xBE, 0x03, 0xE6, 0x03, 0x20, 0x05, 0xFA, 0x05, 0xFE, 0x05,
    0xFE, 0x0D, 0x13, 0x0D, 0x00, 0x04, 0x00, 0x00, 0xF2, 0x0C, 0x12, 0x0C, 0xDE, 0x07, 0x06, 0x00,
    0x64, 0x04, 0x7C, 0x07, 0xCF, 0x05, 0x64, 0x05, 0x34, 0x06, 0x06, 0x0C, 0x00, 0x00, 0x00, 0x00,
    0xF8, 0x04, 0x9F, 0x03, 0xF8, 0x07, 0xAC, 0x02, 0xA4, 0x01, 0xFE, 0x0F, 0xBC, 0x04, 0xFF, 0x07,
    0xFC, 0x03, 0x36, 0x06, 0x20, 0x00, 0x00, 0x00, 0x00, 0x00, 0xBE, 0x03, 0x3E, 0x03, 0xEA, 0x07,
    0xEA, 0x07, 0xEA, 0x07, 0xEA, 0x07, 0x3E, 0x03, 0xFE, 0x00, 0x40, 0x04, 0x00, 0x04, 0x00, 0x00,
    0xFE, 0x0F, 0x3A, 0x01, 0xEE, 0x01, 0x92, 0x00, 0xAC, 0x03, 0xE7, 0x01, 0xA7, 0x07, 0xFC, 0x07,
    0xD8, 0x04, 0x10, 0x04, 0x00, 0x00, 0x00, 0x00, 0x22, 0x02, 0xFE, 0x03, 0xFE, 0x09, 0x32, 0x05,
    0xFE, 0x04, 0xFE, 0x03, 0xFE, 0x01, 0x8A, 0x07, 0x7E, 0x0C, 0x7E, 0x0C, 0x00, 0x07, 0x00, 0x00,
    0xF4, 0x0F, 0x74, 0x01, 0xFF, 0x07, 0x74, 0x05, 0xF4, 0x0F, 0x14, 0x04, 0x90, 0x07, 0xFF, 0x00,
    0xF2, 0x03, 0x1C, 0x0E, 0x00, 0x04, 0x00, 0x00, 0x80, 0x00, 0x80, 0x0C, 0xFE, 0x0E, 0xAA, 0x07,
    0xAA, 0x05, 0xAA, 0x04, 0xAA, 0x05, 0xFF, 0x06, 0x80, 0x0E, 0xC0, 0x00, 0x80, 0x00, 0x00, 0x00,
    0xFE, 0x03, 0x52, 0x04, 0xFE, 0x0F, 0xFE, 0x07, 0xBE, 0x02, 0xFE, 0x05, 0xEB, 0x0F, 0xE8, 0x07,
    0xBE, 0x03, 0xFE, 0x06, 0x00, 0x04, 0x00, 0x00, 0x18, 0x00, 0xFF, 0x0F, 0x14, 0x06, 0x0C, 0x01,
    0xF8, 0x0F, 0x2C, 0x05, 0xA7, 0x05, 0x34, 0x05, 0x2C, 0x05, 0xE6, 0x0F, 0x00, 0x00, 0x00, 0x00,
    0x20, 0x00, 0xEC, 0x0F, 0xAC, 0x09, 0xEF, 0x09, 0xFC, 0x04, 0xFC, 0x07, 0xAF, 0x01, 0x2D, 0x06,
    0xEC, 0x04, 0xF6, 0x0C, 0x00, 0x00, 0x00, 0x00, 0x88, 0x08, 0xEE, 0x08, 0xBC, 0x04, 0x9C, 0x03,
    0xFF, 0x00, 0xFE, 0x07, 0x84, 0x0F, 0x94, 0x08, 0x9C, 0x0C, 0xC6, 0x0E, 0x00, 0x00, 0x00, 0x00,
    0xFE, 0x0F, 0x12, 0x01, 0xEE, 0x01, 0xF2, 0x00, 0xE8, 0x0F, 0x26, 0x05, 0x27, 0x05, 0x3C, 0x05,
    0x2E, 0x05, 0xE4, 0x0F, 0x00, 0x00, 0x00, 0x00, 0xFE, 0x0F, 0x12, 0x01, 0xBE, 0x01, 0xC2, 0x00,
    0xFE, 0x0F, 0x2A, 0x04, 0xEA, 0x05, 0xAA, 0x03, 0xFF, 0x06, 0x40, 0x04, 0x00, 0x04, 0x00, 0x00,
    0x98, 0x05, 0xF6, 0x02, 0xBA, 0x02, 0x4C, 0x09, 0x50, 0x04, 0x7F, 0x06, 0xFA, 0x03, 0xA9, 0x07,
    0xEE, 0x04, 0x28, 0x0E, 0x00, 0x08, 0x00, 0x00, 0x88, 0x01, 0x78, 0x00, 0xFF, 0x0F, 0x68, 0x00,
    0x48, 0x00, 0xFE, 0x0F, 0x92, 0x04, 0x92, 0x04, 0x92, 0x04, 0xFE, 0x0F, 0x00, 0x00, 0x00, 0x00,
    0xFE, 0x07, 0xFE, 0x01, 0xD2, 0x00, 0xFE, 0x0F, 0x56, 0x00, 0xD2, 0x00, 0xFE, 0x0F, 0xAA, 0x04,
    0xAA, 0x05, 0xFB, 0x07, 0x00, 0x00, 0x00, 0x00, 0x9C, 0x04, 0xF7, 0x0F, 0xD4, 0x06, 0xF6, 0x07,
    0xFE, 0x0F, 0xFE, 0x0F, 0x6F, 0x05, 0xFE, 0x03, 0xF6, 0x07, 0xFE, 0x0D, 0x00, 0x00, 0x00, 0x00,
    0x48, 0x00, 0x6A, 0x00, 0xFA, 0x0F, 0x5A, 0x05, 0x7E, 0x05, 0x7E, 0x05, 0x5B, 0x05, 0xF9, 0x0F,
    0x68, 0x00, 0x6C, 0x00, 0x00, 0x00, 0x00, 0x00, 0x2C, 0x03, 0xE6, 0x00, 0xFB, 0x0F, 0xAE, 0x00,
    0xAA, 0x00, 0xF6, 0x0F, 0x53, 0x05, 0x5E, 0x05, 0xF2, 0x0F, 0xF2, 0x07, 0x00, 0x00, 0x00, 0x00,
    0x02, 0x05, 0xFE, 0x04, 0xFE, 0x0B, 0xFE, 0x0F, 0x6F, 0x05, 0x7F, 0x05, 0xFE, 0x06, 0x66, 0x07,
    0x7E, 0x0F, 0xA2, 0x0C, 0x00, 0x00, 0x00, 0x00, 0xB0, 0x0F, 0xF6, 0x0F, 0x8C, 0x01, 0xF8, 0x00,
    0xFF, 0x0F, 0x48, 0x00, 0xFE, 0x0F, 0x96, 0x04, 0x92, 0x04, 0xFE, 0x0F, 0x00, 0x00, 0x00, 0x00,
    0x00, 0x08, 0x00, 0x08, 0x98, 0x08, 0xDC, 0x04, 0xB6, 0x04, 0xB3, 0x06, 0x98, 0x03, 0xCC, 0x01,
    0x64, 0x00, 0x00, 0x00, 0x00, 0x00, 0x00, 0x00, 0xA4, 0x04, 0xAE, 0x07, 0xFE, 0x00, 0xB7, 0x00,
    0xBE, 0x05, 0xB2, 0x04, 0xFE, 0x07, 0x9A, 0x00, 0xD2, 0x04, 0xFE, 0x0F, 0x00, 0x00, 0x00, 0x00,
    0xC8, 0x00, 0xEB, 0x0F, 0x7E, 0x00, 0xC8, 0x01, 0x28, 0x01, 0x2E, 0x01, 0xF8, 0x0F, 0xAE, 0x01,
    0x2B, 0x01, 0xAC, 0x01, 0x00, 0x00, 0x00, 0x00, 0x10, 0x00, 0xF6, 0x07, 0x12, 0x06, 0x28, 0x03,
    0x29, 0x01, 0x2E, 0x00, 0xF8, 0x0F, 0x2E, 0x00, 0x2B, 0x00, 0xAC, 0x00, 0x00, 0x00, 0x00, 0x00,
    0x64, 0x04, 0x3C, 0x03, 0xFF, 0x07, 0x34, 0x0F, 0x24, 0x09, 0xFE, 0x0B, 0x5A, 0x0C, 0x5A, 0x0E,
    0x7E, 0x01, 0x7E, 0x06, 0x00, 0x04, 0x00, 0x00, 0xFC, 0x03, 0x84, 0x00, 0xFC, 0x01, 0xFC, 0x01,
    0xFC, 0x0F, 0xE4, 0x01, 0xA7, 0x01, 0xF4, 0x05, 0xA4, 0x0C, 0xFC, 0x0F, 0x00, 0x00, 0x00, 0x00,
    0x04, 0x01, 0x44, 0x01, 0x7C, 0x01, 0x6C, 0x05, 0x6F, 0x0F, 0xEE, 0x07, 0xEC, 0x01, 0x7C, 0x01,
    0x4C, 0x01, 0x06, 0x01, 0x00, 0x01, 0x00, 0x00, 0x04, 0x01, 0xFC, 0x01, 0x84, 0x08, 0x86, 0x08,
    0xFE, 0x05, 0xF8, 0x07, 0xFE, 0x03, 0x3A, 0x02, 0x08, 0x06, 0xF9, 0x0D, 0x00, 0x00, 0x00, 0x00,
    0x94, 0x01, 0x94, 0x00, 0xF4, 0x07, 0x7F, 0x0D, 0x54, 0x09, 0x54, 0x09, 0xFF, 0x0B, 0x74, 0x0C,
    0xD6, 0x0E, 0x9C, 0x00, 0x80, 0x00, 0x00, 0x00, 0x68, 0x00, 0xFF, 0x0F, 0xE8, 0x04, 0xE8, 0x05,
    0xFC, 0x06, 0xFB, 0x0F, 0xDA, 0x0F, 0xCE, 0x03, 0x7E, 0x03, 0x18, 0x06, 0x00, 0x00, 0x00, 0x00,
    0x30, 0x00, 0xFE, 0x0F, 0x0B, 0x00, 0xBC, 0x05, 0x7E, 0x03, 0xEB, 0x0B, 0xBE, 0x0F, 0xAE, 0x03,
    0x7E, 0x03, 0x58, 0x06, 0x00, 0x00, 0x00, 0x00, 0x00, 0x04, 0xFC, 0x0F, 0x04, 0x00, 0xF6, 0x03,
    0x27, 0x01, 0x24, 0x01, 0xF4, 0x01, 0x04, 0x04, 0xFC, 0x0F, 0xFC, 0x07, 0x00, 0x00, 0x00, 0x00,
    0x88, 0x02, 0xBC, 0x05, 0xFE, 0x05, 0xEB, 0x06, 0xFA, 0x0D, 0xBE, 0x0F, 0xAA, 0x00, 0x6A, 0x03,
    0x7C, 0x06, 0x00, 0x06, 0x00, 0x00, 0x00, 0x00, 0x22, 0x08, 0xCA, 0x07, 0xCA, 0x07, 0xCF, 0x01,
    0xFE, 0x0F, 0xFE, 0x07, 0x4F, 0x03, 0x7A, 0x02, 0xFA, 0x0F, 0x12, 0x00, 0x00, 0x00, 0x00, 0x00,
    0xE0, 0x00, 0xFC, 0x07, 0x2C, 0x02, 0xE2, 0x07, 0x22, 0x00, 0xFC, 0x0F, 0x54, 0x01, 0x5F, 0x01,
    0x5C, 0x05, 0xF6, 0x0F, 0x02, 0x00, 0x00, 0x00, 0x0C, 0x00, 0xD6, 0x0F, 0xFE, 0x07, 0x5E, 0x03,
    0x7E, 0x03, 0x7E, 0x03, 0x5E, 0x07, 0xFE, 0x0F, 0xFF, 0x07, 0x06, 0x00, 0x04, 0x00, 0x00, 0x00,
    0xF6, 0x0F, 0xFC, 0x07, 0x5F, 0x01, 0x5F, 0x05, 0xFC, 0x0F, 0x12, 0x00, 0xFC, 0x01, 0xFC, 0x05,
    0x00, 0x0C, 0xFF, 0x07, 0x00, 0x00, 0x00, 0x00, 0xFE, 0x01, 0x84, 0x02, 0xFE, 0x01, 0x94, 0x01,
    0xD4, 0x01, 0x7F, 0x01, 0xBF, 0x0F, 0xFE, 0x01, 0x7E, 0x01, 0x1A, 0x01, 0x10, 0x01, 0x00, 0x00,
    0x08, 0x01, 0xFF, 0x0F, 0xEC, 0x05, 0xDE, 0x07, 0x7E, 0x06, 0x6E, 0x0F, 0x0E, 0x07, 0xFC, 0x05,
    0xFF, 0x0F, 0x88, 0x01, 0x00, 0x00, 0x00, 0x00, 0x9C, 0x00, 0xF7, 0x0F, 0x94, 0x06, 0xD4, 0x02,
    0xF6, 0x0F, 0xFC, 0x07, 0x5E, 0x01, 0x5F, 0x05, 0x5C, 0x0D, 0xFE, 0x07, 0x00, 0x00, 0x00, 0x00,
    0x18, 0x00, 0x92, 0x0F, 0x76, 0x00, 0x08, 0x00, 0xFE, 0x0F, 0x54, 0x01, 0x5F, 0x01, 0x58, 0x05,
    0x56, 0x0D, 0xF2, 0x07, 0x00, 0x00, 0x00, 0x00, 0x0E, 0x00, 0xE0, 0x0F, 0xF8, 0x07, 0xB0, 0x00,
    0xBF, 0x00, 0xBE, 0x00, 0xB8, 0x04, 0xEC, 0x0F, 0xEC, 0x07, 0x06, 0x00, 0x00, 0x00, 0x00, 0x00,
    0x90, 0x0F, 0xF6, 0x07, 0x9C, 0x01, 0xD8, 0x00, 0xF0, 0x0F, 0xFE, 0x03, 0xDE, 0x00, 0xD6, 0x0C,
    0xFD, 0x0F, 0x18, 0x00, 0x00, 0x00, 0x00, 0x00, 0xFE, 0x03, 0x22, 0x02, 0xFE, 0x0B, 0xE4, 0x04,
    0xA4, 0x06, 0xA7, 0x03, 0xBC, 0x07, 0xBC, 0x0F, 0xEE, 0x0C, 0xF2, 0x0C, 0x00, 0x04, 0x00, 0x00,
    0x80, 0x01, 0xE0, 0x00, 0x30, 0x00, 0x10, 0x04, 0xFE, 0x0F, 0xFF, 0x07, 0x00, 0x00, 0x10, 0x00,
    0x60, 0x00, 0xC0, 0x01, 0x80, 0x01, 0x00, 0x00, 0x10, 0x01, 0x14, 0x01, 0xD4, 0x01, 0x54, 0x01,
    0x7F, 0x0D, 0xB4, 0x0F, 0xDC, 0x01, 0x76, 0x01, 0x12, 0x01, 0x18, 0x01, 0x00, 0x00, 0x00, 0x00,
    0xE8, 0x00, 0xFF, 0x0F, 0xFF, 0x0F, 0x6C, 0x08, 0x64, 0x00, 0xFC, 0x04, 0x07, 0x03, 0xEE, 0x07,
    0x74, 0x04, 0x24, 0x0C, 0x04, 0x04, 0x00, 0x00, 0x00, 0x00, 0xF2, 0x0F, 0xFE, 0x07, 0x50, 0x01,
    0x5F, 0x01, 0x5F, 0x01, 0x58, 0x05, 0x54, 0x0D, 0xFA, 0x07, 0x02, 0x00, 0x00, 0x00, 0x00, 0x00,
    0xFE, 0x01, 0x84, 0x08, 0xFC, 0x04, 0xE8, 0x03, 0xDA, 0x03, 0xDA, 0x00, 0xFF, 0x0F, 0xDA, 0x01,
    0xFE, 0x07, 0xCC, 0x0F, 0x08, 0x00, 0x00, 0x00, 0x88, 0x08, 0xA6, 0x08, 0xAF, 0x04, 0xBC, 0x07,
    0xFE, 0x01, 0xBC, 0x00, 0xB7, 0x03, 0x9D, 0x06, 0x8C, 0x04, 0xC6, 0x0C, 0x00, 0x04, 0x00, 0x00,
    0x64, 0x04, 0x5C, 0x02, 0x87, 0x01, 0xFC, 0x0B, 0x74, 0x06, 0x34, 0x04, 0xEE, 0x03, 0x8B, 0x03,
    0xF8, 0x06, 0x0C, 0x0C, 0x08, 0x00, 0x00, 0x00, 0x68, 0x00, 0xFF, 0x0F, 0x68, 0x08, 0x2C, 0x09,
    0x7F, 0x05, 0xFE, 0x07, 0xE2, 0x01, 0x3E, 0x07, 0x62, 0x05, 0xFE, 0x0D, 0x00, 0x01, 0x00, 0x00,
    0xC0, 0x04, 0xFC, 0x05, 0x40, 0x05, 0x7F, 0x05, 0x28, 0x05, 0x28, 0x05, 0x7F, 0x05, 0x48, 0x05,
    0x44, 0x05, 0x74, 0x04, 0x00, 0x00, 0x00, 0x00, 0xDE, 0x03, 0xBE, 0x03, 0xF6, 0x06, 0x36, 0x0F,
    0xFE, 0x0F, 0x70, 0x04, 0x8E, 0x03, 0xFF, 0x00, 0x90, 0x03, 0x1C, 0x0E, 0x08, 0x04, 0x00, 0x00,
    0xFC, 0x06, 0xFF, 0x03, 0xFF, 0x03, 0xFC, 0x03, 0xDE, 0x03, 0xFE, 0x03, 0xF4, 0x01, 0xD4, 0x07,
    0x5E, 0x0F, 0xFE, 0x0F, 0x40, 0x00, 0x00, 0x00, 0xF6, 0x01, 0xBF, 0x01, 0xFC, 0x0F, 0xFF, 0x01,
    0xE6, 0x05, 0xA4, 0x04, 0xA4, 0x04, 0xFF, 0x07, 0xA4, 0x04, 0xB4, 0x04, 0x00, 0x04, 0x00, 0x00,
    0x10, 0x00, 0xFF, 0x0F, 0x18, 0x08, 0xE8, 0x04, 0x08, 0x06, 0xF8, 0x01, 0x3F, 0x04, 0x88, 0x0F,
    0xF8, 0x03, 0xC0, 0x00, 0x80, 0x00, 0x00, 0x00, 0x48, 0x04, 0xFF, 0x0F, 0x6C, 0x08, 0x2C, 0x08,
    0x74, 0x04, 0xE4, 0x03, 0xFF, 0x01, 0xE4, 0x03, 0x3C, 0x06, 0x54, 0x0C, 0x00, 0x00, 0x00, 0x00,
    0x48, 0x04, 0xFF, 0x0F, 0x3C, 0x08, 0x88, 0x08, 0xFE, 0x06, 0xDF, 0x03, 0xFD, 0x00, 0xFE, 0x07,
    0xDC, 0x0D, 0x7E, 0x07, 0x40, 0x00, 0x00, 0x00, 0x12, 0x02, 0x9E, 0x01, 0xF2, 0x04, 0xFE, 0x0F,
    0x32, 0x00, 0x12, 0x00, 0xFE, 0x0F, 0xFE, 0x07, 0x3A, 0x02, 0xCE, 0x03, 0x02, 0x01, 0x00, 0x00,
    0x58, 0x03, 0x5E, 0x0D, 0xF3, 0x0F, 0x56, 0x00, 0x5C, 0x03, 0x04, 0x01, 0x6C, 0x01, 0x80, 0x00,
    0xFF, 0x0F, 0xC0, 0x00, 0xC0, 0x00, 0x00, 0x00, 0xFE, 0x07, 0x5A, 0x04, 0xFE, 0x0F, 0xFE, 0x0F,
    0xE8, 0x04, 0xE8, 0x03, 0x7F, 0x04, 0x08, 0x0C, 0xF8, 0x07, 0x68, 0x00, 0xC0, 0x00, 0x00, 0x00,
    0x10, 0x00, 0xF6, 0x07, 0x10, 0x03, 0xBE, 0x00, 0xFE, 0x0F, 0x74, 0x05, 0x7E, 0x05, 0x3F, 0x05,
    0xE4, 0x0F, 0x36, 0x00, 0x10, 0x00, 0x00, 0x00, 0x0C, 0x01, 0x06, 0x01, 0x7E, 0x01, 0x5E, 0x01,
    0x52, 0x01, 0x52, 0x05, 0x52, 0x0D, 0x52, 0x0E, 0xDE, 0x07, 0x42, 0x00, 0x00, 0x00, 0x00, 0x00,
    0x68, 0x00, 0xFF, 0x0F, 0x2C, 0x08, 0x48, 0x06, 0xF8, 0x0B, 0xF8, 0x0F, 0x58, 0x06, 0xFF, 0x03,
    0xEA, 0x07, 0x7E, 0x0C, 0x00, 0x0E, 0x00, 0x00, 0x38, 0x06, 0xE7, 0x07, 0x35, 0x02, 0xFC, 0x03,
    0x86, 0x02, 0x94, 0x02, 0xFE, 0x0F, 0x04, 0x01, 0x00, 0x03, 0xFE, 0x03, 0x00, 0x00, 0x00, 0x00,
    0xC4, 0x08, 0x3F, 0x0F, 0x7F, 0x07, 0x7E, 0x03, 0xFE, 0x07, 0xB8, 0x07, 0x1E, 0x07, 0xFE, 0x07,
    0x1E, 0x0F, 0x32, 0x08, 0x00, 0x00, 0x00, 0x00, 0xFE, 0x0F, 0xFE, 0x0F, 0xF8, 0x07, 0xF6, 0x00,
    0xFE, 0x07, 0xF4, 0x0F, 0xF2, 0x01, 0x6E, 0x01, 0xFA, 0x0F, 0x4E, 0x01, 0x00, 0x01, 0x00, 0x00,
    0x92, 0x07, 0xF6, 0x07, 0x1C, 0x00, 0xFE, 0x07, 0x12, 0x04, 0xFF, 0x07, 0x10, 0x05, 0xFE, 0x05,
    0xFF, 0x05, 0x18, 0x04, 0x10, 0x00, 0x00, 0x00, 0x98, 0x00, 0xD6, 0x07, 0x38, 0x01, 0x06, 0x01,
    0x76, 0x01, 0x7E, 0x01, 0x52, 0x01, 0xD2, 0x05, 0xD6, 0x07, 0xD3, 0x03, 0x00, 0x00, 0x00, 0x00,
    0xF2, 0x07, 0xF6, 0x07, 0x80, 0x05, 0xFC, 0x02, 0xA7, 0x05, 0xFC, 0x0F, 0x7C, 0x00, 0xC0, 0x04,
    0xFF, 0x0F, 0xFE, 0x07, 0x08, 0x00, 0x00, 0x00, 0x00, 0x06, 0xFF, 0x03, 0x04, 0x00, 0xF4, 0x0F,
    0xB4, 0x02, 0xBC, 0x02, 0xBC, 0x02, 0xA4, 0x06, 0xFF, 0x0F, 0xF6, 0x07, 0x00, 0x00, 0x00, 0x00,
    0xD2, 0x02, 0xF2, 0x07, 0xFE, 0x0F, 0xF7, 0x01, 0xFA, 0x0B, 0xEA, 0x06, 0xFF, 0x03, 0x4A, 0x00,
    0xCA, 0x0F, 0x6A, 0x00, 0x42, 0x00, 0x00, 0x00, 0x04, 0x07, 0x84, 0x01, 0xC4, 0x03, 0xDE, 0x0F,
    0x14, 0x0C, 0xE4, 0x0C, 0x1F, 0x0C, 0x0E, 0x07, 0xC4, 0x00, 0x86, 0x03, 0x04, 0x00, 0x00, 0x00,
    0x1C, 0x00, 0xF7, 0x0F, 0xD4, 0x06, 0x54, 0x02, 0x24, 0x01, 0x3C, 0x01, 0xF7, 0x0F, 0xF6, 0x0F,
    0x3C, 0x01, 0xA6, 0x01, 0x00, 0x00, 0x00, 0x00, 0xFE, 0x03, 0xFE, 0x00, 0xF2, 0x07, 0xF2, 0x0F,
    0x12, 0x04, 0x18, 0x03, 0xFF, 0x01, 0xF8, 0x00, 0x18, 0x07, 0x0C, 0x04, 0x00, 0x04, 0x00, 0x00,
    0x20, 0x01, 0x24, 0x01, 0x24, 0x01, 0x3C, 0x01, 0xE7, 0x0F, 0xE6, 0x0F, 0x3C, 0x01, 0x2C, 0x01,
    0xA6, 0x01, 0x22, 0x01, 0x20, 0x00, 0x00, 0x00, 0x44, 0x02, 0x9C, 0x05, 0xF3, 0x0F, 0xFE, 0x01,
    0x5E, 0x07, 0x10, 0x07, 0xFE, 0x01, 0x12, 0x00, 0xF2, 0x0F, 0x12, 0x00, 0x10, 0x00, 0x00, 0x00,
    0x38, 0x00, 0xFF, 0x0F, 0x18, 0x08, 0x18, 0x06, 0xFE, 0x03, 0x32, 0x00, 0x12, 0x00, 0xF2, 0x0F,
    0xF3, 0x07, 0x12, 0x00, 0x10, 0x00, 0x00, 0x00, 0xC0, 0x01, 0x00, 0x00, 0xF8, 0x03, 0xF8, 0x07,
    0x02, 0x04, 0x0E, 0x04, 0x00, 0x04, 0x00, 0x07, 0x60, 0x00, 0xC0, 0x00, 0x00, 0x00, 0x00, 0x00,
    0x30, 0x00, 0xFC, 0x0F, 0x07, 0x00, 0x14, 0x00, 0xD4, 0x0F, 0xD4, 0x04, 0xD7, 0x04, 0xD4, 0x04,
    0xF4, 0x0F, 0x14, 0x01, 0x04, 0x00, 0x00, 0x00, 0xFC, 0x03, 0xFC, 0x03, 0xFF, 0x03, 0xFC, 0x01,
    0xFC, 0x01, 0x8E, 0x00, 0x88, 0x00, 0xFF, 0x0F, 0x98, 0x00, 0x96, 0x00, 0x80, 0x00, 0x00, 0x00,
    0x00, 0x0B, 0xFE, 0x09, 0x7E, 0x08, 0x54, 0x08, 0xF4, 0x0F, 0xF4, 0x0F, 0x54, 0x08, 0x56, 0x09,
    0x5F, 0x09, 0x40, 0x0C, 0x00, 0x00, 0x00, 0x00, 0xFE, 0x03, 0x5A, 0x04, 0xFE, 0x0F, 0xFE, 0x07,
    0xFE, 0x01, 0x5E, 0x01, 0xF6, 0x07, 0xF6, 0x07, 0x5E, 0x01, 0x5E, 0x05, 0x00, 0x04, 0x00, 0x00,
    0x8A, 0x04, 0x6E, 0x0C, 0xFE, 0x07, 0x82, 0x01, 0xFE, 0x01, 0x5E, 0x01, 0xF6, 0x07, 0xF6, 0x07,
    0x5E, 0x01, 0x5E, 0x05, 0x00, 0x04, 0x00, 0x00, 0x30, 0x00, 0xFF, 0x0F, 0x18, 0x00, 0x90, 0x09,
    0xFE, 0x09, 0x52, 0x09, 0xF2, 0x0F, 0xD2, 0x09, 0x5E, 0x09, 0x42, 0x0D, 0x00, 0x00, 0x00, 0x00,
    0x40, 0x08, 0x46, 0x04, 0x7C, 0x03, 0xD0, 0x01, 0x4E, 0x00, 0x5C, 0x00, 0x60, 0x01, 0x5C, 0x03,
    0x46, 0x06, 0x62, 0x04, 0x40, 0x00, 0x00, 0x00, 0x22, 0x04, 0xE2, 0x03, 0xFE, 0x00, 0x22, 0x00,
    0xFE, 0x0F, 0x32, 0x00, 0x32, 0x00, 0xFE, 0x05, 0x00, 0x0C, 0xFF, 0x07, 0x00, 0x00, 0x00, 0x00,
    0xCA, 0x08, 0x7A, 0x08, 0x1E, 0x08, 0x1A, 0x08, 0xFE, 0x0F, 0x8B, 0x0F, 0x1E, 0x08, 0x5E, 0x09,
    0xC0, 0x09, 0x7F, 0x0C, 0x00, 0x00, 0x00, 0x00, 0x22, 0x04, 0xFE, 0x03, 0xFE, 0x00, 0x22, 0x00,
    0xFE, 0x0F, 0xB2, 0x04, 0xDA, 0x04, 0x44, 0x02, 0x33, 0x03, 0x92, 0x01, 0x80, 0x00, 0x00, 0x00,
    0x22, 0x04, 0xFE, 0x03, 0x3E, 0x00, 0x32, 0x04, 0xFE, 0x07, 0x32, 0x00, 0xFE, 0x0F, 0xFE, 0x07,
    0x3A, 0x03, 0xC6, 0x03, 0x82, 0x01, 0x00, 0x00, 0x4C, 0x00, 0xE6, 0x0F, 0xFB, 0x0F, 0x18, 0x00,
    0x02, 0x00, 0x02, 0x04, 0x02, 0x0C, 0xE2, 0x0F, 0x22, 0x00, 0x12, 0x00, 0x00, 0x00, 0x00, 0x00,
    0xFA, 0x0F, 0x7E, 0x05, 0x7E, 0x05, 0xFA, 0x07, 0xFA, 0x07, 0xFF, 0x01, 0x5E, 0x01, 0xF6, 0x07,
    0x1E, 0x01, 0x5E, 0x05, 0x00, 0x00, 0x00, 0x00, 0x10, 0x01, 0x54, 0x00, 0x14, 0x00, 0x74, 0x00,
    0x9F, 0x0F, 0xDF, 0x0F, 0x74, 0x00, 0x74, 0x00, 0x56, 0x01, 0x18, 0x01, 0x00, 0x00, 0x00, 0x00,
    0x44, 0x00, 0x24, 0x00, 0xB4, 0x0F, 0x9C, 0x04, 0xFF, 0x04, 0xFF, 0x04, 0x8C, 0x04, 0x94, 0x0F,
    0xB4, 0x00, 0x66, 0x00, 0x20, 0x00, 0x00, 0x00, 0x38, 0x00, 0xFF, 0x0F, 0x08, 0x00, 0x78, 0x00,
    0x9E, 0x00, 0x80, 0x00, 0xFF, 0x07, 0x98, 0x04, 0xC8, 0x00, 0x88, 0x04, 0x00, 0x04, 0x00, 0x00,
    0xF8, 0x0D, 0x3F, 0x07, 0xF8, 0x03, 0x78, 0x0E, 0xBE, 0x08, 0x8C, 0x00, 0xFF, 0x07, 0xFF, 0x07,
    0x80, 0x00, 0xC8, 0x04, 0x00, 0x00, 0x00, 0x00, 0x00, 0x08, 0x7E, 0x0C, 0x7E, 0x06, 0xE2, 0x03,
    0x22, 0x00, 0xE2, 0x03, 0xE2, 0x07, 0x3E, 0x0C, 0x3E, 0x0C, 0x00, 0x07, 0x00, 0x04, 0x00, 0x00,
    0xFC, 0x07, 0xFC, 0x07, 0x04, 0x05, 0xC8, 0x04, 0x70, 0x04, 0x78, 0x04, 0xCE, 0x05, 0x82, 0x05,
    0xFC, 0x0F, 0xFC, 0x07, 0x00, 0x00, 0x00, 0x00, 0xFE, 0x07, 0xFE, 0x04, 0xFE, 0x0F, 0x3A, 0x02,
    0xEC, 0x03, 0xF7, 0x02, 0xF4, 0x02, 0xFC, 0x07, 0xE4, 0x0D, 0xFE, 0x0F, 0x04, 0x00, 0x00, 0x00,
    0x30, 0x00, 0xFC, 0x03, 0x37, 0x03, 0xE4, 0x02, 0xF4, 0x02, 0x9C, 0x03, 0xE4, 0x07, 0x24, 0x08,
    0xE4, 0x0F, 0xFC, 0x03, 0x00, 0x00, 0x00, 0x00, 0x18, 0x05, 0xD6, 0x0F, 0x38, 0x00, 0xFC, 0x07,
    0x0C, 0x07, 0x98, 0x05, 0x70, 0x04, 0xDE, 0x05, 0x02, 0x05, 0xFC, 0x0F, 0x00, 0x00, 0x00, 0x00,
    0x88, 0x03, 0x7E, 0x03, 0xFF, 0x02, 0x74, 0x03, 0x3C, 0x02, 0xFF, 0x0F, 0xA7, 0x04, 0xFF, 0x07,
    0xA6, 0x04, 0xB4, 0x04, 0x04, 0x04, 0x00, 0x00, 0x9C, 0x0D, 0xFE, 0x01, 0x77, 0x00, 0xF6, 0x0D,
    0xFC, 0x01, 0xEE, 0x06, 0xFF, 0x05, 0x5E, 0x01, 0x7A, 0x07, 0xEE, 0x0D, 0x00, 0x00, 0x00, 0x00,
    0x20, 0x00, 0xFC, 0x0F, 0x1F, 0x02, 0x08, 0x01, 0xE8, 0x00, 0x38, 0x00, 0xFF, 0x0F, 0x78, 0x00,
    0x88, 0x01, 0x08, 0x03, 0x00, 0x00, 0x00, 0x00, 0x38, 0x00, 0xFE, 0x07, 0x1F, 0x09, 0xFC, 0x09,
    0x2C, 0x0E, 0xA7, 0x06, 0x7F, 0x05, 0xFC, 0x03, 0xBE, 0x03, 0x24, 0x01, 0x20, 0x00, 0x00, 0x00,
    0x20, 0x02, 0x24, 0x01, 0xB4, 0x03, 0xF7, 0x02, 0xBE, 0x07, 0xB4, 0x03, 0xB7, 0x02, 0xBD, 0x07,
    0xA4, 0x05, 0x24, 0x04, 0x00, 0x00, 0x00, 0x00, 0xC8, 0x00, 0x7C, 0x04, 0xFF, 0x0F, 0x6C, 0x00,
    0x02, 0x00, 0x3E, 0x00, 0x2E, 0x04, 0x22, 0x0C, 0x22, 0x0F, 0xE2, 0x03, 0x02, 0x00, 0x00, 0x00,
    0xFE, 0x03, 0x84, 0x00, 0xFE, 0x09, 0x00, 0x09, 0x7E, 0x05, 0x5A, 0x07, 0xDB, 0x01, 0xDA, 0x07,
    0xFE, 0x0D, 0xBE, 0x0D, 0x00, 0x01, 0x00, 0x00, 0x58, 0x00, 0xF7, 0x07, 0x54, 0x06, 0x5C, 0x09,
    0x7A, 0x06, 0xDA, 0x03, 0x7E, 0x00, 0xDB, 0x05, 0x79, 0x0D, 0x2C, 0x07, 0x20, 0x00, 0x00, 0x00,
    0x48, 0x08, 0x6A, 0x04, 0x7A, 0x06, 0xDA, 0x03, 0x7E, 0x00, 0x7E, 0x05, 0xDB, 0x0D, 0x7B, 0x0D,
    0xA8, 0x07, 0x2C, 0x01, 0x20, 0x00, 0x00, 0x00, 0xC8, 0x00, 0xFB, 0x0F, 0xFE, 0x05, 0xA8, 0x01,
    0xF8, 0x0F, 0x48, 0x04, 0xFF, 0x07, 0xFF, 0x07, 0x48, 0x04, 0xFC, 0x0F, 0x00, 0x00, 0x00, 0x00,
    0xD8, 0x02, 0xF6, 0x02, 0x7A, 0x09, 0x48, 0x04, 0x7A, 0x06, 0xDA, 0x01, 0x7E, 0x04, 0xDA, 0x09,
    0x7B, 0x0F, 0x6C, 0x03, 0x20, 0x00, 0x00, 0x00, 0x10, 0x03, 0xFF, 0x09, 0x98, 0x05, 0xD8, 0x0B,
    0xFC, 0x0B, 0x10, 0x0F, 0xFF, 0x0F, 0xDA, 0x0F, 0xFA, 0x0F, 0xFE, 0x0D, 0x0C, 0x04, 0x00, 0x00,
    0x00, 0x06, 0xF8, 0x03, 0x48, 0x08, 0x48, 0x04, 0x48, 0x04, 0x7F, 0x02, 0xC8, 0x03, 0xEE, 0x07,
    0x3C, 0x04, 0x0C, 0x0C, 0x00, 0x0A, 0x00, 0x00, 0x4C, 0x00, 0xC4, 0x0F, 0xDC, 0x00, 0xDC, 0x07,
    0xFE, 0x07, 0xDE, 0x07, 0xDC, 0x07, 0xDC, 0x04, 0xCD, 0x0F, 0xE6, 0x00, 0x04, 0x00, 0x00, 0x00,
    0x00, 0x06, 0xFC, 0x0B, 0xA8, 0x0B, 0x28, 0x0A, 0xFF, 0x0F, 0x7F, 0x08, 0xDA, 0x0F, 0x5A, 0x0B,
    0xFA, 0x09, 0x2C, 0x0C, 0x00, 0x00, 0x00, 0x00, 0xFC, 0x01, 0x84, 0x08, 0xFC, 0x05, 0xFC, 0x0B,
    0xFC, 0x0B, 0x38, 0x0B, 0xFF, 0x0F, 0xD2, 0x0F, 0x7A, 0x0B, 0xBE, 0x0D, 0x00, 0x08, 0x00, 0x00,
    0x48, 0x04, 0x24, 0x03, 0xBB, 0x01, 0x90, 0x00, 0xFA, 0x05, 0x0A, 0x07, 0xFE, 0x03, 0x3A, 0x01,
    0xFA, 0x03, 0xFB, 0x07, 0x00, 0x00, 0x00, 0x00, 0x64, 0x00, 0xF6, 0x0F, 0x3B, 0x04, 0x58, 0x02,
    0xDC, 0x05, 0xF6, 0x0D, 0xF3, 0x0F, 0x5C, 0x01, 0x58, 0x03, 0x58, 0x06, 0x10, 0x00, 0x00, 0x00,
    0x10, 0x00, 0xF3, 0x07, 0xF6, 0x07, 0x70, 0x01, 0x5E, 0x00, 0x47, 0x00, 0xFC, 0x0F, 0xFC, 0x07,
    0x44, 0x00, 0x64, 0x00, 0x40, 0x00, 0x00, 0x00, 0x0A, 0x00, 0xCA, 0x0F, 0xFA, 0x0F, 0xFF, 0x07,
    0xFE, 0x07, 0xEE, 0x07, 0x7F, 0x07, 0xDA, 0x0F, 0xCA, 0x07, 0x8E, 0x00, 0x00, 0x00, 0x00, 0x00,
    0xFE, 0x0F, 0x3E, 0x00, 0x0E, 0x00, 0xFE, 0x03, 0xFB, 0x07, 0xFC, 0x07, 0x8E, 0x05, 0xF8, 0x04,
    0xCF, 0x05, 0xFC, 0x0F, 0x00, 0x00, 0x00, 0x00, 0x50, 0x03, 0xDC, 0x05, 0xF7, 0x0F, 0xF3, 0x0B,
    0x5E, 0x09, 0x44, 0x06, 0x7C, 0x02, 0xC4, 0x03, 0xFC, 0x07, 0x1E, 0x06, 0x00, 0x04, 0x00, 0x00,
    0x08, 0x06, 0xFF, 0x01, 0x08, 0x00, 0xF8, 0x07, 0x08, 0x0C, 0xFE, 0x0F, 0x32, 0x0D, 0x02, 0x0D,
    0xFE, 0x0D, 0x00, 0x07, 0x00, 0x00, 0x00, 0x00, 0x00, 0x07, 0xFE, 0x01, 0x40, 0x00, 0x48, 0x00,
    0x58, 0x04, 0xFB, 0x0F, 0xEA, 0x07, 0x58, 0x00, 0xCC, 0x00, 0xCA, 0x00, 0x40, 0x00, 0x00, 0x00,
    0x00, 0x00, 0xE0, 0x0F, 0xF8, 0x0F, 0xFC, 0x04, 0xBF, 0x07, 0xBA, 0x07, 0xB8, 0x04, 0xBC, 0x0F,
    0xE2, 0x0F, 0x42, 0x00, 0x00, 0x00, 0x00, 0x00, 0x38, 0x00, 0xFF, 0x0F, 0x18, 0x04, 0xFC, 0x07,
    0x08, 0x04, 0xFE, 0x07, 0xFB, 0x07, 0xF8, 0x07, 0xFC, 0x07, 0xFC, 0x07, 0x00, 0x04, 0x00, 0x00,
    0x24, 0x08, 0x2C, 0x05, 0x5E, 0x07, 0xFB, 0x03, 0xFE, 0x0D, 0xD4, 0x0F, 0x5E, 0x03, 0xF2, 0x03,
    0x92, 0x05, 0x1E, 0x04, 0x00, 0x00, 0x00, 0x00, 0xE8, 0x04, 0xBF, 0x03, 0xF8, 0x03, 0x38, 0x06,
    0xDE, 0x0F, 0xDE, 0x0F, 0xDE, 0x02, 0xFE, 0x06, 0xFE, 0x0F, 0x76, 0x00, 0x12, 0x00, 0x00, 0x00,
    0xB8, 0x05, 0xF6, 0x06, 0xBA, 0x02, 0x9C, 0x03, 0xD4, 0x0F, 0xDF, 0x0F, 0x7F, 0x05, 0x5C, 0x05,
    0xDE, 0x0F, 0x16, 0x00, 0x10, 0x00, 0x00, 0x00, 0x98, 0x06, 0xF6, 0x02, 0x9A, 0x0A, 0x08, 0x0B,
    0xD4, 0x05, 0x34, 0x07, 0xDF, 0x03, 0xF4, 0x03, 0x16, 0x05, 0x98, 0x0D, 0x00, 0x00, 0x00, 0x00,
    0x74, 0x03, 0x2E, 0x01, 0xFF, 0x0F, 0x24, 0x01, 0xA6, 0x00, 0x42, 0x00, 0x42, 0x00, 0xFE, 0x0F,
    0x02, 0x00, 0x22, 0x00, 0x00, 0x00, 0x00, 0x00, 0xFE, 0x03, 0x84, 0x00, 0xFE, 0x09, 0x0C, 0x08,
    0xFE, 0x0F, 0xA0, 0x0A, 0xA3, 0x0A, 0xA2, 0x0A, 0xFC, 0x0B, 0x0E, 0x0C, 0x00, 0x00, 0x00, 0x00,
    0x0E, 0x08, 0x04, 0x08, 0xEC, 0x0F, 0xA4, 0x0A, 0xA7, 0x0A, 0xA6, 0x0A, 0xA4, 0x0A, 0xEC, 0x0B,
    0x0C, 0x08, 0x06, 0x0C, 0x00, 0x00, 0x00, 0x00, 0x20, 0x06, 0xA0, 0x00, 0xFF, 0x07, 0xE4, 0x0C,
    0xA4, 0x09, 0xA4, 0x0B, 0xE4, 0x0C, 0xFF, 0x06, 0xA0, 0x03, 0x30, 0x06, 0x20, 0x00, 0x00, 0x00,
    0x04, 0x06, 0xFF, 0x05, 0x06, 0x0C, 0xF4, 0x0F, 0x1C, 0x07, 0xD6, 0x03, 0x17, 0x06, 0xF4, 0x07,
    0xB4, 0x0C, 0xB6, 0x0C, 0x00, 0x00, 0x00, 0x00, 0x04, 0x00, 0x44, 0x0C, 0x64, 0x0E, 0x7C, 0x07,
    0xCF, 0x05, 0xC6, 0x04, 0x64, 0x05, 0x34, 0x06, 0x04, 0x0C, 0x04, 0x00, 0x00, 0x00, 0x00, 0x00,
    0x20, 0x04, 0xE6, 0x07, 0x24, 0x06, 0x3C, 0x06, 0xE6, 0x0D, 0xE4, 0x0C, 0xFF, 0x0D, 0xE4, 0x0F,
    0x24, 0x0E, 0xB4, 0x0F, 0x00, 0x04, 0x00, 0x00, 0x58, 0x06, 0xFE, 0x03, 0xF2, 0x07, 0xFE, 0x05,
    0xFE, 0x05, 0xFB, 0x03, 0x76, 0x01, 0x7A, 0x01, 0xF2, 0x0F, 0x5E, 0x01, 0x00, 0x01, 0x00, 0x00,
    0xFE, 0x0F, 0x90, 0x00, 0xFE, 0x07, 0x04, 0x00, 0x44, 0x0C, 0x74, 0x06, 0xDF, 0x05, 0xE4, 0x04,
    0x34, 0x06, 0x04, 0x0C, 0x04, 0x00, 0x00, 0x00, 0x98, 0x06, 0xF7, 0x02, 0x98, 0x02, 0x9C, 0x00,
    0xFC, 0x03, 0x57, 0x01, 0x54, 0x01, 0xF4, 0x07, 0x04, 0x0C, 0xFC, 0x07, 0x00, 0x00, 0x00, 0x00,
    0xF6, 0x00, 0xFF, 0x03, 0xFE, 0x0F, 0xFF, 0x01, 0x62, 0x01, 0xFE, 0x0F, 0x82, 0x00, 0xFF, 0x07,
    0x30, 0x0C, 0x18, 0x0E, 0x00, 0x04, 0x00, 0x00, 0xF2, 0x0F, 0xF2, 0x07, 0x5E, 0x04, 0xFF, 0x07,
    0x52, 0x01, 0x72, 0x01, 0xFF, 0x0F, 0xFA, 0x0F, 0x72, 0x01, 0x5A, 0x01, 0x42, 0x00, 0x00, 0x00,
    0x38, 0x01, 0x28, 0x01, 0x2E, 0x01, 0x28, 0x05, 0xAF, 0x0D, 0xAE, 0x07, 0x6C, 0x01, 0x2F, 0x01,
    0x39, 0x01, 0x98, 0x01, 0x00, 0x00, 0x00, 0x00, 0x18, 0x0C, 0x0C, 0x06, 0x84, 0x03, 0xE4, 0x00,
    0x27, 0x00, 0x16, 0x00, 0xF4, 0x01, 0x04, 0x03, 0x0C, 0x06, 0x0C, 0x0C, 0x00, 0x00, 0x00, 0x00,
    0x1C, 0x00, 0xA6, 0x04, 0xB6, 0x06, 0xB6, 0x06, 0xFE, 0x06, 0xBE, 0x06, 0xB6, 0x06, 0xB7, 0x0F,
    0x86, 0x0F, 0x0C, 0x00, 0x00, 0x00, 0x00, 0x00, 0x00, 0x04, 0xFC, 0x07, 0x08, 0x04, 0xF8, 0x07,
    0xFF, 0x07, 0xF9, 0x07, 0xF8, 0x07, 0x08, 0x04, 0xFC, 0x07, 0x00, 0x04, 0x00, 0x04, 0x00, 0x00,
    0xFE, 0x0F, 0x1E, 0x06, 0xFA, 0x03, 0x1A, 0x0A, 0xFE, 0x07, 0x08, 0x06, 0xC8, 0x03, 0xFF, 0x0C,
    0x08, 0x0E, 0xF8, 0x07, 0x00, 0x00, 0x00, 0x00, 0x04, 0x0E, 0xFE, 0x06, 0xDE, 0x02, 0xFE, 0x0E,
    0xFE, 0x03, 0xFE, 0x03, 0xFF, 0x0E, 0xDD, 0x02, 0xFC, 0x06, 0x04, 0x0F, 0x00, 0x00, 0x00, 0x00,
    0x6C, 0x00, 0xFE, 0x0F, 0x1B, 0x04, 0xFE, 0x03, 0x1E, 0x00, 0xEA, 0x0F, 0xAA, 0x05, 0xBE, 0x05,
    0xE9, 0x05, 0xE8, 0x0F, 0x08, 0x00, 0x00, 0x00, 0x10, 0x00, 0x0C, 0x00, 0xF7, 0x03, 0x54, 0x00,
    0x54, 0x00, 0xF4, 0x03, 0xF4, 0x07, 0x04, 0x0C, 0xFC, 0x0F, 0xFC, 0x01, 0x00, 0x00, 0x00, 0x00,
    0x10, 0x00, 0xF6, 0x07, 0x10, 0x02, 0x08, 0x00, 0xF6, 0x03, 0x57, 0x00, 0x54, 0x03, 0xF4, 0x0F,
    0x04, 0x0C, 0xFC, 0x07, 0x00, 0x00, 0x00, 0x00, 0x80, 0x00, 0xAA, 0x00, 0xAA, 0x03, 0xAA, 0x03,
    0xAA, 0x04, 0xAA, 0x04, 0xEA, 0x0F, 0xFE, 0x07, 0xBE, 0x00, 0xC0, 0x00, 0x80, 0x00, 0x00, 0x00,
    0x7E, 0x01, 0x2E, 0x05, 0x3A, 0x0C, 0xFE, 0x0F, 0x40, 0x06, 0xFF, 0x03, 0x00, 0x00, 0xFE, 0x03,
    0x00, 0x00, 0xFF, 0x0F, 0x00, 0x00, 0x00, 0x00, 0x20, 0x0C, 0xF6, 0x03, 0x26, 0x06, 0x78, 0x04,
    0xC6, 0x0F, 0x38, 0x0C, 0xCE, 0x0D, 0x32, 0x0C, 0xCE, 0x0C, 0x82, 0x0D, 0x00, 0x04, 0x00, 0x00,
    0x70, 0x04, 0xDC, 0x03, 0xF2, 0x01, 0x32, 0x00, 0xFC, 0x03, 0x57, 0x03, 0x54, 0x01, 0xF4, 0x0F,
    0x04, 0x0C, 0xFC, 0x07, 0x00, 0x00, 0x00, 0x00, 0x99, 0x07, 0xF3, 0x07, 0x3A, 0x00, 0x22, 0x00,
    0xFE, 0x07, 0xFE, 0x07, 0x32, 0x00, 0x3E, 0x00, 0xFF, 0x03, 0x00, 0x06, 0x00, 0x01, 0x00, 0x00,
    0x10, 0x00, 0xF6, 0x07, 0x16, 0x0B, 0x00, 0x07, 0xFF, 0x03, 0x00, 0x00, 0xFE, 0x03, 0xFC, 0x01,
    0x00, 0x00, 0xFF, 0x0F, 0x00, 0x00, 0x00, 0x00, 0x02, 0x00, 0xF6, 0x0F, 0x00, 0x02, 0x22, 0x00,
    0x22, 0x0C, 0xFE, 0x0F, 0x22, 0x00, 0x22, 0x00, 0xFE, 0x07, 0x00, 0x0E, 0x00, 0x0F, 0x00, 0x00,
    0x20, 0x04, 0xE6, 0x03, 0x40, 0x06, 0x62, 0x06, 0xFE, 0x0F, 0xE6, 0x0C, 0x3A, 0x0E, 0xFF, 0x0F,
    0xFE, 0x0C, 0x70, 0x0C, 0x40, 0x04, 0x00, 0x00, 0x20, 0x0C, 0xE6, 0x07, 0x24, 0x04, 0x22, 0x04,
    0xB2, 0x0F, 0xFE, 0x0B, 0x32, 0x08, 0x7E, 0x0C, 0xEE, 0x0D, 0x80, 0x0F, 0x00, 0x04, 0x00, 0x00,
    0x00, 0x06, 0xFE, 0x07, 0x22, 0x04, 0x22, 0x04, 0x22, 0x04, 0xFE, 0x07, 0x22, 0x04, 0xA2, 0x05,
    0x22, 0x07, 0x22, 0x04, 0x00, 0x04, 0x00, 0x00, 0xC8, 0x04, 0xFF, 0x0F, 0xFE, 0x07, 0x2C, 0x00,
    0xFE, 0x00, 0x92, 0x00, 0xFE, 0x0F, 0xFE, 0x0F, 0x92, 0x00, 0xFE, 0x00, 0x00, 0x00, 0x00, 0x00,
    0x3A, 0x03, 0xFE, 0x04, 0xFE, 0x0F, 0xFE, 0x07, 0x32, 0x02, 0xFE, 0x00, 0xCE, 0x00, 0xBF, 0x05,
    0xFC, 0x0D, 0xDC, 0x0F, 0x00, 0x00, 0x00, 0x00, 0xFE, 0x00, 0xFE, 0x0F, 0xFE, 0x0F, 0xFE, 0x00,
    0x42, 0x02, 0xFE, 0x00, 0x06, 0x00, 0x6B, 0x09, 0x3E, 0x0D, 0xC4, 0x0F, 0x00, 0x00, 0x00, 0x00,
    0xFE, 0x01, 0x84, 0x08, 0xFE, 0x05, 0x02, 0x06, 0x3E, 0x03, 0xAE, 0x01, 0x62, 0x04, 0xFE, 0x0F,
    0xFE, 0x07, 0x32, 0x00, 0x00, 0x00, 0x00, 0x00, 0x00, 0x00, 0x02, 0x00, 0x06, 0x00, 0x0C, 0x00,
    0xF0, 0x0F, 0xF8, 0x0F, 0x0C, 0x00, 0x06, 0x00, 0x03, 0x00, 0x00, 0x00, 0x00, 0x00, 0x00, 0x00,
    0x00, 0x04, 0xD0, 0x04, 0x7E, 0x02, 0x16, 0x03, 0x90, 0x05, 0x90, 0x0C, 0xFF, 0x0F, 0x16, 0x00,
    0x58, 0x00, 0x42, 0x00, 0x00, 0x00, 0x00, 0x00, 0x00, 0x04, 0x32, 0x02, 0x3E, 0x03, 0xA2, 0x01,
    0xE2, 0x04, 0x62, 0x0C, 0xFE, 0x0F, 0x22, 0x00, 0x22, 0x00, 0x32, 0x00, 0x00, 0x00, 0x00, 0x00,
    0xFC, 0x06, 0xFE, 0x03, 0xFF, 0x03, 0xFC, 0x07, 0x00, 0x06, 0x3A, 0x03, 0xEA, 0x05, 0x62, 0x0C,
    0xFE, 0x0F, 0x22, 0x00, 0x20, 0x00, 0x00, 0x00, 0x00, 0x04, 0xFE, 0x03, 0x8E, 0x00, 0xA4, 0x02,
    0xA4, 0x02, 0xF7, 0x07, 0xB4, 0x06, 0xA4, 0x02, 0xAE, 0x03, 0xC8, 0x04, 0x00, 0x00, 0x00, 0x00,
    0x64, 0x00, 0xFE, 0x0F, 0x0B, 0x00, 0xEA, 0x07, 0xBE, 0x02, 0xBA, 0x02, 0xFA, 0x07, 0x34, 0x08,
    0xF0, 0x0F, 0x32, 0x00, 0x10, 0x00, 0x00, 0x00, 0x98, 0x07, 0xF6, 0x0F, 0x1C, 0x06, 0xFE, 0x03,
    0x7E, 0x01, 0x0A, 0x01, 0xFE, 0x07, 0xFE, 0x07, 0x0A, 0x01, 0xAB, 0x05, 0x00, 0x00, 0x00, 0x00,
    0x3E, 0x01, 0xF2, 0x04, 0xFE, 0x0F, 0x32, 0x00, 0x3A, 0x04, 0xFF, 0x0F, 0xA5, 0x04, 0xFF, 0x07,
    0xA6, 0x04, 0xB4, 0x06, 0x00, 0x04, 0x00, 0x00, 0xFE, 0x01, 0x82, 0x00, 0xFE, 0x05, 0xF2, 0x04,
    0xC2, 0x04, 0xFE, 0x07, 0x02, 0x04, 0xFE, 0x07, 0xE2, 0x04, 0x3B, 0x04, 0x00, 0x04, 0x00, 0x00,
    0x02, 0x04, 0xF2, 0x04, 0xC2, 0x04, 0xFE, 0x07, 0x02, 0x04, 0xFE, 0x07, 0xFE, 0x07, 0xC2, 0x04,
    0x7A, 0x04, 0x12, 0x04, 0x00, 0x04, 0x00, 0x00, 0x10, 0x00, 0xF6, 0x07, 0x10, 0x07, 0x02, 0x07,
    0x3A, 0x02, 0xAE, 0x01, 0xE2, 0x04, 0xFE, 0x0F, 0xFE, 0x07, 0x32, 0x00, 0x00, 0x00, 0x00, 0x00,
    0x10, 0x06, 0x12, 0x00, 0xFE, 0x07, 0xB2, 0x00, 0xBE, 0x03, 0xBE, 0x02, 0xB6, 0x03, 0xB6, 0x06,
    0xB7, 0x0E, 0x98, 0x03, 0x00, 0x00, 0x00, 0x00, 0xFE, 0x03, 0x84, 0x00, 0xFE, 0x01, 0xFE, 0x01,
    0xFE, 0x0F, 0x12, 0x05, 0xFE, 0x04, 0xD6, 0x04, 0x92, 0x05, 0xFF, 0x0F, 0x00, 0x00, 0x00, 0x00,
    0xFC, 0x0F, 0x6C, 0x00, 0xEE, 0x01, 0xF8, 0x01, 0xFE, 0x03, 0xFE, 0x07, 0xFA, 0x07, 0x6E, 0x07,
    0x6A, 0x0E, 0xFE, 0x07, 0x00, 0x00, 0x00, 0x00, 0x30, 0x06, 0xFF, 0x03, 0x1C, 0x03, 0x08, 0x06,
    0xFE, 0x0F, 0x12, 0x07, 0xFE, 0x05, 0xDE, 0x04, 0x92, 0x05, 0xFE, 0x0F, 0x00, 0x00, 0x00, 0x00,
    0x10, 0x07, 0xF6, 0x0F, 0x78, 0x00, 0xF4, 0x03, 0xBC, 0x02, 0xFF, 0x07, 0xB4, 0x0F, 0xBC, 0x0B,
    0xF4, 0x09, 0x26, 0x0E, 0x20, 0x00, 0x00, 0x00, 0x40, 0x00, 0xC0, 0x07, 0xBF, 0x04, 0xA4, 0x07,
    0xA4, 0x05, 0x80, 0x07, 0xFF, 0x07, 0x88, 0x05, 0x98, 0x07, 0x30, 0x04, 0x00, 0x00, 0x00, 0x00,
    0x00, 0x06, 0xEE, 0x03, 0x38, 0x00, 0x3E, 0x00, 0x3E, 0x00, 0x22, 0x00, 0x3E, 0x00, 0x38, 0x00,
    0x2E, 0x00, 0x31, 0x00, 0x00, 0x00, 0x00, 0x00, 0xE2, 0x04, 0xFE, 0x07, 0x26, 0x0A, 0xF2, 0x0F,
    0x22, 0x04, 0xFE, 0x03, 0x7E, 0x00, 0x62, 0x00, 0xFE, 0x0F, 0x22, 0x00, 0x00, 0x00, 0x00, 0x00,
    0xF8, 0x06, 0xFF, 0x03, 0xF8, 0x0B, 0x78, 0x07, 0xBA, 0x03, 0xF6, 0x03, 0xF2, 0x05, 0x12, 0x05,
    0xFE, 0x05, 0x13, 0x0D, 0x00, 0x05, 0x00, 0x00, 0x20, 0x02, 0x2E, 0x01, 0xAA, 0x0F, 0xE8, 0x04,
    0xAE, 0x04, 0xAF, 0x04, 0xA8, 0x04, 0xA8, 0x0F, 0xBE, 0x0F, 0x30, 0x00, 0x20, 0x00, 0x00, 0x00,
    0xE2, 0x00, 0x3A, 0x07, 0xE6, 0x03, 0x20, 0x06, 0xF4, 0x05, 0x14, 0x05, 0xFE, 0x0D, 0xFE, 0x0D,
    0x33, 0x0D, 0x12, 0x0D, 0x00, 0x04, 0x00, 0x00, 0x04, 0x00, 0x14, 0x0F, 0xD4, 0x0F, 0x54, 0x04,
    0x57, 0x04, 0x56, 0x04, 0x54, 0x04, 0xFC, 0x0F, 0x04, 0x01, 0x06, 0x00, 0x00, 0x00, 0x00, 0x00,
    0xF0, 0x0F, 0x9C, 0x06, 0x5B, 0x05, 0xFC, 0x03, 0x96, 0x0B, 0xFA, 0x0D, 0xFA, 0x07, 0xFE, 0x03,
    0x2A, 0x02, 0xFA, 0x0D, 0x00, 0x00, 0x00, 0x00, 0xFC, 0x0F, 0xFC, 0x07, 0xF6, 0x03, 0xF8, 0x03,
    0xAE, 0x02, 0xBA, 0x02, 0xFA, 0x03, 0xE2, 0x07, 0x02, 0x0C, 0xFE, 0x07, 0x00, 0x00, 0x00, 0x00,
    0x40, 0x08, 0xA8, 0x09, 0xAC, 0x04, 0x10, 0x07, 0xFF, 0x01, 0xE8, 0x01, 0x9C, 0x03, 0xD6, 0x06,
    0x72, 0x0C, 0x20, 0x0C, 0x00, 0x00, 0x00, 0x00, 0x98, 0x07, 0xF6, 0x07, 0x78, 0x00, 0x24, 0x00,
    0xDE, 0x0F, 0x02, 0x04, 0x02, 0x04, 0x1E, 0x04, 0xF2, 0x0F, 0x30, 0x00, 0x10, 0x00, 0x00, 0x00,
    0x24, 0x00, 0xF4, 0x03, 0xFC, 0x03, 0xAC, 0x02, 0xF7, 0x07, 0xB4, 0x0E, 0xAC, 0x0A, 0xFC, 0x0B,
    0x36, 0x08, 0x36, 0x0E, 0x10, 0x00, 0x00, 0x00, 0xC8, 0x04, 0xFF, 0x0F, 0x6C, 0x00, 0xF4, 0x01,
    0xFC, 0x03, 0xFE, 0x03, 0xF7, 0x0F, 0xAC, 0x08, 0xF4, 0x0B, 0x36, 0x0C, 0x20, 0x04, 0x00, 0x00,
    0xFE, 0x07, 0x52, 0x02, 0xFE, 0x03, 0xFE, 0x07, 0xFE, 0x0F, 0xFE, 0x07, 0xCA, 0x04, 0x8A, 0x03,
    0xFF, 0x06, 0xC2, 0x0C, 0x00, 0x00, 0x00, 0x00, 0x4C, 0x00, 0xF6, 0x0F, 0x1B, 0x00, 0x08, 0x00,
    0xB2, 0x07, 0x66, 0x00, 0x1A, 0x00, 0x12, 0x0C, 0xF2, 0x0F, 0x12, 0x00, 0x10, 0x00, 0x00, 0x00,
    0x30, 0x0D, 0xC6, 0x0F, 0x34, 0x08, 0xEE, 0x0F, 0xE8, 0x05, 0xE8, 0x05, 0xFB, 0x01, 0x28, 0x05,
    0xEC, 0x05, 0xE6, 0x0D, 0x04, 0x00, 0x00, 0x00, 0x94, 0x00, 0xFF, 0x0F, 0xFC, 0x00, 0xF4, 0x00,
    0xF8, 0x07, 0xF6, 0x0F, 0xF7, 0x0C, 0xFC, 0x0C, 0x96, 0x0C, 0xF0, 0x0E, 0x00, 0x04, 0x00, 0x00,
    0x10, 0x03, 0xFF, 0x01, 0x10, 0x01, 0xFE, 0x0F, 0xFE, 0x07, 0xFE, 0x05, 0xEE, 0x07, 0x66, 0x07,
    0xFE, 0x07, 0x5E, 0x06, 0x00, 0x04, 0x00, 0x00, 0xA4, 0x09, 0xF4, 0x07, 0xF4, 0x01, 0xFF, 0x0F,
    0xAC, 0x00, 0xAC, 0x06, 0xEF, 0x0D, 0xFC, 0x01, 0x64, 0x07, 0xB6, 0x0D, 0x00, 0x00, 0x00, 0x00,
    0x00, 0x07, 0xFE, 0x09, 0x22, 0x04, 0x22, 0x06, 0xA2, 0x03, 0xFE, 0x00, 0xE6, 0x01, 0x2A, 0x03,
    0x3A, 0x06, 0x22, 0x0C, 0x00, 0x04, 0x00, 0x00, 0xE2, 0x02, 0xFE, 0x03, 0x12, 0x09, 0xF2, 0x07,
    0xFE, 0x06, 0xFE, 0x03, 0xFE, 0x00, 0xC2, 0x07, 0x7E, 0x04, 0x7E, 0x04, 0x00, 0x07, 0x00, 0x00,
    0x00, 0x07, 0xFE, 0x01, 0xF2, 0x0F, 0xFE, 0x0F, 0x76, 0x00, 0xFE, 0x0F, 0x46, 0x05, 0xFE, 0x07,
    0x4A, 0x05, 0xEB, 0x05, 0x02, 0x04, 0x00, 0x00, 0xFC, 0x03, 0x84, 0x00, 0xFC, 0x01, 0x04, 0x00,
    0xD4, 0x0F, 0x94, 0x05, 0x97, 0x04, 0x94, 0x04, 0xBC, 0x0F, 0xBE, 0x07, 0x04, 0x00, 0x00, 0x00,
    0x00, 0x06, 0xF2, 0x03, 0x92, 0x0A, 0x5E, 0x0A, 0x53, 0x0D, 0x73, 0x05, 0xBE, 0x05, 0xB6, 0x06,
    0x92, 0x02, 0x1A, 0x02, 0x00, 0x00, 0x00, 0x00, 0x30, 0x06, 0xFF, 0x03, 0x1A, 0x03, 0x0C, 0x02,
    0xE8, 0x0F, 0x26, 0x05, 0xA7, 0x05, 0x3C, 0x04, 0x2E, 0x05, 0xE6, 0x0F, 0x00, 0x00, 0x00, 0x00,
    0x0C, 0x09, 0x02, 0x08, 0x78, 0x0B, 0xD8, 0x0F, 0xDB, 0x06, 0x5A, 0x06, 0x58, 0x07, 0x7C, 0x05,
    0x06, 0x0C, 0x86, 0x00, 0x00, 0x00, 0x00, 0x00, 0x10, 0x00, 0xF6, 0x07, 0x00, 0x0F, 0xF0, 0x07,
    0xF4, 0x0B, 0x5C, 0x04, 0x53, 0x05, 0xBE, 0x05, 0xFC, 0x02, 0x12, 0x03, 0x10, 0x00, 0x00, 0x00,
    0x7E, 0x05, 0x4A, 0x0D, 0x7E, 0x07, 0xE2, 0x03, 0xF8, 0x0B, 0x2E, 0x03, 0xE3, 0x03, 0x34, 0x07,
    0xD8, 0x01, 0x10, 0x04, 0x00, 0x00, 0x00, 0x00, 0x70, 0x04, 0xDC, 0x03, 0xF0, 0x09, 0x72, 0x04,
    0x7C, 0x04, 0xCC, 0x03, 0xFF, 0x01, 0x84, 0x03, 0x7C, 0x06, 0x40, 0x0C, 0x00, 0x00, 0x00, 0x00,
    0x00, 0x08, 0x7C, 0x04, 0x78, 0x04, 0x08, 0x03, 0xFE, 0x01, 0xFF, 0x00, 0x88, 0x03, 0x78, 0x06,
    0x7C, 0x0C, 0x40, 0x0C, 0x00, 0x00, 0x00, 0x00, 0x28, 0x04, 0x2E, 0x00, 0xFE, 0x03, 0x7A, 0x01,
    0xFF, 0x01, 0x8B, 0x01, 0xDA, 0x07, 0xFE, 0x0D, 0x28, 0x0F, 0x2C, 0x03, 0x00, 0x00, 0x00, 0x00,
    0x92, 0x01, 0xFE, 0x0F, 0xFE, 0x0F, 0x6A, 0x08, 0x7C, 0x04, 0xC8, 0x03, 0xFF, 0x01, 0x8E, 0x03,
    0x7C, 0x06, 0x48, 0x0C, 0x00, 0x00, 0x00, 0x00, 0xC8, 0x00, 0xFF, 0x0F, 0xFF, 0x0F, 0x6C, 0x0A,
    0x22, 0x05, 0xF2, 0x06, 0x2E, 0x03, 0xE6, 0x0D, 0x22, 0x0C, 0xE0, 0x07, 0x20, 0x00, 0x00, 0x00,
    0xC8, 0x04, 0xFF, 0x0F, 0xFF, 0x0F, 0x2C, 0x0A, 0x22, 0x05, 0xF2, 0x06, 0x2A, 0x03, 0xE6, 0x0D,
    0x22, 0x0C, 0xE0, 0x07, 0x20, 0x00, 0x00, 0x00, 0x30, 0x00, 0xFC, 0x0F, 0x07, 0x00, 0x28, 0x00,
    0x2B, 0x00, 0xAE, 0x01, 0xF8, 0x0F, 0x2F, 0x00, 0x29, 0x00, 0xAC, 0x00, 0x00, 0x00, 0x00, 0x00,
    0xD8, 0x04, 0xFC, 0x03, 0xFE, 0x0C, 0x48, 0x0A, 0x48, 0x07, 0xEB, 0x06, 0x7A, 0x03, 0xD8, 0x0D,
    0x4C, 0x0E, 0xC2, 0x07, 0x40, 0x00, 0x00, 0x00, 0x00, 0x00, 0x20, 0x00, 0x21, 0x00, 0x26, 0x00,
    0xF8, 0x0F, 0xFC, 0x07, 0x26, 0x00, 0x23, 0x00, 0x24, 0x00, 0x84, 0x00, 0x00, 0x00, 0x00, 0x00,
    0x18, 0x05, 0xF2, 0x0F, 0x3E, 0x00, 0x2C, 0x00, 0x29, 0x00, 0x2E, 0x01, 0xF8, 0x0F, 0x2E, 0x00,
    0x2B, 0x00, 0xAC, 0x00, 0x00, 0x00, 0x00, 0x00, 0xFE, 0x0F, 0xFE, 0x07, 0x3A, 0x01, 0xC6, 0x01,
    0xFE, 0x0F, 0xFE, 0x07, 0x22, 0x02, 0x22, 0x02, 0xFE, 0x07, 0xFE, 0x07, 0x00, 0x00, 0x00, 0x00,
    0x58, 0x02, 0xDE, 0x02, 0xF7, 0x02, 0xD6, 0x0F, 0xF6, 0x02, 0xF6, 0x02, 0x76, 0x03, 0xFE, 0x03,
    0xFE, 0x07, 0x02, 0x0C, 0x00, 0x08, 0x00, 0x00, 0x10, 0x00, 0xFC, 0x0F, 0x03, 0x00, 0xFE, 0x03,
    0xFE, 0x01, 0x82, 0x00, 0xFF, 0x0F, 0xFC, 0x07, 0x04, 0x01, 0xFE, 0x01, 0x00, 0x00, 0x00, 0x00,
    0xD8, 0x04, 0xFE, 0x03, 0x7C, 0x01, 0x54, 0x01, 0x5C, 0x01, 0xF7, 0x0F, 0xF6, 0x0F, 0x5C, 0x01,
    0x5C, 0x01, 0x16, 0x01, 0x00, 0x01, 0x00, 0x00, 0x24, 0x01, 0xAC, 0x09, 0xEC, 0x04, 0xEF, 0x07,
    0x3C, 0x00, 0x2C, 0x00, 0xEF, 0x0F, 0xEC, 0x00, 0xAE, 0x00, 0xA4, 0x01, 0x00, 0x00, 0x00, 0x00,
    0xE8, 0x00, 0xFF, 0x0F, 0xFF, 0x07, 0xE8, 0x00, 0x28, 0x00, 0x2E, 0x00, 0xFA, 0x0F, 0xAC, 0x05,
    0x2B, 0x00, 0xAC, 0x00, 0x80, 0x00, 0x00, 0x00, 0x18, 0x05, 0xD6, 0x07, 0x3A, 0x05, 0x0C, 0x07,
    0xCB, 0x03, 0x7E, 0x0C, 0xFE, 0x07, 0x8B, 0x01, 0xCC, 0x02, 0x52, 0x06, 0x00, 0x04, 0x00, 0x00,
    0x22, 0x0C, 0xE6, 0x07, 0x40, 0x06, 0xDE, 0x0D, 0xFB, 0x0E, 0xDE, 0x0F, 0xF8, 0x0E, 0x2E, 0x0D,
    0xFB, 0x0D, 0x1C, 0x0F, 0x08, 0x00, 0x00, 0x00, 0xFE, 0x07, 0x4A, 0x04, 0xFE, 0x0F, 0xA2, 0x08,
    0xBE, 0x03, 0xFE, 0x07, 0xE6, 0x06, 0xBE, 0x03, 0xA6, 0x04, 0xFF, 0x04, 0x80, 0x00, 0x00, 0x00,
    0xE8, 0x01, 0x7F, 0x03, 0xE8, 0x0B, 0x78, 0x0E, 0x24, 0x04, 0xA4, 0x03, 0xFE, 0x00, 0xE2, 0x01,
    0x22, 0x07, 0x32, 0x0C, 0x20, 0x04, 0x00, 0x00, 0x22, 0x02, 0xFE, 0x03, 0x22, 0x01, 0xC2, 0x05,
    0xBE, 0x0F, 0xB2, 0x00, 0xEE, 0x07, 0xB2, 0x04, 0xAF, 0x0C, 0xE4, 0x0F, 0x80, 0x00, 0x00, 0x00,
    0xC8, 0x08, 0xFF, 0x0F, 0xAC, 0x00, 0xE8, 0x0F, 0xFE, 0x0F, 0xA2, 0x00, 0xFE, 0x07, 0xA2, 0x00,
    0xBF, 0x0F, 0xE4, 0x02, 0x00, 0x00, 0x00, 0x00, 0x84, 0x08, 0xA4, 0x08, 0xA4, 0x04, 0xA7, 0x03,
    0xBE, 0x00, 0x94, 0x07, 0xBC, 0x0F, 0xAC, 0x08, 0xE2, 0x08, 0x32, 0x0E, 0x00, 0x04, 0x00, 0x00,
    0x22, 0x04, 0xF6, 0x07, 0x40, 0x04, 0xEE, 0x07, 0x5A, 0x0F, 0x76, 0x0A, 0xEE, 0x0B, 0x5A, 0x0E,
    0xD7, 0x0F, 0x44, 0x0C, 0x00, 0x04, 0x00, 0x00, 0x9C, 0x00, 0xD6, 0x0F, 0xB8, 0x04, 0xBC, 0x00,
    0xE3, 0x07, 0xE7, 0x07, 0xAC, 0x00, 0xB8, 0x0E, 0xBC, 0x0F, 0x86, 0x00, 0x04, 0x00, 0x00, 0x00,
    0x20, 0x00, 0xF6, 0x0F, 0x00, 0x02, 0xCC, 0x07, 0xBA, 0x0F, 0xB2, 0x00, 0xFE, 0x07, 0xA2, 0x00,
    0xBB, 0x0F, 0xAE, 0x0F, 0x80, 0x00, 0x00, 0x00, 0xE8, 0x04, 0x3F, 0x03, 0xFA, 0x03, 0xB8, 0x0E,
    0xB8, 0x04, 0xFE, 0x03, 0x7E, 0x00, 0xFF, 0x07, 0xD8, 0x0C, 0x88, 0x0C, 0x00, 0x04, 0x00, 0x00,
    0xFC, 0x03, 0x04, 0x01, 0xFC, 0x09, 0x44, 0x08, 0x34, 0x04, 0xDC, 0x06, 0x87, 0x03, 0xEC, 0x07,
    0x34, 0x04, 0x36, 0x0C, 0x00, 0x00, 0x00, 0x00, 0x02, 0x00, 0xEE, 0x0F, 0xBA, 0x04, 0xB2, 0x04,
    0x8E, 0x04, 0xBA, 0x04, 0xB2, 0x04, 0xBB, 0x04, 0xEF, 0x0F, 0x20, 0x00, 0x00, 0x00, 0x00, 0x00,
    0x62, 0x0D, 0xF2, 0x05, 0x6E, 0x05, 0x37, 0x05, 0xD2, 0x00, 0x72, 0x00, 0x9F, 0x05, 0x02, 0x0C,
    0xF2, 0x0F, 0xF2, 0x01, 0x02, 0x00, 0x00, 0x00, 0x82, 0x08, 0xBE, 0x08, 0xA2, 0x09, 0xFE, 0x07,
    0xFE, 0x06, 0xAE, 0x02, 0xBE, 0x07, 0xA2, 0x04, 0xBE, 0x0C, 0xC3, 0x00, 0x00, 0x00, 0x00, 0x00,
    0xAC, 0x03, 0xFF, 0x00, 0xFC, 0x07, 0xB6, 0x03, 0xFE, 0x07, 0xFC, 0x07, 0xDF, 0x06, 0xFA, 0x07,
    0xCC, 0x06, 0xFF, 0x07, 0x00, 0x04, 0x00, 0x00, 0x68, 0x00, 0xFF, 0x0F, 0x2C, 0x00, 0xFE, 0x03,
    0xFE, 0x01, 0xFE, 0x07, 0xFE, 0x07, 0xFE, 0x0F, 0x12, 0x01, 0x6E, 0x03, 0xC2, 0x01, 0x00, 0x00,
    0xFE, 0x01, 0x84, 0x00, 0xFE, 0x00, 0x32, 0x00, 0xFA, 0x03, 0xBA, 0x07, 0x3F, 0x01, 0x3A, 0x07,
    0xFE, 0x03, 0x1A, 0x04, 0x10, 0x00, 0x00, 0x00, 0x00, 0x03, 0xFE, 0x01, 0x28, 0x01, 0xAA, 0x01,
    0xFE, 0x0F, 0x81, 0x00, 0xFF, 0x0F, 0x12, 0x01, 0x3E, 0x03, 0xC7, 0x03, 0x80, 0x00, 0x00, 0x00,
    0x48, 0x00, 0x44, 0x00, 0x62, 0x00, 0xD6, 0x0F, 0xD8, 0x0F, 0x5C, 0x00, 0x77, 0x02, 0xE2, 0x07,
    0xE6, 0x01, 0x20, 0x00, 0x00, 0x00, 0x00, 0x00, 0xFF, 0x04, 0xAA, 0x04, 0xFE, 0x03, 0xAA, 0x02,
    0xBF, 0x02, 0x00, 0x04, 0x06, 0x0C, 0xFE, 0x0F, 0x16, 0x00, 0x72, 0x00, 0x20, 0x00, 0x00, 0x00,
    0x86, 0x03, 0xEC, 0x07, 0x38, 0x00, 0x30, 0x00, 0xF8, 0x0F, 0x96, 0x04, 0x93, 0x04, 0x90, 0x04,
    0xD8, 0x0F, 0xB8, 0x00, 0x00, 0x00, 0x00, 0x00, 0x40, 0x00, 0xFC, 0x07, 0xFC, 0x0F, 0x20, 0x08,
    0xFE, 0x0B, 0xFE, 0x0B, 0x88, 0x08, 0xFC, 0x0D, 0xFC, 0x0C, 0x00, 0x0E, 0x00, 0x04, 0x00, 0x00,
    0x02, 0x08, 0xFA, 0x01, 0xFA, 0x05, 0x0A, 0x06, 0xEE, 0x03, 0x6A, 0x01, 0x0A, 0x02, 0xFA, 0x07,
    0xFA, 0x0D, 0x03, 0x00, 0x00, 0x00, 0x00, 0x00, 0xC8, 0x04, 0xFF, 0x0F, 0xA8, 0x00, 0x7C, 0x00,
    0xFC, 0x0F, 0x4C, 0x0C, 0xFF, 0x06, 0xFC, 0x03, 0xF4, 0x06, 0x36, 0x0C, 0x00, 0x04, 0x00, 0x00,
    0x00, 0x00, 0xF0, 0x01, 0xC0, 0x01, 0xFE, 0x07, 0xFE, 0x07, 0x00, 0x04, 0xFE, 0x07, 0xC0, 0x01,
    0x78, 0x04, 0x18, 0x04, 0x00, 0x00, 0x00, 0x00, 0xFE, 0x03, 0x84, 0x00, 0xFC, 0x01, 0xFC, 0x01,
    0x10, 0x00, 0x10, 0x00, 0xFF, 0x0F, 0xFF, 0x07, 0x10, 0x00, 0x18, 0x00, 0x00, 0x00, 0x00, 0x00,
    0x00, 0x08, 0xFC, 0x08, 0x54, 0x04, 0x54, 0x04, 0xFF, 0x06, 0xD4, 0x03, 0x54, 0x07, 0xD4, 0x05,
    0x7C, 0x0C, 0x00, 0x0C, 0x00, 0x08, 0x00, 0x00, 0xFE, 0x03, 0x52, 0x04, 0xFE, 0x0F, 0x66, 0x00,
    0xFC, 0x0F, 0xCC, 0x08, 0xFF, 0x04, 0x7C, 0x03, 0xF4, 0x07, 0x36, 0x0C, 0x00, 0x00, 0x00, 0x00,
    0x44, 0x00, 0xF4, 0x0F, 0xFC, 0x0F, 0xCC, 0x00, 0x77, 0x04, 0xBE, 0x03, 0xDC, 0x07, 0xD4, 0x04,
    0x34, 0x0C, 0x06, 0x0C, 0x00, 0x00, 0x00, 0x00, 0x98, 0x07, 0xF6, 0x07, 0x9C, 0x00, 0x64, 0x00,
    0xFC, 0x0F, 0x4C, 0x04, 0xFF, 0x06, 0xFE, 0x03, 0xF0, 0x06, 0x32, 0x0C, 0x00, 0x04, 0x00, 0x00,
    0x20, 0x00, 0x20, 0x00, 0x20, 0x00, 0x20, 0x00, 0x20, 0x00, 0x20, 0x00, 0x20, 0x00, 0x20, 0x00,
    0x20, 0x00, 0x30, 0x00, 0x20, 0x00, 0x00, 0x00, 0x70, 0x08, 0x10, 0x08, 0xD8, 0x0B, 0xD8, 0x0E,
    0xDF, 0x0A, 0xDE, 0x0A, 0xD8, 0x0E, 0xFC, 0x0B, 0x3A, 0x08, 0x32, 0x0C, 0x00, 0x00, 0x00, 0x00,
    0xFE, 0x0F, 0xFE, 0x07, 0x62, 0x04, 0x5E, 0x02, 0xCE, 0x01, 0xFA, 0x00, 0x4A, 0x01, 0x4A, 0x03,
    0x4A, 0x06, 0x62, 0x04, 0x00, 0x00, 0x00, 0x00, 0xC8, 0x0C, 0xFF, 0x0F, 0x68, 0x02, 0x38, 0x02,
    0xFE, 0x03, 0xFA, 0x03, 0x5A, 0x02, 0xDA, 0x03, 0xFE, 0x0F, 0x10, 0x02, 0x00, 0x02, 0x00, 0x00,
    0x98, 0x00, 0xF7, 0x0F, 0xD4, 0x06, 0xD4, 0x02, 0xC4, 0x00, 0xF4, 0x0F, 0x1F, 0x04, 0xF6, 0x03,
    0x64, 0x03, 0x34, 0x06, 0x00, 0x04, 0x00, 0x00, 0x30, 0x00, 0xFE, 0x0F, 0x87, 0x00, 0x40, 0x00,
    0xF0, 0x0F, 0x1F, 0x04, 0x7E, 0x02, 0xC0, 0x01, 0x34, 0x07, 0x04, 0x06, 0x00, 0x04, 0x00, 0x00,
    0x30, 0x00, 0xFC, 0x0F, 0x17, 0x08, 0x10, 0x04, 0x12, 0x06, 0xFE, 0x01, 0x5E, 0x00, 0x12, 0x00,
    0xFE, 0x00, 0x18, 0x00, 0x10, 0x00, 0x00, 0x00, 0x00, 0x01, 0x80, 0x00, 0xC0, 0x0F, 0xF0, 0x0F,
    0x1F, 0x04, 0x7E, 0x02, 0xC0, 0x01, 0x20, 0x03, 0x34, 0x06, 0x04, 0x06, 0x00, 0x04, 0x00, 0x00,
    0xFE, 0x07, 0xFA, 0x04, 0xDE, 0x07, 0xDE, 0x07, 0xFB, 0x0E, 0xFA, 0x05, 0xFA, 0x07, 0xFE, 0x03,
    0x0A, 0x02, 0xFF, 0x0D, 0x00, 0x00, 0x00, 0x00, 0x04, 0x08, 0xEC, 0x08, 0xAC, 0x04, 0xAC, 0x06,
    0xFE, 0x01, 0xBF, 0x01, 0xAC, 0x03, 0xAC, 0x07, 0xBC, 0x0F, 0xC6, 0x0D, 0x00, 0x00, 0x00, 0x00,
    0x20, 0x0C, 0xE6, 0x07, 0x24, 0x06, 0x10, 0x04, 0xFE, 0x0F, 0x9A, 0x0B, 0xDF, 0x09, 0x1A, 0x0B,
    0xFE, 0x0F, 0x10, 0x0C, 0x10, 0x04, 0x00, 0x00, 0x92, 0x01, 0xF2, 0x00, 0xFE, 0x0F, 0xD3, 0x08,
    0x58, 0x09, 0xAE, 0x09, 0xFF, 0x07, 0x5C, 0x06, 0x8C, 0x03, 0xC6, 0x01, 0x00, 0x00, 0x00, 0x00,
    0x30, 0x00, 0xFC, 0x0F, 0x17, 0x08, 0x00, 0x08, 0x38, 0x04, 0xC6, 0x03, 0xC6, 0x03, 0xF8, 0x06,
    0x1E, 0x04, 0x00, 0x0C, 0x00, 0x00, 0x00, 0x00, 0xFE, 0x07, 0x5A, 0x04, 0xFE, 0x0F, 0xCE, 0x0C,
    0xEC, 0x04, 0xAC, 0x03, 0xFF, 0x00, 0xAC, 0x03, 0xBC, 0x07, 0xFE, 0x0D, 0x80, 0x00, 0x00, 0x00,
    0xEE, 0x04, 0xFE, 0x03, 0xFA, 0x0B, 0xAE, 0x06, 0x98, 0x07, 0xF2, 0x03, 0x16, 0x06, 0xFE, 0x07,
    0x52, 0x0C, 0x5A, 0x0C, 0x10, 0x04, 0x00, 0x00, 0x10, 0x07, 0xF6, 0x0F, 0x3E, 0x0C, 0x00, 0x07,
    0xFE, 0x03, 0x12, 0x00, 0x12, 0x00, 0xF2, 0x0F, 0x33, 0x00, 0x12, 0x00, 0x00, 0x00, 0x00, 0x00,
    0x1C, 0x00, 0x04, 0x00, 0xFC, 0x07, 0x54, 0x05, 0x57, 0x01, 0x56, 0x01, 0x54, 0x05, 0xFC, 0x07,
    0x0C, 0x00, 0x0E, 0x04, 0x04, 0x00, 0x00, 0x00, 0xE8, 0x04, 0xBF, 0x03, 0xF8, 0x0B, 0x7C, 0x0E,
    0xEC, 0x04, 0xAC, 0x03, 0xFF, 0x01, 0xAE, 0x03, 0xBC, 0x07, 0xFE, 0x0D, 0x00, 0x00, 0x00, 0x00,
    0xA8, 0x0A, 0x78, 0x0A, 0xFE, 0x06, 0x7F, 0x07, 0xBE, 0x03, 0xFE, 0x02, 0x7E, 0x0F, 0xFE, 0x07,
    0x78, 0x02, 0xEC, 0x03, 0x00, 0x00, 0x00, 0x00, 0x78, 0x00, 0xFF, 0x0F, 0x68, 0x00, 0x6C, 0x00,
    0xF4, 0x03, 0x3C, 0x02, 0xEF, 0x07, 0x2C, 0x0C, 0xF6, 0x0F, 0x20, 0x00, 0x20, 0x00, 0x00, 0x00,
    0xFC, 0x04, 0xCA, 0x06, 0xFF, 0x03, 0xF8, 0x0B, 0x08, 0x06, 0x3C, 0x02, 0xC7, 0x03, 0xE4, 0x03,
    0x3E, 0x06, 0x06, 0x0C, 0x00, 0x04, 0x00, 0x00, 0x30, 0x00, 0xFC, 0x0F, 0x27, 0x00, 0xE4, 0x03,
    0xF4, 0x03, 0x6E, 0x00, 0xEF, 0x03, 0x3C, 0x08, 0xF4, 0x0F, 0x26, 0x00, 0x20, 0x00, 0x00, 0x00,
    0x02, 0x00, 0xFA, 0x07, 0x22, 0x04, 0x22, 0x04, 0x22, 0x04, 0x22, 0x04, 0x22, 0x04, 0x3E, 0x04,
    0x3E, 0x04, 0x00, 0x07, 0x00, 0x00, 0x00, 0x00, 0x00, 0x02, 0x82, 0x07, 0xC2, 0x04, 0x62, 0x04,
    0x1A, 0x04, 0x0E, 0x04, 0x06, 0x04, 0x02, 0x04, 0x00, 0x06, 0x80, 0x07, 0x00, 0x00, 0x00, 0x00,
    0x80, 0x08, 0xE8, 0x0C, 0xBC, 0x04, 0xBE, 0x03, 0xEB, 0x01, 0xA9, 0x01, 0xAA, 0x03, 0xBC, 0x06,
    0xAC, 0x0C, 0x80, 0x0C, 0x00, 0x00, 0x00, 0x00, 0x00, 0x00, 0xFE, 0x07, 0x00, 0x0B, 0x00, 0x09,
    0x8E, 0x04, 0x4C, 0x04, 0x00, 0x03, 0xF0, 0x01, 0x7F, 0x03, 0x00, 0x06, 0x00, 0x00, 0x00, 0x00,
    0x04, 0x00, 0x24, 0x06, 0x2E, 0x0F, 0xAF, 0x0C, 0xE4, 0x0C, 0x64, 0x0C, 0x3F, 0x08, 0x24, 0x0C,
    0x04, 0x0C, 0x06, 0x07, 0x04, 0x00, 0x00, 0x00, 0xC8, 0x04, 0xFF, 0x0F, 0x6D, 0x00, 0x2C, 0x00,
    0xFE, 0x03, 0x82, 0x01, 0x83, 0x00, 0xFD, 0x0F, 0x04, 0x01, 0xFE, 0x01, 0x00, 0x00, 0x00, 0x00,
    0x00, 0x01, 0x80, 0x0A, 0x7E, 0x0B, 0xF6, 0x05, 0xD6, 0x06, 0x56, 0x03, 0xD6, 0x05, 0x5F, 0x0C,
    0xC0, 0x07, 0xC0, 0x00, 0x00, 0x00, 0x00, 0x00, 0x00, 0x00, 0xF0, 0x07, 0x9E, 0x0C, 0x9A, 0x0C,
    0xFA, 0x0C, 0xFA, 0x0C, 0x9A, 0x0C, 0xBF, 0x0C, 0xF0, 0x0C, 0x00, 0x07, 0x00, 0x00, 0x00, 0x00,
    0xF8, 0x03, 0xFE, 0x03, 0xFF, 0x03, 0xF8, 0x07, 0x30, 0x00, 0x2E, 0x07, 0xA7, 0x05, 0x64, 0x0C,
    0x34, 0x0C, 0x04, 0x0C, 0x04, 0x07, 0x00, 0x00, 0x30, 0x00, 0xFC, 0x0F, 0x17, 0x00, 0x00, 0x02,
    0x80, 0x07, 0xE0, 0x04, 0x38, 0x04, 0x0E, 0x04, 0x06, 0x04, 0x00, 0x07, 0x00, 0x00, 0x00, 0x00,
    0x44, 0x00, 0xF6, 0x0F, 0x3B, 0x08, 0x28, 0x08, 0x3E, 0x04, 0xEE, 0x07, 0x22, 0x03, 0xEE, 0x07,
    0x7A, 0x04, 0x18, 0x0C, 0x00, 0x00, 0x00, 0x00, 0xFE, 0x07, 0x52, 0x04, 0xFE, 0x0F, 0x1A, 0x04,
    0xF2, 0x07, 0xFE, 0x0F, 0xFF, 0x0B, 0xFE, 0x0A, 0xF6, 0x0E, 0xFA, 0x02, 0x08, 0x04, 0x00, 0x00,
    0x20, 0x0C, 0xE6, 0x07, 0x38, 0x06, 0x7C, 0x06, 0xAE, 0x0D, 0xFB, 0x08, 0xEE, 0x0F, 0x6E, 0x0E,
    0xF8, 0x0E, 0x80, 0x0F, 0x00, 0x04, 0x00, 0x00, 0x7E, 0x04, 0xFE, 0x03, 0xD6, 0x03, 0xFA, 0x06,
    0xA8, 0x02, 0xAC, 0x02, 0xFF, 0x0F, 0xAC, 0x02, 0xFE, 0x02, 0xBC, 0x03, 0x08, 0x00, 0x00, 0x00,
    0xD8, 0x04, 0xFE, 0x0B, 0x7C, 0x08, 0x64, 0x08, 0xBC, 0x04, 0x0B, 0x07, 0x88, 0x07, 0xFC, 0x05,
    0x20, 0x0C, 0x22, 0x0C, 0x00, 0x04, 0x00, 0x00, 0x84, 0x09, 0xF4, 0x04, 0x24, 0x06, 0xFC, 0x03,
    0x1F, 0x04, 0x06, 0x0C, 0xFC, 0x0F, 0x04, 0x00, 0x64, 0x00, 0xC6, 0x01, 0x04, 0x00, 0x00, 0x00,
    0x12, 0x00, 0xEA, 0x0F, 0x3E, 0x01, 0xFE, 0x07, 0x73, 0x03, 0x56, 0x03, 0xCA, 0x07, 0xBE, 0x0C,
    0xF6, 0x0F, 0x32, 0x00, 0x00, 0x00, 0x00, 0x00, 0x08, 0x04, 0x0A, 0x02, 0xFA, 0x07, 0xEE, 0x0F,
    0xEB, 0x0D, 0xEB, 0x0F, 0xEE, 0x0C, 0xFE, 0x06, 0xFA, 0x03, 0x08, 0x06, 0x08, 0x04, 0x00, 0x00,
    0x54, 0x05, 0xFC, 0x06, 0xF3, 0x0D, 0x9E, 0x07, 0x56, 0x09, 0x30, 0x07, 0xFE, 0x04, 0xA2, 0x03,
    0xFE, 0x07, 0x78, 0x0C, 0x10, 0x04, 0x00, 0x00, 0x38, 0x00, 0xFF, 0x0F, 0xFF, 0x07, 0x18, 0x00,
    0x82, 0x07, 0xE2, 0x04, 0x32, 0x04, 0x0E, 0x04, 0x06, 0x04, 0x02, 0x06, 0x00, 0x04, 0x00, 0x00,
    0x00, 0x08, 0x00, 0x04, 0x1C, 0x04, 0x61, 0x02, 0x86, 0x03, 0xC6, 0x03, 0x70, 0x02, 0x1E, 0x06,
    0x06, 0x0C, 0x00, 0x0C, 0x00, 0x00, 0x00, 0x00, 0xC8, 0x08, 0xE8, 0x0F, 0xE8, 0x0F, 0xBE, 0x0F,
    0x88, 0x0F, 0x88, 0x0F, 0x9E, 0x0F, 0xAB, 0x0F, 0xE8, 0x0F, 0x4C, 0x0C, 0x00, 0x00, 0x00, 0x00,
    0x98, 0x0F, 0xF6, 0x04, 0x5C, 0x04, 0xE8, 0x07, 0xFF, 0x04, 0xDE, 0x07, 0xC8, 0x07, 0x5F, 0x04,
    0xF9, 0x07, 0x6C, 0x04, 0x00, 0x04, 0x00, 0x00, 0x10, 0x00, 0xF6, 0x07, 0x16, 0x07, 0x00, 0x01,
    0xDF, 0x0F, 0x54, 0x05, 0x54, 0x05, 0x52, 0x05, 0xD2, 0x0F, 0xDE, 0x07, 0x10, 0x00, 0x00, 0x00,
    0x10, 0x00, 0xF6, 0x0F, 0x16, 0x0A, 0x00, 0x05, 0x3C, 0x04, 0xC7, 0x03, 0x86, 0x03, 0xF8, 0x06,
    0x1E, 0x04, 0x00, 0x0C, 0x00, 0x00, 0x00, 0x00, 0x02, 0x00, 0xF6, 0x07, 0x00, 0x0A, 0x0C, 0x09,
    0xF4, 0x0F, 0x54, 0x09, 0x57, 0x09, 0x54, 0x09, 0xFC, 0x0F, 0x06, 0x0C, 0x04, 0x00, 0x00, 0x00,
    0x10, 0x00, 0xF6, 0x07, 0x00, 0x01, 0xA2, 0x01, 0x72, 0x01, 0x5E, 0x01, 0xFA, 0x0F, 0x5E, 0x01,
    0x72, 0x01, 0x70, 0x01, 0x00, 0x01, 0x00, 0x00, 0x00, 0x09, 0x1E, 0x09, 0x3E, 0x07, 0xEA, 0x03,
    0x2A, 0x01, 0x2A, 0x01, 0xEA, 0x0F, 0xEE, 0x0F, 0x2A, 0x01, 0xB8, 0x01, 0x00, 0x00, 0x00, 0x00,
    0x08, 0x0A, 0xCE, 0x0E, 0xF6, 0x06, 0xF6, 0x07, 0xFF, 0x02, 0xFC, 0x02, 0xF6, 0x03, 0xF4, 0x06,
    0xFF, 0x0E, 0x86, 0x03, 0x00, 0x00, 0x00, 0x00, 0xA2, 0x00, 0xBE, 0x00, 0x9A, 0x00, 0xBE, 0x07,
    0xFE, 0x00, 0xF2, 0x04, 0x9E, 0x07, 0x8A, 0x01, 0xFE, 0x00, 0xC2, 0x04, 0x00, 0x00, 0x00, 0x00,
    0xD8, 0x06, 0xF6, 0x02, 0x9A, 0x02, 0x2C, 0x01, 0x22, 0x01, 0x1E, 0x01, 0xFA, 0x0F, 0x1E, 0x01,
    0x76, 0x01, 0x30, 0x01, 0x00, 0x00, 0x00, 0x00, 0x02, 0x00, 0xFA, 0x0F, 0x4A, 0x06, 0x4F, 0x07,
    0xF2, 0x05, 0xF2, 0x04, 0x4F, 0x05, 0x66, 0x06, 0xFA, 0x0F, 0x02, 0x00, 0x02, 0x00, 0x00, 0x00,
    0xFA, 0x0F, 0xFA, 0x07, 0x7A, 0x0B, 0x9F, 0x0D, 0x02, 0x06, 0xFA, 0x03, 0x2F, 0x00, 0x2A, 0x04,
    0xFA, 0x0F, 0x02, 0x00, 0x00, 0x00, 0x00, 0x00, 0x00, 0x00, 0xFE, 0x0F, 0x12, 0x06, 0x92, 0x05,
    0xFE, 0x04, 0x5E, 0x04, 0x92, 0x05, 0x12, 0x07, 0xFE, 0x0F, 0xFE, 0x07, 0x00, 0x00, 0x00, 0x00,
    0xCE, 0x07, 0xFE, 0x01, 0xD2, 0x04, 0xFF, 0x0F, 0xFC, 0x09, 0x30, 0x04, 0xEE, 0x07, 0x22, 0x03,
    0xFE, 0x07, 0x78, 0x0C, 0x10, 0x04, 0x00, 0x00, 0x24, 0x00, 0x24, 0x00, 0xEC, 0x0F, 0x7C, 0x05,
    0x67, 0x05, 0x66, 0x05, 0x7C, 0x05, 0xEC, 0x0F, 0x26, 0x00, 0x30, 0x00, 0x00, 0x00, 0x00, 0x00,
    0xFE, 0x0F, 0xFE, 0x0F, 0x9A, 0x09, 0xE6, 0x04, 0x02, 0x06, 0xFE, 0x01, 0x12, 0x00, 0x12, 0x04,
    0xFE, 0x0F, 0xFE, 0x07, 0x00, 0x00, 0x00, 0x00, 0xE8, 0x05, 0x3F, 0x03, 0xF8, 0x03, 0x18, 0x04,
    0xFE, 0x0F, 0x12, 0x07, 0xFE, 0x05, 0x9E, 0x04, 0x12, 0x07, 0xFE, 0x0F, 0x00, 0x00, 0x00, 0x00,
    0xFC, 0x03, 0x84, 0x00, 0xFE, 0x01, 0x20, 0x00, 0x98, 0x00, 0x9E, 0x00, 0xF3, 0x0C, 0x8E, 0x07,
    0xD8, 0x01, 0x30, 0x00, 0x10, 0x00, 0x00, 0x00, 0x98, 0x00, 0xF7, 0x0F, 0x94, 0x06, 0xD4, 0x02,
    0xFE, 0x0F, 0xFE, 0x0F, 0xEA, 0x04, 0xAA, 0x03, 0xFE, 0x06, 0xC2, 0x0C, 0x00, 0x04, 0x00, 0x00,
    0x18, 0x05, 0xF6, 0x0F, 0x3A, 0x00, 0x0E, 0x01, 0x3A, 0x00, 0x22, 0x05, 0xFE, 0x07, 0x22, 0x00,
    0x3F, 0x04, 0xA7, 0x04, 0x00, 0x00, 0x00, 0x00, 0x0C, 0x08, 0xEC, 0x0F, 0xE8, 0x07, 0xA8, 0x06,
    0xFB, 0x01, 0xFA, 0x03, 0xA8, 0x06, 0xEC, 0x07, 0xEC, 0x0D, 0x06, 0x08, 0x04, 0x00, 0x00, 0x00,
    0x18, 0x00, 0xFE, 0x07, 0x2B, 0x0E, 0x18, 0x0A, 0x38, 0x05, 0x1E, 0x03, 0xFF, 0x01, 0xF8, 0x01,
    0x18, 0x07, 0x0C, 0x0C, 0x00, 0x00, 0x00, 0x00, 0x52, 0x08, 0x52, 0x04, 0x52, 0x07, 0xFE, 0x01,
    0x5E, 0x00, 0x52, 0x00, 0x52, 0x00, 0xFE, 0x00, 0xFE, 0x00, 0x18, 0x00, 0x10, 0x00, 0x00, 0x00,
    0x62, 0x00, 0x7A, 0x04, 0x42, 0x04, 0x42, 0x0C, 0xDE, 0x07, 0xCA, 0x00, 0x00, 0x00, 0x00, 0x00,
    0xFF, 0x0F, 0x00, 0x00, 0x00, 0x00, 0x00, 0x00, 0xFE, 0x0F, 0x92, 0x00, 0xFE, 0x05, 0xD6, 0x07,
    0x6C, 0x00, 0x6E, 0x0F, 0xEB, 0x09, 0x6E, 0x0D, 0xEE, 0x06, 0xF8, 0x03, 0x00, 0x06, 0x00, 0x00,
    0x00, 0x03, 0xFE, 0x03, 0x22, 0x01, 0x32, 0x01, 0x03, 0x00, 0xFE, 0x0F, 0xFE, 0x0F, 0x00, 0x01,
    0xFE, 0x03, 0xFE, 0x01, 0x00, 0x00, 0x00, 0x00, 0x82, 0x08, 0xF2, 0x04, 0xF2, 0x04, 0x9F, 0x03,
    0xFE, 0x01, 0xBA, 0x01, 0x9F, 0x02, 0xF2, 0x06, 0xF2, 0x04, 0x82, 0x0C, 0x80, 0x00, 0x00, 0x00,
    0x68, 0x00, 0xFF, 0x0F, 0xEC, 0x08, 0xDE, 0x08, 0xBE, 0x03, 0xFE, 0x07, 0xDE, 0x06, 0xFE, 0x07,
    0xBE, 0x0C, 0xFE, 0x00, 0x80, 0x00, 0x00, 0x00, 0xC0, 0x08, 0xFE, 0x08, 0xBE, 0x0A, 0xA6, 0x0B,
    0xDE, 0x06, 0xDE, 0x06, 0xBE, 0x07, 0xBE, 0x05, 0xFE, 0x0C, 0xC2, 0x00, 0x00, 0x00, 0x00, 0x00,
    0x80, 0x03, 0xFE, 0x00, 0x3A, 0x04, 0xFE, 0x07, 0x7E, 0x04, 0xFF, 0x05, 0xFE, 0x04, 0xFE, 0x07,
    0xFE, 0x0E, 0x26, 0x07, 0x00, 0x00, 0x00, 0x00, 0x00, 0x06, 0xFC, 0x05, 0x24, 0x04, 0xE4, 0x05,
    0x05, 0x04, 0xF6, 0x04, 0x44, 0x07, 0xE4, 0x05, 0x74, 0x04, 0x06, 0x04, 0x00, 0x04, 0x00, 0x00,
    0xDC, 0x06, 0xB7, 0x02, 0x98, 0x0A, 0xDE, 0x08, 0x3E, 0x0B, 0xBE, 0x07, 0xDE, 0x06, 0x7E, 0x07,
    0x3E, 0x0D, 0xFE, 0x08, 0x00, 0x00, 0x00, 0x00, 0x74, 0x08, 0x54, 0x01, 0x54, 0x01, 0x5F, 0x01,
    0xD4, 0x07, 0x54, 0x01, 0x5F, 0x03, 0xF4, 0x07, 0x34, 0x00, 0x16, 0x04, 0x00, 0x00, 0x00, 0x00,
    0x34, 0x08, 0x30, 0x0C, 0xD6, 0x0F, 0x5F, 0x0D, 0xF0, 0x07, 0xF0, 0x07, 0x5F, 0x05, 0xD6, 0x07,
    0x70, 0x05, 0x1A, 0x0C, 0x10, 0x00, 0x00, 0x00, 0x32, 0x00, 0x0A, 0x0F, 0xFA, 0x05, 0x2F, 0x05,
    0x2A, 0x05, 0x2A, 0x05, 0x2F, 0x05, 0xFA, 0x0F, 0x1A, 0x07, 0x1A, 0x00, 0x02, 0x00, 0x00, 0x00,
    0x62, 0x08, 0x32, 0x05, 0xD2, 0x04, 0x1F, 0x02, 0xF2, 0x01, 0xF2, 0x00, 0x9F, 0x03, 0xD2, 0x06,
    0x72, 0x04, 0x12, 0x04, 0x00, 0x00, 0x00, 0x00, 0xF8, 0x04, 0xFF, 0x03, 0x78, 0x03, 0x78, 0x06,
    0xFE, 0x03, 0x5E, 0x01, 0xFA, 0x07, 0x7A, 0x0D, 0x7F, 0x09, 0xF2, 0x0D, 0x00, 0x06, 0x00, 0x00,
    0x20, 0x04, 0xE6, 0x07, 0x24, 0x06, 0xFE, 0x04, 0xC2, 0x0C, 0x43, 0x0C, 0xFE, 0x0F, 0x82, 0x0C,
    0x86, 0x0D, 0xFE, 0x0C, 0x00, 0x04, 0x00, 0x00, 0xC2, 0x07, 0xFE, 0x01, 0xFE, 0x0F, 0xDE, 0x0B,
    0xDF, 0x07, 0xDE, 0x0F, 0xDE, 0x07, 0xFE, 0x03, 0xFE, 0x07, 0x42, 0x0E, 0x00, 0x04, 0x00, 0x00,
    0xC0, 0x08, 0xE2, 0x07, 0xBE, 0x05, 0x5E, 0x07, 0x3A, 0x07, 0x3A, 0x07, 0x6E, 0x07, 0xCE, 0x05,
    0xFC, 0x07, 0x0C, 0x04, 0x00, 0x04, 0x00, 0x00, 0x20, 0x06, 0xEF, 0x07, 0xF8, 0x0F, 0xF8, 0x07,
    0xEE, 0x0B, 0xFF, 0x0E, 0x98, 0x04, 0x44, 0x06, 0x33, 0x03, 0x99, 0x01, 0x80, 0x00, 0x00, 0x00,
    0xAF, 0x02, 0xAE, 0x03, 0xFA, 0x0F, 0xBA, 0x09, 0x4A, 0x08, 0xFA, 0x05, 0x0E, 0x03, 0xFE, 0x03,
    0x0A, 0x06, 0xFB, 0x0D, 0x02, 0x00, 0x00, 0x00, 0xF2, 0x07, 0xFE, 0x07, 0xF2, 0x0B, 0xF2, 0x0B,
    0xFE, 0x04, 0xE8, 0x07, 0xFE, 0x07, 0xFE, 0x04, 0xF8, 0x04, 0xFD, 0x0C, 0x00, 0x04, 0x00, 0x00,
    0xFE, 0x07, 0x24, 0x02, 0xFC, 0x0B, 0xC4, 0x08, 0x7C, 0x04, 0x80, 0x03, 0xFF, 0x01, 0x8C, 0x03,
    0x7C, 0x06, 0x4C, 0x0C, 0x40, 0x00, 0x00, 0x00, 0xFC, 0x03, 0x84, 0x00, 0xFC, 0x01, 0x98, 0x06,
    0xF7, 0x02, 0xBA, 0x02, 0x38, 0x02, 0xCE, 0x04, 0x02, 0x0C, 0xFC, 0x07, 0x08, 0x00, 0x00, 0x00,
    0xC8, 0x04, 0xFF, 0x0F, 0x68, 0x0C, 0x28, 0x07, 0xFE, 0x01, 0x12, 0x00, 0xFE, 0x0F, 0xD2, 0x04,
    0x92, 0x0C, 0xFE, 0x0F, 0x00, 0x00, 0x00, 0x00, 0x30, 0x00, 0xFC, 0x0F, 0x07, 0x0C, 0x00, 0x07,
    0xFE, 0x01, 0x92, 0x00, 0xFE, 0x0F, 0xD2, 0x04, 0x92, 0x0C, 0xFE, 0x0F, 0x00, 0x00, 0x00, 0x00,
    0xFE, 0x07, 0x52, 0x08, 0xFE, 0x0F, 0xB2, 0x04, 0xFC, 0x06, 0xF0, 0x01, 0xFF, 0x0F, 0x5E, 0x05,
    0xFC, 0x07, 0xD2, 0x05, 0x02, 0x04, 0x00, 0x00, 0x58, 0x04, 0xFE, 0x03, 0x7E, 0x0C, 0xFA, 0x07,
    0xAA, 0x00, 0xAB, 0x00, 0xFA, 0x0F, 0x2A, 0x04, 0xFA, 0x0F, 0xFA, 0x07, 0x00, 0x00, 0x00, 0x00,
    0x80, 0x07, 0xFE, 0x01, 0xF8, 0x0F, 0xF8, 0x07, 0x7A, 0x03, 0xFF, 0x0F, 0xFC, 0x03, 0x78, 0x07,
    0xFE, 0x0F, 0x12, 0x00, 0x10, 0x00, 0x00, 0x00, 0xB2, 0x09, 0xEE, 0x05, 0xF6, 0x03, 0xF2, 0x00,
    0xFB, 0x0F, 0x5F, 0x05, 0x56, 0x05, 0xFE, 0x07, 0x52, 0x05, 0x52, 0x05, 0x00, 0x04, 0x00, 0x00,
    0xFE, 0x07, 0xFA, 0x07, 0xFA, 0x07, 0x5E, 0x02, 0xFA, 0x0F, 0x2A, 0x01, 0xFE, 0x07, 0xFE, 0x07,
    0x0A, 0x0C, 0xFB, 0x0F, 0x00, 0x00, 0x00, 0x00, 0xFC, 0x04, 0xFE, 0x03, 0xFF, 0x03, 0xFC, 0x07,
    0xFA, 0x0F, 0xF2, 0x07, 0x56, 0x01, 0xFE, 0x07, 0x46, 0x0D, 0xFA, 0x0F, 0x00, 0x00, 0x00, 0x00,
    0xFC, 0x01, 0x84, 0x04, 0xFC, 0x03, 0x20, 0x03, 0xE4, 0x05, 0x65, 0x0C, 0xFF, 0x07, 0xF0, 0x00,
    0x18, 0x03, 0x18, 0x06, 0x00, 0x00, 0x00, 0x00, 0x18, 0x0F, 0xF6, 0x0F, 0x3C, 0x04, 0x20, 0x03,
    0xE8, 0x05, 0x69, 0x0C, 0xFF, 0x0F, 0xE0, 0x00, 0x10, 0x03, 0x18, 0x06, 0x00, 0x00, 0x00, 0x00,
    0x18, 0x07, 0xD2, 0x0F, 0x3E, 0x00, 0xFE, 0x0F, 0xFA, 0x07, 0x06, 0x00, 0xFE, 0x0F, 0x4E, 0x05,
    0x42, 0x0D, 0xFA, 0x0F, 0x00, 0x00, 0x00, 0x00, 0x20, 0x04, 0x20, 0x03, 0xE8, 0x01, 0x68, 0x04,
    0xF9, 0x0F, 0xFE, 0x07, 0xE0, 0x00, 0xA0, 0x01, 0x18, 0x06, 0x10, 0x06, 0x00, 0x00, 0x00, 0x00,
    0x00, 0x06, 0xFE, 0x00, 0x3A, 0x07, 0x3A, 0x0C, 0xFE, 0x0D, 0xFE, 0x0F, 0x3E, 0x0C, 0xBA, 0x0E,
    0xFF, 0x01, 0x00, 0x06, 0x00, 0x00, 0x00, 0x00, 0x00, 0x09, 0xFA, 0x09, 0x18, 0x05, 0x1A, 0x07,
    0xFE, 0x01, 0x7E, 0x05, 0x1A, 0x0D, 0x1A, 0x0D, 0xFF, 0x07, 0x00, 0x01, 0x00, 0x00, 0x00, 0x00,
    0x00, 0x06, 0xFE, 0x03, 0x5A, 0x00, 0x42, 0x00, 0x5A, 0x00, 0xFE, 0x07, 0x42, 0x00, 0x42, 0x04,
    0xFF, 0x0F, 0x02, 0x00, 0x00, 0x00, 0x00, 0x00, 0xFC, 0x0F, 0x20, 0x07, 0xFC, 0x05, 0xB4, 0x05,
    0xFE, 0x07, 0xFE, 0x07, 0xB8, 0x05, 0xEC, 0x05, 0x10, 0x07, 0xFC, 0x0F, 0x00, 0x00, 0x00, 0x00,
    0x30, 0x00, 0xFC, 0x0F, 0x17, 0x08, 0x00, 0x04, 0x80, 0x03, 0xFF, 0x00, 0xFB, 0x07, 0xF2, 0x0F,
    0x06, 0x0C, 0x08, 0x07, 0x00, 0x04, 0x00, 0x00, 0x18, 0x06, 0xFE, 0x01, 0x6F, 0x07, 0xFC, 0x0E,
    0x98, 0x09, 0x4E, 0x0B, 0x77, 0x0C, 0x7C, 0x0E, 0xCC, 0x03, 0xC6, 0x06, 0x00, 0x00, 0x00, 0x00,
    0x38, 0x00, 0xFF, 0x0F, 0x08, 0x08, 0x18, 0x04, 0x00, 0x03, 0xFF, 0x01, 0x7F, 0x00, 0xF2, 0x0F,
    0x0E, 0x0C, 0x08, 0x0C, 0x00, 0x04, 0x00, 0x00, 0x08, 0x08, 0x08, 0x04, 0x08, 0x03, 0xF8, 0x01,
    0x3F, 0x00, 0xF8, 0x07, 0xFA, 0x0F, 0x0E, 0x0C, 0x08, 0x0C, 0x08, 0x07, 0x00, 0x04, 0x00, 0x00,
    0x00, 0x00, 0xF8, 0x0F, 0x08, 0x04, 0x08, 0x04, 0xFE, 0x07, 0xFF, 0x07, 0x08, 0x04, 0x08, 0x04,
    0xF8, 0x0F, 0x18, 0x06, 0x00, 0x00, 0x00, 0x00, 0xFC, 0x07, 0xFC, 0x07, 0xFF, 0x03, 0xFF, 0x03,
    0xFC, 0x07, 0xFC, 0x07, 0xFE, 0x0F, 0xFE, 0x07, 0x3A, 0x02, 0xCE, 0x03, 0x02, 0x01, 0x00, 0x00,
    0xB8, 0x00, 0xFF, 0x0F, 0xD4, 0x06, 0xD4, 0x02, 0xFC, 0x0F, 0x48, 0x04, 0xC8, 0x04, 0xFF, 0x07,
    0x48, 0x04, 0xFC, 0x0F, 0x00, 0x00, 0x00, 0x00, 0x8A, 0x04, 0x6C, 0x0C, 0xFE, 0x0F, 0x03, 0x04,
    0x00, 0x03, 0xFF, 0x01, 0x7F, 0x00, 0xF2, 0x0F, 0x06, 0x0C, 0x08, 0x0E, 0x00, 0x00, 0x00, 0x00,
    0x30, 0x07, 0xE6, 0x0F, 0x3C, 0x00, 0xFC, 0x0F, 0xF8, 0x07, 0x48, 0x04, 0xFF, 0x07, 0x48, 0x04,
    0xF8, 0x07, 0xF8, 0x0F, 0x00, 0x00, 0x00, 0x00, 0xB2, 0x0F, 0xF6, 0x0C, 0x0C, 0x06, 0xFA, 0x05,
    0x2E, 0x0F, 0xE8, 0x07, 0x9C, 0x00, 0x97, 0x0C, 0xF4, 0x0F, 0x94, 0x00, 0x84, 0x00, 0x00, 0x00,
    0x02, 0x00, 0xFA, 0x0F, 0x8A, 0x05, 0x7E, 0x05, 0x0E, 0x05, 0x3E, 0x05, 0x7E, 0x05, 0x4A, 0x05,
    0xFA, 0x0F, 0x0B, 0x00, 0x00, 0x00, 0x00, 0x00, 0x84, 0x00, 0x44, 0x00, 0x74, 0x00, 0xFC, 0x0F,
    0x57, 0x01, 0x55, 0x01, 0x54, 0x05, 0xF4, 0x0F, 0xF4, 0x07, 0x06, 0x00, 0x04, 0x00, 0x00, 0x00,
    0x04, 0x04, 0x04, 0x0B, 0xE4, 0x04, 0x3F, 0x04, 0xE7, 0x06, 0xA4, 0x03, 0xE4, 0x03, 0xF4, 0x06,
    0x24, 0x04, 0x04, 0x04, 0x00, 0x00, 0x00, 0x00, 0x08, 0x01, 0x80, 0x00, 0xE0, 0x0F, 0xFC, 0x0F,
    0x4F, 0x04, 0x40, 0x04, 0x40, 0x04, 0x40, 0x04, 0xC4, 0x0F, 0x04, 0x00, 0x00, 0x00, 0x00, 0x00,
    0x30, 0x00, 0xFE, 0x0F, 0x0B, 0x01, 0x88, 0x00, 0xF8, 0x0F, 0xDE, 0x07, 0x4F, 0x04, 0x48, 0x04,
    0xE8, 0x0F, 0x4C, 0x00, 0x00, 0x00, 0x00, 0x00, 0xBE, 0x01, 0xFA, 0x0C, 0xFE, 0x0F, 0xFF, 0x00,
    0xFC, 0x0F, 0xF8, 0x0F, 0x48, 0x04, 0xFF, 0x07, 0x48, 0x04, 0xF8, 0x0F, 0x08, 0x00, 0x00, 0x00,
    0x10, 0x04, 0xF6, 0x07, 0x40, 0x0A, 0x4A, 0x09, 0x7A, 0x06, 0xDA, 0x03, 0x7E, 0x00, 0xDB, 0x0D,
    0x7B, 0x0F, 0x6C, 0x03, 0x00, 0x00, 0x00, 0x00, 0x00, 0x00, 0x02, 0x04, 0x06, 0x06, 0x3A, 0x03,
    0xC2, 0x01, 0xC2, 0x01, 0x7A, 0x03, 0x1E, 0x06, 0x02, 0x06, 0x00, 0x04, 0x00, 0x00, 0x00, 0x00,
    0x30, 0x03, 0xAC, 0x03, 0x67, 0x0A, 0xB8, 0x0B, 0x08, 0x07, 0x08, 0x03, 0xFF, 0x01, 0x0F, 0x04,
    0x08, 0x0E, 0xF8, 0x07, 0x00, 0x00, 0x00, 0x00, 0x20, 0x0C, 0xE6, 0x07, 0x24, 0x06, 0x12, 0x04,
    0x12, 0x04, 0x12, 0x0E, 0xFE, 0x0F, 0x12, 0x0C, 0x12, 0x0C, 0x12, 0x0C, 0x10, 0x04, 0x00, 0x00,
    0xB8, 0x07, 0xE6, 0x0D, 0x08, 0x06, 0xF8, 0x05, 0x3F, 0x0E, 0xF4, 0x03, 0x34, 0x02, 0x4E, 0x02,
    0xCE, 0x04, 0x30, 0x04, 0x20, 0x00, 0x00, 0x00, 0x20, 0x00, 0x22, 0x00, 0x22, 0x00, 0x22, 0x04,
    0xFE, 0x0F, 0xFE, 0x07, 0x22, 0x00, 0x22, 0x00, 0x22, 0x00, 0x32, 0x00, 0x00, 0x00, 0x00, 0x00,
    0x08, 0x04, 0xCA, 0x07, 0x88, 0x04, 0xA8, 0x07, 0xEA, 0x04, 0xFE, 0x07, 0x88, 0x07, 0x88, 0x04,
    0xC9, 0x07, 0x0C, 0x04, 0x00, 0x04, 0x00, 0x00, 0x68, 0x00, 0xFF, 0x0F, 0x78, 0x00, 0xF8, 0x0F,
    0x6C, 0x05, 0xFF, 0x0F, 0x2B, 0x00, 0xEC, 0x07, 0xEC, 0x0F, 0xF8, 0x07, 0x00, 0x00, 0x00, 0x00,
    0x00, 0x07, 0xFC, 0x0B, 0x14, 0x0B, 0xEC, 0x0F, 0xFF, 0x07, 0xFE, 0x03, 0xFE, 0x03, 0xFE, 0x07,
    0xFE, 0x0F, 0x0C, 0x0F, 0x04, 0x00, 0x00, 0x00, 0x00, 0x0C, 0xFE, 0x01, 0xBE, 0x07, 0xA6, 0x0E,
    0x7E, 0x09, 0x7E, 0x0A, 0x66, 0x08, 0xFE, 0x0E, 0xBE, 0x03, 0xE0, 0x06, 0x00, 0x04, 0x00, 0x00,
    0x00, 0x09, 0xFE, 0x05, 0x6A, 0x07, 0x5E, 0x03, 0xFF, 0x01, 0xFD, 0x01, 0x56, 0x03, 0x4A, 0x03,
    0xFE, 0x07, 0x86, 0x0D, 0x00, 0x01, 0x00, 0x00, 0x20, 0x04, 0x90, 0x06, 0x98, 0x03, 0x86, 0x05,
    0xE3, 0x0F, 0xE3, 0x07, 0x94, 0x01, 0x98, 0x03, 0xD8, 0x06, 0x10, 0x04, 0x10, 0x00, 0x00, 0x00,
    0x10, 0x00, 0xE8, 0x0F, 0xAC, 0x00, 0xA6, 0x0F, 0xF3, 0x0F, 0x03, 0x00, 0xEE, 0x07, 0x0C, 0x0C,
    0xEC, 0x0F, 0x18, 0x00, 0x08, 0x00, 0x00, 0x00, 0x22, 0x04, 0xE6, 0x07, 0x18, 0x04, 0xFC, 0x07,
    0xCE, 0x0E, 0xFB, 0x0F, 0xEB, 0x09, 0xEE, 0x0F, 0xFC, 0x0F, 0x0C, 0x0C, 0x00, 0x00, 0x00, 0x00,
    0x10, 0x00, 0xF8, 0x03, 0xFC, 0x03, 0x57, 0x02, 0x51, 0x03, 0xFC, 0x03, 0x56, 0x02, 0x50, 0x03,
    0xF0, 0x03, 0x00, 0x04, 0x00, 0x00, 0x00, 0x00, 0x38, 0x00, 0xFF, 0x0F, 0x08, 0x00, 0xF0, 0x0F,
    0xAC, 0x05, 0xF6, 0x0F, 0x03, 0x00, 0xEC, 0x07, 0xE8, 0x0F, 0xF8, 0x07, 0x08, 0x00, 0x00, 0x00,
    0x98, 0x07, 0xF6, 0x07, 0x3C, 0x00, 0xF8, 0x0F, 0x2C, 0x05, 0xF7, 0x0F, 0x0B, 0x00, 0xEC, 0x07,
    0xEC, 0x0F, 0xF8, 0x07, 0x08, 0x00, 0x00, 0x00, 0x18, 0x07, 0xF6, 0x0F, 0x3C, 0x00, 0x34, 0x08,
    0xFC, 0x03, 0x57, 0x02, 0xF2, 0x03, 0x5E, 0x02, 0x56, 0x03, 0xF0, 0x07, 0x00, 0x04, 0x00, 0x00,
    0xFE, 0x0F, 0x92, 0x00, 0xEE, 0x01, 0xC2, 0x04, 0xFE, 0x0F, 0x5E, 0x03, 0xFE, 0x01, 0xFE, 0x01,
    0x7E, 0x07, 0xFE, 0x0F, 0x00, 0x00, 0x00, 0x00, 0x20, 0x00, 0x22, 0x00, 0x22, 0x04, 0x26, 0x04,
    0xEA, 0x0F, 0xFE, 0x07, 0x26, 0x00, 0x22, 0x00, 0x62, 0x00, 0x30, 0x00, 0x00, 0x00, 0x00, 0x00,
    0xE8, 0x04, 0x3F, 0x03, 0xF8, 0x03, 0xB8, 0x0A, 0xBE, 0x04, 0xBE, 0x06, 0xEA, 0x03, 0xAA, 0x03,
    0xBE, 0x06, 0xA2, 0x0C, 0x80, 0x00, 0x00, 0x00, 0xFA, 0x07, 0xFA, 0x07, 0xAA, 0x00, 0x4A, 0x01,
    0xFE, 0x07, 0xFE, 0x07, 0xEA, 0x01, 0x4A, 0x05, 0xFA, 0x0F, 0xFA, 0x07, 0x02, 0x00, 0x00, 0x00,
    0x00, 0x01, 0x00, 0x01, 0x3F, 0x01, 0x2F, 0x01, 0x24, 0x01, 0x24, 0x05, 0xA4, 0x05, 0x24, 0x0C,
    0xE4, 0x07, 0x24, 0x00, 0x00, 0x00, 0x00, 0x00, 0xF8, 0x03, 0x08, 0x02, 0xFF, 0x03, 0xF8, 0x03,
    0xF8, 0x03, 0x3E, 0x01, 0x3F, 0x01, 0xA0, 0x05, 0xA0, 0x0D, 0xE4, 0x07, 0x04, 0x00, 0x00, 0x00,
    0x80, 0x07, 0xC2, 0x0F, 0x7E, 0x02, 0x6A, 0x02, 0xFE, 0x03, 0xFE, 0x01, 0x6A, 0x01, 0x7F, 0x07,
    0x7B, 0x0E, 0xC0, 0x07, 0x00, 0x00, 0x00, 0x00, 0x88, 0x00, 0x96, 0x00, 0x94, 0x00, 0x94, 0x00,
    0xF7, 0x0F, 0xF7, 0x0F, 0x94, 0x00, 0x94, 0x00, 0x9C, 0x00, 0xC6, 0x00, 0x00, 0x00, 0x00, 0x00,
    0x02, 0x00, 0xF6, 0x0F, 0x00, 0x02, 0x42, 0x00, 0xCA, 0x0F, 0xFA, 0x04, 0xCE, 0x04, 0xCA, 0x04,
    0xFA, 0x0F, 0x62, 0x00, 0x00, 0x00, 0x00, 0x00, 0x82, 0x01, 0x9A, 0x00, 0x72, 0x04, 0x62, 0x0C,
    0xFE, 0x07, 0x86, 0x01, 0xDA, 0x00, 0x52, 0x04, 0xFE, 0x0F, 0xFE, 0x07, 0x00, 0x00, 0x00, 0x00,
    0x02, 0x04, 0x22, 0x04, 0x22, 0x04, 0x22, 0x04, 0xFE, 0x07, 0xFE, 0x07, 0x22, 0x04, 0xA2, 0x05,
    0x22, 0x05, 0x22, 0x06, 0x00, 0x00, 0x00, 0x00, 0x10, 0x02, 0xFF, 0x03, 0x18, 0x05, 0xF8, 0x07,
    0xF0, 0x0A, 0xF0, 0x06, 0x3F, 0x06, 0xFF, 0x03, 0xE2, 0x07, 0x36, 0x0C, 0x00, 0x0E, 0x00, 0x00,
    0x82, 0x00, 0x92, 0x00, 0x96, 0x00, 0x9F, 0x04, 0xF2, 0x0F, 0xF2, 0x07, 0x9F, 0x00, 0x97, 0x00,
    0x92, 0x00, 0xC2, 0x00, 0x00, 0x00, 0x00, 0x00, 0x64, 0x00, 0xFC, 0x0F, 0x57, 0x01, 0x55, 0x04,
    0xFC, 0x0F, 0x16, 0x00, 0xFE, 0x0F, 0xFE, 0x07, 0x3A, 0x02, 0xCE, 0x03, 0x82, 0x01, 0x00, 0x00,
    0xFE, 0x01, 0x82, 0x00, 0xFE, 0x01, 0x22, 0x00, 0x22, 0x04, 0x22, 0x0C, 0xFE, 0x0F, 0xFE, 0x07,
    0x22, 0x00, 0x32, 0x00, 0x30, 0x00, 0x00, 0x00, 0x20, 0x06, 0xF6, 0x03, 0x00, 0x04, 0xFE, 0x07,
    0x3E, 0x0D, 0xB6, 0x0D, 0xFE, 0x0C, 0xF6, 0x0F, 0xFE, 0x0F, 0xE0, 0x0F, 0x00, 0x00, 0x00, 0x00,
    0xFC, 0x01, 0xFC, 0x00, 0xFC, 0x00, 0xF8, 0x0F, 0xAC, 0x01, 0xE2, 0x0F, 0x2B, 0x00, 0xEE, 0x07,
    0x6C, 0x0C, 0xF8, 0x07, 0x08, 0x00, 0x00, 0x00, 0xF8, 0x03, 0xFF, 0x03, 0xF8, 0x03, 0xF8, 0x03,
    0xCC, 0x08, 0xF6, 0x0F, 0x9C, 0x04, 0x98, 0x04, 0xE6, 0x0F, 0xCC, 0x00, 0x40, 0x00, 0x00, 0x00,
    0x4C, 0x00, 0xF6, 0x0F, 0x1B, 0x00, 0xFC, 0x07, 0x77, 0x02, 0xFC, 0x03, 0xD6, 0x02, 0xFE, 0x0F,
    0x04, 0x03, 0xFE, 0x03, 0x00, 0x00, 0x00, 0x00, 0x10, 0x04, 0xF8, 0x01, 0x7C, 0x07, 0x7E, 0x0F,
    0xFB, 0x09, 0x0B, 0x0A, 0xF6, 0x08, 0x84, 0x0F, 0xFC, 0x01, 0x08, 0x06, 0x00, 0x00, 0x00, 0x00,
    0xCC, 0x04, 0xB2, 0x0F, 0x98, 0x04, 0xD2, 0x0F, 0xE6, 0x0E, 0x18, 0x06, 0xFF, 0x03, 0xF9, 0x00,
    0x08, 0x07, 0x18, 0x0C, 0x08, 0x04, 0x00, 0x00, 0x8A, 0x04, 0xFC, 0x0F, 0xF6, 0x03, 0x12, 0x0A,
    0xF6, 0x0F, 0x90, 0x06, 0xF0, 0x03, 0x7F, 0x00, 0xF6, 0x03, 0x1C, 0x0E, 0x00, 0x04, 0x00, 0x00,
    0x02, 0x00, 0x12, 0x00, 0xFA, 0x0F, 0xBE, 0x00, 0xB7, 0x00, 0xB2, 0x04, 0xBE, 0x0C, 0xFA, 0x0F,
    0x1A, 0x00, 0x02, 0x00, 0x00, 0x00, 0x00, 0x00, 0x40, 0x00, 0x20, 0x00, 0xFE, 0x0F, 0xA8, 0x03,
    0xBF, 0x03, 0xB6, 0x03, 0xEC, 0x03, 0xFF, 0x0F, 0x25, 0x00, 0x64, 0x00, 0x00, 0x00, 0x00, 0x00,
    0x98, 0x07, 0xD6, 0x0F, 0xBE, 0x00, 0x4C, 0x00, 0xE6, 0x0F, 0x9A, 0x04, 0x9C, 0x04, 0xB2, 0x04,
    0xE6, 0x0F, 0x64, 0x00, 0x40, 0x00, 0x00, 0x00, 0x0C, 0x0C, 0x86, 0x0F, 0xFA, 0x02, 0xDA, 0x02,
    0xFB, 0x03, 0xFB, 0x03, 0xDA, 0x03, 0xFE, 0x06, 0x8E, 0x0F, 0x86, 0x07, 0x00, 0x00, 0x00, 0x00,
    0x48, 0x00, 0xFB, 0x0F, 0xFE, 0x00, 0xB8, 0x01, 0xCC, 0x00, 0xF7, 0x0F, 0x9C, 0x04, 0x98, 0x04,
    0xE2, 0x0F, 0xE6, 0x00, 0x00, 0x00, 0x00, 0x00, 0x12, 0x04, 0xFC, 0x0F, 0xFE, 0x07, 0x33, 0x08,
    0x32, 0x04, 0xF8, 0x05, 0x8E, 0x03, 0xFA, 0x03, 0x08, 0x02, 0xFD, 0x07, 0x00, 0x00, 0x00, 0x00,
    0x16, 0x04, 0xFA, 0x0F, 0x36, 0x00, 0xBA, 0x05, 0xFC, 0x02, 0xF7, 0x07, 0xFF, 0x0D, 0x9E, 0x07,
    0xDE, 0x03, 0x7C, 0x06, 0x00, 0x00, 0x00, 0x00, 0x7A, 0x01, 0x7E, 0x05, 0xA0, 0x04, 0xFF, 0x0F,
    0xE2, 0x05, 0x06, 0x06, 0xF2, 0x03, 0xE2, 0x01, 0x3E, 0x07, 0x06, 0x06, 0x00, 0x04, 0x00, 0x00,
    0x48, 0x02, 0x2C, 0x00, 0xFB, 0x03, 0x7E, 0x03, 0xF6, 0x01, 0xBE, 0x01, 0xB6, 0x07, 0xFE, 0x0F,
    0x1E, 0x0F, 0x18, 0x07, 0x10, 0x00, 0x00, 0x00, 0x98, 0x07, 0xF6, 0x0F, 0x18, 0x06, 0xFF, 0x03,
    0x2E, 0x01, 0xE8, 0x00, 0xFF, 0x07, 0xBC, 0x00, 0xA4, 0x01, 0xFF, 0x0F, 0x00, 0x00, 0x00, 0x00,
    0x26, 0x08, 0xF2, 0x08, 0xFA, 0x04, 0xAE, 0x03, 0xEE, 0x01, 0xBA, 0x07, 0xBE, 0x0C, 0xAA, 0x0F,
    0xF6, 0x0C, 0x02, 0x0E, 0x00, 0x04, 0x00, 0x00, 0x10, 0x04, 0x12, 0x04, 0x12, 0x03, 0xF2, 0x01,
    0x12, 0x00, 0xF2, 0x03, 0xF2, 0x07, 0x12, 0x04, 0x12, 0x04, 0x10, 0x07, 0x00, 0x02, 0x00, 0x00,
    0x10, 0x02, 0xFF, 0x03, 0x18, 0x01, 0x1A, 0x01, 0xFA, 0x03, 0x4A, 0x01, 0x4A, 0x01, 0x4A, 0x01,
    0xFA, 0x03, 0x0A, 0x04, 0x00, 0x00, 0x00, 0x00, 0x08, 0x04, 0x0C, 0x02, 0xFC, 0x0B, 0x8C, 0x0F,
    0x8F, 0x04, 0x8F, 0x05, 0x0C, 0x03, 0xFC, 0x07, 0x8E, 0x05, 0x0C, 0x0C, 0x00, 0x00, 0x00, 0x00,
    0x00, 0x06, 0xFE, 0x05, 0x02, 0x06, 0xFA, 0x03, 0x6A, 0x05, 0xAE, 0x0F, 0xAE, 0x07, 0x2A, 0x01,
    0xFA, 0x03, 0x03, 0x06, 0x00, 0x00, 0x00, 0x00, 0x48, 0x04, 0xFF, 0x0F, 0x2C, 0x04, 0x4C, 0x0A,
    0x5E, 0x0B, 0xF2, 0x05, 0xFE, 0x06, 0xDA, 0x07, 0xDF, 0x05, 0x77, 0x0C, 0x00, 0x00, 0x00, 0x00,
    0x7C, 0x03, 0xFF, 0x0F, 0xF4, 0x0F, 0x6C, 0x03, 0x7C, 0x02, 0xFC, 0x0F, 0xDF, 0x04, 0xDE, 0x03,
    0xFA, 0x07, 0x8C, 0x0D, 0x08, 0x04, 0x00, 0x00, 0xFF, 0x0F, 0x32, 0x07, 0x16, 0x05, 0xF6, 0x05,
    0x16, 0x04, 0xF6, 0x05, 0x16, 0x07, 0x92, 0x07, 0xFE, 0x07, 0xFE, 0x07, 0x00, 0x00, 0x00, 0x00,
    0x00, 0x08, 0xE0, 0x0B, 0xFE, 0x05, 0x2A, 0x06, 0xEA, 0x03, 0xEA, 0x02, 0x2A, 0x02, 0x2F, 0x06,
    0xF2, 0x0D, 0x00, 0x00, 0x00, 0x00, 0x00, 0x00, 0xFF, 0x0F, 0xFE, 0x07, 0xE2, 0x06, 0xFE, 0x07,
    0xEC, 0x05, 0x6C, 0x05, 0xFE, 0x07, 0x60, 0x06, 0xFE, 0x07, 0xFE, 0x07, 0x00, 0x00, 0x00, 0x00,
    0x92, 0x04, 0x6C, 0x0C, 0xFE, 0x07, 0x0A, 0x02, 0xFC, 0x0B, 0xD8, 0x0F, 0xDF, 0x04, 0x5E, 0x03,
    0xFA, 0x07, 0x8C, 0x0C, 0x08, 0x04, 0x00, 0x00, 0x98, 0x06, 0xF3, 0x0F, 0x1A, 0x06, 0xFE, 0x07,
    0x02, 0x02, 0xFA, 0x05, 0xEE, 0x0D, 0xEA, 0x07, 0xFA, 0x01, 0x7B, 0x06, 0x00, 0x00, 0x00, 0x00,
    0x98, 0x06, 0xF6, 0x02, 0x9A, 0x06, 0xD8, 0x07, 0xDC, 0x02, 0xFF, 0x0B, 0xFA, 0x0F, 0xDE, 0x01,
    0x76, 0x03, 0x70, 0x06, 0x10, 0x04, 0x00, 0x00, 0x20, 0x04, 0xE6, 0x03, 0x24, 0x06, 0x10, 0x07,
    0xF2, 0x0D, 0x72, 0x0C, 0xF2, 0x0D, 0xF2, 0x0F, 0x12, 0x0F, 0x98, 0x0F, 0x00, 0x04, 0x00, 0x00,
    0x80, 0x08, 0x70, 0x04, 0xBE, 0x03, 0xEF, 0x01, 0x70, 0x00, 0xF0, 0x07, 0x9F, 0x05, 0x16, 0x05,
    0xF0, 0x05, 0x02, 0x07, 0x00, 0x00, 0x00, 0x00, 0x00, 0x03, 0xFE, 0x05, 0x82, 0x02, 0x7E, 0x07,
    0xEE, 0x0C, 0xEE, 0x0F, 0xEE, 0x0E, 0x6E, 0x0E, 0xFE, 0x03, 0x83, 0x06, 0x00, 0x00, 0x00, 0x00,
    0x90, 0x04, 0x5C, 0x02, 0x77, 0x03, 0x3E, 0x0F, 0x8E, 0x08, 0xFE, 0x0B, 0x7E, 0x0C, 0x52, 0x0E,
    0x5E, 0x01, 0x62, 0x06, 0x00, 0x00, 0x00, 0x00, 0xFE, 0x0F, 0x12, 0x01, 0xEE, 0x09, 0xDA, 0x04,
    0x5C, 0x07, 0xD4, 0x01, 0xD7, 0x07, 0xD4, 0x0F, 0x5C, 0x0C, 0x44, 0x0E, 0x00, 0x00, 0x00, 0x00,
    0x00, 0x00, 0xFE, 0x07, 0x22, 0x02, 0x22, 0x02, 0x22, 0x02, 0x22, 0x02, 0x22, 0x02, 0x22, 0x02,
    0xFE, 0x07, 0x04, 0x00, 0x00, 0x00, 0x00, 0x00, 0x98, 0x04, 0xDE, 0x06, 0xB3, 0x02, 0x98, 0x02,
    0x38, 0x00, 0x2C, 0x00, 0xC7, 0x04, 0x00, 0x0C, 0x08, 0x0F, 0xFC, 0x03, 0x00, 0x00, 0x00, 0x00,
    0xE4, 0x07, 0xE4, 0x03, 0xFF, 0x07, 0xA4, 0x04, 0xB4, 0x05, 0xF8, 0x0F, 0x9F, 0x0F, 0xFE, 0x0D,
    0xFE, 0x0D, 0x9C, 0x0F, 0x08, 0x04, 0x00, 0x00, 0xFE, 0x07, 0x52, 0x06, 0xF2, 0x03, 0xDE, 0x06,
    0x62, 0x06, 0x22, 0x03, 0xFE, 0x01, 0xEE, 0x00, 0x23, 0x03, 0x32, 0x06, 0x00, 0x04, 0x00, 0x00,
    0x58, 0x00, 0xF7, 0x07, 0xF4, 0x0F, 0x54, 0x06, 0x44, 0x07, 0xFE, 0x01, 0x92, 0x00, 0x92, 0x04,
    0x92, 0x0C, 0xFE, 0x07, 0x00, 0x00, 0x00, 0x00, 0x40, 0x00, 0x7E, 0x0F, 0x7E, 0x04, 0x4A, 0x04,
    0xCA, 0x07, 0xFA, 0x07, 0x4A, 0x04, 0x4B, 0x04, 0xC8, 0x0F, 0x68, 0x00, 0x40, 0x00, 0x00, 0x00,
    0x80, 0x00, 0xFE, 0x00, 0xF2, 0x03, 0xFF, 0x03, 0xFF, 0x02, 0xFE, 0x0A, 0xFE, 0x0A, 0xFA, 0x07,
    0xFE, 0x02, 0x80, 0x00, 0x00, 0x00, 0x00, 0x00, 0x00, 0x0C, 0x00, 0x06, 0xFE, 0x03, 0x4A, 0x00,
    0x4A, 0x00, 0x4A, 0x04, 0x4A, 0x0C, 0xFF, 0x0F, 0x02, 0x00, 0x00, 0x00, 0x00, 0x00, 0x00, 0x00,
    0x38, 0x00, 0xFF, 0x0F, 0x0C, 0x08, 0x18, 0x08, 0x79, 0x06, 0xCE, 0x03, 0xC8, 0x00, 0xCE, 0x07,
    0x7F, 0x04, 0x08, 0x04, 0x00, 0x06, 0x00, 0x00, 0xFC, 0x0F, 0xFD, 0x07, 0x72, 0x06, 0xF4, 0x03,
    0xDA, 0x00, 0xDA, 0x03, 0x76, 0x02, 0x72, 0x07, 0xFE, 0x0F, 0xFE, 0x07, 0x00, 0x00, 0x00, 0x00,
    0x2C, 0x01, 0xFF, 0x0F, 0xFF, 0x0F, 0xAE, 0x01, 0x20, 0x04, 0x22, 0x07, 0xE2, 0x05, 0x62, 0x04,
    0x22, 0x07, 0x32, 0x0E, 0x20, 0x00, 0x00, 0x00, 0x20, 0x00, 0x20, 0x06, 0x22, 0x07, 0xA2, 0x06,
    0x62, 0x02, 0x22, 0x02, 0xA2, 0x02, 0x22, 0x03, 0x32, 0x06, 0x30, 0x00, 0x00, 0x00, 0x00, 0x00,
    0xF0, 0x09, 0x3E, 0x04, 0xFA, 0x03, 0x5A, 0x02, 0xFE, 0x07, 0xF2, 0x05, 0xFE, 0x0F, 0x32, 0x07,
    0x3A, 0x02, 0xC6, 0x03, 0x82, 0x01, 0x00, 0x00, 0x10, 0x00, 0x0C, 0x03, 0x07, 0x01, 0x14, 0x01,
    0xF4, 0x01, 0x84, 0x00, 0x84, 0x04, 0x04, 0x0C, 0xFC, 0x07, 0x04, 0x00, 0x00, 0x00, 0x00, 0x00,
    0xFE, 0x0F, 0x92, 0x01, 0xFE, 0x09, 0xC2, 0x08, 0xFE, 0x07, 0x2E, 0x06, 0xEA, 0x03, 0x6A, 0x02,
    0x2E, 0x06, 0xF2, 0x0F, 0x00, 0x00, 0x00, 0x00, 0x10, 0x08, 0x30, 0x04, 0x18, 0x07, 0xF4, 0x01,
    0x13, 0x00, 0xF2, 0x07, 0xF4, 0x0F, 0x18, 0x0C, 0x18, 0x0C, 0x00, 0x0F, 0x00, 0x04, 0x00, 0x00,
    0x20, 0x04, 0xF6, 0x03, 0x26, 0x06, 0x10, 0x05, 0x92, 0x05, 0x72, 0x05, 0x32, 0x05, 0x52, 0x0D,
    0x92, 0x0D, 0x1A, 0x0F, 0x00, 0x04, 0x00, 0x00, 0x62, 0x05, 0xDA, 0x05, 0x7A, 0x0D, 0x37, 0x0F,
    0xFA, 0x0F, 0x7A, 0x0F, 0x4F, 0x0D, 0xFA, 0x0F, 0xFA, 0x0F, 0x02, 0x0C, 0x00, 0x00, 0x00, 0x00,
    0xFE, 0x0F, 0x7E, 0x05, 0x1E, 0x05, 0x7E, 0x05, 0xFA, 0x07, 0x22, 0x06, 0x82, 0x07, 0xE2, 0x04,
    0x22, 0x05, 0x12, 0x06, 0x00, 0x00, 0x00, 0x00, 0x30, 0x02, 0x5E, 0x03, 0xDE, 0x03, 0x7C, 0x03,
    0x7C, 0x03, 0xDC, 0x0F, 0x5C, 0x03, 0x5F, 0x03, 0xFE, 0x03, 0x30, 0x02, 0x00, 0x00, 0x00, 0x00,
    0xE4, 0x0F, 0xDC, 0x07, 0x57, 0x05, 0xFC, 0x07, 0xD6, 0x07, 0x1C, 0x03, 0x37, 0x05, 0xE4, 0x04,
    0x84, 0x0C, 0xFC, 0x07, 0x00, 0x00, 0x00, 0x00, 0x40, 0x01, 0x22, 0x01, 0x1E, 0x01, 0x1E, 0x01,
    0x12, 0x0D, 0xD2, 0x0F, 0x3E, 0x01, 0x4E, 0x01, 0x68, 0x01, 0xBC, 0x01, 0x00, 0x00, 0x00, 0x00,
    0x00, 0x04, 0xFE, 0x0F, 0x02, 0x09, 0xF2, 0x09, 0x12, 0x08, 0xFE, 0x0F, 0x12, 0x09, 0x12, 0x09,
    0xFA, 0x09, 0x02, 0x0C, 0x00, 0x00, 0x00, 0x00, 0xF2, 0x07, 0xFE, 0x03, 0xF2, 0x03, 0x02, 0x00,
    0xFE, 0x0F, 0xFA, 0x01, 0x12, 0x00, 0xFE, 0x07, 0x12, 0x01, 0xFA, 0x05, 0x00, 0x00, 0x00, 0x00,
    0xC0, 0x04, 0xA4, 0x06, 0xB4, 0x03, 0x9F, 0x05, 0xE7, 0x0F, 0xE4, 0x07, 0x9E, 0x01, 0xBC, 0x03,
    0xB0, 0x06, 0xF8, 0x04, 0x00, 0x00, 0x00, 0x00, 0x54, 0x06, 0xD4, 0x03, 0xFE, 0x0F, 0xFE, 0x0F,
    0x54, 0x09, 0x54, 0x04, 0x7F, 0x06, 0x92, 0x03, 0xF6, 0x06, 0x58, 0x0E, 0x00, 0x08, 0x00, 0x00,
    0x04, 0x00, 0xC4, 0x07, 0x5F, 0x02, 0x5F, 0x0A, 0xC4, 0x0F, 0x14, 0x04, 0xFF, 0x03, 0x82, 0x03,
    0xD6, 0x04, 0x50, 0x0C, 0x00, 0x08, 0x00, 0x00, 0x1C, 0x08, 0xC4, 0x04, 0x64, 0x06, 0x04, 0x03,
    0xFF, 0x01, 0xFE, 0x00, 0xC4, 0x03, 0x74, 0x06, 0x2C, 0x04, 0x04, 0x0C, 0x00, 0x00, 0x00, 0x00,
    0x8C, 0x00, 0x96, 0x02, 0x90, 0x02, 0xF0, 0x02, 0x9F, 0x0F, 0xDE, 0x0F, 0xF0, 0x02, 0xB0, 0x02,
    0x9E, 0x03, 0xC6, 0x00, 0x00, 0x00, 0x00, 0x00, 0xAC, 0x02, 0xEC, 0x02, 0xFF, 0x02, 0xEF, 0x0F,
    0xAE, 0x0A, 0xA8, 0x04, 0xFF, 0x02, 0xC8, 0x03, 0x7E, 0x06, 0x0C, 0x0C, 0x08, 0x0E, 0x00, 0x00,
    0x02, 0x00, 0xFA, 0x0F, 0xFA, 0x07, 0x2A, 0x00, 0xFE, 0x00, 0xFE, 0x00, 0x2A, 0x04, 0xFA, 0x0F,
    0xFA, 0x07, 0x82, 0x00, 0x80, 0x00, 0x00, 0x00, 0x84, 0x00, 0xF4, 0x0F, 0xF4, 0x0F, 0x5C, 0x04,
    0x47, 0x04, 0x45, 0x04, 0xFC, 0x07, 0x44, 0x04, 0x44, 0x04, 0x44, 0x04, 0x04, 0x04, 0x00, 0x00,
    0xFC, 0x03, 0x84, 0x01, 0xFC, 0x01, 0xFC, 0x01, 0xFC, 0x0F, 0xB4, 0x04, 0x87, 0x04, 0x85, 0x04,
    0xB4, 0x04, 0xFC, 0x0F, 0x00, 0x00, 0x00, 0x00, 0xC8, 0x04, 0xFF, 0x0F, 0x68, 0x00, 0x3E, 0x08,
    0xDE, 0x0B, 0x7E, 0x04, 0xFE, 0x03, 0x5E, 0x04, 0xFF, 0x07, 0x2C, 0x0C, 0x28, 0x00, 0x00, 0x00,
    0x2C, 0x00, 0x2E, 0x08, 0xFF, 0x0F, 0xBC, 0x06, 0xCA, 0x06, 0xBE, 0x06, 0x8E, 0x06, 0xFA, 0x0F,
    0xFA, 0x00, 0x0A, 0x00, 0x00, 0x00, 0x00, 0x00, 0x6E, 0x08, 0x3E, 0x08, 0xFF, 0x07, 0x7C, 0x04,
    0xFC, 0x03, 0xEE, 0x02, 0x5E, 0x02, 0xFF, 0x07, 0x6C, 0x04, 0x2E, 0x08, 0x28, 0x00, 0x00, 0x00,
    0xFE, 0x05, 0xFA, 0x03, 0x7A, 0x03, 0xFE, 0x06, 0xC0, 0x07, 0xFC, 0x04, 0x45, 0x04, 0xFF, 0x07,
    0x44, 0x04, 0x66, 0x04, 0x00, 0x04, 0x00, 0x00, 0xFE, 0x07, 0xD2, 0x04, 0xFE, 0x0F, 0xFE, 0x0F,
    0xFC, 0x07, 0x44, 0x00, 0x45, 0x00, 0xFE, 0x07, 0x44, 0x00, 0x46, 0x04, 0x00, 0x04, 0x00, 0x00,
    0xAA, 0x09, 0xBA, 0x09, 0x7A, 0x05, 0xFF, 0x03, 0x3A, 0x01, 0x1A, 0x01, 0xFF, 0x0F, 0xDA, 0x05,
    0x5A, 0x01, 0x6E, 0x01, 0x02, 0x01, 0x00, 0x00, 0x20, 0x04, 0xE6, 0x03, 0x04, 0x04, 0x7E, 0x04,
    0xF2, 0x0F, 0x7F, 0x0B, 0x7A, 0x0F, 0x7F, 0x0F, 0xFE, 0x0F, 0x3E, 0x0C, 0x00, 0x04, 0x00, 0x00,
    0xAC, 0x01, 0xFF, 0x0F, 0xFC, 0x00, 0xB4, 0x00, 0xFC, 0x0F, 0xFE, 0x07, 0xFF, 0x06, 0xFF, 0x06,
    0xDA, 0x0F, 0x7E, 0x01, 0x00, 0x00, 0x00, 0x00, 0x00, 0x00, 0xE6, 0x0F, 0x4C, 0x05, 0x7F, 0x05,
    0xEA, 0x07, 0xFF, 0x07, 0x7C, 0x05, 0x4C, 0x05, 0xE2, 0x0F, 0x08, 0x00, 0x00, 0x00, 0x00, 0x00,
    0x32, 0x07, 0xEA, 0x0F, 0x7A, 0x05, 0xE7, 0x05, 0xFA, 0x03, 0xFA, 0x0F, 0xFF, 0x0F, 0x7E, 0x03,
    0xEA, 0x05, 0xE2, 0x05, 0x02, 0x00, 0x00, 0x00, 0x82, 0x00, 0xBE, 0x00, 0x4A, 0x00, 0x2A, 0x04,
    0xFF, 0x05, 0x7F, 0x07, 0x6A, 0x0C, 0xCA, 0x00, 0xBE, 0x00, 0x82, 0x00, 0x80, 0x00, 0x00, 0x00,
    0x00, 0x01, 0x7E, 0x01, 0x7E, 0x01, 0x2A, 0x01, 0xEA, 0x0F, 0xEA, 0x0F, 0x2A, 0x01, 0x7E, 0x01,
    0x3E, 0x01, 0x80, 0x01, 0x00, 0x00, 0x00, 0x00, 0x98, 0x07, 0xF6, 0x07, 0x3C, 0x04, 0x70, 0x04,
    0x5F, 0x03, 0xF4, 0x01, 0xD4, 0x0F, 0x7E, 0x03, 0x57, 0x06, 0xF8, 0x04, 0x80, 0x04, 0x00, 0x00,
    0x20, 0x04, 0xE2, 0x0D, 0xE2, 0x05, 0x56, 0x05, 0xFE, 0x07, 0xFE, 0x07, 0x5E, 0x05, 0xF6, 0x07,
    0x62, 0x04, 0x20, 0x00, 0x00, 0x00, 0x00, 0x00, 0xDF, 0x07, 0xF2, 0x03, 0x5E, 0x02, 0xFA, 0x06,
    0xF0, 0x06, 0xFF, 0x03, 0xF4, 0x0F, 0xFC, 0x01, 0x9F, 0x02, 0xF8, 0x06, 0x80, 0x04, 0x00, 0x00,
    0xFE, 0x01, 0xFE, 0x00, 0xFE, 0x09, 0xF0, 0x05, 0x5E, 0x03, 0xFE, 0x03, 0xDA, 0x0F, 0x7E, 0x03,
    0x5E, 0x07, 0xF0, 0x05, 0x00, 0x04, 0x00, 0x00, 0x22, 0x0C, 0xEE, 0x07, 0x64, 0x04, 0x38, 0x04,
    0xE6, 0x0F, 0x64, 0x0A, 0x7F, 0x0A, 0x64, 0x0A, 0xE4, 0x0F, 0x34, 0x0C, 0x00, 0x04, 0x00, 0x00,
    0x00, 0x01, 0x7E, 0x01, 0x3E, 0x01, 0x40, 0x01, 0xC3, 0x0F, 0x02, 0x0D, 0x00, 0x0D, 0x7E, 0x0C,
    0xFE, 0x0C, 0x80, 0x06, 0x80, 0x00, 0x00, 0x00, 0x70, 0x04, 0xFE, 0x03, 0x3E, 0x01, 0x18, 0x06,
    0x28, 0x04, 0x00, 0x00, 0xFF, 0x07, 0x32, 0x04, 0x00, 0x00, 0x10, 0x04, 0x00, 0x04, 0x00, 0x00,
    0x30, 0x06, 0xFF, 0x03, 0x18, 0x0B, 0xF8, 0x05, 0x5E, 0x07, 0x7E, 0x03, 0xD6, 0x0F, 0x7E, 0x03,
    0x5F, 0x07, 0xF0, 0x04, 0x80, 0x04, 0x00, 0x00, 0x10, 0x08, 0x18, 0x08, 0xD8, 0x07, 0x58, 0x06,
    0xDF, 0x03, 0xDF, 0x02, 0x58, 0x02, 0xFC, 0x07, 0x5E, 0x0C, 0x12, 0x00, 0x00, 0x00, 0x00, 0x00,
    0xC8, 0x04, 0xFF, 0x0F, 0x68, 0x00, 0x2C, 0x00, 0xA2, 0x00, 0x16, 0x00, 0xFA, 0x0F, 0x1E, 0x01,
    0x72, 0x00, 0x30, 0x01, 0x00, 0x00, 0x00, 0x00, 0xFE, 0x05, 0xFE, 0x06, 0xFA, 0x03, 0x7A, 0x01,
    0xFE, 0x07, 0xFE, 0x04, 0x00, 0x01, 0xFC, 0x05, 0x00, 0x0C, 0xFF, 0x07, 0x00, 0x00, 0x00, 0x00,
    0x98, 0x07, 0xE6, 0x07, 0x38, 0x01, 0x62, 0x01, 0x52, 0x01, 0x7E, 0x0F, 0xFE, 0x0F, 0x56, 0x01,
    0x73, 0x01, 0x30, 0x01, 0x10, 0x00, 0x00, 0x00, 0xFE, 0x05, 0xFA, 0x03, 0x7A, 0x03, 0xFE, 0x06,
    0x48, 0x06, 0xF8, 0x05, 0x4C, 0x06, 0xFF, 0x03, 0xCA, 0x07, 0x6E, 0x04, 0x04, 0x0E, 0x00, 0x00,
    0x30, 0x0E, 0x08, 0x03, 0x06, 0x07, 0x07, 0x0F, 0xFC, 0x08, 0x34, 0x0B, 0x34, 0x08, 0x3C, 0x0E,
    0x3E, 0x03, 0x26, 0x06, 0x00, 0x00, 0x00, 0x00, 0x10, 0x02, 0xFF, 0x03, 0x10, 0x01, 0x10, 0x01,
    0xFC, 0x0F, 0xBF, 0x07, 0xBC, 0x04, 0xBE, 0x04, 0xBF, 0x0F, 0xFC, 0x07, 0x00, 0x00, 0x00, 0x00,
    0x30, 0x00, 0xFF, 0x0F, 0x18, 0x00, 0x7C, 0x00, 0xFD, 0x0F, 0xB6, 0x05, 0xBC, 0x04, 0xB6, 0x04,
    0xDF, 0x0F, 0xFC, 0x00, 0x00, 0x00, 0x00, 0x00, 0x7C, 0x00, 0x7C, 0x00, 0xAD, 0x0F, 0xB6, 0x04,
    0xBC, 0x04, 0xBC, 0x04, 0xB7, 0x04, 0xED, 0x0F, 0xBC, 0x00, 0x3C, 0x00, 0x00, 0x00, 0x00, 0x00,
    0xFE, 0x05, 0xFA, 0x03, 0xFA, 0x03, 0xFE, 0x06, 0x7C, 0x00, 0xBF, 0x0F, 0xB6, 0x04, 0xBC, 0x04,
    0xBF, 0x07, 0xFD, 0x0F, 0x3C, 0x00, 0x00, 0x00, 0xC8, 0x04, 0x48, 0x0C, 0xFF, 0x0F, 0x68, 0x00,
    0x2C, 0x00, 0x00, 0x00, 0xFF, 0x07, 0x00, 0x0C, 0x00, 0x0C, 0x00, 0x0F, 0x00, 0x00, 0x00, 0x00,
    0xFE, 0x01, 0x04, 0x00, 0xFE, 0x09, 0x24, 0x08, 0xFC, 0x0F, 0xCC, 0x0A, 0xFF, 0x0A, 0xCC, 0x0A,
    0xFA, 0x0B, 0x32, 0x0C, 0x00, 0x00, 0x00, 0x00, 0x18, 0x07, 0xD6, 0x0F, 0x7A, 0x08, 0x64, 0x08,
    0xFC, 0x0F, 0xCC, 0x0A, 0xFF, 0x0A, 0xCC, 0x0A, 0xF4, 0x0B, 0x36, 0x0C, 0x20, 0x00, 0x00, 0x00,
    0x88, 0x01, 0x78, 0x00, 0xFF, 0x0F, 0x28, 0x00, 0x4C, 0x00, 0x00, 0x00, 0xFF, 0x07, 0x00, 0x0C,
    0x00, 0x0C, 0x00, 0x06, 0x00, 0x04, 0x00, 0x00, 0x74, 0x03, 0x5E, 0x03, 0xF7, 0x0F, 0xF4, 0x07,
    0xE4, 0x00, 0x04, 0x00, 0xFE, 0x07, 0x02, 0x0C, 0x00, 0x0C, 0x00, 0x0E, 0x00, 0x04, 0x00, 0x00,
    0x5C, 0x00, 0xF7, 0x07, 0x5E, 0x0A, 0xFE, 0x05, 0xFE, 0x03, 0xFA, 0x03, 0xFE, 0x07, 0xFE, 0x05,
    0xFC, 0x05, 0xFF, 0x0F, 0x00, 0x00, 0x00, 0x00, 0xFC, 0x07, 0xFD, 0x07, 0xFF, 0x01, 0xF8, 0x01,
    0xAA, 0x00, 0xFA, 0x07, 0xAA, 0x00, 0xFA, 0x05, 0x02, 0x0C, 0xFE, 0x07, 0x00, 0x00, 0x00, 0x00,
    0xFE, 0x0F, 0x92, 0x00, 0xFE, 0x07, 0x36, 0x06, 0x10, 0x04, 0x12, 0x07, 0x9E, 0x05, 0x72, 0x0C,
    0x33, 0x0C, 0x02, 0x0C, 0x00, 0x00, 0x00, 0x00, 0xF8, 0x00, 0xFF, 0x0F, 0x68, 0x0C, 0xFE, 0x03,
    0x7E, 0x04, 0xFE, 0x0F, 0xA2, 0x07, 0xFE, 0x01, 0xFE, 0x0F, 0xFE, 0x07, 0x20, 0x00, 0x00, 0x00,
    0x60, 0x00, 0xFF, 0x0F, 0x6C, 0x00, 0x6C, 0x01, 0xDE, 0x00, 0x7C, 0x00, 0xE7, 0x0F, 0xCC, 0x02,
    0xDC, 0x02, 0x76, 0x02, 0x04, 0x00, 0x00, 0x00, 0xFE, 0x01, 0x80, 0x00, 0xFE, 0x01, 0x30, 0x00,
    0x0C, 0x00, 0xFF, 0x0F, 0xFC, 0x0F, 0x24, 0x01, 0x24, 0x01, 0xA4, 0x01, 0x04, 0x00, 0x00, 0x00,
    0x20, 0x00, 0x18, 0x00, 0x0E, 0x00, 0x07, 0x00, 0xFC, 0x0F, 0x24, 0x01, 0x24, 0x01, 0x24, 0x01,
    0x24, 0x01, 0x84, 0x01, 0x04, 0x00, 0x00, 0x00, 0x70, 0x04, 0xFE, 0x03, 0xBE, 0x01, 0x28, 0x03,
    0x18, 0x02, 0x0E, 0x00, 0xFF, 0x0F, 0x20, 0x01, 0x20, 0x01, 0xA4, 0x01, 0x04, 0x01, 0x00, 0x00,
    0x10, 0x00, 0xF2, 0x07, 0x76, 0x07, 0x30, 0x01, 0x0E, 0x00, 0xFF, 0x0F, 0xFC, 0x0F, 0x24, 0x01,
    0x24, 0x01, 0xA4, 0x01, 0x04, 0x00, 0x00, 0x00, 0xC8, 0x04, 0xFF, 0x0F, 0x28, 0x00, 0xFC, 0x0F,
    0xF4, 0x0F, 0xDC, 0x03, 0xF3, 0x02, 0xDE, 0x07, 0x54, 0x0C, 0xF2, 0x0F, 0x00, 0x00, 0x00, 0x00,
    0x22, 0x00, 0xE2, 0x0F, 0xE2, 0x00, 0xD6, 0x07, 0xDB, 0x00, 0xDE, 0x07, 0xD6, 0x07, 0xF6, 0x0C,
    0xF2, 0x0F, 0x22, 0x00, 0x00, 0x00, 0x00, 0x00, 0x0C, 0x01, 0x2C, 0x01, 0x24, 0x00, 0xA4, 0x00,
    0xF5, 0x0F, 0x97, 0x08, 0x9C, 0x08, 0x9C, 0x08, 0x4C, 0x0C, 0x46, 0x0E, 0x04, 0x00, 0x00, 0x00,
    0x8C, 0x01, 0xD2, 0x00, 0x7A, 0x00, 0x3E, 0x00, 0xE3, 0x0F, 0xA6, 0x02, 0xAE, 0x02, 0xBA, 0x02,
    0xBE, 0x03, 0x26, 0x02, 0x00, 0x00, 0x00, 0x00, 0x30, 0x00, 0xFE, 0x0F, 0x13, 0x08, 0x12, 0x08,
    0xFA, 0x0F, 0x5A, 0x06, 0xDF, 0x03, 0x5A, 0x04, 0xFE, 0x07, 0x5A, 0x0C, 0x10, 0x00, 0x00, 0x00,
    0x06, 0x09, 0x8A, 0x05, 0xDA, 0x07, 0x7E, 0x07, 0xDB, 0x0D, 0xDB, 0x07, 0xFE, 0x03, 0xDA, 0x06,
    0x9E, 0x05, 0xA6, 0x01, 0x00, 0x00, 0x00, 0x00, 0xFE, 0x07, 0x12, 0x02, 0xFE, 0x0F, 0x08, 0x07,
    0xFC, 0x01, 0xFB, 0x0F, 0x7B, 0x06, 0x7E, 0x02, 0xFE, 0x0F, 0xFC, 0x0F, 0x20, 0x00, 0x00, 0x00,
    0xA4, 0x00, 0xFC, 0x07, 0x92, 0x0C, 0xD2, 0x08, 0xE0, 0x0F, 0xE0, 0x0B, 0x3F, 0x09, 0x24, 0x0D,
    0xE4, 0x0F, 0x04, 0x0E, 0x00, 0x04, 0x00, 0x00, 0x10, 0x04, 0xF8, 0x03, 0x3C, 0x00, 0x77, 0x0F,
    0x6F, 0x06, 0x7E, 0x02, 0x76, 0x02, 0x6E, 0x06, 0xFC, 0x0F, 0x34, 0x00, 0x00, 0x00, 0x00, 0x00,
    0x1C, 0x01, 0xF8, 0x00, 0xFF, 0x0F, 0xDC, 0x00, 0xD4, 0x0F, 0xC0, 0x0F, 0x7F, 0x04, 0x7E, 0x04,
    0xC8, 0x07, 0xC8, 0x0F, 0x08, 0x00, 0x00, 0x00, 0x18, 0x05, 0xD2, 0x0F, 0x76, 0x00, 0xC4, 0x0F,
    0xC0, 0x07, 0x7E, 0x04, 0x7E, 0x04, 0x48, 0x04, 0xC8, 0x0F, 0x4C, 0x00, 0x00, 0x00, 0x00, 0x00,
    0x14, 0x08, 0xD4, 0x0F, 0x54, 0x09, 0x57, 0x0F, 0x7C, 0x0F, 0x7D, 0x0F, 0x6F, 0x0F, 0xFA, 0x0D,
    0xDA, 0x0F, 0xEC, 0x0C, 0x00, 0x00, 0x00, 0x00, 0x7C, 0x03, 0x1F, 0x01, 0xF4, 0x0F, 0x24, 0x09,
    0x24, 0x04, 0xFE, 0x03, 0x26, 0x00, 0xE2, 0x0F, 0xE2, 0x0F, 0x32, 0x00, 0x00, 0x00, 0x00, 0x00,
    0x3C, 0x01, 0xFF, 0x0F, 0xF4, 0x0F, 0xA4, 0x06, 0xFE, 0x01, 0xAA, 0x0F, 0xFA, 0x04, 0xFA, 0x03,
    0xFE, 0x07, 0xFE, 0x0D, 0x00, 0x00, 0x00, 0x00, 0xC0, 0x02, 0xFE, 0x02, 0xFC, 0x0F, 0xE4, 0x09,
    0xD7, 0x05, 0xF7, 0x03, 0xF4, 0x00, 0xD4, 0x0F, 0xDE, 0x0F, 0x50, 0x00, 0x00, 0x00, 0x00, 0x00,
    0x00, 0x06, 0xFE, 0x01, 0xAA, 0x00, 0xAA, 0x0F, 0xFA, 0x04, 0xAA, 0x05, 0xFA, 0x02, 0xBA, 0x07,
    0xAF, 0x0D, 0xE0, 0x0C, 0x00, 0x00, 0x00, 0x00, 0xFA, 0x0F, 0xFA, 0x05, 0x7A, 0x05, 0xFF, 0x07,
    0xEA, 0x0F, 0xF2, 0x0F, 0xBF, 0x05, 0xFA, 0x05, 0xB2, 0x05, 0xFA, 0x05, 0x00, 0x01, 0x00, 0x00,
    0xE8, 0x00, 0xFF, 0x0F, 0xFE, 0x0F, 0x4C, 0x04, 0x50, 0x04, 0x5E, 0x06, 0xFF, 0x03, 0xAA, 0x03,
    0xEE, 0x04, 0x28, 0x0C, 0x00, 0x0E, 0x00, 0x00, 0x00, 0x00, 0xC0, 0x0F, 0x40, 0x04, 0x40, 0x04,
    0x7F, 0x04, 0x4A, 0x04, 0x48, 0x04, 0x48, 0x04, 0xC8, 0x0F, 0x0C, 0x00, 0x00, 0x00, 0x00, 0x00,
    0xC0, 0x0F, 0x7E, 0x00, 0x7E, 0x00, 0xC8, 0x07, 0x58, 0x08, 0x1E, 0x04, 0xFF, 0x03, 0x92, 0x03,
    0xEE, 0x06, 0x2C, 0x0E, 0x00, 0x08, 0x00, 0x00, 0x28, 0x06, 0xCB, 0x07, 0x8E, 0x03, 0xF8, 0x02,
    0x0C, 0x01, 0xC0, 0x0F, 0x7E, 0x04, 0x7F, 0x04, 0x48, 0x06, 0xCC, 0x0F, 0x08, 0x00, 0x00, 0x00,
    0xB2, 0x07, 0xF6, 0x07, 0x9C, 0x00, 0x84, 0x07, 0xFF, 0x06, 0xAC, 0x05, 0xAC, 0x04, 0xFF, 0x05,
    0xFF, 0x07, 0xC6, 0x04, 0x00, 0x00, 0x00, 0x00, 0xB8, 0x07, 0xF6, 0x02, 0x9A, 0x0A, 0x08, 0x06,
    0xDC, 0x03, 0x54, 0x06, 0xF7, 0x07, 0xF6, 0x07, 0x9C, 0x0C, 0x9C, 0x0C, 0x00, 0x00, 0x00, 0x00,
    0x68, 0x00, 0xFF, 0x0F, 0x6C, 0x00, 0x18, 0x02, 0xF4, 0x03, 0x7C, 0x02, 0x73, 0x0F, 0x7E, 0x02,
    0xFE, 0x03, 0x3A, 0x03, 0x00, 0x02, 0x00, 0x00, 0x00, 0x02, 0x12, 0x02, 0xF2, 0x03, 0x6E, 0x03,
    0x6B, 0x0F, 0x62, 0x0F, 0x6E, 0x03, 0xF6, 0x03, 0xF2, 0x02, 0x08, 0x02, 0x00, 0x00, 0x00, 0x00,
    0xF2, 0x03, 0xF6, 0x03, 0x7B, 0x0F, 0x7A, 0x03, 0xF6, 0x0B, 0xBA, 0x0B, 0x90, 0x04, 0x4C, 0x06,
    0x36, 0x03, 0x92, 0x01, 0x80, 0x00, 0x00, 0x00, 0x18, 0x05, 0xC6, 0x0F, 0x38, 0x02, 0x12, 0x03,
    0xF6, 0x03, 0x7E, 0x03, 0x73, 0x0F, 0x7E, 0x03, 0xF6, 0x03, 0x1A, 0x02, 0x08, 0x02, 0x00, 0x00,
    0x72, 0x04, 0x52, 0x0C, 0xDE, 0x07, 0x5E, 0x00, 0x60, 0x08, 0xFF, 0x0F, 0x58, 0x04, 0xCC, 0x03,
    0x26, 0x06, 0x20, 0x04, 0x00, 0x00, 0x00, 0x00, 0x18, 0x02, 0x4C, 0x02, 0x7E, 0x02, 0x7E, 0x0A,
    0xEF, 0x0F, 0xEF, 0x07, 0x7C, 0x02, 0xFE, 0x02, 0xCC, 0x02, 0x0C, 0x03, 0x00, 0x00, 0x00, 0x00,
    0x98, 0x0F, 0xF6, 0x07, 0x7A, 0x04, 0x7A, 0x0C, 0xDE, 0x07, 0x22, 0x00, 0xFF, 0x0F, 0x78, 0x04,
    0xAC, 0x03, 0x26, 0x06, 0x20, 0x04, 0x00, 0x00, 0xE8, 0x00, 0xFF, 0x0F, 0xFF, 0x0F, 0x6C, 0x08,
    0x08, 0x04, 0xE8, 0x06, 0x88, 0x03, 0xFF, 0x06, 0x08, 0x04, 0x08, 0x0C, 0x08, 0x00, 0x00, 0x00,
    0x08, 0x08, 0x08, 0x04, 0x38, 0x04, 0xC8, 0x06, 0x08, 0x03, 0xFE, 0x03, 0x1E, 0x06, 0x08, 0x04,
    0x08, 0x0C, 0x0C, 0x0C, 0x00, 0x00, 0x00, 0x00, 0xF8, 0x01, 0xFF, 0x0F, 0x0C, 0x01, 0xFC, 0x01,
    0x40, 0x0C, 0xFF, 0x0F, 0xC8, 0x04, 0xCC, 0x03, 0x46, 0x06, 0x60, 0x04, 0x00, 0x00, 0x00, 0x00,
    0xFE, 0x05, 0xCA, 0x03, 0xFE, 0x01, 0xFE, 0x07, 0x20, 0x04, 0xFF, 0x0F, 0x38, 0x06, 0xEC, 0x03,
    0x26, 0x03, 0x20, 0x06, 0x00, 0x00, 0x00, 0x00, 0x30, 0x00, 0xFC, 0x0F, 0x07, 0x08, 0x08, 0x08,
    0x78, 0x04, 0x88, 0x03, 0xEA, 0x03, 0x7F, 0x06, 0x08, 0x04, 0x0C, 0x04, 0x08, 0x00, 0x00, 0x00,
    0xFE, 0x03, 0x7E, 0x04, 0x5A, 0x0C, 0xFF, 0x07, 0x20, 0x00, 0xFF, 0x0F, 0x38, 0x04, 0xEC, 0x03,
    0x26, 0x03, 0x22, 0x06, 0x20, 0x04, 0x00, 0x00, 0xD8, 0x04, 0xFE, 0x03, 0x7E, 0x02, 0xEA, 0x03,
    0xFA, 0x03, 0xFF, 0x0F, 0xFE, 0x0F, 0xFA, 0x03, 0xFA, 0x03, 0x1A, 0x02, 0x00, 0x02, 0x00, 0x00,
    0xFE, 0x0F, 0x9A, 0x01, 0xEE, 0x01, 0x12, 0x02, 0xF2, 0x03, 0xFE, 0x02, 0xF3, 0x0F, 0xFE, 0x02,
    0xF6, 0x03, 0x3A, 0x03, 0x00, 0x02, 0x00, 0x00, 0x88, 0x04, 0xC8, 0x0C, 0xFF, 0x0F, 0x2C, 0x00,
    0x6A, 0x00, 0xF2, 0x0F, 0x9E, 0x04, 0xA2, 0x04, 0xF2, 0x04, 0xDE, 0x0F, 0x00, 0x00, 0x00, 0x00,
    0xFE, 0x07, 0x22, 0x01, 0xFE, 0x03, 0xFE, 0x03, 0x62, 0x00, 0xDE, 0x0F, 0x0E, 0x04, 0x12, 0x04,
    0xF2, 0x07, 0xDE, 0x0F, 0x00, 0x00, 0x00, 0x00, 0x88, 0x00, 0xC8, 0x0C, 0xFF, 0x0F, 0x28, 0x00,
    0x38, 0x04, 0x1E, 0x02, 0xFF, 0x03, 0xD2, 0x03, 0x76, 0x04, 0x08, 0x0E, 0x00, 0x08, 0x00, 0x00,
    0x18, 0x01, 0xF2, 0x0F, 0x76, 0x00, 0x46, 0x00, 0xF2, 0x0F, 0x5E, 0x04, 0x02, 0x04, 0x72, 0x04,
    0xFE, 0x0F, 0x8E, 0x07, 0x00, 0x00, 0x00, 0x00, 0xA4, 0x07, 0xE4, 0x03, 0xFF, 0x07, 0xF4, 0x07,
    0xB4, 0x0E, 0x14, 0x0D, 0xC8, 0x0C, 0x70, 0x0C, 0xDE, 0x0F, 0x02, 0x0D, 0x00, 0x04, 0x00, 0x00,
    0x80, 0x0C, 0xFE, 0x07, 0x92, 0x00, 0xFE, 0x06, 0x12, 0x00, 0xFE, 0x01, 0xA6, 0x06, 0xAA, 0x00,
    0xFA, 0x03, 0xFE, 0x06, 0x00, 0x00, 0x00, 0x00, 0x00, 0x02, 0xEF, 0x02, 0xE0, 0x03, 0x66, 0x02,
    0x7E, 0x0F, 0x7E, 0x0F, 0x76, 0x02, 0xF0, 0x03, 0xFF, 0x03, 0x06, 0x03, 0x00, 0x02, 0x00, 0x00,
    0x80, 0x09, 0x98, 0x04, 0x40, 0x03, 0xFF, 0x01, 0x00, 0x00, 0xFF, 0x07, 0x7A, 0x0C, 0x48, 0x0C,
    0xCC, 0x0C, 0x00, 0x07, 0x00, 0x00, 0x00, 0x00, 0x70, 0x04, 0x4E, 0x04, 0xEB, 0x07, 0xFE, 0x06,
    0xFE, 0x0F, 0xF6, 0x07, 0xFF, 0x06, 0xEE, 0x07, 0xFE, 0x04, 0x52, 0x06, 0x10, 0x00, 0x00, 0x00,
    0x42, 0x00, 0x62, 0x00, 0xF2, 0x0F, 0x5E, 0x04, 0x46, 0x04, 0x52, 0x04, 0x72, 0x04, 0x72, 0x04,
    0xDE, 0x07, 0x02, 0x00, 0x00, 0x00, 0x00, 0x00, 0x20, 0x04, 0xF6, 0x03, 0x00, 0x07, 0xFE, 0x0E,
    0x10, 0x0B, 0xFC, 0x0B, 0x57, 0x08, 0xFE, 0x0B, 0xFE, 0x0D, 0x1A, 0x0F, 0x00, 0x04, 0x00, 0x00,
    0xC8, 0x04, 0xFF, 0x0F, 0xFF, 0x0F, 0x28, 0x04, 0xFE, 0x03, 0x3E, 0x00, 0x02, 0x00, 0xE2, 0x0F,
    0xF3, 0x07, 0x12, 0x00, 0x00, 0x00, 0x00, 0x00, 0x34, 0x00, 0xD4, 0x0F, 0x7F, 0x0F, 0x84, 0x05,
    0x7C, 0x05, 0x3E, 0x05, 0x0A, 0x05, 0xFA, 0x0F, 0x7A, 0x01, 0x08, 0x00, 0x00, 0x00, 0x00, 0x00,
    0x14, 0x0C, 0xFC, 0x0F, 0xFF, 0x0F, 0x8C, 0x06, 0xEC, 0x07, 0xDC, 0x07, 0xBF, 0x06, 0x84, 0x07,
    0xBE, 0x0F, 0x60, 0x08, 0x40, 0x00, 0x00, 0x00, 0x7C, 0x01, 0xFF, 0x0F, 0xA4, 0x01, 0xF4, 0x0F,
    0xBF, 0x05, 0xFC, 0x0F, 0xF6, 0x0F, 0xFC, 0x06, 0xCB, 0x03, 0x78, 0x0C, 0x08, 0x00, 0x00, 0x00,
    0x10, 0x01, 0x94, 0x01, 0xD4, 0x0F, 0xD4, 0x05, 0x7F, 0x05, 0x54, 0x05, 0x5C, 0x05, 0xD6, 0x0F,
    0x12, 0x00, 0x10, 0x00, 0x00, 0x00, 0x00, 0x00, 0x9C, 0x00, 0xF7, 0x0F, 0x94, 0x06, 0xD4, 0x03,
    0x94, 0x00, 0xD4, 0x0F, 0x7F, 0x05, 0x7C, 0x05, 0xDC, 0x0F, 0xD6, 0x07, 0x10, 0x00, 0x00, 0x00,
    0x02, 0x06, 0xFA, 0x03, 0x42, 0x0E, 0xFF, 0x01, 0xFE, 0x0F, 0x4E, 0x04, 0xFF, 0x07, 0xFE, 0x05,
    0x4A, 0x02, 0x6A, 0x0C, 0x02, 0x00, 0x00, 0x00, 0x22, 0x0C, 0xE6, 0x07, 0xE4, 0x07, 0x04, 0x06,
    0x14, 0x0D, 0xA7, 0x0C, 0xE6, 0x0C, 0xFC, 0x0D, 0x8C, 0x0F, 0x04, 0x0C, 0x00, 0x04, 0x00, 0x00,
    0xB0, 0x07, 0xF6, 0x07, 0xCC, 0x04, 0xFE, 0x0F, 0xFF, 0x0F, 0x28, 0x06, 0xFE, 0x03, 0x12, 0x00,
    0xF2, 0x0F, 0x12, 0x00, 0x10, 0x00, 0x00, 0x00, 0x22, 0x02, 0xFE, 0x03, 0x32, 0x09, 0xA2, 0x0B,
    0x58, 0x0A, 0x6E, 0x05, 0xB3, 0x06, 0xC6, 0x02, 0x48, 0x03, 0x98, 0x01, 0x10, 0x00, 0x00, 0x00,
    0x84, 0x07, 0xFF, 0x07, 0xA4, 0x05, 0xFE, 0x05, 0xFE, 0x07, 0xD6, 0x05, 0x36, 0x01, 0x80, 0x00,
    0xFF, 0x0F, 0xC0, 0x00, 0x00, 0x00, 0x00, 0x00, 0x00, 0x0A, 0x00, 0x0E, 0xF8, 0x07, 0xD8, 0x06,
    0xDF, 0x02, 0xDF, 0x02, 0xD8, 0x06, 0xFC, 0x07, 0x02, 0x0E, 0x02, 0x0B, 0x00, 0x00, 0x00, 0x00,
    0xFC, 0x04, 0xBE, 0x04, 0xFE, 0x07, 0xBE, 0x02, 0xBD, 0x02, 0xBC, 0x07, 0xFE, 0x07, 0x6A, 0x02,
    0xF8, 0x07, 0x09, 0x06, 0x00, 0x04, 0x00, 0x00, 0xE2, 0x04, 0xFE, 0x07, 0x22, 0x02, 0xF2, 0x07,
    0xC2, 0x0F, 0xC0, 0x0F, 0x7F, 0x04, 0x7F, 0x04, 0x48, 0x04, 0xCC, 0x0F, 0x0C, 0x00, 0x00, 0x00,
    0x5A, 0x02, 0xF6, 0x03, 0x5A, 0x02, 0xD2, 0x04, 0x5A, 0x07, 0x7A, 0x03, 0xDF, 0x0F, 0x7A, 0x03,
    0xFE, 0x07, 0xDA, 0x04, 0x00, 0x00, 0x00, 0x00, 0x00, 0x08, 0xF8, 0x09, 0xF8, 0x05, 0x00, 0x06,
    0xFF, 0x03, 0xFE, 0x00, 0x00, 0x02, 0x18, 0x06, 0xFA, 0x05, 0x02, 0x0C, 0x00, 0x00, 0x00, 0x00,
    0x5C, 0x00, 0xF7, 0x07, 0xF5, 0x07, 0x56, 0x02, 0x50, 0x00, 0x10, 0x00, 0xFF, 0x0F, 0xFF, 0x0F,
    0x10, 0x00, 0x10, 0x00, 0x10, 0x00, 0x00, 0x00, 0x30, 0x00, 0xFC, 0x0F, 0x07, 0x08, 0xF8, 0x09,
    0xF8, 0x05, 0x08, 0x03, 0xFF, 0x01, 0x04, 0x02, 0xFC, 0x07, 0xFE, 0x0C, 0x00, 0x00, 0x00, 0x00,
    0xC8, 0x00, 0xFF, 0x0F, 0xFE, 0x0F, 0x78, 0x04, 0x1C, 0x06, 0xE8, 0x01, 0xFF, 0x00, 0xE8, 0x0F,
    0x18, 0x0C, 0x0C, 0x0C, 0x00, 0x04, 0x00, 0x00, 0xD8, 0x04, 0xFC, 0x03, 0xFC, 0x08, 0x24, 0x0B,
    0x94, 0x0A, 0x4F, 0x05, 0xAC, 0x05, 0x94, 0x02, 0x34, 0x03, 0x26, 0x01, 0x20, 0x00, 0x00, 0x00,
    0x00, 0x00, 0xF6, 0x07, 0x24, 0x0A, 0x10, 0x0B, 0x48, 0x09, 0x26, 0x05, 0xB3, 0x06, 0xCC, 0x02,
    0x18, 0x03, 0x18, 0x01, 0x00, 0x00, 0x00, 0x00, 0x0C, 0x06, 0xE6, 0x03, 0x3C, 0x0D, 0xFC, 0x0F,
    0xFE, 0x04, 0xFE, 0x07, 0xFC, 0x06, 0xFD, 0x07, 0xAD, 0x0D, 0x86, 0x0C, 0x00, 0x00, 0x00, 0x00,
    0x48, 0x0C, 0xFF, 0x0F, 0x2C, 0x04, 0x0C, 0x03, 0xFE, 0x00, 0xEA, 0x0F, 0x2A, 0x04, 0xEA, 0x03,
    0xAA, 0x07, 0xE2, 0x04, 0x00, 0x04, 0x00, 0x00, 0x9C, 0x00, 0xF7, 0x0F, 0x94, 0x06, 0xD4, 0x0B,
    0xFA, 0x07, 0xFA, 0x07, 0xDF, 0x02, 0xDA, 0x02, 0xFA, 0x07, 0x0A, 0x0F, 0x00, 0x00, 0x00, 0x00,
    0xFE, 0x0F, 0x92, 0x01, 0xEE, 0x01, 0x46, 0x01, 0x74, 0x01, 0x5C, 0x01, 0xF7, 0x0F, 0xF4, 0x07,
    0x64, 0x01, 0xA6, 0x01, 0x00, 0x01, 0x00, 0x00, 0x20, 0x09, 0xA8, 0x07, 0x6E, 0x02, 0xAF, 0x0E,
    0xE8, 0x01, 0x38, 0x06, 0x5F, 0x0C, 0xE8, 0x03, 0xB0, 0x04, 0x82, 0x0D, 0x00, 0x00, 0x00, 0x00,
    0x48, 0x04, 0xFF, 0x0F, 0x68, 0x00, 0x78, 0x01, 0x5C, 0x05, 0x56, 0x0D, 0xF3, 0x0F, 0x5C, 0x01,
    0xFE, 0x01, 0x70, 0x00, 0x00, 0x00, 0x00, 0x00, 0xFE, 0x07, 0x12, 0x02, 0xFE, 0x07, 0x5A, 0x00,
    0x4C, 0x01, 0x57, 0x0D, 0xFB, 0x0F, 0x4E, 0x01, 0xFE, 0x01, 0xF0, 0x00, 0x00, 0x00, 0x00, 0x00,
    0x4C, 0x00, 0xF6, 0x0F, 0x1B, 0x04, 0x02, 0x04, 0xF0, 0x07, 0x00, 0x04, 0xFC, 0x07, 0x64, 0x04,
    0x22, 0x04, 0x22, 0x04, 0x00, 0x04, 0x00, 0x00, 0x92, 0x04, 0x7C, 0x0C, 0xF6, 0x07, 0x5A, 0x01,
    0x5E, 0x05, 0x53, 0x0D, 0xF8, 0x0F, 0x5E, 0x01, 0xFE, 0x01, 0x70, 0x00, 0x00, 0x00, 0x00, 0x00,
    0x50, 0x00, 0x4C, 0x01, 0x4E, 0x01, 0x4B, 0x09, 0xFA, 0x0F, 0xFE, 0x07, 0x4E, 0x01, 0x5A, 0x01,
    0xF8, 0x01, 0x60, 0x00, 0x00, 0x00, 0x00, 0x00, 0x30, 0x00, 0xFF, 0x0F, 0x18, 0x04, 0x10, 0x04,
    0xF2, 0x07, 0x02, 0x04, 0xFE, 0x07, 0xFE, 0x07, 0x22, 0x04, 0x22, 0x04, 0x00, 0x04, 0x00, 0x00,
    0x5E, 0x08, 0x3A, 0x08, 0xFF, 0x0F, 0xBE, 0x08, 0xFE, 0x0F, 0xC8, 0x0F, 0x7F, 0x0A, 0xB4, 0x0B,
    0xEC, 0x0A, 0x46, 0x0C, 0x00, 0x00, 0x00, 0x00, 0xC8, 0x04, 0xFF, 0x0F, 0x68, 0x02, 0x3C, 0x09,
    0xF2, 0x08, 0x32, 0x0A, 0xFA, 0x0F, 0x7E, 0x08, 0xF6, 0x09, 0x12, 0x0D, 0x00, 0x01, 0x00, 0x00,
    0x00, 0x04, 0x02, 0x04, 0xF2, 0x07, 0x02, 0x04, 0x02, 0x04, 0xFE, 0x07, 0x22, 0x04, 0x22, 0x04,
    0x22, 0x04, 0x02, 0x04, 0x00, 0x04, 0x00, 0x00, 0xF2, 0x07, 0x12, 0x02, 0xFE, 0x0B, 0x22, 0x0B,
    0x72, 0x05, 0x38, 0x04, 0xEF, 0x03, 0xC8, 0x03, 0x78, 0x06, 0x0C, 0x0C, 0x00, 0x00, 0x00, 0x00,
    0xFC, 0x01, 0xFF, 0x0F, 0xFE, 0x0F, 0xFC, 0x09, 0xF8, 0x0D, 0xF0, 0x07, 0xFF, 0x03, 0xFE, 0x02,
    0xFC, 0x07, 0xFE, 0x0D, 0x04, 0x00, 0x00, 0x00, 0xD8, 0x04, 0xD8, 0x03, 0xFC, 0x00, 0x54, 0x04,
    0xD4, 0x07, 0x17, 0x00, 0xF6, 0x07, 0x94, 0x00, 0x94, 0x00, 0xDE, 0x04, 0x00, 0x04, 0x00, 0x00,
    0x48, 0x04, 0x4E, 0x03, 0xF8, 0x01, 0x4E, 0x01, 0x4F, 0x03, 0x68, 0x00, 0xFE, 0x0F, 0x02, 0x01,
    0x3E, 0x03, 0xC6, 0x03, 0x82, 0x01, 0x00, 0x00, 0x10, 0x04, 0xF6, 0x07, 0x00, 0x07, 0x02, 0x04,
    0xF2, 0x07, 0x02, 0x04, 0xFE, 0x07, 0xFE, 0x07, 0x22, 0x04, 0x22, 0x04, 0x00, 0x04, 0x00, 0x00,
    0x24, 0x06, 0x24, 0x02, 0x2E, 0x02, 0x2F, 0x07, 0xBC, 0x05, 0xB4, 0x0C, 0x6F, 0x0C, 0x2F, 0x0C,
    0x34, 0x0C, 0x06, 0x0C, 0x04, 0x00, 0x00, 0x00, 0xC8, 0x00, 0xFF, 0x0F, 0xFF, 0x0F, 0x6C, 0x08,
    0x24, 0x04, 0xE4, 0x04, 0x3F, 0x03, 0xA4, 0x07, 0xE4, 0x04, 0x24, 0x0C, 0x00, 0x00, 0x00, 0x00,
    0x04, 0x08, 0x24, 0x08, 0x24, 0x04, 0xE4, 0x04, 0xBE, 0x03, 0x3F, 0x03, 0xE4, 0x06, 0x64, 0x04,
    0x24, 0x0C, 0x04, 0x0C, 0x00, 0x00, 0x00, 0x00, 0xFC, 0x03, 0x84, 0x00, 0xFC, 0x09, 0x04, 0x08,
    0x20, 0x04, 0xE0, 0x06, 0x3F, 0x03, 0xE4, 0x07, 0x64, 0x0C, 0x04, 0x0C, 0x00, 0x00, 0x00, 0x00,
    0xF8, 0x06, 0xFF, 0x03, 0x7C, 0x0B, 0x78, 0x06, 0x4E, 0x03, 0xFB, 0x03, 0x64, 0x02, 0xFC, 0x07,
    0x04, 0x02, 0xFC, 0x07, 0x00, 0x00, 0x00, 0x00, 0x38, 0x04, 0x07, 0x06, 0xFD, 0x03, 0x24, 0x01,
    0x24, 0x07, 0x24, 0x00, 0xFC, 0x07, 0x04, 0x00, 0x04, 0x03, 0xFC, 0x07, 0x00, 0x00, 0x00, 0x00,
    0xFE, 0x07, 0xFE, 0x04, 0x92, 0x0C, 0xFE, 0x0F, 0x20, 0x00, 0xE0, 0x04, 0x3F, 0x03, 0xAE, 0x07,
    0x64, 0x04, 0x04, 0x0C, 0x00, 0x00, 0x00, 0x00, 0xFE, 0x07, 0xDA, 0x04, 0xD2, 0x0C, 0xFE, 0x07,
    0xDE, 0x07, 0xDE, 0x0F, 0x54, 0x05, 0x56, 0x05, 0xD2, 0x0F, 0xDA, 0x0F, 0x10, 0x00, 0x00, 0x00,
    0x18, 0x05, 0xF2, 0x0F, 0x3E, 0x00, 0x10, 0x00, 0x10, 0x00, 0x10, 0x00, 0xFF, 0x0F, 0x10, 0x00,
    0x10, 0x00, 0x10, 0x00, 0x10, 0x00, 0x00, 0x00, 0x08, 0x02, 0x08, 0x01, 0x08, 0x03, 0x88, 0x06,
    0xCB, 0x04, 0x6E, 0x04, 0x38, 0x04, 0x18, 0x04, 0x0C, 0x04, 0x00, 0x04, 0x00, 0x00, 0x00, 0x00,
    0x98, 0x06, 0xF6, 0x02, 0xB3, 0x02, 0x0C, 0x0E, 0x4C, 0x06, 0xFE, 0x03, 0x42, 0x01, 0xC2, 0x00,
    0x7E, 0x03, 0x7E, 0x06, 0x00, 0x04, 0x00, 0x00, 0xFE, 0x03, 0xFE, 0x01, 0x08, 0x01, 0xFE, 0x0F,
    0x81, 0x04, 0x7E, 0x06, 0xA2, 0x01, 0xA2, 0x00, 0xA2, 0x01, 0x7E, 0x07, 0x00, 0x04, 0x00, 0x00,
    0x04, 0x08, 0x04, 0x00, 0xFC, 0x07, 0xA4, 0x02, 0xAE, 0x02, 0xAF, 0x02, 0xA4, 0x02, 0xFC, 0x07,
    0x06, 0x04, 0x06, 0x04, 0x00, 0x00, 0x00, 0x00, 0xE8, 0x00, 0xFF, 0x0F, 0x68, 0x00, 0x4C, 0x00,
    0xF4, 0x07, 0xF4, 0x06, 0x9F, 0x02, 0x94, 0x02, 0xFC, 0x07, 0x06, 0x04, 0x00, 0x04, 0x00, 0x00,
    0x72, 0x04, 0xDE, 0x03, 0xF2, 0x09, 0x32, 0x00, 0xFC, 0x07, 0xF4, 0x06, 0xAF, 0x02, 0xA4, 0x02,
    0xFC, 0x07, 0x06, 0x04, 0x00, 0x04, 0x00, 0x00, 0xC8, 0x04, 0xFF, 0x0F, 0x6C, 0x0C, 0x2C, 0x04,
    0x48, 0x03, 0xFF, 0x01, 0x8B, 0x01, 0x08, 0x00, 0xF8, 0x07, 0x00, 0x04, 0x00, 0x0F, 0x00, 0x00,
    0x30, 0x00, 0xFE, 0x0F, 0x07, 0x00, 0x04, 0x04, 0xFC, 0x07, 0xAE, 0x02, 0xAF, 0x02, 0xA4, 0x06,
    0xFC, 0x07, 0x06, 0x04, 0x00, 0x04, 0x00, 0x00, 0x30, 0x00, 0xFC, 0x0F, 0x03, 0x04, 0x02, 0x04,
    0x32, 0x04, 0x3E, 0x04, 0xE6, 0x07, 0x2A, 0x04, 0xBA, 0x04, 0xB2, 0x04, 0x00, 0x04, 0x00, 0x00,
    0x10, 0x06, 0xFF, 0x03, 0x10, 0x06, 0x10, 0x05, 0xF8, 0x07, 0x00, 0x04, 0xFF, 0x07, 0xFE, 0x07,
    0x20, 0x04, 0x30, 0x04, 0x00, 0x04, 0x00, 0x00, 0xC8, 0x04, 0xFF, 0x0F, 0xFF, 0x07, 0x2C, 0x00,
    0xDE, 0x0F, 0xDF, 0x0F, 0x54, 0x05, 0x54, 0x05, 0xD2, 0x0F, 0xDE, 0x0F, 0x00, 0x00, 0x00, 0x00,
    0x00, 0x04, 0x00, 0x04, 0xF8, 0x07, 0x00, 0x04, 0x00, 0x04, 0xFF, 0x07, 0x20, 0x04, 0x20, 0x04,
    0x30, 0x04, 0x00, 0x04, 0x00, 0x00, 0x00, 0x00, 0xFE, 0x07, 0x52, 0x04, 0xF2, 0x07, 0xDE, 0x06,
    0x00, 0x06, 0xF8, 0x07, 0x00, 0x04, 0xFF, 0x07, 0x20, 0x04, 0x30, 0x04, 0x00, 0x04, 0x00, 0x00,
    0x00, 0x04, 0x00, 0x06, 0x7E, 0x03, 0xA2, 0x01, 0x22, 0x00, 0x22, 0x00, 0xA2, 0x00, 0x7E, 0x01,
    0x7F, 0x03, 0x00, 0x06, 0x00, 0x00, 0x00, 0x00, 0x00, 0x00, 0xDF, 0x0F, 0xD4, 0x0F, 0x54, 0x05,
    0x54, 0x05, 0x56, 0x05, 0x52, 0x05, 0xD2, 0x0F, 0xDA, 0x0F, 0x18, 0x00, 0x00, 0x00, 0x00, 0x00,
    0xB8, 0x06, 0xF6, 0x02, 0xBA, 0x02, 0x88, 0x00, 0xFE, 0x0F, 0x22, 0x04, 0x26, 0x02, 0xFE, 0x03,
    0x22, 0x06, 0x32, 0x0C, 0x00, 0x0E, 0x00, 0x00, 0x08, 0x07, 0x20, 0x01, 0xA0, 0x07, 0xA0, 0x0F,
    0xFF, 0x08, 0xBF, 0x09, 0x20, 0x08, 0x20, 0x0E, 0xA0, 0x01, 0x04, 0x03, 0x00, 0x02, 0x00, 0x00,
    0x1A, 0x02, 0x6A, 0x02, 0xFF, 0x02, 0xE6, 0x06, 0xE6, 0x0F, 0xDE, 0x07, 0xDF, 0x02, 0xE2, 0x02,
    0xFE, 0x02, 0x30, 0x03, 0x00, 0x00, 0x00, 0x00, 0xC8, 0x04, 0xFF, 0x0F, 0x28, 0x08, 0x68, 0x06,
    0xFE, 0x03, 0x6E, 0x03, 0x6B, 0x06, 0xFE, 0x0F, 0x22, 0x02, 0xDE, 0x07, 0x82, 0x03, 0x00, 0x00,
    0x02, 0x04, 0xA2, 0x04, 0xB2, 0x04, 0xBA, 0x04, 0xE6, 0x07, 0xE2, 0x07, 0x8A, 0x04, 0x9A, 0x04,
    0xB2, 0x04, 0x02, 0x04, 0x00, 0x04, 0x00, 0x00, 0xB2, 0x04, 0xBE, 0x04, 0xF6, 0x03, 0x9A, 0x0A,
    0xF2, 0x06, 0x38, 0x04, 0xFF, 0x03, 0xE1, 0x03, 0x78, 0x06, 0x0C, 0x04, 0x00, 0x00, 0x00, 0x00,
    0x10, 0x00, 0x1F, 0x00, 0xF4, 0x07, 0x36, 0x03, 0x3E, 0x03, 0x3E, 0x03, 0x36, 0x03, 0xF4, 0x07,
    0x1F, 0x04, 0x1A, 0x04, 0x00, 0x04, 0x00, 0x00, 0xFC, 0x01, 0xFF, 0x0F, 0x0D, 0x01, 0xFC, 0x05,
    0x04, 0x06, 0xFE, 0x03, 0x02, 0x01, 0x02, 0x00, 0x7E, 0x03, 0x02, 0x06, 0x00, 0x00, 0x00, 0x00,
    0xF8, 0x03, 0xFF, 0x03, 0x00, 0x03, 0xF8, 0x03, 0xA4, 0x00, 0xA4, 0x03, 0xBF, 0x00, 0xE4, 0x0F,
    0xE4, 0x07, 0xF4, 0x00, 0x00, 0x00, 0x00, 0x00, 0xDC, 0x07, 0xC6, 0x07, 0x54, 0x00, 0xFF, 0x0F,
    0x44, 0x04, 0xD4, 0x07, 0x10, 0x00, 0xFC, 0x05, 0x00, 0x0C, 0xFF, 0x07, 0x00, 0x00, 0x00, 0x00,
    0x4C, 0x00, 0x6B, 0x00, 0xFF, 0x0F, 0x1E, 0x05, 0x6A, 0x05, 0x0A, 0x05, 0x7E, 0x05, 0xC2, 0x0F,
    0x02, 0x00, 0x3E, 0x00, 0x00, 0x00, 0x00, 0x00, 0xD0, 0x00, 0xFE, 0x0F, 0xFE, 0x0F, 0x5A, 0x08,
    0x5C, 0x04, 0x4E, 0x03, 0xFF, 0x01, 0xDF, 0x01, 0x48, 0x07, 0x68, 0x0C, 0x00, 0x04, 0x00, 0x00,
    0x92, 0x01, 0xFE, 0x0F, 0xFE, 0x0F, 0xFA, 0x00, 0xFC, 0x0F, 0xFF, 0x0F, 0xA4, 0x04, 0xFF, 0x07,
    0xA4, 0x04, 0xB4, 0x06, 0x00, 0x04, 0x00, 0x00, 0x00, 0x07, 0xFE, 0x09, 0x0A, 0x08, 0xEA, 0x07,
    0x2A, 0x06, 0xFE, 0x03, 0x6E, 0x02, 0x2B, 0x02, 0xEB, 0x07, 0x0C, 0x0C, 0x08, 0x00, 0x00, 0x00,
    0x40, 0x08, 0x48, 0x01, 0xEC, 0x05, 0x3E, 0x06, 0xFF, 0x03, 0xFA, 0x00, 0x8A, 0x03, 0xC6, 0x06,
    0x66, 0x04, 0x00, 0x0C, 0x00, 0x00, 0x00, 0x00, 0xD8, 0x04, 0xFE, 0x03, 0xFE, 0x00, 0x90, 0x00,
    0x90, 0x03, 0xBF, 0x02, 0xBE, 0x04, 0xD0, 0x0F, 0xD8, 0x07, 0xA2, 0x00, 0x00, 0x00, 0x00, 0x00,
    0x9A, 0x07, 0xE6, 0x07, 0x7C, 0x00, 0xF4, 0x07, 0xFF, 0x07, 0xE4, 0x00, 0xFF, 0x0F, 0x24, 0x06,
    0xFF, 0x07, 0x34, 0x00, 0x24, 0x00, 0x00, 0x00, 0x18, 0x01, 0xB2, 0x0F, 0x76, 0x00, 0x18, 0x00,
    0xF8, 0x0F, 0x1C, 0x04, 0x17, 0x04, 0x13, 0x04, 0xD8, 0x0F, 0xF8, 0x0F, 0x30, 0x00, 0x00, 0x00,
    0x0C, 0x08, 0x96, 0x0A, 0xD8, 0x0A, 0xEC, 0x0A, 0xA7, 0x0F, 0x86, 0x0F, 0x6C, 0x0A, 0xD8, 0x0A,
    0x9C, 0x0B, 0x16, 0x0C, 0x00, 0x00, 0x00, 0x00, 0xF8, 0x00, 0xF8, 0x00, 0x48, 0x00, 0x48, 0x00,
    0xFF, 0x0F, 0xFF, 0x0F, 0x48, 0x00, 0x48, 0x00, 0xF8, 0x00, 0x78, 0x00, 0x00, 0x00, 0x00, 0x00,
    0x00, 0x08, 0xBE, 0x07, 0x94, 0x00, 0x94, 0x07, 0xFF, 0x04, 0xFE, 0x04, 0x94, 0x07, 0x94, 0x00,
    0xBE, 0x07, 0x00, 0x04, 0x00, 0x00, 0x00, 0x00, 0x00, 0x06, 0x3C, 0x03, 0xB4, 0x07, 0x04, 0x0F,
    0xFE, 0x09, 0x7F, 0x0B, 0x04, 0x0C, 0x34, 0x0E, 0x3E, 0x01, 0x00, 0x07, 0x00, 0x00, 0x00, 0x00,
    0x18, 0x00, 0xFF, 0x0F, 0xD7, 0x06, 0x54, 0x02, 0xFC, 0x00, 0xF8, 0x00, 0x48, 0x00, 0xFF, 0x0F,
    0x08, 0x00, 0xF8, 0x00, 0x08, 0x00, 0x00, 0x00, 0x04, 0x02, 0x78, 0x02, 0x28, 0x0F, 0xA8, 0x0F,
    0xFF, 0x04, 0xFE, 0x04, 0x28, 0x03, 0xA8, 0x06, 0xFC, 0x04, 0x02, 0x0C, 0x00, 0x04, 0x00, 0x00,
    0xD8, 0x06, 0xF6, 0x02, 0x9B, 0x02, 0xDC, 0x02, 0x8C, 0x00, 0x4F, 0x04, 0xB4, 0x05, 0x7C, 0x0D,
    0xCE, 0x08, 0xC0, 0x00, 0x00, 0x00, 0x00, 0x00, 0x92, 0x01, 0xFE, 0x0F, 0xFE, 0x0F, 0xDA, 0x00,
    0xF8, 0x00, 0xF8, 0x00, 0x48, 0x00, 0xFF, 0x0F, 0x48, 0x00, 0xFC, 0x00, 0x08, 0x00, 0x00, 0x00,
    0xFE, 0x07, 0xFE, 0x00, 0x5A, 0x0C, 0xFE, 0x07, 0xF8, 0x00, 0xF8, 0x00, 0x48, 0x00, 0xFF, 0x0F,
    0x48, 0x00, 0xFC, 0x00, 0x08, 0x00, 0x00, 0x00, 0x04, 0x04, 0xF6, 0x06, 0xF6, 0x06, 0x96, 0x06,
    0xFE, 0x07, 0xFE, 0x07, 0x95, 0x06, 0xFD, 0x06, 0xF4, 0x07, 0x04, 0x04, 0x00, 0x00, 0x00, 0x00,
    0x20, 0x00, 0xFC, 0x0F, 0xF7, 0x07, 0xF8, 0x00, 0xF8, 0x00, 0x48, 0x00, 0xFF, 0x0F, 0xC8, 0x00,
    0x48, 0x00, 0xFC, 0x00, 0x00, 0x00, 0x00, 0x00, 0x10, 0x04, 0x10, 0x03, 0xF8, 0x09, 0x8E, 0x09,
    0x03, 0x07, 0x07, 0x07, 0xFC, 0x01, 0xF8, 0x01, 0x18, 0x06, 0x18, 0x04, 0x00, 0x04, 0x00, 0x00,
    0x40, 0x0C, 0x40, 0x06, 0xFC, 0x03, 0x44, 0x00, 0xDF, 0x01, 0x75, 0x05, 0x44, 0x0C, 0xFC, 0x0F,
    0x44, 0x00, 0x60, 0x00, 0x00, 0x00, 0x00, 0x00, 0x00, 0x06, 0xFE, 0x03, 0x22, 0x00, 0xEA, 0x03,
    0x6A, 0x03, 0x7E, 0x01, 0xEA, 0x03, 0x3A, 0x04, 0xFE, 0x0F, 0xFE, 0x03, 0x00, 0x00, 0x00, 0x00,
    0x70, 0x04, 0x20, 0x06, 0xFF, 0x01, 0x30, 0x00, 0x60, 0x00, 0xFE, 0x07, 0x32, 0x00, 0x70, 0x00,
    0xFE, 0x0F, 0xFE, 0x0F, 0x00, 0x00, 0x00, 0x00, 0x18, 0x0F, 0xF6, 0x0F, 0x7C, 0x0C, 0x70, 0x06,
    0xFF, 0x01, 0x70, 0x00, 0xFE, 0x07, 0xFE, 0x07, 0x60, 0x00, 0xFE, 0x0F, 0x00, 0x00, 0x00, 0x00,
    0x20, 0x00, 0xF2, 0x0F, 0x26, 0x06, 0x10, 0x07, 0xAC, 0x04, 0xA7, 0x04, 0xB5, 0x04, 0xBC, 0x04,
    0xA6, 0x04, 0xF0, 0x0F, 0x00, 0x00, 0x00, 0x00, 0xFA, 0x0C, 0x92, 0x0F, 0xFE, 0x03, 0xBC, 0x01,
    0xFF, 0x0F, 0xBC, 0x01, 0xA4, 0x01, 0xFA, 0x04, 0x12, 0x0C, 0xDE, 0x07, 0x00, 0x00, 0x00, 0x00,
    0x7C, 0x03, 0x7F, 0x01, 0xF4, 0x0F, 0x64, 0x00, 0xFC, 0x0F, 0xF8, 0x07, 0xC8, 0x04, 0xFF, 0x07,
    0x48, 0x04, 0xFC, 0x0F, 0x00, 0x00, 0x00, 0x00, 0xFE, 0x03, 0x7E, 0x00, 0x42, 0x04, 0xFE, 0x07,
    0x08, 0x00, 0x68, 0x00, 0xC8, 0x04, 0xFE, 0x0F, 0xFF, 0x07, 0x08, 0x00, 0x08, 0x00, 0x00, 0x00,
    0x60, 0x00, 0xE0, 0x07, 0xA6, 0x07, 0xA6, 0x00, 0xE6, 0x0F, 0xE6, 0x07, 0xA6, 0x04, 0xFF, 0x07,
    0xE2, 0x03, 0x20, 0x00, 0x20, 0x00, 0x00, 0x00, 0x00, 0x08, 0x1E, 0x04, 0xD2, 0x07, 0xDE, 0x01,
    0x5E, 0x00, 0x40, 0x00, 0xFE, 0x0F, 0x12, 0x0C, 0x1E, 0x0C, 0x02, 0x0E, 0x00, 0x04, 0x00, 0x00,
    0xBC, 0x00, 0xA7, 0x00, 0xBC, 0x00, 0xFC, 0x0F, 0x20, 0x0F, 0xFC, 0x01, 0xE4, 0x04, 0xBF, 0x03,
    0xE4, 0x07, 0x2C, 0x0C, 0x04, 0x04, 0x00, 0x00, 0x1C, 0x00, 0xE4, 0x0F, 0xA4, 0x04, 0xA4, 0x04,
    0xFF, 0x07, 0xFE, 0x07, 0xA4, 0x04, 0xA4, 0x05, 0xEC, 0x0F, 0x06, 0x00, 0x00, 0x00, 0x00, 0x00,
    0x80, 0x00, 0x78, 0x00, 0xFE, 0x07, 0x82, 0x02, 0x82, 0x02, 0x8A, 0x02, 0xBA, 0x02, 0xEE, 0x07,
    0x6F, 0x04, 0x60, 0x04, 0x00, 0x00, 0x00, 0x00, 0x7E, 0x01, 0x46, 0x05, 0xFE, 0x07, 0xE2, 0x05,
    0xBE, 0x07, 0xDC, 0x03, 0xFE, 0x0F, 0xF4, 0x07, 0xAE, 0x03, 0xDE, 0x06, 0x10, 0x04, 0x00, 0x00,
    0x24, 0x06, 0xFC, 0x03, 0x24, 0x05, 0x36, 0x07, 0x0E, 0x03, 0xCA, 0x00, 0xFF, 0x0F, 0xE8, 0x01,
    0x8C, 0x03, 0x2C, 0x06, 0x00, 0x00, 0x00, 0x00, 0xE8, 0x00, 0xFF, 0x0F, 0x68, 0x04, 0x68, 0x02,
    0x3E, 0x03, 0xEE, 0x00, 0xFF, 0x0F, 0xE8, 0x01, 0xAC, 0x03, 0x20, 0x06, 0x00, 0x00, 0x00, 0x00,
    0xF8, 0x06, 0xFF, 0x03, 0xF8, 0x03, 0x78, 0x07, 0x3C, 0x03, 0xEE, 0x01, 0xFF, 0x0F, 0xFE, 0x07,
    0xA4, 0x03, 0x24, 0x06, 0x00, 0x00, 0x00, 0x00, 0x20, 0x04, 0x3C, 0x02, 0x2E, 0x01, 0xE0, 0x00,
    0xFF, 0x0F, 0xFF, 0x0F, 0xE0, 0x00, 0xA4, 0x01, 0x24, 0x03, 0x20, 0x06, 0x00, 0x02, 0x00, 0x00,
    0x92, 0x04, 0x6C, 0x0C, 0xFE, 0x07, 0x12, 0x01, 0xD4, 0x0F, 0xD4, 0x0F, 0x7F, 0x05, 0x54, 0x05,
    0xDC, 0x0F, 0x16, 0x00, 0x10, 0x00, 0x00, 0x00, 0x10, 0x00, 0xF6, 0x07, 0x14, 0x07, 0x94, 0x01,
    0xD4, 0x0F, 0x7F, 0x05, 0x7F, 0x05, 0x5C, 0x05, 0xDC, 0x0F, 0x56, 0x04, 0x10, 0x00, 0x00, 0x00,
    0x10, 0x00, 0xF6, 0x07, 0x24, 0x06, 0x38, 0x07, 0xAE, 0x03, 0xE8, 0x00, 0xFF, 0x0F, 0xE8, 0x00,
    0x2C, 0x03, 0x20, 0x06, 0x00, 0x00, 0x00, 0x00, 0x22, 0x0C, 0xE6, 0x07, 0x20, 0x04, 0x52, 0x0D,
    0xAA, 0x09, 0xFE, 0x0E, 0xF6, 0x0F, 0xF2, 0x0D, 0xDA, 0x0C, 0x8A, 0x0D, 0x00, 0x04, 0x00, 0x00,
    0x30, 0x00, 0x0E, 0x00, 0xFB, 0x0F, 0x08, 0x00, 0x38, 0x00, 0x0C, 0x00, 0x0F, 0x04, 0xF8, 0x0F,
    0xF8, 0x07, 0x0C, 0x00, 0x08, 0x00, 0x00, 0x00, 0x30, 0x04, 0xFF, 0x03, 0xBF, 0x01, 0x0C, 0x07,
    0xFC, 0x04, 0x48, 0x04, 0xFF, 0x07, 0xFF, 0x07, 0x48, 0x05, 0xFC, 0x06, 0x00, 0x0C, 0x00, 0x00,
    0x88, 0x0C, 0x48, 0x04, 0xEC, 0x01, 0xE8, 0x0F, 0xBF, 0x0D, 0xB8, 0x01, 0xAE, 0x0D, 0xEC, 0x01,
    0x2A, 0x06, 0x08, 0x0C, 0x00, 0x00, 0x00, 0x00, 0xC8, 0x04, 0xFF, 0x0F, 0xFE, 0x07, 0x28, 0x08,
    0x48, 0x08, 0x08, 0x08, 0xFE, 0x0F, 0xC8, 0x0C, 0x48, 0x08, 0x4C, 0x0C, 0x00, 0x00, 0x00, 0x00,
    0xFE, 0x07, 0x52, 0x02, 0xFE, 0x07, 0xFE, 0x03, 0xFE, 0x0F, 0xF6, 0x07, 0xFE, 0x03, 0xFE, 0x03,
    0xEE, 0x07, 0xFE, 0x0F, 0x00, 0x00, 0x00, 0x00, 0xFE, 0x01, 0x82, 0x08, 0xFE, 0x06, 0xFE, 0x01,
    0xF6, 0x0F, 0xF6, 0x02, 0xF6, 0x03, 0xFE, 0x03, 0xFE, 0x0F, 0xEE, 0x0F, 0x00, 0x00, 0x00, 0x00,
    0x08, 0x04, 0x08, 0x04, 0x08, 0x04, 0x08, 0x04, 0xFB, 0x07, 0xFE, 0x07, 0x08, 0x04, 0x48, 0x04,
    0x4C, 0x04, 0x0C, 0x04, 0x00, 0x04, 0x00, 0x00, 0x42, 0x02, 0x52, 0x01, 0xD6, 0x0F, 0xD7, 0x0F,
    0xFE, 0x06, 0xF2, 0x06, 0xFF, 0x06, 0xF6, 0x0F, 0xD2, 0x00, 0x62, 0x00, 0x02, 0x00, 0x00, 0x00,
    0xC8, 0x00, 0xFF, 0x0F, 0xFF, 0x07, 0x68, 0x00, 0x48, 0x00, 0x48, 0x00, 0xFF, 0x07, 0xFA, 0x07,
    0x48, 0x00, 0x4C, 0x04, 0x00, 0x04, 0x00, 0x00, 0xFE, 0x07, 0xFE, 0x07, 0x12, 0x02, 0xFE, 0x0B,
    0xFE, 0x07, 0x08, 0x03, 0xFF, 0x01, 0x1F, 0x04, 0x08, 0x0E, 0xF8, 0x03, 0x00, 0x00, 0x00, 0x00,
    0xF8, 0x06, 0xFE, 0x03, 0xFE, 0x03, 0xFC, 0x03, 0x48, 0x06, 0x48, 0x04, 0xCB, 0x04, 0xFE, 0x07,
    0x40, 0x04, 0x44, 0x04, 0x00, 0x04, 0x00, 0x00, 0xFE, 0x05, 0xFA, 0x03, 0x7A, 0x02, 0xFE, 0x05,
    0x18, 0x04, 0x08, 0x04, 0x0B, 0x04, 0x0E, 0x04, 0x18, 0x04, 0x1C, 0x06, 0x08, 0x00, 0x00, 0x00,
    0x5C, 0x00, 0xF7, 0x07, 0x54, 0x06, 0x54, 0x03, 0xA4, 0x00, 0xF4, 0x03, 0xBE, 0x06, 0xA7, 0x0C,
    0xEC, 0x0F, 0xBE, 0x00, 0x80, 0x00, 0x00, 0x00, 0x2C, 0x06, 0x27, 0x02, 0xEF, 0x0B, 0x3C, 0x06,
    0xF6, 0x07, 0xEC, 0x01, 0xA7, 0x01, 0xFC, 0x07, 0xEC, 0x0F, 0x06, 0x0C, 0x00, 0x06, 0x00, 0x00,
    0x30, 0x00, 0xFC, 0x0F, 0x17, 0x04, 0x44, 0x00, 0x40, 0x00, 0x41, 0x04, 0xFF, 0x07, 0x40, 0x00,
    0x44, 0x04, 0x44, 0x04, 0x00, 0x04, 0x00, 0x00, 0x18, 0x05, 0xF2, 0x0F, 0x3E, 0x00, 0x4C, 0x00,
    0x48, 0x00, 0x4B, 0x04, 0xFE, 0x07, 0x48, 0x00, 0x48, 0x00, 0x4C, 0x04, 0x00, 0x04, 0x00, 0x00,
    0xC8, 0x00, 0xFF, 0x0F, 0x7E, 0x08, 0xC8, 0x08, 0x3E, 0x04, 0xE2, 0x03, 0x62, 0x00, 0xE2, 0x07,
    0x3E, 0x0C, 0x3E, 0x0C, 0x00, 0x06, 0x00, 0x00, 0x7A, 0x01, 0x5E, 0x05, 0xFE, 0x0C, 0xEE, 0x07,
    0x44, 0x04, 0x44, 0x04, 0xFF, 0x07, 0xFE, 0x07, 0x44, 0x04, 0x64, 0x04, 0x00, 0x04, 0x00, 0x00,
    0xC8, 0x04, 0xFF, 0x0F, 0x6C, 0x0C, 0x2C, 0x07, 0xFC, 0x01, 0x04, 0x00, 0xFE, 0x0F, 0x02, 0x00,
    0xFE, 0x03, 0x02, 0x07, 0x00, 0x04, 0x00, 0x00, 0x00, 0x04, 0xFC, 0x03, 0x7C, 0x00, 0x04, 0x00,
    0xFE, 0x0F, 0x06, 0x00, 0x0E, 0x00, 0xF2, 0x01, 0x02, 0x07, 0x00, 0x06, 0x00, 0x04, 0x00, 0x00,
    0xC8, 0x0C, 0xFF, 0x0F, 0x6C, 0x00, 0x28, 0x00, 0xFC, 0x04, 0x54, 0x04, 0xFF, 0x02, 0xD4, 0x03,
    0xFC, 0x05, 0xFC, 0x0C, 0x00, 0x0E, 0x00, 0x00, 0x20, 0x00, 0x24, 0x00, 0xE4, 0x02, 0xFC, 0x02,
    0xBF, 0x06, 0xA5, 0x06, 0xA4, 0x0D, 0xE4, 0x00, 0xA4, 0x00, 0x30, 0x00, 0x00, 0x00, 0x00, 0x00,
    0xE2, 0x07, 0xFE, 0x07, 0xE6, 0x07, 0xE2, 0x07, 0x24, 0x00, 0xE4, 0x02, 0xFF, 0x06, 0xA7, 0x0E,
    0xA4, 0x0D, 0xB4, 0x00, 0x20, 0x00, 0x00, 0x00, 0x74, 0x01, 0x3E, 0x01, 0xF7, 0x0F, 0xA4, 0x00,
    0xA4, 0x00, 0xE4, 0x02, 0xFE, 0x02, 0xA7, 0x07, 0xA4, 0x0D, 0xB4, 0x00, 0x00, 0x00, 0x00, 0x00,
    0xC8, 0x0C, 0xFF, 0x0F, 0x2C, 0x09, 0x5E, 0x05, 0xDE, 0x07, 0xFE, 0x03, 0x1E, 0x01, 0xFE, 0x03,
    0x7A, 0x05, 0x5E, 0x0D, 0x10, 0x01, 0x00, 0x00, 0xFE, 0x05, 0xFA, 0x03, 0xFE, 0x03, 0xB6, 0x04,
    0xB4, 0x03, 0xFE, 0x0F, 0xB4, 0x00, 0xFE, 0x0F, 0xFC, 0x03, 0xF6, 0x06, 0x20, 0x04, 0x00, 0x00,
    0x08, 0x04, 0x86, 0x06, 0xFB, 0x07, 0xFE, 0x07, 0xEA, 0x0D, 0xAE, 0x0F, 0xBB, 0x01, 0xFE, 0x03,
    0x22, 0x06, 0x22, 0x06, 0x00, 0x00, 0x00, 0x00, 0xE8, 0x00, 0xFF, 0x0F, 0x68, 0x0C, 0x48, 0x04,
    0xFC, 0x03, 0x44, 0x00, 0x47, 0x00, 0xFE, 0x07, 0x44, 0x00, 0x44, 0x04, 0x00, 0x00, 0x00, 0x00,
    0x00, 0x06, 0xFC, 0x05, 0x44, 0x04, 0x44, 0x04, 0x45, 0x04, 0xFF, 0x07, 0x4C, 0x04, 0x44, 0x04,
    0x64, 0x04, 0x06, 0x04, 0x00, 0x00, 0x00, 0x00, 0xB2, 0x02, 0x94, 0x02, 0xFF, 0x0F, 0xBF, 0x0F,
    0xE4, 0x04, 0xE4, 0x01, 0xBF, 0x03, 0xA4, 0x07, 0xF4, 0x05, 0xC4, 0x04, 0x00, 0x00, 0x00, 0x00,
    0x98, 0x01, 0x90, 0x00, 0xFF, 0x0F, 0x10, 0x08, 0xD0, 0x08, 0x7E, 0x05, 0x17, 0x03, 0xF0, 0x03,
    0x70, 0x06, 0x18, 0x0C, 0x10, 0x00, 0x00, 0x00, 0xC8, 0x0C, 0xFF, 0x0F, 0x28, 0x00, 0x18, 0x08,
    0xF2, 0x0B, 0x7E, 0x0B, 0xF3, 0x0F, 0x7E, 0x0B, 0xF6, 0x0B, 0xFA, 0x0F, 0x00, 0x00, 0x00, 0x00,
    0x9C, 0x01, 0xD8, 0x00, 0xFF, 0x0F, 0x10, 0x00, 0x10, 0x04, 0x10, 0x04, 0xFF, 0x07, 0x11, 0x04,
    0x10, 0x04, 0x18, 0x06, 0x10, 0x00, 0x00, 0x00, 0x98, 0x03, 0x90, 0x00, 0xFF, 0x0F, 0x10, 0x08,
    0x10, 0x06, 0xF0, 0x03, 0x7F, 0x00, 0xF2, 0x01, 0x1E, 0x07, 0x18, 0x0C, 0x00, 0x04, 0x00, 0x00,
    0xE8, 0x00, 0xFF, 0x0F, 0xFE, 0x07, 0x78, 0x00, 0xFC, 0x0F, 0xAF, 0x04, 0xA8, 0x04, 0xFE, 0x07,
    0xA0, 0x04, 0xB4, 0x06, 0x00, 0x04, 0x00, 0x00, 0x1C, 0x00, 0xF7, 0x07, 0x54, 0x02, 0x54, 0x01,
    0xFC, 0x07, 0xFF, 0x07, 0xA5, 0x04, 0xFF, 0x07, 0xA4, 0x04, 0xB4, 0x06, 0x04, 0x04, 0x00, 0x00,
    0x20, 0x04, 0xE6, 0x07, 0x24, 0x06, 0x00, 0x06, 0xFC, 0x0F, 0x56, 0x0C, 0x57, 0x0C, 0x54, 0x0C,
    0xFC, 0x0F, 0x00, 0x0C, 0x00, 0x04, 0x00, 0x00, 0x4E, 0x08, 0x3E, 0x0A, 0xDF, 0x07, 0xFE, 0x04,
    0xFE, 0x03, 0xEC, 0x02, 0xAE, 0x04, 0xFC, 0x07, 0xEC, 0x0C, 0x66, 0x00, 0x00, 0x00, 0x00, 0x00,
    0xFF, 0x00, 0x32, 0x01, 0xAE, 0x00, 0x7B, 0x00, 0xE0, 0x07, 0xB8, 0x07, 0x0F, 0x00, 0x1C, 0x01,
    0x70, 0x01, 0x60, 0x04, 0x40, 0x00, 0x00, 0x00, 0xDC, 0x06, 0xF7, 0x02, 0x98, 0x06, 0xFA, 0x06,
    0xDE, 0x03, 0xFE, 0x0B, 0x62, 0x04, 0xDE, 0x07, 0xCE, 0x07, 0x72, 0x04, 0x00, 0x04, 0x00, 0x00,
    0x10, 0x00, 0xF6, 0x07, 0x00, 0x03, 0x04, 0x01, 0x7C, 0x01, 0x6D, 0x09, 0xEF, 0x0F, 0xEC, 0x01,
    0x7C, 0x01, 0x46, 0x01, 0x00, 0x01, 0x00, 0x00, 0xC6, 0x07, 0xFC, 0x03, 0x3C, 0x00, 0xFC, 0x0F,
    0xFF, 0x07, 0xA5, 0x04, 0xFF, 0x07, 0xFE, 0x07, 0xA4, 0x04, 0xB4, 0x06, 0x00, 0x00, 0x00, 0x00,
    0xC8, 0x04, 0xFF, 0x0F, 0xFF, 0x0F, 0x2C, 0x06, 0xFE, 0x03, 0x1E, 0x06, 0xF2, 0x07, 0x92, 0x0C,
    0x9E, 0x0C, 0x92, 0x0C, 0x00, 0x04, 0x00, 0x00, 0xC8, 0x04, 0xFF, 0x0F, 0xFF, 0x07, 0x28, 0x04,
    0xBC, 0x07, 0x20, 0x04, 0xFF, 0x07, 0xFF, 0x07, 0x20, 0x04, 0xFC, 0x0F, 0x00, 0x00, 0x00, 0x00,
    0x00, 0x02, 0x00, 0x00, 0xF8, 0x00, 0xA8, 0x00, 0xAF, 0x0F, 0xAF, 0x0F, 0xAA, 0x00, 0xFA, 0x00,
    0xFA, 0x00, 0x02, 0x01, 0x00, 0x00, 0x00, 0x00, 0x00, 0x09, 0x78, 0x04, 0xF8, 0x07, 0x58, 0x03,
    0xDF, 0x0F, 0xDE, 0x0F, 0x5A, 0x03, 0x7A, 0x06, 0x7A, 0x04, 0x82, 0x0C, 0x00, 0x04, 0x00, 0x00,
    0x22, 0x03, 0xFE, 0x01, 0x32, 0x05, 0xB2, 0x02, 0x6A, 0x01, 0xFE, 0x05, 0xF2, 0x0F, 0xF2, 0x03,
    0xFA, 0x01, 0x0F, 0x03, 0x00, 0x02, 0x00, 0x00, 0x00, 0x04, 0xF0, 0x07, 0x5F, 0x04, 0x46, 0x04,
    0xFC, 0x07, 0xF8, 0x07, 0x4F, 0x04, 0x4E, 0x04, 0xF0, 0x0F, 0x02, 0x00, 0x00, 0x00, 0x00, 0x00,
    0xFA, 0x0F, 0x7E, 0x05, 0x1E, 0x05, 0x7E, 0x05, 0xFA, 0x0F, 0x62, 0x00, 0x3E, 0x00, 0xC7, 0x04,
    0x04, 0x0C, 0xFC, 0x07, 0x00, 0x00, 0x00, 0x00, 0xFE, 0x01, 0x86, 0x00, 0xFE, 0x05, 0x72, 0x02,
    0xEA, 0x01, 0xFE, 0x0C, 0xF6, 0x0F, 0xF2, 0x03, 0xDA, 0x01, 0x0B, 0x03, 0x00, 0x02, 0x00, 0x00,
    0x24, 0x01, 0xAC, 0x01, 0xEC, 0x0F, 0xFF, 0x07, 0x7C, 0x06, 0x6C, 0x06, 0x6F, 0x06, 0xEC, 0x0F,
    0x6E, 0x00, 0x36, 0x00, 0x00, 0x00, 0x00, 0x00, 0x70, 0x04, 0xC0, 0x03, 0xFF, 0x01, 0x48, 0x03,
    0x3C, 0x02, 0x1E, 0x00, 0xE7, 0x04, 0xC4, 0x04, 0x04, 0x0E, 0xFC, 0x07, 0x00, 0x00, 0x00, 0x00,
    0x10, 0x07, 0xF6, 0x0F, 0x3E, 0x00, 0xFC, 0x0C, 0xF8, 0x04, 0x08, 0x04, 0xFF, 0x07, 0x08, 0x04,
    0xF8, 0x05, 0x78, 0x0E, 0x00, 0x00, 0x00, 0x00, 0xC0, 0x04, 0xE0, 0x06, 0xD9, 0x05, 0x66, 0x06,
    0x20, 0x04, 0xE4, 0x0C, 0xBF, 0x07, 0xC9, 0x05, 0x60, 0x06, 0x04, 0x04, 0x04, 0x00, 0x00, 0x00,
    0x72, 0x00, 0x9E, 0x0F, 0xDC, 0x0F, 0xCE, 0x04, 0xA7, 0x04, 0x9F, 0x04, 0x9C, 0x04, 0xE0, 0x0F,
    0x66, 0x00, 0x46, 0x00, 0x00, 0x00, 0x00, 0x00, 0x72, 0x08, 0xFA, 0x0B, 0xEC, 0x07, 0x6C, 0x06,
    0xF6, 0x03, 0xDE, 0x00, 0x4C, 0x04, 0xF0, 0x07, 0x36, 0x0C, 0x24, 0x00, 0x00, 0x00, 0x00, 0x00,
    0x80, 0x08, 0xFA, 0x08, 0xCC, 0x0B, 0xEE, 0x07, 0xF6, 0x06, 0x9F, 0x06, 0x9C, 0x07, 0xB0, 0x0C,
    0xE6, 0x08, 0xE4, 0x00, 0x00, 0x00, 0x00, 0x00, 0x98, 0x07, 0xF6, 0x07, 0x1C, 0x04, 0xE0, 0x06,
    0xDF, 0x05, 0x76, 0x06, 0xE4, 0x04, 0xFF, 0x07, 0xC9, 0x05, 0x74, 0x06, 0x04, 0x04, 0x00, 0x00,
    0x98, 0x07, 0xF6, 0x0F, 0x1C, 0x00, 0xCC, 0x0F, 0x73, 0x05, 0x4C, 0x05, 0xDB, 0x07, 0x40, 0x05,
    0xDE, 0x07, 0xF2, 0x0F, 0x00, 0x00, 0x00, 0x00, 0xC2, 0x04, 0x42, 0x0C, 0xFA, 0x0F, 0x26, 0x08,
    0x66, 0x04, 0x3E, 0x04, 0xCF, 0x03, 0xE8, 0x03, 0x78, 0x06, 0x0C, 0x0C, 0x00, 0x04, 0x00, 0x00,
    0x30, 0x08, 0x3E, 0x05, 0xD0, 0x07, 0xFF, 0x03, 0xF4, 0x0D, 0xD4, 0x0F, 0x5F, 0x03, 0xF4, 0x03,
    0x16, 0x05, 0x1A, 0x00, 0x10, 0x00, 0x00, 0x00, 0x30, 0x00, 0xFC, 0x0F, 0x47, 0x00, 0x42, 0x00,
    0x42, 0x04, 0x42, 0x0C, 0xFA, 0x0F, 0x7E, 0x00, 0x46, 0x00, 0x62, 0x00, 0x00, 0x00, 0x00, 0x00,
    0x9C, 0x01, 0xFC, 0x0C, 0xFF, 0x0F, 0xDE, 0x00, 0x52, 0x00, 0x02, 0x04, 0x62, 0x0C, 0xFA, 0x07,
    0x06, 0x00, 0x22, 0x00, 0x00, 0x00, 0x00, 0x00, 0x18, 0x05, 0xF6, 0x0F, 0x1C, 0x00, 0x9E, 0x02,
    0x70, 0x00, 0xF4, 0x02, 0x9F, 0x0F, 0x70, 0x00, 0x34, 0x01, 0xD6, 0x01, 0x44, 0x00, 0x00, 0x00,
    0x00, 0x00, 0x02, 0x00, 0x02, 0x00, 0x02, 0x04, 0xFA, 0x0F, 0xFA, 0x07, 0x06, 0x00, 0x06, 0x00,
    0x22, 0x00, 0x20, 0x00, 0x20, 0x00, 0x00, 0x00, 0x00, 0x00, 0xFC, 0x0F, 0xFC, 0x0F, 0xA4, 0x04,
    0xA7, 0x04, 0xA4, 0x04, 0xA4, 0x04, 0xFC, 0x0F, 0xFC, 0x07, 0x00, 0x00, 0x00, 0x00, 0x00, 0x00,
    0x18, 0x07, 0xE6, 0x0F, 0x3C, 0x08, 0x16, 0x08, 0xFA, 0x0B, 0x5A, 0x06, 0xDF, 0x03, 0x5A, 0x00,
    0xFE, 0x07, 0x5A, 0x0C, 0x00, 0x00, 0x00, 0x00, 0x8C, 0x00, 0x94, 0x00, 0x94, 0x00, 0x94, 0x04,
    0xD7, 0x0F, 0xD6, 0x07, 0xB4, 0x00, 0x94, 0x00, 0x8C, 0x00, 0xC6, 0x00, 0x00, 0x00, 0x00, 0x00,
    0xA0, 0x09, 0xFE, 0x04, 0xFE, 0x07, 0xFE, 0x02, 0xFE, 0x0E, 0xEE, 0x0E, 0xEA, 0x02, 0xDA, 0x06,
    0xD7, 0x05, 0xD4, 0x0D, 0x00, 0x00, 0x00, 0x00, 0xE8, 0x00, 0xFF, 0x0F, 0x68, 0x04, 0x48, 0x06,
    0xDC, 0x03, 0x54, 0x05, 0xD7, 0x0F, 0xD6, 0x07, 0x5C, 0x01, 0x46, 0x06, 0x04, 0x00, 0x00, 0x00,
    0xFE, 0x07, 0xD2, 0x07, 0xF2, 0x03, 0x5E, 0x06, 0x4C, 0x07, 0x54, 0x07, 0x53, 0x0D, 0xD2, 0x0F,
    0x50, 0x01, 0x56, 0x07, 0x44, 0x00, 0x00, 0x00, 0x48, 0x04, 0x4E, 0x06, 0xD4, 0x03, 0xD4, 0x05,
    0x57, 0x0C, 0xD6, 0x0F, 0x54, 0x00, 0x54, 0x01, 0x4C, 0x03, 0x46, 0x06, 0x00, 0x00, 0x00, 0x00,
    0xDC, 0x06, 0xF7, 0x02, 0x98, 0x02, 0x48, 0x06, 0x5E, 0x03, 0x54, 0x05, 0xD7, 0x0F, 0xD4, 0x07,
    0x5C, 0x01, 0x46, 0x07, 0x04, 0x00, 0x00, 0x00, 0x00, 0x07, 0x78, 0x00, 0xFB, 0x07, 0x4E, 0x0F,
    0xC8, 0x0C, 0x4C, 0x0F, 0x4E, 0x0C, 0x7B, 0x07, 0xF8, 0x01, 0x00, 0x03, 0x00, 0x00, 0x00, 0x00,
    0xD8, 0x06, 0xF6, 0x02, 0xBA, 0x0E, 0x08, 0x06, 0xFE, 0x09, 0xC6, 0x05, 0x80, 0x03, 0xFF, 0x00,
    0xFF, 0x03, 0x00, 0x06, 0x00, 0x04, 0x00, 0x00, 0x98, 0x00, 0x9E, 0x00, 0x93, 0x00, 0x9C, 0x00,
    0xF6, 0x0F, 0x10, 0x00, 0xFE, 0x0F, 0x02, 0x00, 0x7E, 0x02, 0xC6, 0x03, 0x00, 0x00, 0x00, 0x00,
    0x10, 0x04, 0x94, 0x03, 0xD4, 0x01, 0x14, 0x02, 0xFF, 0x07, 0xFF, 0x07, 0x94, 0x04, 0x94, 0x04,
    0x96, 0x0C, 0x10, 0x0C, 0x00, 0x04, 0x00, 0x00, 0x20, 0x01, 0x88, 0x09, 0x68, 0x05, 0xF8, 0x07,
    0x9F, 0x03, 0x8B, 0x03, 0x68, 0x05, 0xEC, 0x05, 0x8E, 0x09, 0x90, 0x01, 0x00, 0x00, 0x00, 0x00,
    0x48, 0x0C, 0xFF, 0x0F, 0x28, 0x01, 0xBC, 0x09, 0xEC, 0x0C, 0xBC, 0x07, 0xAF, 0x03, 0xEC, 0x06,
    0xEC, 0x0D, 0xB6, 0x09, 0x80, 0x00, 0x00, 0x00, 0xD2, 0x00, 0xFE, 0x0F, 0xFE, 0x0F, 0xDB, 0x08,
    0x10, 0x04, 0xFE, 0x07, 0x92, 0x00, 0x92, 0x00, 0xFE, 0x07, 0x00, 0x04, 0x00, 0x00, 0x00, 0x00,
    0x00, 0x04, 0x90, 0x03, 0xFE, 0x03, 0x10, 0x06, 0xF0, 0x07, 0xF0, 0x07, 0x90, 0x04, 0xBF, 0x04,
    0xC2, 0x04, 0x00, 0x04, 0x00, 0x00, 0x00, 0x00, 0x80, 0x01, 0x64, 0x01, 0x1C, 0x01, 0x3C, 0x01,
    0xE7, 0x0F, 0xE6, 0x0F, 0x1C, 0x01, 0x3C, 0x01, 0x66, 0x01, 0x80, 0x01, 0x00, 0x00, 0x00, 0x00,
    0x04, 0x07, 0xFD, 0x01, 0x26, 0x06, 0xF4, 0x0B, 0xCC, 0x08, 0xBE, 0x04, 0xFF, 0x03, 0xE4, 0x01,
    0xB4, 0x07, 0xF6, 0x0C, 0x80, 0x04, 0x00, 0x00, 0x48, 0x00, 0xEB, 0x0F, 0x7E, 0x0C, 0x48, 0x00,
    0xFE, 0x07, 0xFE, 0x07, 0x92, 0x00, 0x92, 0x00, 0xFE, 0x07, 0x02, 0x04, 0x00, 0x04, 0x00, 0x00,
    0x10, 0x00, 0xF6, 0x07, 0x16, 0x07, 0x00, 0x01, 0xFE, 0x07, 0x92, 0x04, 0x92, 0x00, 0x92, 0x00,
    0xFF, 0x07, 0x02, 0x04, 0x00, 0x04, 0x00, 0x00, 0xFE, 0x0F, 0x12, 0x00, 0xFE, 0x01, 0xC2, 0x00,
    0xFE, 0x07, 0xFE, 0x07, 0x92, 0x00, 0x92, 0x00, 0xFF, 0x07, 0x00, 0x04, 0x00, 0x04, 0x00, 0x00,
    0x98, 0x04, 0xF6, 0x06, 0xB3, 0x02, 0x8C, 0x0A, 0xFE, 0x07, 0xFE, 0x07, 0x92, 0x00, 0x92, 0x00,
    0xFE, 0x07, 0x00, 0x04, 0x00, 0x04, 0x00, 0x00, 0x18, 0x00, 0xF7, 0x0F, 0xD4, 0x06, 0x56, 0x02,
    0xC4, 0x0F, 0xC0, 0x0F, 0x7F, 0x04, 0x7E, 0x04, 0xC8, 0x07, 0xC8, 0x0F, 0x08, 0x00, 0x00, 0x00,
    0x44, 0x09, 0xC3, 0x05, 0xFE, 0x07, 0xFE, 0x07, 0xFE, 0x0F, 0xFE, 0x0F, 0xFF, 0x07, 0xFE, 0x06,
    0xC6, 0x0D, 0xC2, 0x01, 0x00, 0x00, 0x00, 0x00, 0xFE, 0x01, 0x84, 0x00, 0xFE, 0x09, 0xDE, 0x04,
    0xFE, 0x03, 0xFF, 0x01, 0xE4, 0x07, 0xFF, 0x05, 0xF4, 0x0F, 0xDE, 0x07, 0x08, 0x00, 0x00, 0x00,
    0xFA, 0x0F, 0x7E, 0x05, 0x7E, 0x05, 0xFA, 0x07, 0xFA, 0x07, 0x3C, 0x00, 0xBD, 0x01, 0xF7, 0x0F,
    0x1C, 0x00, 0xB6, 0x00, 0x00, 0x00, 0x00, 0x00, 0x20, 0x06, 0xFE, 0x03, 0xFE, 0x02, 0xEC, 0x02,
    0xEC, 0x0F, 0x6C, 0x06, 0xEC, 0x07, 0x7F, 0x03, 0xEA, 0x06, 0x30, 0x04, 0x00, 0x04, 0x00, 0x00,
    0x20, 0x02, 0xAE, 0x02, 0xAA, 0x02, 0xFE, 0x0F, 0x1A, 0x00, 0xFA, 0x0F, 0xFE, 0x0F, 0xAA, 0x02,
    0xAE, 0x02, 0xAE, 0x02, 0x00, 0x00, 0x00, 0x00, 0x04, 0x01, 0xFC, 0x01, 0xEC, 0x01, 0xFF, 0x07,
    0xCC, 0x01, 0xDC, 0x05, 0xFF, 0x0D, 0xFD, 0x07, 0xFC, 0x01, 0x06, 0x01, 0x00, 0x01, 0x00, 0x00,
    0x20, 0x04, 0xE6, 0x07, 0xA4, 0x07, 0xFC, 0x05, 0xFD, 0x0D, 0x7E, 0x0F, 0x7E, 0x0F, 0xFF, 0x0F,
    0xFC, 0x0D, 0xCE, 0x0D, 0x00, 0x04, 0x00, 0x00, 0xFE, 0x03, 0x26, 0x01, 0xFE, 0x03, 0xFE, 0x03,
    0x18, 0x00, 0x0F, 0x00, 0xFF, 0x0F, 0x24, 0x01, 0x24, 0x01, 0xA4, 0x01, 0x04, 0x01, 0x00, 0x00,
    0x04, 0x06, 0x84, 0x05, 0xE4, 0x04, 0x7C, 0x04, 0x4F, 0x04, 0xC4, 0x07, 0xC4, 0x07, 0x44, 0x04,
    0x64, 0x04, 0x44, 0x04, 0x00, 0x04, 0x00, 0x00, 0x30, 0x00, 0xFE, 0x0F, 0x0B, 0x06, 0x88, 0x01,
    0x78, 0x00, 0x5F, 0x00, 0xC8, 0x07, 0xC8, 0x07, 0x48, 0x04, 0x4C, 0x04, 0x00, 0x04, 0x00, 0x00,
    0xE8, 0x00, 0xFF, 0x0F, 0x7D, 0x00, 0x6C, 0x00, 0x1C, 0x00, 0x0F, 0x00, 0xFD, 0x0F, 0x24, 0x01,
    0x24, 0x01, 0xA4, 0x01, 0x04, 0x00, 0x00, 0x00, 0x30, 0x00, 0xFF, 0x0F, 0xCA, 0x07, 0xC8, 0x07,
    0x7E, 0x0A, 0xC8, 0x07, 0x38, 0x04, 0xCF, 0x03, 0xF8, 0x07, 0x18, 0x0C, 0x08, 0x04, 0x00, 0x00,
    0x30, 0x00, 0xFC, 0x0F, 0xF7, 0x07, 0x30, 0x00, 0x0C, 0x00, 0xFF, 0x0F, 0xF8, 0x0F, 0x20, 0x01,
    0x20, 0x01, 0x24, 0x01, 0x00, 0x00, 0x00, 0x00, 0x60, 0x00, 0x1C, 0x01, 0x3E, 0x01, 0x60, 0x01,
    0xFE, 0x07, 0xFE, 0x07, 0x70, 0x01, 0x1E, 0x01, 0xB6, 0x01, 0x60, 0x04, 0x00, 0x00, 0x00, 0x00,
    0x00, 0x06, 0xFE, 0x09, 0xC4, 0x08, 0x3C, 0x09, 0xC4, 0x09, 0xFF, 0x0F, 0xCC, 0x0D, 0x74, 0x09,
    0x7C, 0x09, 0xC6, 0x0C, 0x00, 0x00, 0x00, 0x00,
};
const uint8_t ArialMT_Plain_10_EN[] PROGMEM = {
    0x0A, 0x0D, 0x20, 0x5F, // Width, Height, First Char, Num Chars
    // Jump Table:
    0xFF, 0xFF, 0x00, 0x03,  // 0x0020 " "
    0x00, 0x00, 0x04, 0x03,  // 0x0021 "!"
    0x00, 0x08, 0x05, 0x04,  // 0x0022 """
    0x00, 0x12, 0x09, 0x06,  // 0x0023 "#"
    0x00, 0x24, 0x0A, 0x06,  // 0x0024 "$"
    0x00, 0x38, 0x10, 0x09,  // 0x0025 "%"
    0x00, 0x58, 0x0E, 0x08,  // 0x0026 "&"
    0x00, 0x74, 0x01, 0x02,  // 0x0027 "'"
    0x00, 0x76, 0x06, 0x04,  // 0x0028 "("
    0x00, 0x82, 0x06, 0x04,  // 0x0029 ")"
    0x00, 0x8E, 0x05, 0x04,  // 0x002A "*"
    0x00, 0x98, 0x09, 0x06,  // 0x002B "+"
    0x00, 0xAA, 0x04, 0x03,  // 0x002C ","
    0x00, 0xB2, 0x03, 0x03,  // 0x002D "-"
    0x00, 0xB8, 0x04, 0x03,  // 0x002E "."
    0x00, 0xC0, 0x05, 0x04,  // 0x002F "/"
    0x00, 0xCA, 0x0A, 0x06,  // 0x0030 "0"
    0x00, 0xDE, 0x08, 0x05,  // 0x0031 "1"
    0x00, 0xEE, 0x0A, 0x06,  // 0x0032 "2"
    0x01, 0x02, 0x0A, 0x06,  // 0x0033 "3"
    0x01, 0x16, 0x0B, 0x07,  // 0x0034 "4"
    0x01, 0x2C, 0x0A, 0x06,  // 0x0035 "5"
    0x01, 0x40, 0x0A, 0x06,  // 0x0036 "6"
    0x01, 0x54, 0x09, 0x06,  // 0x0037 "7"
    0x01, 0x66, 0x0A, 0x06,  // 0x0038 "8"
    0x01, 0x7A, 0x0A, 0x06,  // 0x0039 "9"
    0x01, 0x8E, 0x04, 0x03,  // 0x003A ":"
    0x01, 0x96, 0x04, 0x03,  // 0x003B ";"
    0x01, 0x9E, 0x0A, 0x06,  // 0x003C "<"
    0x01, 0xB2, 0x09, 0x06,  // 0x003D "="
    0x01, 0xC4, 0x09, 0x06,  // 0x003E ">"
    0x01, 0xD6, 0x0B, 0x07,  // 0x003F "?"
    0x01, 0xEC, 0x14, 0x0B,  // 0x0040 "@"
    0x02, 0x14, 0x0E, 0x08,  // 0x0041 "A"
    0x02, 0x30, 0x0C, 0x07,  // 0x0042 "B"
    0x02, 0x48, 0x0C, 0x07,  // 0x0043 "C"
    0x02, 0x60, 0x0B, 0x07,  // 0x0044 "D"
    0x02, 0x76, 0x0C, 0x07,  // 0x0045 "E"
    0x02, 0x8E, 0x09, 0x06,  // 0x0046 "F"
    0x02, 0xA0, 0x0D, 0x08,  // 0x0047 "G"
    0x02, 0xBA, 0x0C, 0x07,  // 0x0048 "H"
    0x02, 0xD2, 0x04, 0x03,  // 0x0049 "I"
    0x02, 0xDA, 0x08, 0x05,  // 0x004A "J"
    0x02, 0xEA, 0x0E, 0x08,  // 0x004B "K"
    0x03, 0x06, 0x0C, 0x07,  // 0x004C "L"
    0x03, 0x1E, 0x10, 0x09,  // 0x004D "M"
    0x03, 0x3E, 0x0C, 0x07,  // 0x004E "N"
    0x03, 0x56, 0x0E, 0x08,  // 0x004F "O"
    0x03, 0x72, 0x0B, 0x07,  // 0x0050 "P"
    0x03, 0x88, 0x0E, 0x08,  // 0x0051 "Q"
    0x03, 0xA4, 0x0C, 0x07,  // 0x0052 "R"
    0x03, 0xBC, 0x0C, 0x07,  // 0x0053 "S"
    0x03, 0xD4, 0x0B, 0x07,  // 0x0054 "T"
    0x03, 0xEA, 0x0C, 0x07,  // 0x0055 "U"
    0x04, 0x02, 0x0D, 0x08,  // 0x0056 "V"
    0x04, 0x1C, 0x11, 0x0A,  // 0x0057 "W"
    0x04, 0x3E, 0x0E, 0x08,  // 0x0058 "X"
    0x04, 0x5A, 0x0D, 0x08,  // 0x0059 "Y"
    0x04, 0x74, 0x0C, 0x07,  // 0x005A "Z"
    0x04, 0x8C, 0x06, 0x04,  // 0x005B "["
    0x04, 0x98, 0x06, 0x04,  // 0x005C "\"
    0x04, 0xA4, 0x04, 0x03,  // 0x005D "]"
    0x04, 0xAC, 0x09, 0x06,  // 0x005E "^"
    0x04, 0xBE, 0x0C, 0x07,  // 0x005F "_"
    0x04, 0xD6, 0x03, 0x03,  // 0x0060 "`"
    0x04, 0xDC, 0x0A, 0x06,  // 0x0061 "a"
    0x04, 0xF0, 0x0A, 0x06,  // 0x0062 "b"
    0x05, 0x04, 0x0A, 0x06,  // 0x0063 "c"
    0x05, 0x18, 0x0A, 0x06,  // 0x0064 "d"
    0x05, 0x2C, 0x0A, 0x06,  // 0x0065 "e"
    0x05, 0x40, 0x05, 0x04,  // 0x0066 "f"
    0x05, 0x4A, 0x0A, 0x06,  // 0x0067 "g"
    0x05, 0x5E, 0x0A, 0x06,  // 0x0068 "h"
    0x05, 0x72, 0x04, 0x03,  // 0x0069 "i"
    0x05, 0x7A, 0x04, 0x03,  // 0x006A "j"
    0x05, 0x82, 0x08, 0x05,  // 0x006B "k"
    0x05, 0x92, 0x04, 0x03,  // 0x006C "l"
    0x05, 0x9A, 0x10, 0x09,  // 0x006D "m"
    0x05, 0xBA, 0x0A, 0x06,  // 0x006E "n"
    0x05, 0xCE, 0x0A, 0x06,  // 0x006F "o"
    0x05, 0xE2, 0x0A, 0x06,  // 0x0070 "p"
    0x05, 0xF6, 0x0A, 0x06,  // 0x0071 "q"
    0x06, 0x0A, 0x05, 0x04,  // 0x0072 "r"
    0x06, 0x14, 0x08, 0x05,  // 0x0073 "s"
    0x06, 0x24, 0x06, 0x04,  // 0x0074 "t"
    0x06, 0x30, 0x0A, 0x06,  // 0x0075 "u"
    0x06, 0x44, 0x09, 0x06,  // 0x0076 "v"
    0x06, 0x56, 0x0E, 0x08,  // 0x0077 "w"
    0x06, 0x72, 0x0A, 0x06,  // 0x0078 "x"
    0x06, 0x86, 0x09, 0x06,  // 0x0079 "y"
    0x06, 0x98, 0x0A, 0x06,  // 0x007A "z"
    0x06, 0xAC, 0x06, 0x04,  // 0x007B "{"
    0x06, 0xB8, 0x04, 0x03,  // 0x007C "|"
    0x06, 0xC0, 0x05, 0x04,  // 0x007D "}"
    0x06, 0xCA, 0x09, 0x06,  // 0x007E "~"
    // Bitmap Data:
    0x00, 0x00, 0xF8, 0x02, 0x38, 0x00, 0x00, 0x00, 0x38, 0x00, 0x00, 0x00, 0x38, 0xA0, 0x03, 0xE0,
    0x00, 0xB8, 0xA0, 0x03, 0xE0, 0x00, 0xB8, 0x03, 0xE0, 0x00, 0xB8, 0x30, 0x01, 0x28, 0x02, 0xF8,
    0x07, 0x48, 0x02, 0x90, 0x30, 0x01, 0x28, 0x02, 0xF8, 0x07, 0x48, 0x02, 0x90, 0x01, 0x00, 0x00,
    0x30, 0x00, 0x48, 0x00, 0x30, 0x03, 0xC0, 0x00, 0x00, 0x00, 0x30, 0x00, 0x48, 0x00, 0x30, 0x03,
    0xC0, 0x00, 0xB0, 0x01, 0x48, 0x02, 0x80, 0x01, 0x80, 0x01, 0x50, 0x02, 0x68, 0x02, 0xA8, 0x02,
    0x18, 0x01, 0x80, 0x03, 0x80, 0x02, 0x38, 0xE0, 0x80, 0x01, 0x50, 0x02, 0x68, 0x02, 0xA8, 0x02,
    0x18, 0x01, 0x80, 0x03, 0x80, 0x02, 0x38, 0xE0, 0x03, 0x10, 0x04, 0x08, 0x08, 0x08, 0x08, 0x10,
    0x04, 0xE0, 0x03, 0x28, 0x38, 0xE0, 0xE0, 0x03, 0x10, 0x04, 0x08, 0x08, 0x08, 0x08, 0x10, 0x04,
    0xE0, 0x03, 0x08, 0x08, 0x10, 0x04, 0xE0, 0x03, 0x28, 0x00, 0x18, 0x00, 0x28, 0x40, 0x28, 0x00,
    0x18, 0x00, 0x28, 0x40, 0x00, 0x40, 0x00, 0xF0, 0x40, 0x00, 0x40, 0x00, 0xF0, 0x01, 0x40, 0x00,
    0x40, 0x00, 0x00, 0x00, 0x06, 0x80, 0x00, 0x80, 0x00, 0x00, 0x00, 0x00, 0x00, 0x06, 0x80, 0x00,
    0x80, 0x00, 0x80, 0x00, 0x80, 0x00, 0x00, 0x00, 0x00, 0x00, 0x00, 0x02, 0x00, 0x03, 0xE0, 0x00,
    0x00, 0x03, 0xE0, 0x00, 0x18, 0xF0, 0x01, 0x08, 0x02, 0x08, 0xF0, 0x01, 0x08, 0x02, 0x08, 0x02,
    0x08, 0x02, 0xF0, 0x01, 0x00, 0x00, 0x20, 0x00, 0x10, 0x00, 0xF8, 0x03, 0x10, 0x02, 0x00, 0x00,
    0x20, 0x00, 0x10, 0x00, 0xF8, 0x03, 0x10, 0x02, 0x08, 0x03, 0x88, 0x02, 0x48, 0x02, 0x10, 0x02,
    0x08, 0x03, 0x88, 0x02, 0x48, 0x02, 0x30, 0x02, 0x10, 0x01, 0x08, 0x02, 0x48, 0x02, 0x48, 0x02,
    0xB0, 0x01, 0x10, 0x01, 0x08, 0x02, 0x48, 0x02, 0x48, 0x02, 0xB0, 0x01, 0xC0, 0x00, 0xA0, 0x00,
    0x90, 0x00, 0x88, 0x00, 0xF8, 0x03, 0xC0, 0x00, 0xA0, 0x00, 0x90, 0x00, 0x88, 0x00, 0xF8, 0x03,
    0x80, 0x60, 0x01, 0x38, 0x02, 0x28, 0x02, 0x28, 0x02, 0xC8, 0x01, 0xF0, 0x60, 0x01, 0x38, 0x02,
    0x28, 0x02, 0x28, 0x02, 0xC8, 0x01, 0xF0, 0x01, 0x28, 0x02, 0x28, 0x02, 0x28, 0x02, 0xD0, 0x01,
    0xF0, 0x01, 0x28, 0x02, 0x28, 0x02, 0x28, 0x02, 0xD0, 0x01, 0x08, 0x00, 0x08, 0x03, 0xC8, 0x00,
    0x38, 0x00, 0x08, 0xB0, 0x08, 0x00, 0x08, 0x03, 0xC8, 0x00, 0x38, 0x00, 0x08, 0xB0, 0x01, 0x48,
    0x02, 0x48, 0x02, 0x48, 0x02, 0xB0, 0xB0, 0x01, 0x48, 0x02, 0x48, 0x02, 0x48, 0x02, 0xB0, 0x01,
    0x70, 0x01, 0x88, 0x02, 0x88, 0x02, 0x88, 0x02, 0xF0, 0x01, 0x70, 0x01, 0x88, 0x02, 0x88, 0x02,
    0x88, 0x02, 0xF0, 0x01, 0x00, 0x00, 0x20, 0x02, 0x00, 0x00, 0x20, 0x06, 0x00, 0x00, 0x00, 0x00,
    0x20, 0x02, 0x00, 0x00, 0x20, 0x06, 0x00, 0x00, 0x20, 0x06, 0x00, 0x00, 0x40, 0x00, 0x00, 0x00,
    0x40, 0x00, 0xA0, 0x00, 0xA0, 0x00, 0x10, 0x01, 0xA0, 0x00, 0xA0, 0x00, 0xA0, 0x00, 0xA0, 0x00,
    0xA0, 0x00, 0xA0, 0x00, 0xA0, 0x00, 0xA0, 0x00, 0xA0, 0x00, 0xA0, 0x00, 0x00, 0x10, 0x01, 0xA0,
    0x00, 0xA0, 0x00, 0x40, 0x00, 0x00, 0x10, 0x01, 0xA0, 0x00, 0xA0, 0x00, 0x40, 0x10, 0x00, 0x08,
    0x00, 0x08, 0x00, 0xC8, 0x02, 0x48, 0x10, 0x00, 0x08, 0x00, 0x08, 0x00, 0xC8, 0x02, 0x48, 0x00,
    0x30, 0x00, 0x00, 0xC0, 0x03, 0x30, 0x04, 0xD0, 0x09, 0x28, 0x0A, 0x28, 0x00, 0x00, 0xC0, 0x03,
    0x30, 0x04, 0xD0, 0x09, 0x28, 0x0A, 0x28, 0x0A, 0xC8, 0x0B, 0x68, 0x0A, 0x10, 0x05, 0xE0, 0x04,
    0x00, 0x02, 0xC0, 0x01, 0xB0, 0x00, 0x88, 0x00, 0xB0, 0x00, 0xC0, 0x01, 0x00, 0x02, 0x00, 0x00,
    0xF8, 0x03, 0x48, 0x02, 0x00, 0x02, 0xC0, 0x01, 0xB0, 0x00, 0x88, 0x00, 0xB0, 0x00, 0xC0, 0x01,
    0x00, 0x02, 0x00, 0x00, 0xF8, 0x03, 0x48, 0x02, 0x48, 0x02, 0x48, 0x02, 0xF0, 0x01, 0x00, 0x00,
    0x00, 0x00, 0xF8, 0x03, 0x48, 0x02, 0x48, 0x02, 0x48, 0x02, 0xF0, 0x01, 0x00, 0x00, 0xF0, 0x01,
    0x08, 0x02, 0x08, 0x02, 0x08, 0x02, 0x10, 0x01, 0x00, 0x00, 0xF0, 0x01, 0x08, 0x02, 0x08, 0x02,
    0x08, 0x02, 0x10, 0x01, 0x00, 0x00, 0xF8, 0x03, 0x08, 0x02, 0x08, 0x02, 0x10, 0x01, 0xE0, 0x00,
    0x00, 0x00, 0xF8, 0x03, 0x08, 0x02, 0x08, 0x02, 0x10, 0x01, 0xE0, 0x00, 0x00, 0xF8, 0x03, 0x48,
    0x02, 0x48, 0x02, 0x48, 0x02, 0x48, 0x00, 0x00, 0xF8, 0x03, 0x48, 0x02, 0x48, 0x02, 0x48, 0x02,
    0x48, 0x02, 0x00, 0x00, 0xF8, 0x03, 0x48, 0x00, 0x48, 0x00, 0x08, 0x00, 0x00, 0xE0, 0x00, 0x00,
    0xF8, 0x03, 0x48, 0x00, 0x48, 0x00, 0x08, 0x00, 0x00, 0xE0, 0x00, 0x10, 0x01, 0x08, 0x02, 0x48,
    0x00, 0x00, 0xE0, 0x00, 0x10, 0x01, 0x08, 0x02, 0x48, 0x02, 0x50, 0x01, 0xC0, 0x00, 0x00, 0xF8,
    0x03, 0x40, 0x00, 0x40, 0x00, 0x40, 0x00, 0xF8, 0x03, 0x00, 0x00, 0x00, 0xF8, 0x03, 0x40, 0x00,
    0x40, 0x00, 0x40, 0x00, 0xF8, 0x03, 0x00, 0x00, 0xF8, 0x03, 0x00, 0x03, 0x00, 0x02, 0x00, 0x02,
    0xF8, 0x01, 0x00, 0x00, 0xF8, 0x03, 0x00, 0x03, 0x00, 0x02, 0x00, 0x03, 0x00, 0x02, 0x00, 0x02,
    0xF8, 0x01, 0x00, 0x00, 0xF8, 0x03, 0x80, 0x00, 0x60, 0x00, 0x00, 0x00, 0xF8, 0x03, 0x80, 0x00,
    0x60, 0x00, 0x90, 0x00, 0x08, 0x01, 0x00, 0x02, 0x00, 0x00, 0xF8, 0x03, 0x00, 0x02, 0x00, 0x02,
    0x00, 0x02, 0x00, 0x02, 0x00, 0x00, 0x00, 0x00, 0xF8, 0x03, 0x00, 0x02, 0x00, 0x02, 0x00, 0x02,
    0x00, 0x02, 0x00, 0x00, 0xF8, 0x03, 0x30, 0x00, 0xC0, 0x01, 0x00, 0x02, 0xC0, 0x01, 0x00, 0x00,
    0xF8, 0x03, 0x30, 0x00, 0xC0, 0x01, 0x00, 0x02, 0xC0, 0x01, 0x30, 0x00, 0xF8, 0x03, 0x00, 0x00,
    0xF8, 0x03, 0x30, 0x00, 0x40, 0x00, 0x80, 0x01, 0xF8, 0x03, 0x00, 0x00, 0xF0, 0x01, 0x00, 0x00,
    0xF8, 0x03, 0x30, 0x00, 0x40, 0x00, 0x80, 0x01, 0xF8, 0x03, 0x00, 0x00, 0xF0, 0x01, 0x08, 0x02,
    0x08, 0x02, 0x08, 0x02, 0x08, 0x02, 0x00, 0x00, 0xF0, 0x01, 0x08, 0x02, 0x08, 0x02, 0x08, 0x02,
    0x08, 0x02, 0xF0, 0x01, 0x00, 0x00, 0xF8, 0x03, 0x48, 0x00, 0x48, 0x00, 0x48, 0x00, 0x30, 0x00,
    0x00, 0xF0, 0x00, 0x00, 0xF8, 0x03, 0x48, 0x00, 0x48, 0x00, 0x48, 0x00, 0x30, 0x00, 0x00, 0xF0,
    0x01, 0x08, 0x02, 0x08, 0x02, 0x08, 0x03, 0x08, 0x00, 0x00, 0xF0, 0x01, 0x08, 0x02, 0x08, 0x02,
    0x08, 0x03, 0x08, 0x03, 0xF0, 0x02, 0x00, 0x00, 0xF8, 0x03, 0x48, 0x00, 0x48, 0x00, 0xC8, 0x00,
    0x30, 0x03, 0x00, 0x00, 0x00, 0x00, 0xF8, 0x03, 0x48, 0x00, 0x48, 0x00, 0xC8, 0x00, 0x30, 0x03,
    0x00, 0x00, 0x30, 0x01, 0x48, 0x02, 0x48, 0x02, 0x48, 0x02, 0x90, 0x01, 0x00, 0x00, 0x30, 0x01,
    0x48, 0x02, 0x48, 0x02, 0x48, 0x02, 0x90, 0x01, 0x00, 0x00, 0x08, 0x00, 0x08, 0x00, 0xF8, 0x03,
    0x08, 0x00, 0x08, 0x00, 0x00, 0x00, 0x08, 0x00, 0x08, 0x00, 0xF8, 0x03, 0x08, 0x00, 0x08, 0x00,
    0x00, 0xF8, 0x01, 0x00, 0x02, 0x00, 0x02, 0x00, 0x02, 0xF8, 0x00, 0x00, 0xF8, 0x01, 0x00, 0x02,
    0x00, 0x02, 0x00, 0x02, 0xF8, 0x01, 0x08, 0x00, 0x70, 0x00, 0x80, 0x01, 0x00, 0x02, 0x80, 0x01,
    0x70, 0x00, 0x08, 0x00, 0x70, 0x00, 0x80, 0x01, 0x00, 0x02, 0x80, 0x01, 0x70, 0x00, 0x08, 0x18,
    0x00, 0xE0, 0x01, 0x00, 0x02, 0xF0, 0x01, 0x08, 0x00, 0xF0, 0x01, 0x00, 0x18, 0x00, 0xE0, 0x01,
    0x00, 0x02, 0xF0, 0x01, 0x08, 0x00, 0xF0, 0x01, 0x00, 0x02, 0xE0, 0x01, 0x18, 0x00, 0x02, 0x08,
    0x01, 0x90, 0x00, 0x60, 0x00, 0x90, 0x00, 0x08, 0x01, 0x00, 0x02, 0x08, 0x00, 0x10, 0x00, 0x02,
    0x08, 0x01, 0x90, 0x00, 0x60, 0x00, 0x90, 0x00, 0x08, 0x01, 0x00, 0x02, 0x08, 0x00, 0x10, 0x00,
    0x20, 0x00, 0xC0, 0x03, 0x20, 0x00, 0x10, 0x00, 0x08, 0x08, 0x08, 0x00, 0x10, 0x00, 0x20, 0x00,
    0xC0, 0x03, 0x20, 0x00, 0x10, 0x00, 0x08, 0x08, 0x03, 0x88, 0x02, 0xC8, 0x02, 0x68, 0x02, 0x38,
    0x02, 0x18, 0x02, 0x00, 0x08, 0x03, 0x88, 0x02, 0xC8, 0x02, 0x68, 0x02, 0x38, 0x02, 0x18, 0x02,
    0x00, 0x00, 0xF8, 0x0F, 0x08, 0x08, 0x18, 0x00, 0xE0, 0x00, 0x00, 0x03, 0x00, 0x00, 0xF8, 0x0F,
    0x08, 0x08, 0x18, 0x00, 0xE0, 0x00, 0x00, 0x03, 0x18, 0x00, 0xE0, 0x00, 0x00, 0x03, 0x08, 0x08,
    0xF8, 0x0F, 0x40, 0x00, 0x08, 0x08, 0xF8, 0x0F, 0x40, 0x00, 0x30, 0x00, 0x40, 0x00, 0x30, 0x00,
    0x08, 0x00, 0x30, 0x00, 0x40, 0x00, 0x08, 0x00, 0x08, 0x00, 0x08, 0x00, 0x08, 0x00, 0x00, 0x08,
    0x00, 0x08, 0x00, 0x08, 0x00, 0x08, 0x00, 0x08, 0x00, 0x08, 0x08, 0x00, 0x10, 0x00, 0x00, 0x00,
    0x03, 0xA0, 0x02, 0xA0, 0x02, 0xE0, 0x08, 0x00, 0x10, 0x00, 0x00, 0x00, 0x00, 0x00, 0x00, 0x03,
    0xA0, 0x02, 0xA0, 0x02, 0xE0, 0x03, 0x00, 0x00, 0xF8, 0x03, 0x20, 0x02, 0x20, 0x02, 0xC0, 0x01,
    0x00, 0x00, 0xF8, 0x03, 0x20, 0x02, 0x20, 0x02, 0xC0, 0x01, 0x00, 0x00, 0xC0, 0x01, 0x20, 0x02,
    0x20, 0x02, 0x40, 0x01, 0x00, 0x00, 0xC0, 0x01, 0x20, 0x02, 0x20, 0x02, 0x40, 0x01, 0x00, 0x00,
    0xC0, 0x01, 0x20, 0x02, 0x20, 0x02, 0xF8, 0x03, 0x00, 0x00, 0xC0, 0x01, 0x20, 0x02, 0x20, 0x02,
    0xF8, 0x03, 0x00, 0x00, 0xC0, 0x01, 0xA0, 0x02, 0xA0, 0x02, 0xC0, 0x02, 0x00, 0x00, 0xC0, 0x01,
    0xA0, 0x02, 0xA0, 0x02, 0xC0, 0x02, 0x20, 0x00, 0xF0, 0x03, 0x28, 0x00, 0x00, 0xC0, 0x05, 0x20,
    0x20, 0x00, 0xF0, 0x03, 0x28, 0x00, 0x00, 0xC0, 0x05, 0x20, 0x00, 0x00, 0xC0, 0x05, 0x20, 0x0A,
    0x20, 0x0A, 0xE0, 0x07, 0x00, 0x00, 0xF8, 0x03, 0x20, 0x00, 0x20, 0x00, 0xC0, 0x03, 0x00, 0x00,
    0xF8, 0x03, 0x20, 0x00, 0x20, 0x00, 0xC0, 0x03, 0x00, 0x00, 0xE8, 0x03, 0x00, 0x08, 0xE8, 0x07,
    0xF8, 0x03, 0x00, 0x00, 0xE8, 0x03, 0x00, 0x08, 0xE8, 0x07, 0x00, 0x08, 0xE8, 0x07, 0xF8, 0x03,
    0x80, 0x00, 0xF8, 0x03, 0x80, 0x00, 0xC0, 0x01, 0x20, 0x02, 0x00, 0x00, 0xF8, 0x03, 0x00, 0x00,
    0xE0, 0x03, 0x00, 0x00, 0xF8, 0x03, 0x00, 0x00, 0xE0, 0x03, 0x00, 0x00, 0xE0, 0x03, 0x20, 0x00,
    0x20, 0x00, 0xE0, 0x03, 0x20, 0x00, 0x20, 0x00, 0xC0, 0x03, 0x00, 0x00, 0xE0, 0x03, 0x20, 0x00,
    0x20, 0x00, 0xC0, 0x03, 0x00, 0x00, 0xC0, 0x01, 0x20, 0x02, 0x00, 0x00, 0xE0, 0x03, 0x20, 0x00,
    0x20, 0x00, 0xC0, 0x03, 0x00, 0x00, 0xC0, 0x01, 0x20, 0x02, 0x20, 0x02, 0xC0, 0x01, 0x00, 0x00,
    0xC0, 0x01, 0x20, 0x02, 0x20, 0x02, 0xC0, 0x01, 0x00, 0x00, 0xE0, 0x0F, 0x20, 0x02, 0x20, 0x02,
    0xC0, 0x01, 0x00, 0x00, 0xE0, 0x0F, 0x20, 0x02, 0x20, 0x02, 0xC0, 0x01, 0x00, 0x00, 0xC0, 0x01,
    0x20, 0x02, 0x20, 0x02, 0xE0, 0x0F, 0x00, 0x00, 0xC0, 0x01, 0x20, 0x02, 0x20, 0x02, 0xE0, 0x0F,
    0x00, 0x00, 0xE0, 0x03, 0x20, 0x40, 0x02, 0xA0, 0x02, 0xA0, 0x00, 0x00, 0xE0, 0x03, 0x20, 0x40,
    0x02, 0xA0, 0x02, 0xA0, 0x40, 0x02, 0xA0, 0x02, 0xA0, 0x02, 0x20, 0x01, 0x20, 0x00, 0xF8, 0x03,
    0x20, 0x02, 0x00, 0x00, 0x20, 0x00, 0xF8, 0x03, 0x20, 0x02, 0x00, 0x00, 0xE0, 0x01, 0x00, 0x02,
    0x00, 0x00, 0xE0, 0x01, 0x00, 0x02, 0x00, 0x02, 0xE0, 0x03, 0x20, 0x00, 0xC0, 0x01, 0x00, 0x02,
    0xC0, 0x01, 0x20, 0xE0, 0x20, 0x00, 0xC0, 0x01, 0x00, 0x02, 0xC0, 0x01, 0x20, 0xE0, 0x01, 0x00,
    0x02, 0xC0, 0x01, 0x20, 0x00, 0xC0, 0xE0, 0x01, 0x00, 0x02, 0xC0, 0x01, 0x20, 0x00, 0xC0, 0x01,
    0x00, 0x02, 0xE0, 0x01, 0x20, 0x02, 0x40, 0x01, 0x80, 0x00, 0x40, 0x01, 0x20, 0x02, 0x20, 0x00,
    0xC0, 0x09, 0x20, 0x02, 0x40, 0x01, 0x80, 0x00, 0x40, 0x01, 0x20, 0x02, 0x20, 0x00, 0xC0, 0x09,
    0x00, 0x06, 0xC0, 0x01, 0x20, 0x20, 0x20, 0x00, 0xC0, 0x09, 0x00, 0x06, 0xC0, 0x01, 0x20, 0x20,
    0x02, 0x20, 0x03, 0xA0, 0x02, 0x60, 0x02, 0x20, 0x20, 0x02, 0x20, 0x03, 0xA0, 0x02, 0x60, 0x02,
    0x20, 0x02, 0x80, 0x00, 0x78, 0x0F, 0x08, 0x08, 0x00, 0x00, 0xF8, 0x0F, 0x80, 0x00, 0x78, 0x0F,
    0x08, 0x08, 0x00, 0x00, 0xF8, 0x0F, 0x08, 0x08, 0x00, 0x00, 0xF8, 0x0F, 0x08, 0x08, 0x78, 0x0F,
    0x08, 0x08, 0x78, 0x0F, 0x80, 0xC0, 0x00, 0x40, 0x00, 0xC0, 0xC0, 0x00, 0x40, 0x00, 0xC0, 0x00,
    0x80, 0x00, 0xC0, 0x00, 0x00, 0xF8, 0x03, 0x40, 0x02, 0x20, 0x02, 0x00,
};
const uint8_t ArialMT_Plain_16_EN[] PROGMEM = {
    0x10, 0x13, 0x20, 0x5F, // Width, Height, First Char, Num Chars
    // Jump Table:
    0xFF, 0xFF, 0x00, 0x04,  // 0x0020 " "
    0x00, 0x00, 0x08, 0x04,  // 0x0021 "!"
    0x00, 0x18, 0x0D, 0x06,  // 0x0022 """
    0x00, 0x3F, 0x1A, 0x0A,  // 0x0023 "#"
    0x00, 0x8D, 0x17, 0x09,  // 0x0024 "$"
    0x00, 0xD2, 0x26, 0x0E,  // 0x0025 "%"
    0x01, 0x44, 0x1D, 0x0B,  // 0x0026 "&"
    0x01, 0x9B, 0x04, 0x03,  // 0x0027 "'"
    0x01, 0xA7, 0x0C, 0x05,  // 0x0028 "("
    0x01, 0xCB, 0x0B, 0x05,  // 0x0029 ")"
    0x01, 0xEC, 0x0D, 0x06,  // 0x002A "*"
    0x02, 0x13, 0x17, 0x09,  // 0x002B "+"
    0x02, 0x58, 0x09, 0x04,  // 0x002C ","
    0x02, 0x73, 0x0B, 0x05,  // 0x002D "-"
    0x02, 0x94, 0x08, 0x04,  // 0x002E "."
    0x02, 0xAC, 0x0A, 0x05,  // 0x002F "/"
    0x02, 0xCA, 0x17, 0x09,  // 0x0030 "0"
    0x03, 0x0F, 0x11, 0x07,  // 0x0031 "1"
    0x03, 0x42, 0x17, 0x09,  // 0x0032 "2"
    0x03, 0x87, 0x17, 0x09,  // 0x0033 "3"
    0x03, 0xCC, 0x17, 0x09,  // 0x0034 "4"
    0x04, 0x11, 0x17, 0x09,  // 0x0035 "5"
    0x04, 0x56, 0x17, 0x09,  // 0x0036 "6"
    0x04, 0x9B, 0x16, 0x09,  // 0x0037 "7"
    0x04, 0xDD, 0x17, 0x09,  // 0x0038 "8"
    0x05, 0x22, 0x17, 0x09,  // 0x0039 "9"
    0x05, 0x67, 0x05, 0x03,  // 0x003A ":"
    0x05, 0x76, 0x06, 0x03,  // 0x003B ";"
    0x05, 0x88, 0x17, 0x09,  // 0x003C "<"
    0x05, 0xCD, 0x17, 0x09,  // 0x003D "="
    0x06, 0x12, 0x17, 0x09,  // 0x003E ">"
    0x06, 0x57, 0x16, 0x09,  // 0x003F "?"
    0x06, 0x99, 0x2F, 0x11,  // 0x0040 "@"
    0x07, 0x26, 0x1D, 0x0B,  // 0x0041 "A"
    0x07, 0x7D, 0x1D, 0x0B,  // 0x0042 "B"
    0x07, 0xD4, 0x20, 0x0C,  // 0x0043 "C"
    0x08, 0x34, 0x20, 0x0C,  // 0x0044 "D"
    0x08, 0x94, 0x1D, 0x0B,  // 0x0045 "E"
    0x08, 0xEB, 0x19, 0x0A,  // 0x0046 "F"
    0x09, 0x36, 0x20, 0x0C,  // 0x0047 "G"
    0x09, 0x96, 0x1D, 0x0B,  // 0x0048 "H"
    0x09, 0xED, 0x05, 0x03,  // 0x0049 "I"
    0x09, 0xFC, 0x14, 0x08,  // 0x004A "J"
    0x0A, 0x38, 0x1D, 0x0B,  // 0x004B "K"
    0x0A, 0x8F, 0x17, 0x09,  // 0x004C "L"
    0x0A, 0xD4, 0x23, 0x0D,  // 0x004D "M"
    0x0B, 0x3D, 0x1D, 0x0B,  // 0x004E "N"
    0x0B, 0x94, 0x20, 0x0C,  // 0x004F "O"
    0x0B, 0xF4, 0x1C, 0x0B,  // 0x0050 "P"
    0x0C, 0x48, 0x20, 0x0C,  // 0x0051 "Q"
    0x0C, 0xA8, 0x1D, 0x0B,  // 0x0052 "R"
    0x0C, 0xFF, 0x1D, 0x0B,  // 0x0053 "S"
    0x0D, 0x56, 0x19, 0x0A,  // 0x0054 "T"
    0x0D, 0xA1, 0x1D, 0x0B,  // 0x0055 "U"
    0x0D, 0xF8, 0x1C, 0x0B,  // 0x0056 "V"
    0x0E, 0x4C, 0x2B, 0x10,  // 0x0057 "W"
    0x0E, 0xCD, 0x20, 0x0C,  // 0x0058 "X"
    0x0F, 0x2D, 0x19, 0x0A,  // 0x0059 "Y"
    0x0F, 0x78, 0x1A, 0x0A,  // 0x005A "Z"
    0x0F, 0xC6, 0x0C, 0x05,  // 0x005B "["
    0x0F, 0xEA, 0x0B, 0x05,  // 0x005C "\"
    0x10, 0x0B, 0x09, 0x04,  // 0x005D "]"
    0x10, 0x26, 0x14, 0x08,  // 0x005E "^"
    0x10, 0x62, 0x1B, 0x0A,  // 0x005F "_"
    0x10, 0xB3, 0x07, 0x04,  // 0x0060 "`"
    0x10, 0xC8, 0x17, 0x09,  // 0x0061 "a"
    0x11, 0x0D, 0x17, 0x09,  // 0x0062 "b"
    0x11, 0x52, 0x14, 0x08,  // 0x0063 "c"
    0x11, 0x8E, 0x17, 0x09,  // 0x0064 "d"
    0x11, 0xD3, 0x17, 0x09,  // 0x0065 "e"
    0x12, 0x18, 0x0A, 0x05,  // 0x0066 "f"
    0x12, 0x36, 0x17, 0x09,  // 0x0067 "g"
    0x12, 0x7B, 0x14, 0x08,  // 0x0068 "h"
    0x12, 0xB7, 0x05, 0x03,  // 0x0069 "i"
    0x12, 0xC6, 0x06, 0x03,  // 0x006A "j"
    0x12, 0xD8, 0x17, 0x09,  // 0x006B "k"
    0x13, 0x1D, 0x05, 0x03,  // 0x006C "l"
    0x13, 0x2C, 0x23, 0x0D,  // 0x006D "m"
    0x13, 0x95, 0x14, 0x08,  // 0x006E "n"
    0x13, 0xD1, 0x17, 0x09,  // 0x006F "o"
    0x14, 0x16, 0x17, 0x09,  // 0x0070 "p"
    0x14, 0x5B, 0x18, 0x09,  // 0x0071 "q"
    0x14, 0xA3, 0x0D, 0x06,  // 0x0072 "r"
    0x14, 0xCA, 0x14, 0x08,  // 0x0073 "s"
    0x15, 0x06, 0x0B, 0x05,  // 0x0074 "t"
    0x15, 0x27, 0x14, 0x08,  // 0x0075 "u"
    0x15, 0x63, 0x13, 0x08,  // 0x0076 "v"
    0x15, 0x9C, 0x1F, 0x0C,  // 0x0077 "w"
    0x15, 0xF9, 0x14, 0x08,  // 0x0078 "x"
    0x16, 0x35, 0x13, 0x08,  // 0x0079 "y"
    0x16, 0x6E, 0x14, 0x08,  // 0x007A "z"
    0x16, 0xAA, 0x0F, 0x06,  // 0x007B "{"
    0x16, 0xD7, 0x06, 0x03,  // 0x007C "|"
    0x16, 0xE9, 0x0E, 0x06,  // 0x007D "}"
    0x17, 0x13, 0x17, 0x09,  // 0x007E "~"
    // Bitmap Data:
    0x00, 0x00, 0x00, 0x00, 0x00, 0x00, 0xF8, 0x5F, 0x00, 0x00, 0x00, 0x78, 0x00, 0x00, 0x00, 0x00,
    0x00, 0x00, 0x00, 0x00, 0x78, 0x80, 0x08, 0x00, 0x00, 0x00, 0x00, 0x78, 0x00, 0x00, 0x00, 0x00,
    0x00, 0x00, 0x00, 0x00, 0x78, 0x80, 0x08, 0x00, 0x80, 0x78, 0x00, 0xC0, 0x0F, 0x00, 0xB8, 0x08,
    0x00, 0x80, 0x08, 0x00, 0x80, 0x78, 0x00, 0xC0, 0x0F, 0x00, 0xB8, 0x08, 0x00, 0x80, 0x08, 0x80,
    0x08, 0x00, 0x80, 0x78, 0x00, 0xC0, 0x0F, 0x00, 0xB8, 0x08, 0x00, 0x80, 0x08, 0x00, 0x80, 0x78,
    0x00, 0xC0, 0x0F, 0x00, 0xB8, 0x08, 0x00, 0x80, 0x08, 0x00, 0x00, 0x00, 0xE0, 0x10, 0x00, 0x10,
    0x21, 0x00, 0x08, 0x41, 0x00, 0xFC, 0xFF, 0x00, 0x08, 0x42, 0x00, 0x10, 0x22, 0x00, 0x20, 0x1C,
    0x00, 0x00, 0x00, 0xF0, 0x00, 0x00, 0x08, 0x01, 0x00, 0x08, 0x01, 0x00, 0x08, 0x61, 0x00, 0xF0,
    0x18, 0x00, 0x00, 0x06, 0x00, 0xC0, 0x01, 0x00, 0x30, 0x3C, 0x00, 0x08, 0x42, 0x00, 0x00, 0x00,
    0xE0, 0x10, 0x00, 0x10, 0x21, 0x00, 0x08, 0x41, 0x00, 0xFC, 0xFF, 0x00, 0x08, 0x42, 0x00, 0x10,
    0x22, 0x00, 0x20, 0x1C, 0x00, 0x00, 0x00, 0xF0, 0x00, 0x00, 0x08, 0x01, 0x00, 0x08, 0x01, 0x00,
    0x08, 0x61, 0x00, 0xF0, 0x18, 0x00, 0x00, 0x06, 0x00, 0xC0, 0x01, 0x00, 0x30, 0x3C, 0x00, 0x08,
    0x42, 0x00, 0x00, 0x42, 0x00, 0x00, 0x42, 0x00, 0x00, 0x3C, 0x00, 0x00, 0x00, 0x00, 0x1C, 0x00,
    0x70, 0x22, 0x00, 0x00, 0x00, 0xF0, 0x00, 0x00, 0x08, 0x01, 0x00, 0x08, 0x01, 0x00, 0x08, 0x61,
    0x00, 0xF0, 0x18, 0x00, 0x00, 0x06, 0x00, 0xC0, 0x01, 0x00, 0x30, 0x3C, 0x00, 0x08, 0x42, 0x00,
    0x00, 0x42, 0x00, 0x00, 0x42, 0x00, 0x00, 0x3C, 0x00, 0x00, 0x00, 0x00, 0x1C, 0x00, 0x70, 0x22,
    0x00, 0x88, 0x41, 0x00, 0x08, 0x43, 0x00, 0x88, 0x44, 0x00, 0x70, 0x28, 0x00, 0x00, 0x10, 0x00,
    0x00, 0x28, 0x00, 0x00, 0x44, 0x00, 0x00, 0x00, 0x78, 0x00, 0x00, 0x00, 0x80, 0x3F, 0x00, 0x70,
    0xC0, 0x01, 0x08, 0x00, 0x02, 0x00, 0x00, 0x00, 0x08, 0x00, 0x02, 0x70, 0xC0, 0x01, 0x80, 0x3F,
    0x10, 0x00, 0x00, 0xD0, 0x00, 0x00, 0x38, 0x00, 0x00, 0xD0, 0x00, 0x00, 0x10, 0x00, 0x00, 0x00,
    0x00, 0x02, 0x00, 0x00, 0x00, 0x00, 0x00, 0x00, 0x1C, 0x00, 0x70, 0x22, 0x00, 0x88, 0x41, 0x00,
    0x08, 0x43, 0x00, 0x88, 0x44, 0x00, 0x70, 0x28, 0x00, 0x00, 0x10, 0x00, 0x00, 0x28, 0x00, 0x00,
    0x44, 0x00, 0x00, 0x00, 0x78, 0x00, 0x00, 0x00, 0x80, 0x3F, 0x00, 0x70, 0xC0, 0x01, 0x08, 0x00,
    0x02, 0x00, 0x00, 0x00, 0x08, 0x00, 0x02, 0x70, 0xC0, 0x01, 0x80, 0x3F, 0x10, 0x00, 0x00, 0xD0,
    0x00, 0x00, 0x38, 0x00, 0x00, 0xD0, 0x00, 0x00, 0x10, 0x00, 0x00, 0x00, 0x00, 0x02, 0x00, 0x00,
    0x02, 0x00, 0x00, 0x02, 0x00, 0xC0, 0x1F, 0x00, 0x00, 0x02, 0x00, 0x00, 0x00, 0x00, 0x78, 0x00,
    0x00, 0x00, 0x80, 0x3F, 0x00, 0x70, 0xC0, 0x00, 0x00, 0x00, 0x80, 0x3F, 0x00, 0x70, 0xC0, 0x01,
    0x08, 0x00, 0x02, 0x00, 0x00, 0x00, 0x08, 0x00, 0x02, 0x70, 0xC0, 0x01, 0x80, 0x3F, 0x10, 0x00,
    0x00, 0xD0, 0x00, 0x00, 0x38, 0x00, 0x00, 0xD0, 0x00, 0x00, 0x10, 0x00, 0x00, 0x00, 0x08, 0x00,
    0x02, 0x70, 0xC0, 0x01, 0x80, 0x3F, 0x10, 0x00, 0x00, 0xD0, 0x00, 0x00, 0x38, 0x00, 0x00, 0xD0,
    0x00, 0x00, 0x10, 0x00, 0x00, 0x00, 0x00, 0x02, 0x00, 0x00, 0x02, 0x00, 0x10, 0x00, 0x00, 0xD0,
    0x00, 0x00, 0x38, 0x00, 0x00, 0xD0, 0x00, 0x00, 0x10, 0x00, 0x00, 0x00, 0x00, 0x02, 0x00, 0x00,
    0x02, 0x00, 0x00, 0x02, 0x00, 0xC0, 0x1F, 0x00, 0x00, 0x02, 0x00, 0x00, 0x02, 0x00, 0x00, 0x02,
    0x00, 0x00, 0x00, 0x00, 0x00, 0x00, 0x00, 0x02, 0x00, 0x00, 0x02, 0x00, 0x00, 0x02, 0x00, 0xC0,
    0x1F, 0x00, 0x00, 0x02, 0x00, 0x00, 0x02, 0x00, 0x00, 0x02, 0x00, 0x00, 0x00, 0x00, 0x00, 0x00,
    0x00, 0xC0, 0x01, 0x00, 0x08, 0x00, 0x00, 0x08, 0x00, 0x00, 0x08, 0x00, 0x00, 0x08, 0x00, 0x00,
    0x00, 0x00, 0x00, 0x00, 0x00, 0x40, 0x00, 0x60, 0x00, 0x00, 0x1E, 0x00, 0xE0, 0x01, 0x00, 0x18,
    0x00, 0x00, 0x00, 0xE0, 0x1F, 0x00, 0x10, 0x20, 0x00, 0x00, 0x00, 0x00, 0x00, 0x00, 0x00, 0xC0,
    0x01, 0x00, 0x08, 0x00, 0x00, 0x08, 0x00, 0x00, 0x08, 0x00, 0x00, 0x08, 0x00, 0x00, 0x00, 0x00,
    0x00, 0x00, 0x00, 0x00, 0x08, 0x00, 0x00, 0x08, 0x00, 0x00, 0x08, 0x00, 0x00, 0x08, 0x00, 0x00,
    0x00, 0x00, 0x00, 0x00, 0x00, 0x40, 0x00, 0x60, 0x00, 0x00, 0x1E, 0x00, 0xE0, 0x01, 0x00, 0x18,
    0x00, 0x00, 0x00, 0xE0, 0x00, 0x00, 0x00, 0x00, 0x00, 0x00, 0x00, 0x40, 0x00, 0x60, 0x00, 0x00,
    0x1E, 0x00, 0xE0, 0x01, 0x00, 0x18, 0x00, 0x00, 0x00, 0xE0, 0x1F, 0x00, 0x00, 0x60, 0x00, 0x00,
    0x1E, 0x00, 0xE0, 0x01, 0x00, 0x18, 0x00, 0x00, 0x00, 0xE0, 0x1F, 0x00, 0x10, 0x20, 0x00, 0x08,
    0x40, 0x00, 0x08, 0x40, 0x00, 0x08, 0x40, 0x00, 0x10, 0x20, 0x00, 0x00, 0x00, 0xE0, 0x1F, 0x00,
    0x10, 0x20, 0x00, 0x08, 0x40, 0x00, 0x08, 0x40, 0x00, 0x08, 0x40, 0x00, 0x10, 0x20, 0x00, 0xE0,
    0x1F, 0x00, 0x00, 0x00, 0x00, 0x00, 0x00, 0x40, 0x00, 0x00, 0x20, 0x00, 0x00, 0x10, 0x00, 0x00,
    0xF8, 0x7F, 0x00, 0x00, 0x00, 0x20, 0x40, 0x00, 0x10, 0x60, 0x00, 0x08, 0x50, 0x00, 0x08, 0x48,
    0x00, 0x08, 0x44, 0x00, 0x10, 0x43, 0x00, 0xE0, 0x40, 0x00, 0x00, 0x00, 0x20, 0x10, 0x00, 0x00,
    0x00, 0x00, 0x00, 0x00, 0x00, 0x40, 0x00, 0x00, 0x20, 0x00, 0x00, 0x10, 0x00, 0x00, 0xF8, 0x7F,
    0x00, 0x00, 0x00, 0x20, 0x40, 0x00, 0x10, 0x60, 0x00, 0x08, 0x50, 0x00, 0x08, 0x48, 0x00, 0x08,
    0x44, 0x00, 0x10, 0x43, 0x00, 0xE0, 0x40, 0x00, 0x00, 0x00, 0x20, 0x10, 0x00, 0x10, 0x20, 0x00,
    0x08, 0x41, 0x00, 0x00, 0x00, 0x20, 0x40, 0x00, 0x10, 0x60, 0x00, 0x08, 0x50, 0x00, 0x08, 0x48,
    0x00, 0x08, 0x44, 0x00, 0x10, 0x43, 0x00, 0xE0, 0x40, 0x00, 0x00, 0x00, 0x20, 0x10, 0x00, 0x10,
    0x20, 0x00, 0x08, 0x41, 0x00, 0x08, 0x41, 0x00, 0x88, 0x41, 0x00, 0xF0, 0x22, 0x00, 0x00, 0x1C,
    0x00, 0x0C, 0x00, 0x00, 0x0A, 0x00, 0x00, 0x09, 0x00, 0xC0, 0x08, 0x00, 0x20, 0x08, 0x00, 0x10,
    0x08, 0x00, 0xF8, 0x7F, 0x00, 0x00, 0x08, 0x00, 0x00, 0x00, 0x20, 0x10, 0x00, 0x10, 0x20, 0x00,
    0x08, 0x41, 0x00, 0x08, 0x41, 0x00, 0x88, 0x41, 0x00, 0xF0, 0x22, 0x00, 0x00, 0x1C, 0x00, 0x0C,
    0x00, 0x00, 0x0A, 0x00, 0x00, 0x09, 0x00, 0xC0, 0x08, 0x00, 0x20, 0x08, 0x00, 0x10, 0x08, 0x00,
    0xF8, 0x7F, 0x00, 0x00, 0x08, 0x00, 0x00, 0x00, 0xC0, 0x11, 0x00, 0xB8, 0x20, 0x00, 0x88, 0x40,
    0x00, 0x88, 0x40, 0x00, 0x88, 0x40, 0x00, 0x08, 0x21, 0x00, 0x08, 0x1E, 0x00, 0x0C, 0x00, 0x00,
    0x0A, 0x00, 0x00, 0x09, 0x00, 0xC0, 0x08, 0x00, 0x20, 0x08, 0x00, 0x10, 0x08, 0x00, 0xF8, 0x7F,
    0x00, 0x00, 0x08, 0x00, 0x00, 0x00, 0xC0, 0x11, 0x00, 0xB8, 0x20, 0x00, 0x88, 0x40, 0x00, 0x88,
    0x40, 0x00, 0x88, 0x40, 0x00, 0x08, 0x21, 0x00, 0x08, 0x1E, 0x00, 0x00, 0x00, 0xE0, 0x1F, 0x00,
    0x10, 0x21, 0x00, 0x88, 0x40, 0x00, 0x88, 0x40, 0x00, 0x88, 0x40, 0x00, 0x10, 0x21, 0x00, 0x20,
    0x1E, 0x00, 0x00, 0x00, 0xC0, 0x11, 0x00, 0xB8, 0x20, 0x00, 0x88, 0x40, 0x00, 0x88, 0x40, 0x00,
    0x88, 0x40, 0x00, 0x08, 0x21, 0x00, 0x08, 0x1E, 0x00, 0x00, 0x00, 0xE0, 0x1F, 0x00, 0x10, 0x21,
    0x00, 0x88, 0x40, 0x00, 0x88, 0x40, 0x00, 0x88, 0x40, 0x00, 0x10, 0x21, 0x00, 0x20, 0x1E, 0x00,
    0x00, 0x00, 0x08, 0x00, 0x00, 0x08, 0x00, 0x00, 0x08, 0x78, 0x00, 0x08, 0x07, 0x00, 0xC8, 0x00,
    0x00, 0x28, 0x00, 0x00, 0x18, 0x00, 0x00, 0x00, 0x00, 0xE0, 0x1F, 0x00, 0x10, 0x21, 0x00, 0x88,
    0x40, 0x00, 0x88, 0x40, 0x00, 0x88, 0x40, 0x00, 0x10, 0x21, 0x00, 0x20, 0x1E, 0x00, 0x00, 0x00,
    0x08, 0x00, 0x00, 0x08, 0x00, 0x00, 0x08, 0x78, 0x00, 0x08, 0x07, 0x00, 0xC8, 0x00, 0x00, 0x28,
    0x00, 0x00, 0x18, 0x00, 0x00, 0x00, 0x60, 0x1C, 0x00, 0x90, 0x22, 0x00, 0x08, 0x41, 0x00, 0x08,
    0x41, 0x00, 0x08, 0x41, 0x00, 0x90, 0x22, 0x00, 0x60, 0x1C, 0x00, 0x00, 0x00, 0x00, 0x08, 0x00,
    0x00, 0x08, 0x00, 0x00, 0x08, 0x78, 0x00, 0x08, 0x07, 0x00, 0xC8, 0x00, 0x00, 0x28, 0x00, 0x00,
    0x18, 0x00, 0x00, 0x00, 0x60, 0x1C, 0x00, 0x90, 0x22, 0x00, 0x08, 0x41, 0x00, 0x08, 0x41, 0x00,
    0x08, 0x41, 0x00, 0x90, 0x22, 0x00, 0x60, 0x1C, 0x00, 0x00, 0x00, 0xE0, 0x11, 0x00, 0x10, 0x22,
    0x00, 0x08, 0x44, 0x00, 0x08, 0x44, 0x00, 0x08, 0x44, 0x00, 0x10, 0x22, 0x00, 0x00, 0x00, 0x00,
    0x60, 0x1C, 0x00, 0x90, 0x22, 0x00, 0x08, 0x41, 0x00, 0x08, 0x41, 0x00, 0x08, 0x41, 0x00, 0x90,
    0x22, 0x00, 0x60, 0x1C, 0x00, 0x00, 0x00, 0xE0, 0x11, 0x00, 0x10, 0x22, 0x00, 0x08, 0x44, 0x00,
    0x08, 0x44, 0x00, 0x08, 0x44, 0x00, 0x10, 0x22, 0x00, 0xE0, 0x1F, 0x00, 0x00, 0x00, 0x40, 0x40,
    0x00, 0x00, 0x00, 0x40, 0xC0, 0x01, 0x00, 0x00, 0x00, 0x00, 0x02, 0x00, 0x00, 0x05, 0x00, 0x00,
    0x05, 0x00, 0x00, 0x00, 0x00, 0xE0, 0x11, 0x00, 0x10, 0x22, 0x00, 0x08, 0x44, 0x00, 0x08, 0x44,
    0x00, 0x08, 0x44, 0x00, 0x10, 0x22, 0x00, 0xE0, 0x1F, 0x00, 0x00, 0x00, 0x40, 0x40, 0x00, 0x00,
    0x00, 0x40, 0xC0, 0x01, 0x00, 0x00, 0x00, 0x00, 0x02, 0x00, 0x00, 0x05, 0x00, 0x00, 0x05, 0x00,
    0x80, 0x08, 0x00, 0x80, 0x08, 0x00, 0x80, 0x08, 0x00, 0x40, 0x10, 0x00, 0x00, 0x00, 0x80, 0x08,
    0x00, 0x80, 0x08, 0x00, 0x80, 0x08, 0x00, 0x00, 0x00, 0x00, 0x40, 0x40, 0x00, 0x00, 0x00, 0x40,
    0xC0, 0x01, 0x00, 0x00, 0x00, 0x00, 0x00, 0x00, 0x00, 0x40, 0xC0, 0x01, 0x00, 0x00, 0x00, 0x00,
    0x02, 0x00, 0x00, 0x05, 0x00, 0x00, 0x05, 0x00, 0x00, 0x00, 0x00, 0x00, 0x02, 0x00, 0x00, 0x05,
    0x00, 0x00, 0x05, 0x00, 0x80, 0x08, 0x00, 0x80, 0x08, 0x00, 0x80, 0x08, 0x00, 0x40, 0x10, 0x00,
    0x00, 0x00, 0x80, 0x08, 0x00, 0x80, 0x08, 0x00, 0x80, 0x08, 0x00, 0x80, 0x08, 0x00, 0x80, 0x08,
    0x00, 0x80, 0x08, 0x00, 0x80, 0x08, 0x00, 0x00, 0x00, 0x40, 0x10, 0x00, 0x80, 0x08, 0x00, 0x80,
    0x08, 0x00, 0x80, 0x08, 0x00, 0x00, 0x05, 0x00, 0x00, 0x05, 0x00, 0x00, 0x02, 0x00, 0x00, 0x00,
    0x80, 0x08, 0x00, 0x80, 0x08, 0x00, 0x80, 0x08, 0x00, 0x80, 0x08, 0x00, 0x80, 0x08, 0x00, 0x80,
    0x08, 0x00, 0x80, 0x08, 0x00, 0x00, 0x00, 0x40, 0x10, 0x00, 0x80, 0x08, 0x00, 0x80, 0x08, 0x00,
    0x80, 0x08, 0x00, 0x00, 0x05, 0x00, 0x00, 0x05, 0x00, 0x00, 0x02, 0x00, 0x00, 0x00, 0x60, 0x00,
    0x00, 0x10, 0x00, 0x00, 0x08, 0x00, 0x00, 0x08, 0x5C, 0x00, 0x08, 0x02, 0x00, 0x10, 0x01, 0x00,
    0xE0, 0x00, 0x00, 0x00, 0x00, 0x40, 0x10, 0x00, 0x80, 0x08, 0x00, 0x80, 0x08, 0x00, 0x80, 0x08,
    0x00, 0x00, 0x05, 0x00, 0x00, 0x05, 0x00, 0x00, 0x02, 0x00, 0x00, 0x00, 0x60, 0x00, 0x00, 0x10,
    0x00, 0x00, 0x08, 0x00, 0x00, 0x08, 0x5C, 0x00, 0x08, 0x02, 0x00, 0x10, 0x01, 0x00, 0xE0, 0x00,
    0x00, 0x00, 0x00, 0x3F, 0x00, 0xC0, 0x40, 0x00, 0x20, 0x80, 0x00, 0x10, 0x1E, 0x01, 0x10, 0x21,
    0x01, 0x88, 0x40, 0x02, 0x48, 0x40, 0x02, 0x00, 0x00, 0x00, 0x60, 0x00, 0x00, 0x10, 0x00, 0x00,
    0x08, 0x00, 0x00, 0x08, 0x5C, 0x00, 0x08, 0x02, 0x00, 0x10, 0x01, 0x00, 0xE0, 0x00, 0x00, 0x00,
    0x00, 0x3F, 0x00, 0xC0, 0x40, 0x00, 0x20, 0x80, 0x00, 0x10, 0x1E, 0x01, 0x10, 0x21, 0x01, 0x88,
    0x40, 0x02, 0x48, 0x40, 0x02, 0x48, 0x40, 0x02, 0x48, 0x20, 0x02, 0x88, 0x7C, 0x02, 0xC8, 0x43,
    0x02, 0x10, 0x40, 0x02, 0x10, 0x20, 0x01, 0x60, 0x10, 0x00, 0x00, 0x00, 0x00, 0x3F, 0x00, 0xC0,
    0x40, 0x00, 0x20, 0x80, 0x00, 0x10, 0x1E, 0x01, 0x10, 0x21, 0x01, 0x88, 0x40, 0x02, 0x48, 0x40,
    0x02, 0x48, 0x40, 0x02, 0x48, 0x20, 0x02, 0x88, 0x7C, 0x02, 0xC8, 0x43, 0x02, 0x10, 0x40, 0x02,
    0x10, 0x20, 0x01, 0x60, 0x10, 0x01, 0x80, 0x8F, 0x00, 0x00, 0x00, 0x00, 0x60, 0x00, 0x00, 0x1C,
    0x00, 0x80, 0x07, 0x00, 0x70, 0x04, 0x00, 0x08, 0x04, 0x00, 0x70, 0x04, 0x00, 0x80, 0x07, 0x00,
    0x00, 0x1C, 0x00, 0x00, 0x60, 0x00, 0x00, 0x00, 0xF8, 0x7F, 0x00, 0x08, 0x41, 0x00, 0x08, 0x41,
    0x00, 0x08, 0x41, 0x00, 0x08, 0x41, 0x00, 0x08, 0x41, 0x00, 0x08, 0x41, 0x00, 0x90, 0x22, 0x00,
    0x60, 0x1C, 0x00, 0x00, 0x00, 0xC0, 0x0F, 0x00, 0x20, 0x10, 0x00, 0x10, 0x20, 0x00, 0x08, 0x40,
    0x00, 0x08, 0x40, 0x00, 0x08, 0x40, 0x00, 0x08, 0x40, 0x00, 0x08, 0x40, 0x00, 0x10, 0x20, 0x00,
    0x20, 0x10, 0x00, 0x00, 0x00, 0xF8, 0x00, 0x00, 0x00, 0x00, 0x60, 0x00, 0x00, 0x1C, 0x00, 0x80,
    0x07, 0x00, 0x70, 0x04, 0x00, 0x08, 0x04, 0x00, 0x70, 0x04, 0x00, 0x80, 0x07, 0x00, 0x00, 0x1C,
    0x00, 0x00, 0x60, 0x00, 0x00, 0x00, 0xF8, 0x7F, 0x00, 0x08, 0x41, 0x00, 0x08, 0x41, 0x00, 0x08,
    0x41, 0x00, 0x08, 0x41, 0x00, 0x08, 0x41, 0x00, 0x08, 0x41, 0x00, 0x90, 0x22, 0x00, 0x60, 0x1C,
    0x00, 0x00, 0x00, 0xC0, 0x0F, 0x00, 0x20, 0x10, 0x00, 0x10, 0x20, 0x00, 0x08, 0x40, 0x00, 0x08,
    0x40, 0x00, 0x08, 0x40, 0x00, 0x08, 0x40, 0x00, 0x08, 0x40, 0x00, 0x10, 0x20, 0x00, 0x00, 0x00,
    0xF8, 0x7F, 0x00, 0x08, 0x41, 0x00, 0x08, 0x41, 0x00, 0x08, 0x41, 0x00, 0x08, 0x41, 0x00, 0x08,
    0x41, 0x00, 0x08, 0x41, 0x00, 0x90, 0x22, 0x00, 0x60, 0x1C, 0x00, 0x00, 0x00, 0xC0, 0x0F, 0x00,
    0x20, 0x10, 0x00, 0x10, 0x20, 0x00, 0x08, 0x40, 0x00, 0x08, 0x40, 0x00, 0x08, 0x40, 0x00, 0x08,
    0x40, 0x00, 0x08, 0x40, 0x00, 0x10, 0x20, 0x00, 0x20, 0x10, 0x00, 0x00, 0x00, 0xF8, 0x7F, 0x00,
    0x08, 0x40, 0x00, 0x08, 0x40, 0x00, 0x08, 0x40, 0x00, 0x08, 0x40, 0x00, 0x08, 0x40, 0x00, 0x08,
    0x40, 0x00, 0x10, 0x20, 0x00, 0x00, 0x00, 0xC0, 0x0F, 0x00, 0x20, 0x10, 0x00, 0x10, 0x20, 0x00,
    0x08, 0x40, 0x00, 0x08, 0x40, 0x00, 0x08, 0x40, 0x00, 0x08, 0x40, 0x00, 0x08, 0x40, 0x00, 0x10,
    0x20, 0x00, 0x20, 0x10, 0x00, 0x00, 0x00, 0xF8, 0x7F, 0x00, 0x08, 0x40, 0x00, 0x08, 0x40, 0x00,
    0x08, 0x40, 0x00, 0x08, 0x40, 0x00, 0x08, 0x40, 0x00, 0x08, 0x40, 0x00, 0x10, 0x20, 0x00, 0x20,
    0x10, 0x00, 0xC0, 0x0F, 0x00, 0x00, 0x00, 0xF8, 0x7F, 0x00, 0x08, 0x41, 0x00, 0x08, 0x41, 0x00,
    0x08, 0x41, 0x00, 0x08, 0x41, 0x00, 0x08, 0x41, 0x00, 0x08, 0x41, 0x00, 0x08, 0x41, 0x00, 0x08,
    0x40, 0x00, 0x00, 0x00, 0x00, 0x00, 0x00, 0xF8, 0x7F, 0x00, 0x08, 0x40, 0x00, 0x08, 0x40, 0x00,
    0x08, 0x40, 0x00, 0x08, 0x40, 0x00, 0x08, 0x40, 0x00, 0x08, 0x40, 0x00, 0x10, 0x20, 0x00, 0x20,
    0x10, 0x00, 0xC0, 0x0F, 0x00, 0x00, 0x00, 0xF8, 0x7F, 0x00, 0x08, 0x41, 0x00, 0x08, 0x41, 0x00,
    0x08, 0x41, 0x00, 0x08, 0x41, 0x00, 0x08, 0x41, 0x00, 0x08, 0x41, 0x00, 0x08, 0x41, 0x00, 0x08,
    0x40, 0x00, 0x00, 0x00, 0xF8, 0x7F, 0x00, 0x08, 0x02, 0x00, 0x08, 0x02, 0x00, 0x08, 0x02, 0x00,
    0x08, 0x02, 0x00, 0x08, 0x02, 0x00, 0x08, 0x02, 0x00, 0x08, 0x00, 0x00, 0x00, 0xC0, 0x0F, 0x00,
    0x20, 0x10, 0x00, 0x10, 0x00, 0x00, 0x00, 0xF8, 0x7F, 0x00, 0x08, 0x41, 0x00, 0x08, 0x41, 0x00,
    0x08, 0x41, 0x00, 0x08, 0x41, 0x00, 0x08, 0x41, 0x00, 0x08, 0x41, 0x00, 0x08, 0x41, 0x00, 0x08,
    0x40, 0x00, 0x00, 0x00, 0xF8, 0x7F, 0x00, 0x08, 0x02, 0x00, 0x08, 0x02, 0x00, 0x08, 0x02, 0x00,
    0x08, 0x02, 0x00, 0x08, 0x02, 0x00, 0x08, 0x02, 0x00, 0x08, 0x00, 0x00, 0x00, 0xC0, 0x0F, 0x00,
    0x20, 0x10, 0x00, 0x10, 0x20, 0x00, 0x08, 0x40, 0x00, 0x08, 0x40, 0x00, 0x08, 0x42, 0x00, 0x08,
    0x42, 0x00, 0x10, 0x22, 0x00, 0x20, 0x12, 0x00, 0x00, 0x0E, 0x00, 0x00, 0x00, 0x00, 0xF8, 0x7F,
    0x00, 0x08, 0x02, 0x00, 0x08, 0x02, 0x00, 0x08, 0x02, 0x00, 0x08, 0x02, 0x00, 0x08, 0x02, 0x00,
    0x08, 0x02, 0x00, 0x08, 0x00, 0x00, 0x00, 0xC0, 0x0F, 0x00, 0x20, 0x10, 0x00, 0x10, 0x20, 0x00,
    0x08, 0x40, 0x00, 0x08, 0x40, 0x00, 0x08, 0x42, 0x00, 0x08, 0x42, 0x00, 0x10, 0x22, 0x00, 0x20,
    0x12, 0x00, 0x00, 0x0E, 0x00, 0x00, 0x00, 0xF8, 0x7F, 0x00, 0x00, 0x01, 0x00, 0x00, 0x01, 0x00,
    0x00, 0x01, 0x00, 0x00, 0x01, 0x00, 0x00, 0x00, 0x00, 0xC0, 0x0F, 0x00, 0x20, 0x10, 0x00, 0x10,
    0x20, 0x00, 0x08, 0x40, 0x00, 0x08, 0x40, 0x00, 0x08, 0x42, 0x00, 0x08, 0x42, 0x00, 0x10, 0x22,
    0x00, 0x20, 0x12, 0x00, 0x00, 0x0E, 0x00, 0x00, 0x00, 0xF8, 0x7F, 0x00, 0x00, 0x01, 0x00, 0x00,
    0x01, 0x00, 0x00, 0x01, 0x00, 0x00, 0x01, 0x00, 0x00, 0x01, 0x00, 0x00, 0x01, 0x00, 0x00, 0x01,
    0x00, 0xF8, 0x7F, 0x00, 0x00, 0x00, 0xF8, 0x7F, 0x00, 0x00, 0x00, 0x00, 0x38, 0x00, 0x00, 0x40,
    0x00, 0x00, 0x40, 0x00, 0x00, 0x40, 0x00, 0x00, 0x40, 0x00, 0xF8, 0x3F, 0x00, 0x00, 0x00, 0xF8,
    0x7F, 0x00, 0x00, 0x04, 0x00, 0x00, 0x00, 0x00, 0x00, 0xF8, 0x7F, 0x00, 0x00, 0x01, 0x00, 0x00,
    0x01, 0x00, 0x00, 0x01, 0x00, 0x00, 0x01, 0x00, 0x00, 0x01, 0x00, 0x00, 0x01, 0x00, 0x00, 0x01,
    0x00, 0xF8, 0x7F, 0x00, 0x00, 0x00, 0xF8, 0x7F, 0x00, 0x00, 0x00, 0x00, 0x38, 0x00, 0x00, 0x40,
    0x00, 0x00, 0x40, 0x00, 0x00, 0x40, 0x00, 0x00, 0x40, 0x00, 0xF8, 0x3F, 0x00, 0x00, 0x00, 0xF8,
    0x7F, 0x00, 0x00, 0x04, 0x00, 0x00, 0x02, 0x00, 0x00, 0x01, 0x00, 0x80, 0x03, 0x00, 0x40, 0x04,
    0x00, 0x20, 0x18, 0x00, 0x10, 0x20, 0x00, 0x08, 0x40, 0x00, 0x00, 0x00, 0xF8, 0x00, 0x00, 0x00,
    0xF8, 0x7F, 0x00, 0x00, 0x00, 0x00, 0x38, 0x00, 0x00, 0x40, 0x00, 0x00, 0x00, 0x00, 0x00, 0x00,
    0x38, 0x00, 0x00, 0x40, 0x00, 0x00, 0x40, 0x00, 0x00, 0x40, 0x00, 0x00, 0x40, 0x00, 0xF8, 0x3F,
    0x00, 0x00, 0x00, 0xF8, 0x7F, 0x00, 0x00, 0x04, 0x00, 0x00, 0x02, 0x00, 0x00, 0x01, 0x00, 0x80,
    0x03, 0x00, 0x40, 0x04, 0x00, 0x20, 0x18, 0x00, 0x10, 0x20, 0x00, 0x08, 0x40, 0x00, 0x00, 0x00,
    0xF8, 0x7F, 0x00, 0x00, 0x40, 0x00, 0x00, 0x40, 0x00, 0x00, 0x00, 0xF8, 0x7F, 0x00, 0x00, 0x04,
    0x00, 0x00, 0x02, 0x00, 0x00, 0x01, 0x00, 0x80, 0x03, 0x00, 0x40, 0x04, 0x00, 0x20, 0x18, 0x00,
    0x10, 0x20, 0x00, 0x08, 0x40, 0x00, 0x00, 0x00, 0xF8, 0x7F, 0x00, 0x00, 0x40, 0x00, 0x00, 0x40,
    0x00, 0x00, 0x40, 0x00, 0x00, 0x40, 0x00, 0x00, 0x40, 0x00, 0x00, 0x40, 0x00, 0x00, 0x00, 0xF8,
    0x7F, 0x00, 0x30, 0x00, 0x00, 0xC0, 0x00, 0x00, 0x00, 0x03, 0x00, 0x00, 0x1C, 0x00, 0x00, 0x60,
    0x00, 0x00, 0x1C, 0x00, 0x00, 0x03, 0x00, 0xC0, 0x00, 0x00, 0x30, 0x00, 0x00, 0xF8, 0x7F, 0x00,
    0x00, 0x00, 0xF8, 0x7F, 0x00, 0x00, 0x40, 0x00, 0x00, 0x40, 0x00, 0x00, 0x40, 0x00, 0x00, 0x40,
    0x00, 0x00, 0x40, 0x00, 0x00, 0x40, 0x00, 0x00, 0x00, 0xF8, 0x7F, 0x00, 0x30, 0x00, 0x00, 0xC0,
    0x00, 0x00, 0x00, 0x03, 0x00, 0x00, 0x1C, 0x00, 0x00, 0x60, 0x00, 0x00, 0x1C, 0x00, 0x00, 0x03,
    0x00, 0xC0, 0x00, 0x00, 0x30, 0x00, 0x00, 0xF8, 0x7F, 0x00, 0x00, 0x00, 0xF8, 0x7F, 0x00, 0x10,
    0x00, 0x00, 0x60, 0x00, 0x00, 0x00, 0x00, 0xF8, 0x7F, 0x00, 0x30, 0x00, 0x00, 0xC0, 0x00, 0x00,
    0x00, 0x03, 0x00, 0x00, 0x1C, 0x00, 0x00, 0x60, 0x00, 0x00, 0x1C, 0x00, 0x00, 0x03, 0x00, 0xC0,
    0x00, 0x00, 0x30, 0x00, 0x00, 0xF8, 0x7F, 0x00, 0x00, 0x00, 0xF8, 0x7F, 0x00, 0x10, 0x00, 0x00,
    0x60, 0x00, 0x00, 0x80, 0x00, 0x00, 0x00, 0x03, 0x00, 0x00, 0x04, 0x00, 0x00, 0x18, 0x00, 0x00,
    0x20, 0x00, 0xF8, 0x7F, 0x00, 0x00, 0x00, 0xC0, 0x0F, 0x00, 0x20, 0x10, 0x00, 0x10, 0x20, 0x00,
    0x08, 0x40, 0x00, 0x08, 0x40, 0x00, 0x08, 0x40, 0x00, 0x08, 0x40, 0x00, 0x10, 0x20, 0x00, 0x20,
    0x10, 0x00, 0xC0, 0x0F, 0x00, 0x00, 0x00, 0xF8, 0x7F, 0x00, 0x08, 0x02, 0x00, 0x00, 0x00, 0x00,
    0xF8, 0x7F, 0x00, 0x10, 0x00, 0x00, 0x60, 0x00, 0x00, 0x80, 0x00, 0x00, 0x00, 0x03, 0x00, 0x00,
    0x04, 0x00, 0x00, 0x18, 0x00, 0x00, 0x20, 0x00, 0xF8, 0x7F, 0x00, 0x00, 0x00, 0xC0, 0x0F, 0x00,
    0x20, 0x10, 0x00, 0x10, 0x20, 0x00, 0x08, 0x40, 0x00, 0x08, 0x40, 0x00, 0x08, 0x40, 0x00, 0x08,
    0x40, 0x00, 0x10, 0x20, 0x00, 0x20, 0x10, 0x00, 0xC0, 0x0F, 0x00, 0x00, 0x00, 0xF8, 0x7F, 0x00,
    0x08, 0x02, 0x00, 0x08, 0x02, 0x00, 0x08, 0x02, 0x00, 0x08, 0x02, 0x00, 0x08, 0x02, 0x00, 0x08,
    0x02, 0x00, 0x10, 0x01, 0x00, 0x00, 0x00, 0xC0, 0x0F, 0x00, 0x20, 0x10, 0x00, 0x10, 0x20, 0x00,
    0x08, 0x40, 0x00, 0x08, 0x40, 0x00, 0x08, 0x40, 0x00, 0x08, 0x40, 0x00, 0x10, 0x20, 0x00, 0x20,
    0x10, 0x00, 0xC0, 0x0F, 0x00, 0x00, 0x00, 0xF8, 0x7F, 0x00, 0x08, 0x02, 0x00, 0x08, 0x02, 0x00,
    0x08, 0x02, 0x00, 0x08, 0x02, 0x00, 0x08, 0x02, 0x00, 0x08, 0x02, 0x00, 0x10, 0x01, 0x00, 0xE0,
    0x00, 0x00, 0x00, 0xC0, 0x0F, 0x00, 0x20, 0x10, 0x00, 0x10, 0x20, 0x00, 0x08, 0x40, 0x00, 0x08,
    0x40, 0x00, 0x08, 0x50, 0x00, 0x08, 0x50, 0x00, 0x10, 0x20, 0x00, 0x20, 0x70, 0x00, 0xC0, 0x4F,
    0x00, 0x00, 0x00, 0xF8, 0x00, 0x00, 0x00, 0xF8, 0x7F, 0x00, 0x08, 0x02, 0x00, 0x08, 0x02, 0x00,
    0x08, 0x02, 0x00, 0x08, 0x02, 0x00, 0x08, 0x02, 0x00, 0x08, 0x02, 0x00, 0x10, 0x01, 0x00, 0xE0,
    0x00, 0x00, 0x00, 0xC0, 0x0F, 0x00, 0x20, 0x10, 0x00, 0x10, 0x20, 0x00, 0x08, 0x40, 0x00, 0x08,
    0x40, 0x00, 0x08, 0x50, 0x00, 0x08, 0x50, 0x00, 0x10, 0x20, 0x00, 0x20, 0x70, 0x00, 0xC0, 0x4F,
    0x00, 0x00, 0x00, 0xF8, 0x7F, 0x00, 0x08, 0x02, 0x00, 0x08, 0x02, 0x00, 0x08, 0x02, 0x00, 0x08,
    0x02, 0x00, 0x08, 0x06, 0x00, 0x08, 0x1A, 0x00, 0x00, 0x00, 0x00, 0xC0, 0x0F, 0x00, 0x20, 0x10,
    0x00, 0x10, 0x20, 0x00, 0x08, 0x40, 0x00, 0x08, 0x40, 0x00, 0x08, 0x50, 0x00, 0x08, 0x50, 0x00,
    0x10, 0x20, 0x00, 0x20, 0x70, 0x00, 0xC0, 0x4F, 0x00, 0x00, 0x00, 0xF8, 0x7F, 0x00, 0x08, 0x02,
    0x00, 0x08, 0x02, 0x00, 0x08, 0x02, 0x00, 0x08, 0x02, 0x00, 0x08, 0x06, 0x00, 0x08, 0x1A, 0x00,
    0x10, 0x21, 0x00, 0xE0, 0x40, 0x00, 0x00, 0x00, 0x60, 0x10, 0x00, 0x90, 0x20, 0x00, 0x08, 0x41,
    0x00, 0x08, 0x41, 0x00, 0x08, 0x41, 0x00, 0x08, 0x42, 0x00, 0x08, 0x42, 0x00, 0x10, 0x22, 0x00,
    0x20, 0x1C, 0x08, 0x00, 0x00, 0x08, 0x00, 0x00, 0x00, 0x00, 0x00, 0xF8, 0x7F, 0x00, 0x08, 0x02,
    0x00, 0x08, 0x02, 0x00, 0x08, 0x02, 0x00, 0x08, 0x02, 0x00, 0x08, 0x06, 0x00, 0x08, 0x1A, 0x00,
    0x10, 0x21, 0x00, 0xE0, 0x40, 0x00, 0x00, 0x00, 0x60, 0x10, 0x00, 0x90, 0x20, 0x00, 0x08, 0x41,
    0x00, 0x08, 0x41, 0x00, 0x08, 0x41, 0x00, 0x08, 0x42, 0x00, 0x08, 0x42, 0x00, 0x10, 0x22, 0x00,
    0x20, 0x1C, 0x08, 0x00, 0x00, 0x08, 0x00, 0x00, 0x08, 0x00, 0x00, 0x08, 0x00, 0x00, 0xF8, 0x7F,
    0x00, 0x08, 0x00, 0x00, 0x08, 0x00, 0x00, 0x08, 0x00, 0x00, 0x08, 0x00, 0x00, 0x00, 0xF8, 0x00,
    0x00, 0x00, 0x60, 0x10, 0x00, 0x90, 0x20, 0x00, 0x08, 0x41, 0x00, 0x08, 0x41, 0x00, 0x08, 0x41,
    0x00, 0x08, 0x42, 0x00, 0x08, 0x42, 0x00, 0x10, 0x22, 0x00, 0x20, 0x1C, 0x08, 0x00, 0x00, 0x08,
    0x00, 0x00, 0x08, 0x00, 0x00, 0x08, 0x00, 0x00, 0xF8, 0x7F, 0x00, 0x08, 0x00, 0x00, 0x08, 0x00,
    0x00, 0x08, 0x00, 0x00, 0x08, 0x00, 0x00, 0x00, 0xF8, 0x1F, 0x00, 0x00, 0x20, 0x00, 0x00, 0x40,
    0x00, 0x00, 0x40, 0x00, 0x00, 0x40, 0x00, 0x00, 0x40, 0x00, 0x00, 0x40, 0x00, 0x00, 0x20, 0x00,
    0xF8, 0x1F, 0x00, 0x00, 0x00, 0x18, 0x08, 0x00, 0x00, 0x08, 0x00, 0x00, 0x08, 0x00, 0x00, 0x08,
    0x00, 0x00, 0xF8, 0x7F, 0x00, 0x08, 0x00, 0x00, 0x08, 0x00, 0x00, 0x08, 0x00, 0x00, 0x08, 0x00,
    0x00, 0x00, 0xF8, 0x1F, 0x00, 0x00, 0x20, 0x00, 0x00, 0x40, 0x00, 0x00, 0x40, 0x00, 0x00, 0x40,
    0x00, 0x00, 0x40, 0x00, 0x00, 0x40, 0x00, 0x00, 0x20, 0x00, 0xF8, 0x1F, 0x00, 0x00, 0x00, 0x18,
    0x00, 0x00, 0xE0, 0x00, 0x00, 0x00, 0x07, 0x00, 0x00, 0x18, 0x00, 0x00, 0x60, 0x00, 0x00, 0x18,
    0x00, 0x00, 0x00, 0x00, 0xF8, 0x1F, 0x00, 0x00, 0x20, 0x00, 0x00, 0x40, 0x00, 0x00, 0x40, 0x00,
    0x00, 0x40, 0x00, 0x00, 0x40, 0x00, 0x00, 0x40, 0x00, 0x00, 0x20, 0x00, 0xF8, 0x1F, 0x00, 0x00,
    0x00, 0x18, 0x00, 0x00, 0xE0, 0x00, 0x00, 0x00, 0x07, 0x00, 0x00, 0x18, 0x00, 0x00, 0x60, 0x00,
    0x00, 0x18, 0x00, 0x00, 0x07, 0x00, 0xE0, 0x00, 0x00, 0x18, 0x18, 0x00, 0x00, 0xE0, 0x01, 0x00,
    0x00, 0x1E, 0x00, 0x00, 0x60, 0x00, 0x00, 0x1C, 0x00, 0x80, 0x03, 0x00, 0x70, 0x00, 0x00, 0x08,
    0x00, 0x00, 0x70, 0x00, 0x00, 0x80, 0x03, 0x00, 0x00, 0x00, 0x00, 0x18, 0x00, 0x00, 0xE0, 0x00,
    0x00, 0x00, 0x07, 0x00, 0x00, 0x18, 0x00, 0x00, 0x60, 0x00, 0x00, 0x18, 0x00, 0x00, 0x07, 0x00,
    0xE0, 0x00, 0x00, 0x18, 0x18, 0x00, 0x00, 0xE0, 0x01, 0x00, 0x00, 0x1E, 0x00, 0x00, 0x60, 0x00,
    0x00, 0x1C, 0x00, 0x80, 0x03, 0x00, 0x70, 0x00, 0x00, 0x08, 0x00, 0x00, 0x70, 0x00, 0x00, 0x80,
    0x03, 0x00, 0x00, 0x1C, 0x00, 0x00, 0x60, 0x00, 0x00, 0x1E, 0x00, 0xE0, 0x01, 0x00, 0x18, 0x00,
    0x40, 0x00, 0x08, 0x20, 0x00, 0x10, 0x10, 0x00, 0x60, 0x0C, 0x00, 0x80, 0x18, 0x00, 0x00, 0xE0,
    0x01, 0x00, 0x00, 0x1E, 0x00, 0x00, 0x60, 0x00, 0x00, 0x1C, 0x00, 0x80, 0x03, 0x00, 0x70, 0x00,
    0x00, 0x08, 0x00, 0x00, 0x70, 0x00, 0x00, 0x80, 0x03, 0x00, 0x00, 0x1C, 0x00, 0x00, 0x60, 0x00,
    0x00, 0x1E, 0x00, 0xE0, 0x01, 0x00, 0x18, 0x00, 0x40, 0x00, 0x08, 0x20, 0x00, 0x10, 0x10, 0x00,
    0x60, 0x0C, 0x00, 0x80, 0x02, 0x00, 0x00, 0x01, 0x00, 0x80, 0x02, 0x00, 0x60, 0x0C, 0x00, 0x10,
    0x10, 0x00, 0x08, 0x20, 0x00, 0x00, 0x40, 0x08, 0x00, 0x00, 0x30, 0x00, 0x00, 0x40, 0x00, 0x00,
    0x80, 0x01, 0x00, 0x00, 0x7E, 0x00, 0x80, 0x01, 0x00, 0x40, 0x00, 0x00, 0x30, 0x00, 0x00, 0x08,
    0x00, 0x40, 0x00, 0x08, 0x60, 0x00, 0x08, 0x58, 0x00, 0x08, 0x44, 0x00, 0x08, 0x43, 0x00, 0x88,
    0x40, 0x00, 0x68, 0x40, 0x00, 0x18, 0x40, 0x00, 0x08, 0x40, 0x00, 0x00, 0x00, 0x00, 0x40, 0x00,
    0x08, 0x20, 0x00, 0x10, 0x10, 0x00, 0x60, 0x0C, 0x00, 0x80, 0x02, 0x00, 0x00, 0x01, 0x00, 0x80,
    0x02, 0x00, 0x60, 0x0C, 0x00, 0x10, 0x10, 0x00, 0x08, 0x20, 0x00, 0x00, 0x40, 0x08, 0x00, 0x00,
    0x30, 0x00, 0x00, 0x40, 0x00, 0x00, 0x80, 0x01, 0x00, 0x00, 0x7E, 0x00, 0x80, 0x01, 0x00, 0x40,
    0x00, 0x00, 0x30, 0x00, 0x00, 0x08, 0x00, 0x40, 0x00, 0x08, 0x60, 0x00, 0x08, 0x58, 0x00, 0x08,
    0x44, 0x00, 0x08, 0x43, 0x00, 0x88, 0x40, 0x00, 0x68, 0x40, 0x00, 0x18, 0x40, 0x00, 0x08, 0x40,
    0x00, 0x00, 0x00, 0xF8, 0xFF, 0x03, 0x08, 0x00, 0x02, 0x08, 0x00, 0x02, 0x18, 0x08, 0x00, 0x00,
    0x30, 0x00, 0x00, 0x40, 0x00, 0x00, 0x80, 0x01, 0x00, 0x00, 0x7E, 0x00, 0x80, 0x01, 0x00, 0x40,
    0x00, 0x00, 0x30, 0x00, 0x00, 0x08, 0x00, 0x40, 0x00, 0x08, 0x60, 0x00, 0x08, 0x58, 0x00, 0x08,
    0x44, 0x00, 0x08, 0x43, 0x00, 0x88, 0x40, 0x00, 0x68, 0x40, 0x00, 0x18, 0x40, 0x00, 0x08, 0x40,
    0x00, 0x00, 0x00, 0xF8, 0xFF, 0x03, 0x08, 0x00, 0x02, 0x08, 0x00, 0x02, 0x18, 0x00, 0x00, 0xE0,
    0x01, 0x00, 0x00, 0x1E, 0x00, 0x00, 0x60, 0x08, 0x00, 0x40, 0x00, 0x08, 0x60, 0x00, 0x08, 0x58,
    0x00, 0x08, 0x44, 0x00, 0x08, 0x43, 0x00, 0x88, 0x40, 0x00, 0x68, 0x40, 0x00, 0x18, 0x40, 0x00,
    0x08, 0x40, 0x00, 0x00, 0x00, 0xF8, 0xFF, 0x03, 0x08, 0x00, 0x02, 0x08, 0x00, 0x02, 0x18, 0x00,
    0x00, 0xE0, 0x01, 0x00, 0x00, 0x1E, 0x00, 0x00, 0x60, 0x08, 0x00, 0x02, 0x08, 0x00, 0x02, 0xF8,
    0xFF, 0x03, 0x00, 0x01, 0x00, 0xC0, 0x00, 0x00, 0x30, 0x00, 0x00, 0x08, 0x00, 0x00, 0x30, 0x00,
    0x00, 0xC0, 0x00, 0x00, 0x00, 0x01, 0x00, 0x00, 0x00, 0xF8, 0xFF, 0x03, 0x08, 0x00, 0x02, 0x08,
    0x00, 0x02, 0x18, 0x00, 0x00, 0xE0, 0x01, 0x00, 0x00, 0x1E, 0x00, 0x00, 0x60, 0x08, 0x00, 0x02,
    0x08, 0x00, 0x02, 0xF8, 0xFF, 0x03, 0x00, 0x01, 0x00, 0xC0, 0x18, 0x00, 0x00, 0xE0, 0x01, 0x00,
    0x00, 0x1E, 0x00, 0x00, 0x60, 0x08, 0x00, 0x02, 0x08, 0x00, 0x02, 0xF8, 0xFF, 0x03, 0x00, 0x01,
    0x00, 0xC0, 0x00, 0x00, 0x30, 0x00, 0x00, 0x08, 0x00, 0x00, 0x30, 0x08, 0x00, 0x02, 0x08, 0x00,
    0x02, 0xF8, 0xFF, 0x03, 0x00, 0x01, 0x00, 0xC0, 0x00, 0x00, 0x30, 0x00, 0x00, 0x08, 0x00, 0x00,
    0x30, 0x00, 0x00, 0xC0, 0x00, 0x00, 0x00, 0x01, 0x00, 0xC0, 0x00, 0x00, 0x30, 0x00, 0x00, 0x08,
    0x00, 0x00, 0x30, 0x00, 0x00, 0xC0, 0x00, 0x00, 0x00, 0x01, 0x00, 0x00, 0x02, 0x00, 0x00, 0x02,
    0x00, 0x00, 0x02, 0x00, 0x00, 0x02, 0x00, 0x00, 0x02, 0x00, 0x00, 0x02, 0x00, 0x00, 0x02, 0x00,
    0x00, 0x02, 0x00, 0x00, 0x02, 0x00, 0x00, 0x00, 0x08, 0x00, 0x00, 0x10, 0x00, 0x00, 0x00, 0x00,
    0x39, 0x00, 0x00, 0x00, 0x02, 0x00, 0x00, 0x02, 0x00, 0x00, 0x02, 0x00, 0x00, 0x02, 0x00, 0x00,
    0x02, 0x00, 0x00, 0x02, 0x00, 0x00, 0x02, 0x00, 0x00, 0x02, 0x00, 0x00, 0x02, 0x00, 0x00, 0x00,
    0x08, 0x00, 0x00, 0x10, 0x00, 0x00, 0x00, 0x00, 0x39, 0x00, 0x80, 0x44, 0x00, 0x40, 0x44, 0x00,
    0x40, 0x44, 0x00, 0x40, 0x42, 0x00, 0x40, 0x22, 0x00, 0x80, 0x7F, 0x00, 0x00, 0x00, 0xF8, 0x7F,
    0x00, 0x80, 0x20, 0x00, 0x40, 0x40, 0x00, 0x40, 0x40, 0x00, 0x40, 0x40, 0x00, 0x80, 0x20, 0x00,
    0x00, 0x1F, 0x00, 0x00, 0x00, 0x00, 0x08, 0x00, 0x00, 0x10, 0x00, 0x00, 0x00, 0x00, 0x39, 0x00,
    0x80, 0x44, 0x00, 0x40, 0x44, 0x00, 0x40, 0x44, 0x00, 0x00, 0x00, 0x00, 0x39, 0x00, 0x80, 0x44,
    0x00, 0x40, 0x44, 0x00, 0x40, 0x44, 0x00, 0x40, 0x42, 0x00, 0x40, 0x22, 0x00, 0x80, 0x7F, 0x00,
    0x00, 0x00, 0xF8, 0x7F, 0x00, 0x80, 0x20, 0x00, 0x40, 0x40, 0x00, 0x40, 0x40, 0x00, 0x40, 0x40,
    0x00, 0x80, 0x20, 0x00, 0x00, 0x1F, 0x00, 0x00, 0x00, 0x00, 0x1F, 0x00, 0x80, 0x20, 0x00, 0x40,
    0x40, 0x00, 0x40, 0x40, 0x00, 0x40, 0x40, 0x00, 0x80, 0x20, 0x00, 0x00, 0x00, 0x00, 0x00, 0x00,
    0xF8, 0x7F, 0x00, 0x80, 0x20, 0x00, 0x40, 0x40, 0x00, 0x40, 0x40, 0x00, 0x40, 0x40, 0x00, 0x80,
    0x20, 0x00, 0x00, 0x1F, 0x00, 0x00, 0x00, 0x00, 0x1F, 0x00, 0x80, 0x20, 0x00, 0x40, 0x40, 0x00,
    0x40, 0x40, 0x00, 0x40, 0x40, 0x00, 0x80, 0x20, 0x00, 0x00, 0x00, 0x00, 0x1F, 0x00, 0x80, 0x20,
    0x00, 0x40, 0x40, 0x00, 0x40, 0x40, 0x00, 0x40, 0x40, 0x00, 0x80, 0x20, 0x00, 0xF8, 0x7F, 0x00,
    0x00, 0x00, 0x00, 0x00, 0x00, 0x00, 0x1F, 0x00, 0x80, 0x20, 0x00, 0x40, 0x40, 0x00, 0x40, 0x40,
    0x00, 0x40, 0x40, 0x00, 0x80, 0x20, 0x00, 0x00, 0x00, 0x00, 0x1F, 0x00, 0x80, 0x20, 0x00, 0x40,
    0x40, 0x00, 0x40, 0x40, 0x00, 0x40, 0x40, 0x00, 0x80, 0x20, 0x00, 0xF8, 0x7F, 0x00, 0x00, 0x00,
    0x00, 0x1F, 0x00, 0x80, 0x24, 0x00, 0x40, 0x44, 0x00, 0x40, 0x44, 0x00, 0x40, 0x44, 0x00, 0x00,
    0x00, 0x00, 0x1F, 0x00, 0x80, 0x20, 0x00, 0x40, 0x40, 0x00, 0x40, 0x40, 0x00, 0x40, 0x40, 0x00,
    0x80, 0x20, 0x00, 0xF8, 0x7F, 0x00, 0x00, 0x00, 0x00, 0x1F, 0x00, 0x80, 0x24, 0x00, 0x40, 0x44,
    0x00, 0x40, 0x44, 0x00, 0x40, 0x44, 0x00, 0x80, 0x24, 0x00, 0x00, 0x17, 0x40, 0x00, 0x00, 0xF0,
    0x7F, 0x00, 0x48, 0x00, 0x00, 0x48, 0x00, 0x00, 0x00, 0x00, 0x1F, 0x01, 0x80, 0x20, 0x02, 0x40,
    0x40, 0x02, 0x40, 0x00, 0x00, 0x00, 0x00, 0x1F, 0x00, 0x80, 0x24, 0x00, 0x40, 0x44, 0x00, 0x40,
    0x44, 0x00, 0x40, 0x44, 0x00, 0x80, 0x24, 0x00, 0x00, 0x17, 0x40, 0x00, 0x00, 0xF0, 0x7F, 0x00,
    0x48, 0x00, 0x00, 0x48, 0x00, 0x00, 0x00, 0x00, 0x1F, 0x01, 0x80, 0x20, 0x02, 0x40, 0x40, 0x02,
    0x40, 0x40, 0x02, 0x40, 0x40, 0x02, 0x80, 0x20, 0x01, 0xC0, 0xFF, 0x00, 0x00, 0x00, 0xF8, 0x7F,
    0x00, 0x80, 0x00, 0x00, 0x40, 0x00, 0x00, 0x40, 0x40, 0x00, 0x00, 0xF0, 0x7F, 0x00, 0x48, 0x00,
    0x00, 0x48, 0x00, 0x00, 0x00, 0x00, 0x1F, 0x01, 0x80, 0x20, 0x02, 0x40, 0x40, 0x02, 0x40, 0x40,
    0x02, 0x40, 0x40, 0x02, 0x80, 0x20, 0x00, 0x00, 0x00, 0x00, 0x1F, 0x01, 0x80, 0x20, 0x02, 0x40,
    0x40, 0x02, 0x40, 0x40, 0x02, 0x40, 0x40, 0x02, 0x80, 0x20, 0x01, 0xC0, 0xFF, 0x00, 0x00, 0x00,
    0xF8, 0x7F, 0x00, 0x80, 0x00, 0x00, 0x40, 0x00, 0x00, 0x40, 0x00, 0x00, 0x40, 0x00, 0x00, 0x80,
    0x7F, 0x00, 0x00, 0x00, 0xC8, 0x7F, 0x00, 0x00, 0x02, 0xC8, 0xFF, 0x01, 0x00, 0x00, 0x00, 0xF8,
    0x7F, 0x00, 0x00, 0x08, 0x00, 0x00, 0x04, 0x00, 0x00, 0x06, 0x00, 0x00, 0x00, 0x00, 0xF8, 0x7F,
    0x00, 0x80, 0x00, 0x00, 0x40, 0x00, 0x00, 0x40, 0x00, 0x00, 0x40, 0x00, 0x00, 0x80, 0x7F, 0x00,
    0x00, 0x00, 0xC8, 0x7F, 0x00, 0x00, 0x02, 0xC8, 0xFF, 0x01, 0x00, 0x00, 0x00, 0xF8, 0x7F, 0x00,
    0x00, 0x08, 0x00, 0x00, 0x04, 0x00, 0x00, 0x06, 0x00, 0x00, 0x19, 0x00, 0x80, 0x20, 0x00, 0x40,
    0x40, 0x00, 0x00, 0x00, 0xF8, 0x7F, 0x00, 0x00, 0x00, 0x00, 0xC8, 0x7F, 0x00, 0x00, 0x02, 0xC8,
    0xFF, 0x01, 0x00, 0x00, 0x00, 0xF8, 0x00, 0x00, 0x02, 0xC8, 0xFF, 0x01, 0x00, 0x00, 0x00, 0xF8,
    0x7F, 0x00, 0x00, 0x08, 0x00, 0x00, 0x04, 0x00, 0x00, 0x00, 0x00, 0xF8, 0x7F, 0x00, 0x00, 0x08,
    0x00, 0x00, 0x04, 0x00, 0x00, 0x06, 0x00, 0x00, 0x19, 0x00, 0x80, 0x20, 0x00, 0x40, 0x40, 0x00,
    0x00, 0x00, 0xF8, 0x7F, 0x00, 0x00, 0x00, 0xC0, 0x7F, 0x00, 0x80, 0x00, 0x00, 0x40, 0x00, 0x00,
    0x40, 0x00, 0x00, 0x40, 0x00, 0x00, 0x80, 0x7F, 0x00, 0x80, 0x00, 0x00, 0x40, 0x00, 0x00, 0x40,
    0x00, 0x00, 0x40, 0x00, 0x00, 0x80, 0x7F, 0x00, 0x00, 0x00, 0xC0, 0x7F, 0x00, 0x00, 0x00, 0x00,
    0xF8, 0x7F, 0x00, 0x00, 0x00, 0xC0, 0x7F, 0x00, 0x80, 0x00, 0x00, 0x40, 0x00, 0x00, 0x00, 0xC0,
    0x7F, 0x00, 0x80, 0x00, 0x00, 0x40, 0x00, 0x00, 0x40, 0x00, 0x00, 0x40, 0x00, 0x00, 0x80, 0x7F,
    0x00, 0x80, 0x00, 0x00, 0x40, 0x00, 0x00, 0x40, 0x00, 0x00, 0x40, 0x00, 0x00, 0x80, 0x7F, 0x00,
    0x00, 0x00, 0xC0, 0x7F, 0x00, 0x80, 0x00, 0x00, 0x40, 0x00, 0x00, 0x40, 0x00, 0x00, 0x40, 0x00,
    0x00, 0x80, 0x7F, 0x00, 0x00, 0x00, 0x00, 0x1F, 0x00, 0x80, 0x20, 0x00, 0x40, 0x40, 0x00, 0x40,
    0x40, 0x00, 0x40, 0x40, 0x00, 0x80, 0x20, 0x00, 0x00, 0x1F, 0x00, 0x00, 0x00, 0xC0, 0xFF, 0x03,
    0x80, 0x20, 0x00, 0x40, 0x40, 0x00, 0x40, 0x40, 0x00, 0x40, 0x40, 0x00, 0x80, 0x20, 0x00, 0x00,
    0x1F, 0x00, 0x00, 0x00, 0x00, 0x00, 0x00, 0x00, 0xC0, 0x7F, 0x00, 0x80, 0x00, 0x00, 0x40, 0x00,
    0x00, 0x40, 0x00, 0x00, 0x40, 0x00, 0x00, 0x80, 0x7F, 0x00, 0x00, 0x00, 0x00, 0x1F, 0x00, 0x80,
    0x20, 0x00, 0x40, 0x40, 0x00, 0x40, 0x40, 0x00, 0x40, 0x40, 0x00, 0x80, 0x20, 0x00, 0x00, 0x1F,
    0x00, 0x00, 0x00, 0xC0, 0xFF, 0x03, 0x80, 0x20, 0x00, 0x40, 0x40, 0x00, 0x40, 0x40, 0x00, 0x40,
    0x40, 0x00, 0x00, 0x00, 0x00, 0x1F, 0x00, 0x80, 0x20, 0x00, 0x40, 0x40, 0x00, 0x40, 0x40, 0x00,
    0x40, 0x40, 0x00, 0x80, 0x20, 0x00, 0x00, 0x1F, 0x00, 0x00, 0x00, 0xC0, 0xFF, 0x03, 0x80, 0x20,
    0x00, 0x40, 0x40, 0x00, 0x40, 0x40, 0x00, 0x40, 0x40, 0x00, 0x80, 0x20, 0x00, 0x00, 0x1F, 0x00,
    0x00, 0x00, 0x00, 0x1F, 0x00, 0x80, 0x20, 0x00, 0x40, 0x40, 0x00, 0x40, 0x40, 0x00, 0x40, 0x40,
    0x00, 0x80, 0x20, 0x00, 0xC0, 0xFF, 0x00, 0x00, 0x00, 0xC0, 0xFF, 0x03, 0x80, 0x20, 0x00, 0x40,
    0x40, 0x00, 0x40, 0x40, 0x00, 0x40, 0x40, 0x00, 0x80, 0x20, 0x00, 0x00, 0x1F, 0x00, 0x00, 0x00,
    0x00, 0x1F, 0x00, 0x80, 0x20, 0x00, 0x40, 0x40, 0x00, 0x40, 0x40, 0x00, 0x40, 0x40, 0x00, 0x80,
    0x20, 0x00, 0xC0, 0xFF, 0x03, 0x00, 0x00, 0x00, 0xC0, 0x7F, 0x00, 0x80, 0x00, 0x00, 0x40, 0x00,
    0x00, 0x40, 0x00, 0x00, 0x00, 0x80, 0x23, 0x00, 0x40, 0x44, 0x00, 0x00, 0x00, 0x00, 0x00, 0x1F,
    0x00, 0x80, 0x20, 0x00, 0x40, 0x40, 0x00, 0x40, 0x40, 0x00, 0x40, 0x40, 0x00, 0x80, 0x20, 0x00,
    0xC0, 0xFF, 0x03, 0x00, 0x00, 0x00, 0xC0, 0x7F, 0x00, 0x80, 0x00, 0x00, 0x40, 0x00, 0x00, 0x40,
    0x00, 0x00, 0x00, 0x80, 0x23, 0x00, 0x40, 0x44, 0x00, 0x40, 0x44, 0x00, 0x40, 0x44, 0x00, 0x40,
    0x44, 0x00, 0x80, 0x38, 0x40, 0x00, 0x00, 0xF0, 0x7F, 0x00, 0x40, 0x40, 0x00, 0x40, 0x40, 0x00,
    0x00, 0x00, 0xC0, 0x00, 0x00, 0x00, 0xC0, 0x7F, 0x00, 0x80, 0x00, 0x00, 0x40, 0x00, 0x00, 0x40,
    0x00, 0x00, 0x00, 0x80, 0x23, 0x00, 0x40, 0x44, 0x00, 0x40, 0x44, 0x00, 0x40, 0x44, 0x00, 0x40,
    0x44, 0x00, 0x80, 0x38, 0x40, 0x00, 0x00, 0xF0, 0x7F, 0x00, 0x00, 0x00, 0x00, 0x80, 0x23, 0x00,
    0x40, 0x44, 0x00, 0x40, 0x44, 0x00, 0x40, 0x44, 0x00, 0x40, 0x44, 0x00, 0x80, 0x38, 0x40, 0x00,
    0x00, 0xF0, 0x7F, 0x00, 0x40, 0x40, 0x00, 0x40, 0x40, 0x00, 0x00, 0x00, 0xC0, 0x3F, 0x00, 0x00,
    0x40, 0x00, 0x00, 0x40, 0x00, 0x00, 0x40, 0x00, 0x00, 0x20, 0x00, 0xC0, 0x7F, 0xC0, 0x00, 0x00,
    0x00, 0x03, 0x00, 0x00, 0x1C, 0x00, 0x40, 0x00, 0x00, 0xF0, 0x7F, 0x00, 0x40, 0x40, 0x00, 0x40,
    0x40, 0x00, 0x00, 0x00, 0xC0, 0x3F, 0x00, 0x00, 0x40, 0x00, 0x00, 0x40, 0x00, 0x00, 0x40, 0x00,
    0x00, 0x20, 0x00, 0xC0, 0x7F, 0xC0, 0x00, 0x00, 0x00, 0x00, 0xC0, 0x3F, 0x00, 0x00, 0x40, 0x00,
    0x00, 0x40, 0x00, 0x00, 0x40, 0x00, 0x00, 0x20, 0x00, 0xC0, 0x7F, 0xC0, 0x00, 0x00, 0x00, 0x03,
    0x00, 0x00, 0x1C, 0x00, 0x00, 0x60, 0x00, 0x00, 0x1C, 0x00, 0x00, 0x03, 0x00, 0xC0, 0xC0, 0x00,
    0x00, 0x00, 0x1F, 0x00, 0x00, 0x60, 0x00, 0x00, 0x1C, 0x00, 0x00, 0x03, 0x00, 0xC0, 0x00, 0x00,
    0x00, 0x03, 0x00, 0xC0, 0x00, 0x00, 0x00, 0x03, 0x00, 0x00, 0x1C, 0x00, 0x00, 0x60, 0x00, 0x00,
    0x1C, 0x00, 0x00, 0x03, 0x00, 0xC0, 0xC0, 0x00, 0x00, 0x00, 0x1F, 0x00, 0x00, 0x60, 0x00, 0x00,
    0x1C, 0x00, 0x00, 0x03, 0x00, 0xC0, 0x00, 0x00, 0x00, 0x03, 0x00, 0x00, 0x1C, 0x00, 0x00, 0x60,
    0x00, 0x00, 0x1F, 0x00, 0xC0, 0x40, 0x40, 0x00, 0x80, 0x20, 0x00, 0x00, 0xC0, 0x00, 0x00, 0x00,
    0x1F, 0x00, 0x00, 0x60, 0x00, 0x00, 0x1C, 0x00, 0x00, 0x03, 0x00, 0xC0, 0x00, 0x00, 0x00, 0x03,
    0x00, 0x00, 0x1C, 0x00, 0x00, 0x60, 0x00, 0x00, 0x1F, 0x00, 0xC0, 0x40, 0x40, 0x00, 0x80, 0x20,
    0x00, 0x00, 0x1B, 0x00, 0x00, 0x04, 0x00, 0x00, 0x1B, 0x00, 0x80, 0x20, 0x00, 0x40, 0x40, 0xC0,
    0x01, 0x00, 0x00, 0x06, 0x02, 0x00, 0x38, 0x02, 0x00, 0xE0, 0x01, 0x00, 0x38, 0x00, 0x00, 0x07,
    0x00, 0xC0, 0x40, 0x40, 0x00, 0x40, 0x60, 0x00, 0x40, 0x58, 0x00, 0x40, 0x44, 0x00, 0x40, 0x43,
    0x00, 0xC0, 0x40, 0x00, 0x40, 0x40, 0x00, 0x04, 0x00, 0x40, 0x40, 0x00, 0x80, 0x20, 0x00, 0x00,
    0x1B, 0x00, 0x00, 0x04, 0x00, 0x00, 0x1B, 0x00, 0x80, 0x20, 0x00, 0x40, 0x40, 0xC0, 0x01, 0x00,
    0x00, 0x06, 0x02, 0x00, 0x38, 0x02, 0x00, 0xE0, 0x01, 0x00, 0x38, 0x00, 0x00, 0x07, 0x00, 0xC0,
    0x40, 0x40, 0x00, 0x40, 0x60, 0x00, 0x40, 0x58, 0x00, 0x40, 0x44, 0x00, 0x40, 0x43, 0x00, 0xC0,
    0x40, 0x00, 0x40, 0x40, 0x00, 0xC0, 0x01, 0x00, 0x00, 0x06, 0x02, 0x00, 0x38, 0x02, 0x00, 0xE0,
    0x01, 0x00, 0x38, 0x00, 0x00, 0x07, 0x00, 0xC0, 0x40, 0x40, 0x00, 0x40, 0x60, 0x00, 0x40, 0x58,
    0x00, 0x40, 0x44, 0x00, 0x40, 0x43, 0x00, 0xC0, 0x40, 0x00, 0x40, 0x40, 0x00, 0x04, 0x00, 0x00,
    0x04, 0x00, 0xF0, 0xFB, 0x01, 0x08, 0x00, 0x02, 0x08, 0x00, 0x02, 0x00, 0x00, 0x00, 0x40, 0x40,
    0x00, 0x40, 0x60, 0x00, 0x40, 0x58, 0x00, 0x40, 0x44, 0x00, 0x40, 0x43, 0x00, 0xC0, 0x40, 0x00,
    0x40, 0x40, 0x00, 0x04, 0x00, 0x00, 0x04, 0x00, 0xF0, 0xFB, 0x01, 0x08, 0x00, 0x02, 0x08, 0x00,
    0x02, 0x00, 0x00, 0x00, 0xF8, 0xFF, 0x03, 0x08, 0x00, 0x02, 0x08, 0x00, 0x02, 0xF0, 0xFB, 0x01,
    0x00, 0x04, 0x00, 0x00, 0x04, 0x00, 0x02, 0x00, 0x00, 0x01, 0x00, 0x04, 0x00, 0x00, 0x04, 0x00,
    0xF0, 0xFB, 0x01, 0x08, 0x00, 0x02, 0x08, 0x00, 0x02, 0x00, 0x00, 0x00, 0xF8, 0xFF, 0x03, 0x08,
    0x00, 0x02, 0x08, 0x00, 0x02, 0xF0, 0xFB, 0x01, 0x00, 0x04, 0x00, 0x00, 0x04, 0x00, 0x02, 0x00,
    0x00, 0x01, 0x00, 0x00, 0x01, 0x00, 0x00, 0x00, 0x00, 0x00, 0xF8, 0xFF, 0x03, 0x08, 0x00, 0x02,
    0x08, 0x00, 0x02, 0xF0, 0xFB, 0x01, 0x00, 0x04, 0x00, 0x08, 0x00, 0x02, 0x08, 0x00, 0x02, 0xF0,
    0xFB, 0x01, 0x00, 0x04, 0x00, 0x00, 0x04, 0x00, 0x02, 0x00, 0x00, 0x01, 0x00, 0x00, 0x01, 0x00,
    0x00, 0x01, 0x00, 0x00, 0x02, 0x00, 0x00, 0x02, 0x00, 0x00, 0x02, 0x00, 0x00, 0x01, 0x00, 0x00,
    0x00, 0xF8, 0x7F, 0x00, 0x02, 0x00, 0x00, 0x01, 0x00, 0x00, 0x01, 0x00, 0x00, 0x01, 0x00, 0x00,
    0x02, 0x00, 0x00, 0x02, 0x00, 0x00, 0x02, 0x00, 0x00, 0x01, 0x00, 0x00, 0x00, 0xF8, 0x7F, 0x00,
    0x00, 0x42, 0x00, 0x00, 0x41, 0x00, 0x80, 0x40, 0x00, 0x00, 0x40, 0x00, 0x00, 0x40, 0x00, 0x00,
    0x40, 0x00, 0x01, 0x00, 0xF8, 0x7F, 0x00, 0x80, 0x00, 0x00, 0x00, 0xF8, 0x7F, 0x00, 0x10, 0x00,
    0x00, 0x60, 0x00, 0x00, 0x80, 0x00, 0x00, 0x08,
};
const uint8_t ArialMT_Plain_24_EN[] PROGMEM = {
    0x18, 0x1C, 0x20, 0x5F, // Width, Height, First Char, Num Chars
    // Jump Table:
    0xFF, 0xFF, 0x00, 0x06,  // 0x0020 " "
    0x00, 0x00, 0x13, 0x06,  // 0x0021 "!"
    0x00, 0x4C, 0x1A, 0x08,  // 0x0022 """
    0x00, 0xB4, 0x33, 0x0E,  // 0x0023 "#"
    0x01, 0x80, 0x2F, 0x0D,  // 0x0024 "$"
    0x02, 0x3C, 0x4F, 0x15,  // 0x0025 "%"
    0x03, 0x78, 0x3B, 0x10,  // 0x0026 "&"
    0x04, 0x64, 0x0A, 0x04,  // 0x0027 "'"
    0x04, 0x8C, 0x1C, 0x08,  // 0x0028 "("
    0x04, 0xFC, 0x1B, 0x08,  // 0x0029 ")"
    0x05, 0x68, 0x21, 0x0A,  // 0x002A "*"
    0x05, 0xEC, 0x32, 0x0E,  // 0x002B "+"
    0x06, 0xB4, 0x10, 0x05,  // 0x002C ","
    0x06, 0xF4, 0x1B, 0x08,  // 0x002D "-"
    0x07, 0x60, 0x0F, 0x05,  // 0x002E "."
    0x07, 0x9C, 0x19, 0x08,  // 0x002F "/"
    0x08, 0x00, 0x2F, 0x0D,  // 0x0030 "0"
    0x08, 0xBC, 0x23, 0x0A,  // 0x0031 "1"
    0x09, 0x48, 0x2F, 0x0D,  // 0x0032 "2"
    0x0A, 0x04, 0x2F, 0x0D,  // 0x0033 "3"
    0x0A, 0xC0, 0x2F, 0x0D,  // 0x0034 "4"
    0x0B, 0x7C, 0x2F, 0x0D,  // 0x0035 "5"
    0x0C, 0x38, 0x2F, 0x0D,  // 0x0036 "6"
    0x0C, 0xF4, 0x2D, 0x0D,  // 0x0037 "7"
    0x0D, 0xA8, 0x2F, 0x0D,  // 0x0038 "8"
    0x0E, 0x64, 0x2F, 0x0D,  // 0x0039 "9"
    0x0F, 0x20, 0x0F, 0x05,  // 0x003A ":"
    0x0F, 0x5C, 0x10, 0x05,  // 0x003B ";"
    0x0F, 0x9C, 0x2F, 0x0D,  // 0x003C "<"
    0x10, 0x58, 0x2F, 0x0D,  // 0x003D "="
    0x11, 0x14, 0x2E, 0x0D,  // 0x003E ">"
    0x11, 0xCC, 0x2E, 0x0D,  // 0x003F "?"
    0x12, 0x84, 0x5B, 0x18,  // 0x0040 "@"
    0x13, 0xF0, 0x3B, 0x10,  // 0x0041 "A"
    0x14, 0xDC, 0x3B, 0x10,  // 0x0042 "B"
    0x15, 0xC8, 0x3F, 0x11,  // 0x0043 "C"
    0x16, 0xC4, 0x3F, 0x11,  // 0x0044 "D"
    0x17, 0xC0, 0x3B, 0x10,  // 0x0045 "E"
    0x18, 0xAC, 0x35, 0x0F,  // 0x0046 "F"
    0x19, 0x80, 0x43, 0x12,  // 0x0047 "G"
    0x1A, 0x8C, 0x3B, 0x10,  // 0x0048 "H"
    0x1B, 0x78, 0x0F, 0x05,  // 0x0049 "I"
    0x1B, 0xB4, 0x27, 0x0B,  // 0x004A "J"
    0x1C, 0x50, 0x3F, 0x11,  // 0x004B "K"
    0x1D, 0x4C, 0x2F, 0x0D,  // 0x004C "L"
    0x1E, 0x08, 0x43, 0x12,  // 0x004D "M"
    0x1F, 0x14, 0x3B, 0x10,  // 0x004E "N"
    0x20, 0x00, 0x47, 0x13,  // 0x004F "O"
    0x21, 0x1C, 0x3A, 0x10,  // 0x0050 "P"
    0x22, 0x04, 0x47, 0x13,  // 0x0051 "Q"
    0x23, 0x20, 0x3F, 0x11,  // 0x0052 "R"
    0x24, 0x1C, 0x3B, 0x10,  // 0x0053 "S"
    0x25, 0x08, 0x35, 0x0F,  // 0x0054 "T"
    0x25, 0xDC, 0x3B, 0x10,  // 0x0055 "U"
    0x26, 0xC8, 0x39, 0x10,  // 0x0056 "V"
    0x27, 0xAC, 0x59, 0x18,  // 0x0057 "W"
    0x29, 0x10, 0x3B, 0x10,  // 0x0058 "X"
    0x29, 0xFC, 0x3D, 0x11,  // 0x0059 "Y"
    0x2A, 0xF0, 0x37, 0x0F,  // 0x005A "Z"
    0x2B, 0xCC, 0x14, 0x06,  // 0x005B "["
    0x2C, 0x1C, 0x1B, 0x08,  // 0x005C "\"
    0x2C, 0x88, 0x18, 0x07,  // 0x005D "]"
    0x2C, 0xE8, 0x2A, 0x0C,  // 0x005E "^"
    0x2D, 0x90, 0x34, 0x0E,  // 0x005F "_"
    0x2E, 0x60, 0x11, 0x06,  // 0x0060 "`"
    0x2E, 0xA4, 0x2F, 0x0D,  // 0x0061 "a"
    0x2F, 0x60, 0x33, 0x0E,  // 0x0062 "b"
    0x30, 0x2C, 0x2B, 0x0C,  // 0x0063 "c"
    0x30, 0xD8, 0x2F, 0x0D,  // 0x0064 "d"
    0x31, 0x94, 0x2F, 0x0D,  // 0x0065 "e"
    0x32, 0x50, 0x1A, 0x08,  // 0x0066 "f"
    0x32, 0xB8, 0x2F, 0x0D,  // 0x0067 "g"
    0x33, 0x74, 0x2F, 0x0D,  // 0x0068 "h"
    0x34, 0x30, 0x0F, 0x05,  // 0x0069 "i"
    0x34, 0x6C, 0x10, 0x05,  // 0x006A "j"
    0x34, 0xAC, 0x2F, 0x0D,  // 0x006B "k"
    0x35, 0x68, 0x0F, 0x05,  // 0x006C "l"
    0x35, 0xA4, 0x47, 0x13,  // 0x006D "m"
    0x36, 0xC0, 0x2F, 0x0D,  // 0x006E "n"
    0x37, 0x7C, 0x2F, 0x0D,  // 0x006F "o"
    0x38, 0x38, 0x33, 0x0E,  // 0x0070 "p"
    0x39, 0x04, 0x30, 0x0D,  // 0x0071 "q"
    0x39, 0xC4, 0x1E, 0x09,  // 0x0072 "r"
    0x3A, 0x3C, 0x2B, 0x0C,  // 0x0073 "s"
    0x3A, 0xE8, 0x1B, 0x08,  // 0x0074 "t"
    0x3B, 0x54, 0x2F, 0x0D,  // 0x0075 "u"
    0x3C, 0x10, 0x2A, 0x0C,  // 0x0076 "v"
    0x3C, 0xB8, 0x42, 0x12,  // 0x0077 "w"
    0x3D, 0xC0, 0x2B, 0x0C,  // 0x0078 "x"
    0x3E, 0x6C, 0x2A, 0x0C,  // 0x0079 "y"
    0x3F, 0x14, 0x2B, 0x0C,  // 0x007A "z"
    0x3F, 0xC0, 0x1C, 0x08,  // 0x007B "{"
    0x40, 0x30, 0x10, 0x05,  // 0x007C "|"
    0x40, 0x70, 0x1B, 0x08,  // 0x007D "}"
    0x40, 0xDC, 0x32, 0x0E,  // 0x007E "~"
    // Bitmap Data:
    0x00, 0x00, 0x00, 0x00, 0x00, 0x00, 0x00, 0x00, 0x00, 0x00, 0x00, 0x00, 0xE0, 0xFF, 0x33, 0x00,
    0xE0, 0xFF, 0x33, 0x00, 0x00, 0x00, 0x00, 0xE0, 0x07, 0x00, 0x00, 0xE0, 0x07, 0x00, 0x00, 0x00,
    0x00, 0x00, 0x00, 0x00, 0x00, 0x00, 0x00, 0xE0, 0x07, 0x00, 0x00, 0xE0, 0x07, 0x00, 0x0C, 0x03,
    0x00, 0x00, 0x0C, 0x33, 0x00, 0x00, 0x0C, 0x3F, 0x00, 0x00, 0xFC, 0x0F, 0x00, 0x80, 0xFF, 0x03,
    0x00, 0xE0, 0x0F, 0x03, 0x00, 0x60, 0x0C, 0x33, 0x00, 0x00, 0x0C, 0x3F, 0x00, 0x00, 0x00, 0x00,
    0xE0, 0x07, 0x00, 0x00, 0xE0, 0x07, 0x00, 0x00, 0x00, 0x00, 0x00, 0x00, 0x00, 0x00, 0x00, 0x00,
    0xE0, 0x07, 0x00, 0x00, 0xE0, 0x07, 0x00, 0x0C, 0x03, 0x00, 0x00, 0x0C, 0x33, 0x00, 0x00, 0x0C,
    0x3F, 0x00, 0x00, 0xFC, 0x0F, 0x00, 0x80, 0xFF, 0x03, 0x00, 0xE0, 0x0F, 0x03, 0x00, 0x60, 0x0C,
    0x33, 0x00, 0x00, 0x0C, 0x3F, 0x00, 0x00, 0xFC, 0x0F, 0x00, 0x80, 0xFF, 0x03, 0x00, 0xE0, 0x0F,
    0x03, 0x00, 0x60, 0x0C, 0x03, 0x00, 0x00, 0x0C, 0x03, 0x00, 0x00, 0x00, 0x00, 0x80, 0x07, 0x06,
    0x00, 0xC0, 0x0F, 0x1E, 0x00, 0xC0, 0x18, 0x1C, 0x00, 0x60, 0x18, 0x38, 0x00, 0x60, 0x30, 0x30,
    0x00, 0xF0, 0xFF, 0xFF, 0x00, 0x0C, 0x03, 0x00, 0x00, 0x0C, 0x33, 0x00, 0x00, 0x0C, 0x3F, 0x00,
    0x00, 0xFC, 0x0F, 0x00, 0x80, 0xFF, 0x03, 0x00, 0xE0, 0x0F, 0x03, 0x00, 0x60, 0x0C, 0x33, 0x00,
    0x00, 0x0C, 0x3F, 0x00, 0x00, 0xFC, 0x0F, 0x00, 0x80, 0xFF, 0x03, 0x00, 0xE0, 0x0F, 0x03, 0x00,
    0x60, 0x0C, 0x03, 0x00, 0x00, 0x0C, 0x03, 0x00, 0x00, 0x00, 0x00, 0x80, 0x07, 0x06, 0x00, 0xC0,
    0x0F, 0x1E, 0x00, 0xC0, 0x18, 0x1C, 0x00, 0x60, 0x18, 0x38, 0x00, 0x60, 0x30, 0x30, 0x00, 0xF0,
    0xFF, 0xFF, 0x00, 0x60, 0x30, 0x30, 0x00, 0x60, 0x60, 0x38, 0x00, 0xC0, 0x60, 0x18, 0x00, 0xC0,
    0xC1, 0x1F, 0x00, 0x00, 0x81, 0x07, 0x00, 0x00, 0x00, 0x00, 0x80, 0x0F, 0x00, 0x00, 0xC0, 0x1F,
    0x00, 0x00, 0x60, 0x30, 0x00, 0x00, 0x20, 0x20, 0x00, 0x00, 0x20, 0x20, 0x20, 0x00, 0x60, 0x30,
    0x38, 0x00, 0xC0, 0x1F, 0x1E, 0x00, 0x80, 0x8F, 0x0F, 0x00, 0x00, 0xC0, 0x03, 0x00, 0x00, 0xF0,
    0x00, 0x00, 0x00, 0x3C, 0x00, 0x00, 0x00, 0x8F, 0x0F, 0x00, 0xC0, 0xC3, 0x1F, 0x00, 0xE0, 0x60,
    0x30, 0x00, 0x20, 0x20, 0x20, 0x00, 0x00, 0x20, 0x20, 0x00, 0x00, 0x60, 0x30, 0x00, 0x00, 0xC0,
    0x1F, 0x00, 0x00, 0x80, 0x0F, 0x00, 0x00, 0x00, 0x00, 0x00, 0x80, 0x07, 0x00, 0x00, 0xC0, 0x0F,
    0x00, 0x80, 0xE3, 0x1C, 0x00, 0xC0, 0x77, 0x38, 0x00, 0xE0, 0x3C, 0x30, 0x00, 0x60, 0x38, 0x30,
    0x00, 0x00, 0x00, 0x00, 0x80, 0x07, 0x06, 0x00, 0xC0, 0x0F, 0x1E, 0x00, 0xC0, 0x18, 0x1C, 0x00,
    0x60, 0x18, 0x38, 0x00, 0x60, 0x30, 0x30, 0x00, 0xF0, 0xFF, 0xFF, 0x00, 0x60, 0x30, 0x30, 0x00,
    0x60, 0x60, 0x38, 0x00, 0xC0, 0x60, 0x18, 0x00, 0xC0, 0xC1, 0x1F, 0x00, 0x00, 0x81, 0x07, 0x00,
    0x00, 0x00, 0x00, 0x80, 0x0F, 0x00, 0x00, 0xC0, 0x1F, 0x00, 0x00, 0x60, 0x30, 0x00, 0x00, 0x20,
    0x20, 0x00, 0x00, 0x20, 0x20, 0x20, 0x00, 0x60, 0x30, 0x38, 0x00, 0xC0, 0x1F, 0x1E, 0x00, 0x80,
    0x8F, 0x0F, 0x00, 0x00, 0xC0, 0x03, 0x00, 0x00, 0xF0, 0x00, 0x00, 0x00, 0x3C, 0x00, 0x00, 0x00,
    0x8F, 0x0F, 0x00, 0xC0, 0xC3, 0x1F, 0x00, 0xE0, 0x60, 0x30, 0x00, 0x20, 0x20, 0x20, 0x00, 0x00,
    0x20, 0x20, 0x00, 0x00, 0x60, 0x30, 0x00, 0x00, 0xC0, 0x1F, 0x00, 0x00, 0x80, 0x0F, 0x00, 0x00,
    0x00, 0x00, 0x00, 0x80, 0x07, 0x00, 0x00, 0xC0, 0x0F, 0x00, 0x80, 0xE3, 0x1C, 0x00, 0xC0, 0x77,
    0x38, 0x00, 0xE0, 0x3C, 0x30, 0x00, 0x60, 0x38, 0x30, 0x00, 0x60, 0x78, 0x30, 0x00, 0xE0, 0xEC,
    0x38, 0x00, 0xC0, 0x8F, 0x1B, 0x00, 0x80, 0x03, 0x1F, 0x00, 0x00, 0x00, 0x0F, 0x00, 0x00, 0xC0,
    0x1F, 0x00, 0x00, 0xC0, 0x38, 0x00, 0x00, 0x00, 0x10, 0x00, 0x00, 0x00, 0x00, 0x00, 0x00, 0x00,
    0x80, 0x0F, 0x00, 0x00, 0xC0, 0x1F, 0x00, 0x00, 0x60, 0x30, 0x00, 0x00, 0x20, 0x20, 0x00, 0x00,
    0x20, 0x20, 0x20, 0x00, 0x60, 0x30, 0x38, 0x00, 0xC0, 0x1F, 0x1E, 0x00, 0x80, 0x8F, 0x0F, 0x00,
    0x00, 0xC0, 0x03, 0x00, 0x00, 0xF0, 0x00, 0x00, 0x00, 0x3C, 0x00, 0x00, 0x00, 0x8F, 0x0F, 0x00,
    0xC0, 0xC3, 0x1F, 0x00, 0xE0, 0x60, 0x30, 0x00, 0x20, 0x20, 0x20, 0x00, 0x00, 0x20, 0x20, 0x00,
    0x00, 0x60, 0x30, 0x00, 0x00, 0xC0, 0x1F, 0x00, 0x00, 0x80, 0x0F, 0x00, 0x00, 0x00, 0x00, 0x00,
    0x80, 0x07, 0x00, 0x00, 0xC0, 0x0F, 0x00, 0x80, 0xE3, 0x1C, 0x00, 0xC0, 0x77, 0x38, 0x00, 0xE0,
    0x3C, 0x30, 0x00, 0x60, 0x38, 0x30, 0x00, 0x60, 0x78, 0x30, 0x00, 0xE0, 0xEC, 0x38, 0x00, 0xC0,
    0x8F, 0x1B, 0x00, 0x80, 0x03, 0x1F, 0x00, 0x00, 0x00, 0x0F, 0x00, 0x00, 0xC0, 0x1F, 0x00, 0x00,
    0xC0, 0x38, 0x00, 0x00, 0x00, 0x10, 0x00, 0x00, 0x00, 0x00, 0xE0, 0x07, 0x00, 0x00, 0xE0, 0x07,
    0x00, 0x00, 0x00, 0x00, 0x00, 0xF0, 0x0F, 0x00, 0x00, 0xFE, 0x7F, 0x00, 0x80, 0x0F, 0xF0, 0x01,
    0xC0, 0x01, 0x80, 0x03, 0x60, 0x00, 0x00, 0x06, 0x20, 0x00, 0x00, 0x04, 0x00, 0x00, 0x00, 0x00,
    0x20, 0x00, 0x00, 0x04, 0x60, 0x00, 0x00, 0x06, 0xC0, 0x01, 0x80, 0x03, 0x80, 0x0F, 0xF0, 0x01,
    0x00, 0xFE, 0x7F, 0x00, 0x00, 0xF0, 0x0F, 0x00, 0x00, 0x00, 0x00, 0x80, 0x00, 0x00, 0x00, 0x80,
    0x04, 0x00, 0x00, 0x80, 0x0F, 0x00, 0x00, 0xE0, 0x03, 0x00, 0x00, 0xE0, 0x03, 0x00, 0x00, 0x80,
    0x0F, 0x00, 0x00, 0x80, 0x04, 0x00, 0x00, 0x80, 0x00, 0x00, 0x00, 0x00, 0x00, 0x60, 0x00, 0x00,
    0x00, 0x60, 0x00, 0x00, 0x00, 0x60, 0x00, 0x00, 0x00, 0x60, 0x00, 0x00, 0x00, 0x60, 0x00, 0x00,
    0x00, 0xFF, 0x0F, 0x00, 0x00, 0xFF, 0x0F, 0x00, 0x00, 0x60, 0x00, 0x00, 0x00, 0x60, 0x00, 0x00,
    0x00, 0x60, 0x00, 0x00, 0x00, 0x60, 0x00, 0x00, 0x00, 0x60, 0x00, 0x00, 0x00, 0x00, 0x00, 0x00,
    0x00, 0x00, 0x00, 0x00, 0x30, 0x03, 0x00, 0x00, 0xF0, 0x01, 0x00, 0x80, 0x01, 0x00, 0x00, 0x80,
    0x01, 0x00, 0x00, 0x80, 0x01, 0x00, 0x00, 0x80, 0x00, 0x00, 0x00, 0x00, 0x00, 0x80, 0x07, 0x00,
    0x00, 0xC0, 0x0F, 0x00, 0x80, 0xE3, 0x1C, 0x00, 0xC0, 0x77, 0x38, 0x00, 0xE0, 0x3C, 0x30, 0x00,
    0x60, 0x38, 0x30, 0x00, 0x60, 0x78, 0x30, 0x00, 0xE0, 0xEC, 0x38, 0x00, 0xC0, 0x8F, 0x1B, 0x00,
    0x80, 0x03, 0x1F, 0x00, 0x00, 0x00, 0x0F, 0x00, 0x00, 0xC0, 0x1F, 0x00, 0x00, 0xC0, 0x38, 0x00,
    0x00, 0x00, 0x10, 0x00, 0x00, 0x00, 0x00, 0xE0, 0x07, 0x00, 0x00, 0xE0, 0x07, 0x00, 0x00, 0x00,
    0x00, 0x00, 0xF0, 0x0F, 0x00, 0x00, 0xFE, 0x7F, 0x00, 0x80, 0x0F, 0xF0, 0x01, 0xC0, 0x01, 0x80,
    0x03, 0x60, 0x00, 0x00, 0x06, 0x20, 0x00, 0x00, 0x04, 0x00, 0x00, 0x00, 0x00, 0x20, 0x00, 0x00,
    0x04, 0x60, 0x00, 0x00, 0x06, 0xC0, 0x01, 0x80, 0x03, 0x80, 0x0F, 0xF0, 0x01, 0x00, 0xFE, 0x7F,
    0x00, 0x00, 0xF0, 0x0F, 0x00, 0x00, 0x00, 0x00, 0x80, 0x00, 0x00, 0x00, 0x80, 0x04, 0x00, 0x00,
    0x80, 0x0F, 0x00, 0x00, 0xE0, 0x03, 0x00, 0x00, 0xE0, 0x03, 0x00, 0x00, 0x80, 0x0F, 0x00, 0x00,
    0x80, 0x04, 0x00, 0x00, 0x80, 0x00, 0x00, 0x00, 0x00, 0x00, 0x60, 0x00, 0x00, 0x00, 0x60, 0x00,
    0x00, 0x00, 0x60, 0x00, 0x00, 0x00, 0x60, 0x00, 0x00, 0x00, 0x60, 0x00, 0x00, 0x00, 0xFF, 0x0F,
    0x00, 0x00, 0xFF, 0x0F, 0x00, 0x00, 0x60, 0x00, 0x00, 0x00, 0x60, 0x00, 0x00, 0x00, 0x60, 0x00,
    0x00, 0x00, 0x60, 0x00, 0x00, 0x00, 0x60, 0x00, 0x00, 0x00, 0x00, 0x00, 0x00, 0x00, 0x00, 0x00,
    0x00, 0x30, 0x03, 0x00, 0x00, 0xF0, 0x01, 0x00, 0x80, 0x01, 0x00, 0x00, 0x80, 0x01, 0x00, 0x00,
    0x80, 0x01, 0x00, 0x00, 0x00, 0x00, 0x00, 0x00, 0xE0, 0x07, 0x00, 0x00, 0xE0, 0x07, 0x00, 0x00,
    0x00, 0x00, 0x00, 0xF0, 0x0F, 0x00, 0x00, 0xFE, 0x7F, 0x00, 0x80, 0x0F, 0xF0, 0x01, 0xC0, 0x01,
    0x80, 0x03, 0x60, 0x00, 0x00, 0x06, 0x20, 0x00, 0x00, 0x04, 0x00, 0x00, 0x00, 0x00, 0x00, 0x00,
    0x00, 0xF0, 0x0F, 0x00, 0x00, 0xFE, 0x7F, 0x00, 0x80, 0x0F, 0xF0, 0x01, 0xC0, 0x01, 0x80, 0x03,
    0x60, 0x00, 0x00, 0x06, 0x20, 0x00, 0x00, 0x04, 0x00, 0x00, 0x00, 0x00, 0x20, 0x00, 0x00, 0x04,
    0x60, 0x00, 0x00, 0x06, 0xC0, 0x01, 0x80, 0x03, 0x80, 0x0F, 0xF0, 0x01, 0x00, 0xFE, 0x7F, 0x00,
    0x00, 0xF0, 0x0F, 0x00, 0x00, 0x00, 0x00, 0x80, 0x00, 0x00, 0x00, 0x80, 0x04, 0x00, 0x00, 0x80,
    0x0F, 0x00, 0x00, 0xE0, 0x03, 0x00, 0x00, 0xE0, 0x03, 0x00, 0x00, 0x80, 0x0F, 0x00, 0x00, 0x80,
    0x04, 0x00, 0x00, 0x80, 0x00, 0x00, 0x00, 0x00, 0x00, 0x60, 0x00, 0x00, 0x00, 0x60, 0x00, 0x00,
    0x00, 0x60, 0x00, 0x00, 0x00, 0x60, 0x00, 0x00, 0x00, 0x60, 0x00, 0x00, 0x00, 0x00, 0x00, 0x00,
    0x20, 0x00, 0x00, 0x04, 0x60, 0x00, 0x00, 0x06, 0xC0, 0x01, 0x80, 0x03, 0x80, 0x0F, 0xF0, 0x01,
    0x00, 0xFE, 0x7F, 0x00, 0x00, 0xF0, 0x0F, 0x00, 0x00, 0x00, 0x00, 0x80, 0x00, 0x00, 0x00, 0x80,
    0x04, 0x00, 0x00, 0x80, 0x0F, 0x00, 0x00, 0xE0, 0x03, 0x00, 0x00, 0xE0, 0x03, 0x00, 0x00, 0x80,
    0x0F, 0x00, 0x00, 0x80, 0x04, 0x00, 0x00, 0x80, 0x00, 0x00, 0x00, 0x00, 0x00, 0x60, 0x00, 0x00,
    0x00, 0x60, 0x00, 0x00, 0x00, 0x60, 0x00, 0x00, 0x00, 0x60, 0x00, 0x00, 0x00, 0x60, 0x00, 0x00,
    0x00, 0xFF, 0x0F, 0x00, 0x00, 0xFF, 0x0F, 0x00, 0x00, 0x60, 0x00, 0x00, 0x00, 0x60, 0x00, 0x00,
    0x00, 0x60, 0x00, 0x00, 0x00, 0x60, 0x00, 0x00, 0x00, 0x00, 0x00, 0x00, 0x80, 0x00, 0x00, 0x00,
    0x80, 0x04, 0x00, 0x00, 0x80, 0x0F, 0x00, 0x00, 0xE0, 0x03, 0x00, 0x00, 0xE0, 0x03, 0x00, 0x00,
    0x80, 0x0F, 0x00, 0x00, 0x80, 0x04, 0x00, 0x00, 0x80, 0x00, 0x00, 0x00, 0x00, 0x00, 0x60, 0x00,
    0x00, 0x00, 0x60, 0x00, 0x00, 0x00, 0x60, 0x00, 0x00, 0x00, 0x60, 0x00, 0x00, 0x00, 0x60, 0x00,
    0x00, 0x00, 0xFF, 0x0F, 0x00, 0x00, 0xFF, 0x0F, 0x00, 0x00, 0x60, 0x00, 0x00, 0x00, 0x60, 0x00,
    0x00, 0x00, 0x60, 0x00, 0x00, 0x00, 0x60, 0x00, 0x00, 0x00, 0x60, 0x00, 0x00, 0x00, 0x00, 0x00,
    0x00, 0x00, 0x00, 0x00, 0x00, 0x30, 0x03, 0x00, 0x00, 0xF0, 0x01, 0x00, 0x80, 0x01, 0x00, 0x00,
    0x80, 0x01, 0x00, 0x00, 0x80, 0x01, 0x00, 0x00, 0x80, 0x01, 0x00, 0x00, 0x80, 0x01, 0x00, 0x00,
    0x80, 0x01, 0x00, 0x00, 0x80, 0x01, 0x00, 0x00, 0x00, 0x00, 0x00, 0x00, 0x00, 0x00, 0x00, 0x00,
    0x00, 0x60, 0x00, 0x00, 0x00, 0x60, 0x00, 0x00, 0x00, 0x60, 0x00, 0x00, 0x00, 0x60, 0x00, 0x00,
    0x00, 0x60, 0x00, 0x00, 0x00, 0xFF, 0x0F, 0x00, 0x00, 0xFF, 0x0F, 0x00, 0x00, 0x60, 0x00, 0x00,
    0x00, 0x60, 0x00, 0x00, 0x00, 0x60, 0x00, 0x00, 0x00, 0x60, 0x00, 0x00, 0x00, 0x60, 0x00, 0x00,
    0x00, 0x00, 0x00, 0x00, 0x00, 0x00, 0x00, 0x00, 0x30, 0x03, 0x00, 0x00, 0xF0, 0x01, 0x00, 0x80,
    0x01, 0x00, 0x00, 0x80, 0x01, 0x00, 0x00, 0x80, 0x01, 0x00, 0x00, 0x80, 0x01, 0x00, 0x00, 0x80,
    0x01, 0x00, 0x00, 0x80, 0x01, 0x00, 0x00, 0x80, 0x01, 0x00, 0x00, 0x00, 0x00, 0x00, 0x00, 0x00,
    0x00, 0x00, 0x00, 0x30, 0x00, 0x00, 0x00, 0x30, 0x00, 0x00, 0x30, 0x00, 0x00, 0x00, 0x3E, 0x00,
    0x00, 0xE0, 0x0F, 0x00, 0x00, 0xFC, 0x01, 0x00, 0x80, 0x3F, 0x00, 0x00, 0xE0, 0x03, 0x00, 0x00,
    0x60, 0x00, 0x00, 0x00, 0x00, 0x00, 0xFE, 0x03, 0x00, 0x80, 0xFF, 0x0F, 0x00, 0xC0, 0x01, 0x1C,
    0x00, 0xE0, 0x00, 0x38, 0x00, 0x60, 0x00, 0x30, 0x00, 0x60, 0x00, 0x30, 0x00, 0x60, 0x00, 0x30,
    0x00, 0xE0, 0x00, 0x38, 0x00, 0xC0, 0x01, 0x1C, 0x00, 0x80, 0xFF, 0x0F, 0x00, 0x00, 0xFE, 0x03,
    0x00, 0x00, 0x00, 0x00, 0x00, 0x00, 0x00, 0x00, 0x00, 0x00, 0x00, 0x00, 0x00, 0x06, 0x00, 0x00,
    0x00, 0x07, 0x00, 0x00, 0x00, 0x00, 0x00, 0x00, 0x00, 0x00, 0x00, 0x00, 0x00, 0x00, 0x30, 0x03,
    0x00, 0x00, 0xF0, 0x01, 0x00, 0x80, 0x01, 0x00, 0x00, 0x80, 0x01, 0x00, 0x00, 0x80, 0x01, 0x00,
    0x00, 0x80, 0x01, 0x00, 0x00, 0x80, 0x01, 0x00, 0x00, 0x80, 0x01, 0x00, 0x00, 0x80, 0x01, 0x00,
    0x00, 0x00, 0x00, 0x00, 0x00, 0x00, 0x00, 0x00, 0x00, 0x30, 0x00, 0x00, 0x00, 0x30, 0x00, 0x00,
    0x30, 0x00, 0x00, 0x00, 0x00, 0x80, 0x01, 0x00, 0x00, 0x80, 0x01, 0x00, 0x00, 0x80, 0x01, 0x00,
    0x00, 0x80, 0x01, 0x00, 0x00, 0x80, 0x01, 0x00, 0x00, 0x80, 0x01, 0x00, 0x00, 0x80, 0x01, 0x00,
    0x00, 0x00, 0x00, 0x00, 0x00, 0x00, 0x00, 0x00, 0x00, 0x30, 0x00, 0x00, 0x00, 0x30, 0x00, 0x00,
    0x30, 0x00, 0x00, 0x00, 0x3E, 0x00, 0x00, 0xE0, 0x0F, 0x00, 0x00, 0xFC, 0x01, 0x00, 0x80, 0x3F,
    0x00, 0x00, 0xE0, 0x03, 0x00, 0x00, 0x60, 0x00, 0x00, 0x00, 0x00, 0x00, 0xFE, 0x03, 0x00, 0x80,
    0xFF, 0x0F, 0x00, 0xC0, 0x01, 0x1C, 0x00, 0xE0, 0x00, 0x38, 0x00, 0x60, 0x00, 0x30, 0x00, 0x60,
    0x00, 0x30, 0x00, 0x60, 0x00, 0x30, 0x00, 0xE0, 0x00, 0x38, 0x00, 0xC0, 0x01, 0x1C, 0x00, 0x80,
    0x00, 0x00, 0x00, 0x00, 0x00, 0x00, 0x00, 0x00, 0x00, 0x00, 0x30, 0x00, 0x00, 0x00, 0x30, 0x00,
    0x00, 0x30, 0x00, 0x00, 0x00, 0x3E, 0x00, 0x00, 0xE0, 0x0F, 0x00, 0x00, 0xFC, 0x01, 0x00, 0x80,
    0x3F, 0x00, 0x00, 0xE0, 0x03, 0x00, 0x00, 0x60, 0x00, 0x00, 0x00, 0x00, 0x00, 0xFE, 0x03, 0x00,
    0x80, 0xFF, 0x0F, 0x00, 0xC0, 0x01, 0x1C, 0x00, 0xE0, 0x00, 0x38, 0x00, 0x00, 0x00, 0x30, 0x00,
    0x00, 0x00, 0x3E, 0x00, 0x00, 0xE0, 0x0F, 0x00, 0x00, 0xFC, 0x01, 0x00, 0x80, 0x3F, 0x00, 0x00,
    0xE0, 0x03, 0x00, 0x00, 0x60, 0x00, 0x00, 0x00, 0x00, 0x00, 0xFE, 0x03, 0x00, 0x80, 0xFF, 0x0F,
    0x00, 0xC0, 0x01, 0x1C, 0x00, 0xE0, 0x00, 0x38, 0x00, 0x60, 0x00, 0x30, 0x00, 0x60, 0x00, 0x30,
    0x00, 0x60, 0x00, 0x30, 0x00, 0xE0, 0x00, 0x38, 0x00, 0xC0, 0x01, 0x1C, 0x00, 0x80, 0xFF, 0x0F,
    0x00, 0x00, 0xFE, 0x03, 0x00, 0x00, 0x00, 0x00, 0x00, 0x00, 0x00, 0x00, 0x00, 0x00, 0x00, 0x00,
    0x00, 0x06, 0x00, 0x00, 0x00, 0x07, 0x00, 0x00, 0x00, 0x03, 0x00, 0x00, 0x80, 0x01, 0x00, 0x00,
    0x00, 0x00, 0x00, 0x00, 0x00, 0xFE, 0x03, 0x00, 0x80, 0xFF, 0x0F, 0x00, 0xC0, 0x01, 0x1C, 0x00,
    0xE0, 0x00, 0x38, 0x00, 0x60, 0x00, 0x30, 0x00, 0x60, 0x00, 0x30, 0x00, 0x60, 0x00, 0x30, 0x00,
    0xE0, 0x00, 0x38, 0x00, 0xC0, 0x01, 0x1C, 0x00, 0x80, 0xFF, 0x0F, 0x00, 0x00, 0xFE, 0x03, 0x00,
    0x00, 0x00, 0x00, 0x00, 0x00, 0x00, 0x00, 0x00, 0x00, 0x00, 0x00, 0x00, 0x06, 0x00, 0x00, 0x00,
    0x07, 0x00, 0x00, 0x00, 0x03, 0x00, 0x00, 0x80, 0x01, 0x00, 0x00, 0xE0, 0xFF, 0x3F, 0x00, 0xE0,
    0xFF, 0x3F, 0x00, 0x00, 0x00, 0x00, 0x00, 0x03, 0x30, 0x00, 0xC0, 0x03, 0x38, 0x00, 0xC0, 0x00,
    0x3C, 0x00, 0x60, 0x00, 0x36, 0x00, 0x60, 0x00, 0x33, 0x00, 0x60, 0x80, 0x31, 0x00, 0x60, 0xC0,
    0x30, 0x00, 0x60, 0x60, 0x30, 0x00, 0xC0, 0x30, 0x30, 0x00, 0xC0, 0x1F, 0x30, 0x00, 0x00, 0x0F,
    0x30, 0x00, 0x00, 0x00, 0x00, 0x00, 0x01, 0x06, 0x00, 0xC0, 0x01, 0x0E, 0x00, 0xC0, 0x00, 0x1C,
    0x00, 0x60, 0x00, 0x30, 0x00, 0x60, 0x30, 0x30, 0x00, 0x60, 0x30, 0x30, 0x00, 0x60, 0x30, 0x30,
    0x00, 0xC0, 0x38, 0x30, 0x00, 0xC0, 0x6F, 0x18, 0x00, 0x80, 0xC7, 0x0F, 0x00, 0x00, 0x80, 0x07,
    0x00, 0x00, 0x00, 0x00, 0x00, 0x80, 0x03, 0x00, 0x00, 0xC0, 0x03, 0x00, 0x00, 0x00, 0x00, 0x00,
    0x00, 0x00, 0x00, 0x00, 0x00, 0x00, 0x00, 0x00, 0x00, 0x06, 0x00, 0x00, 0x00, 0x07, 0x00, 0x00,
    0x00, 0x03, 0x00, 0x00, 0x80, 0x01, 0x00, 0x00, 0xE0, 0xFF, 0x3F, 0x00, 0xE0, 0xFF, 0x3F, 0x00,
    0x00, 0x00, 0x00, 0x00, 0x03, 0x30, 0x00, 0xC0, 0x03, 0x38, 0x00, 0xC0, 0x00, 0x3C, 0x00, 0x60,
    0x00, 0x36, 0x00, 0x60, 0x00, 0x33, 0x00, 0x60, 0x80, 0x31, 0x00, 0x60, 0xC0, 0x30, 0x00, 0x60,
    0x60, 0x30, 0x00, 0xC0, 0x30, 0x30, 0x00, 0xC0, 0x1F, 0x30, 0x00, 0x00, 0x0F, 0x30, 0x00, 0x00,
    0x00, 0x00, 0x00, 0x01, 0x06, 0x00, 0xC0, 0x01, 0x0E, 0x00, 0xC0, 0x00, 0x1C, 0x00, 0x60, 0x00,
    0x30, 0x00, 0x60, 0x30, 0x30, 0x00, 0x60, 0x30, 0x30, 0x00, 0x60, 0x30, 0x30, 0x00, 0xC0, 0x38,
    0x30, 0x00, 0xC0, 0x6F, 0x18, 0x00, 0x80, 0xC7, 0x0F, 0x00, 0x00, 0x80, 0x07, 0x00, 0x00, 0x00,
    0x00, 0x00, 0x80, 0x03, 0x00, 0x00, 0xC0, 0x03, 0x00, 0x00, 0x00, 0x00, 0x00, 0x03, 0x30, 0x00,
    0xC0, 0x03, 0x38, 0x00, 0xC0, 0x00, 0x3C, 0x00, 0x60, 0x00, 0x36, 0x00, 0x60, 0x00, 0x33, 0x00,
    0x60, 0x80, 0x31, 0x00, 0x60, 0xC0, 0x30, 0x00, 0x60, 0x60, 0x30, 0x00, 0xC0, 0x30, 0x30, 0x00,
    0xC0, 0x1F, 0x30, 0x00, 0x00, 0x0F, 0x30, 0x00, 0x00, 0x00, 0x00, 0x00, 0x01, 0x06, 0x00, 0xC0,
    0x01, 0x0E, 0x00, 0xC0, 0x00, 0x1C, 0x00, 0x60, 0x00, 0x30, 0x00, 0x60, 0x30, 0x30, 0x00, 0x60,
    0x30, 0x30, 0x00, 0x60, 0x30, 0x30, 0x00, 0xC0, 0x38, 0x30, 0x00, 0xC0, 0x6F, 0x18, 0x00, 0x80,
    0xC7, 0x0F, 0x00, 0x00, 0x80, 0x07, 0x00, 0x00, 0x00, 0x00, 0x00, 0x80, 0x03, 0x00, 0x00, 0xC0,
    0x03, 0x00, 0x00, 0xF0, 0x03, 0x00, 0x00, 0x3C, 0x03, 0x00, 0x00, 0x0E, 0x03, 0x00, 0x80, 0x07,
    0x03, 0x00, 0xC0, 0x01, 0x03, 0x00, 0xE0, 0xFF, 0x3F, 0x00, 0xE0, 0xFF, 0x3F, 0x00, 0x00, 0x00,
    0x03, 0x00, 0x00, 0x00, 0x03, 0x00, 0x00, 0x00, 0x00, 0x00, 0x30, 0x06, 0x00, 0x80, 0x3F, 0x0E,
    0x00, 0xE0, 0x1F, 0x18, 0x00, 0x60, 0x08, 0x30, 0x00, 0x60, 0x0C, 0x30, 0x00, 0x60, 0x0C, 0x30,
    0x00, 0x60, 0x0C, 0x30, 0x00, 0x60, 0x0C, 0x30, 0x00, 0x60, 0x18, 0x1C, 0x00, 0x60, 0xF0, 0x0F,
    0x00, 0x00, 0xE0, 0x03, 0x00, 0x00, 0x00, 0x00, 0x00, 0x01, 0x06, 0x00, 0xC0, 0x01, 0x0E, 0x00,
    0xC0, 0x00, 0x1C, 0x00, 0x60, 0x00, 0x30, 0x00, 0x60, 0x30, 0x30, 0x00, 0x60, 0x30, 0x30, 0x00,
    0x60, 0x30, 0x30, 0x00, 0xC0, 0x38, 0x30, 0x00, 0xC0, 0x6F, 0x18, 0x00, 0x80, 0xC7, 0x0F, 0x00,
    0x00, 0x80, 0x07, 0x00, 0x00, 0x00, 0x00, 0x00, 0x80, 0x03, 0x00, 0x00, 0xC0, 0x03, 0x00, 0x00,
    0xF0, 0x03, 0x00, 0x00, 0x3C, 0x03, 0x00, 0x00, 0x0E, 0x03, 0x00, 0x80, 0x07, 0x03, 0x00, 0xC0,
    0x01, 0x03, 0x00, 0xE0, 0xFF, 0x3F, 0x00, 0xE0, 0xFF, 0x3F, 0x00, 0x00, 0x00, 0x03, 0x00, 0x00,
    0x00, 0x03, 0x00, 0x00, 0x00, 0x00, 0x00, 0x30, 0x06, 0x00, 0x80, 0x3F, 0x0E, 0x00, 0xE0, 0x1F,
    0x18, 0x00, 0x60, 0x08, 0x30, 0x00, 0x60, 0x0C, 0x30, 0x00, 0x60, 0x0C, 0x30, 0x00, 0x60, 0x0C,
    0x30, 0x00, 0x60, 0x0C, 0x30, 0x00, 0x60, 0x18, 0x1C, 0x00, 0x60, 0xF0, 0x0F, 0x00, 0x00, 0xE0,
    0x03, 0x00, 0x00, 0x00, 0x00, 0x00, 0xFC, 0x03, 0x00, 0x80, 0xFF, 0x0F, 0x00, 0xC0, 0x63, 0x1C,
    0x00, 0xC0, 0x30, 0x38, 0x00, 0x60, 0x18, 0x30, 0x00, 0x60, 0x18, 0x30, 0x00, 0x60, 0x18, 0x30,
    0x00, 0x60, 0x18, 0x30, 0x00, 0xE0, 0x30, 0x18, 0x00, 0xC0, 0xF1, 0x0F, 0x00, 0x80, 0xC1, 0x07,
    0x00, 0x00, 0x00, 0x00, 0x00, 0x80, 0x03, 0x00, 0x00, 0xC0, 0x03, 0x00, 0x00, 0xF0, 0x03, 0x00,
    0x00, 0x3C, 0x03, 0x00, 0x00, 0x0E, 0x03, 0x00, 0x80, 0x07, 0x03, 0x00, 0xC0, 0x01, 0x03, 0x00,
    0xE0, 0xFF, 0x3F, 0x00, 0xE0, 0xFF, 0x3F, 0x00, 0x00, 0x00, 0x03, 0x00, 0x00, 0x00, 0x03, 0x00,
    0x00, 0x00, 0x00, 0x00, 0x30, 0x06, 0x00, 0x80, 0x3F, 0x0E, 0x00, 0xE0, 0x1F, 0x18, 0x00, 0x60,
    0x08, 0x30, 0x00, 0x60, 0x0C, 0x30, 0x00, 0x60, 0x0C, 0x30, 0x00, 0x60, 0x0C, 0x30, 0x00, 0x60,
    0x0C, 0x30, 0x00, 0x60, 0x18, 0x1C, 0x00, 0x60, 0xF0, 0x0F, 0x00, 0x00, 0xE0, 0x03, 0x00, 0x00,
    0x00, 0x00, 0x00, 0xFC, 0x03, 0x00, 0x80, 0xFF, 0x0F, 0x00, 0xC0, 0x63, 0x1C, 0x00, 0xC0, 0x30,
    0x38, 0x00, 0x60, 0x18, 0x30, 0x00, 0x60, 0x18, 0x30, 0x00, 0x60, 0x18, 0x30, 0x00, 0x60, 0x18,
    0x30, 0x00, 0xE0, 0x30, 0x18, 0x00, 0xC0, 0xF1, 0x0F, 0x00, 0x80, 0xC1, 0x07, 0x00, 0x00, 0x00,
    0x00, 0x60, 0x00, 0x00, 0x00, 0x60, 0x00, 0x00, 0x00, 0x60, 0x00, 0x00, 0x00, 0x60, 0x00, 0x3C,
    0x00, 0x60, 0x80, 0x3F, 0x00, 0x60, 0xE0, 0x03, 0x00, 0x60, 0x78, 0x00, 0x00, 0x60, 0x0E, 0x00,
    0x00, 0x60, 0x03, 0x00, 0x00, 0xE0, 0x01, 0x00, 0x00, 0x60, 0x00, 0x00, 0x00, 0x00, 0x00, 0x00,
    0x00, 0x30, 0x06, 0x00, 0x80, 0x3F, 0x0E, 0x00, 0xE0, 0x1F, 0x18, 0x00, 0x60, 0x08, 0x30, 0x00,
    0x60, 0x0C, 0x30, 0x00, 0x60, 0x0C, 0x30, 0x00, 0x60, 0x0C, 0x30, 0x00, 0x60, 0x0C, 0x30, 0x00,
    0x60, 0x18, 0x1C, 0x00, 0x60, 0xF0, 0x0F, 0x00, 0x00, 0xE0, 0x03, 0x00, 0x00, 0x00, 0x00, 0x00,
    0xFC, 0x03, 0x00, 0x80, 0xFF, 0x0F, 0x00, 0xC0, 0x63, 0x1C, 0x00, 0xC0, 0x30, 0x38, 0x00, 0x60,
    0x18, 0x30, 0x00, 0x60, 0x18, 0x30, 0x00, 0x60, 0x18, 0x30, 0x00, 0x60, 0x18, 0x30, 0x00, 0xE0,
    0x30, 0x18, 0x00, 0xC0, 0xF1, 0x0F, 0x00, 0x80, 0xC1, 0x07, 0x00, 0x00, 0x00, 0x00, 0x60, 0x00,
    0x00, 0x00, 0x60, 0x00, 0x00, 0x00, 0x60, 0x00, 0x00, 0x00, 0x60, 0x00, 0x3C, 0x00, 0x60, 0x80,
    0x3F, 0x00, 0x60, 0xE0, 0x03, 0x00, 0x60, 0x78, 0x00, 0x00, 0x60, 0x0E, 0x00, 0x00, 0x60, 0x03,
    0x00, 0x00, 0xE0, 0x01, 0x00, 0x00, 0x60, 0x00, 0x00, 0x00, 0x00, 0x00, 0x80, 0x07, 0x00, 0x80,
    0xC7, 0x1F, 0x00, 0xC0, 0x6F, 0x18, 0x00, 0xE0, 0x38, 0x30, 0x00, 0x60, 0x30, 0x30, 0x00, 0x60,
    0x30, 0x30, 0x00, 0x60, 0x30, 0x30, 0x00, 0xE0, 0x38, 0x30, 0x00, 0xC0, 0x6F, 0x18, 0x00, 0x80,
    0xC7, 0x1F, 0x00, 0x00, 0x80, 0x07, 0x00, 0x00, 0x00, 0x00, 0x00, 0x00, 0x00, 0xFC, 0x03, 0x00,
    0x80, 0xFF, 0x0F, 0x00, 0xC0, 0x63, 0x1C, 0x00, 0xC0, 0x30, 0x38, 0x00, 0x60, 0x18, 0x30, 0x00,
    0x60, 0x18, 0x30, 0x00, 0x60, 0x18, 0x30, 0x00, 0x60, 0x18, 0x30, 0x00, 0xE0, 0x30, 0x18, 0x00,
    0xC0, 0xF1, 0x0F, 0x00, 0x80, 0xC1, 0x07, 0x00, 0x00, 0x00, 0x00, 0x60, 0x00, 0x00, 0x00, 0x60,
    0x00, 0x00, 0x00, 0x60, 0x00, 0x00, 0x00, 0x60, 0x00, 0x3C, 0x00, 0x60, 0x80, 0x3F, 0x00, 0x60,
    0xE0, 0x03, 0x00, 0x60, 0x78, 0x00, 0x00, 0x60, 0x0E, 0x00, 0x00, 0x60, 0x03, 0x00, 0x00, 0xE0,
    0x01, 0x00, 0x00, 0x60, 0x00, 0x00, 0x00, 0x00, 0x00, 0x80, 0x07, 0x00, 0x80, 0xC7, 0x1F, 0x00,
    0xC0, 0x6F, 0x18, 0x00, 0xE0, 0x38, 0x30, 0x00, 0x60, 0x30, 0x30, 0x00, 0x60, 0x30, 0x30, 0x00,
    0x60, 0x30, 0x30, 0x00, 0xE0, 0x38, 0x30, 0x00, 0xC0, 0x6F, 0x18, 0x00, 0x80, 0xC7, 0x1F, 0x00,
    0x00, 0x80, 0x07, 0x00, 0x00, 0x00, 0x00, 0x00, 0x1F, 0x0C, 0x00, 0x80, 0x7F, 0x1C, 0x00, 0xC0,
    0x61, 0x38, 0x00, 0x60, 0xC0, 0x30, 0x00, 0x60, 0xC0, 0x30, 0x00, 0x60, 0xC0, 0x30, 0x00, 0x60,
    0xC0, 0x30, 0x00, 0x60, 0x60, 0x18, 0x00, 0xC0, 0x31, 0x1E, 0x00, 0x80, 0xFF, 0x0F, 0x00, 0x00,
    0xFE, 0x01, 0x00, 0x00, 0x00, 0x00, 0x00, 0x00, 0x60, 0x00, 0x00, 0x00, 0x60, 0x00, 0x00, 0x00,
    0x60, 0x00, 0x00, 0x00, 0x60, 0x00, 0x3C, 0x00, 0x60, 0x80, 0x3F, 0x00, 0x60, 0xE0, 0x03, 0x00,
    0x60, 0x78, 0x00, 0x00, 0x60, 0x0E, 0x00, 0x00, 0x60, 0x03, 0x00, 0x00, 0xE0, 0x01, 0x00, 0x00,
    0x60, 0x00, 0x00, 0x00, 0x00, 0x00, 0x80, 0x07, 0x00, 0x80, 0xC7, 0x1F, 0x00, 0xC0, 0x6F, 0x18,
    0x00, 0xE0, 0x38, 0x30, 0x00, 0x60, 0x30, 0x30, 0x00, 0x60, 0x30, 0x30, 0x00, 0x60, 0x30, 0x30,
    0x00, 0xE0, 0x38, 0x30, 0x00, 0xC0, 0x6F, 0x18, 0x00, 0x80, 0xC7, 0x1F, 0x00, 0x00, 0x80, 0x07,
    0x00, 0x00, 0x00, 0x00, 0x00, 0x1F, 0x0C, 0x00, 0x80, 0x7F, 0x1C, 0x00, 0xC0, 0x61, 0x38, 0x00,
    0x60, 0xC0, 0x30, 0x00, 0x60, 0xC0, 0x30, 0x00, 0x60, 0xC0, 0x30, 0x00, 0x60, 0xC0, 0x30, 0x00,
    0x60, 0x60, 0x18, 0x00, 0xC0, 0x31, 0x1E, 0x00, 0x80, 0xFF, 0x0F, 0x00, 0x00, 0xFE, 0x01, 0x00,
    0x00, 0x00, 0x00, 0x00, 0x00, 0x00, 0x00, 0x00, 0x06, 0x30, 0x00, 0x00, 0x06, 0x30, 0x00, 0x00,
    0x00, 0x00, 0x00, 0x00, 0x00, 0x00, 0x00, 0x06, 0x30, 0x03, 0x00, 0x06, 0xF0, 0x01, 0x00, 0x00,
    0x00, 0x00, 0x00, 0x20, 0x00, 0x00, 0x00, 0x70, 0x00, 0x00, 0x00, 0x00, 0x00, 0x80, 0x07, 0x00,
    0x80, 0xC7, 0x1F, 0x00, 0xC0, 0x6F, 0x18, 0x00, 0xE0, 0x38, 0x30, 0x00, 0x60, 0x30, 0x30, 0x00,
    0x60, 0x30, 0x30, 0x00, 0x60, 0x30, 0x30, 0x00, 0xE0, 0x38, 0x30, 0x00, 0xC0, 0x6F, 0x18, 0x00,
    0x80, 0xC7, 0x1F, 0x00, 0x00, 0x80, 0x07, 0x00, 0x00, 0x00, 0x00, 0x00, 0x1F, 0x0C, 0x00, 0x80,
    0x7F, 0x1C, 0x00, 0xC0, 0x61, 0x38, 0x00, 0x60, 0xC0, 0x30, 0x00, 0x60, 0xC0, 0x30, 0x00, 0x60,
    0xC0, 0x30, 0x00, 0x60, 0xC0, 0x30, 0x00, 0x60, 0x60, 0x18, 0x00, 0xC0, 0x31, 0x1E, 0x00, 0x80,
    0xFF, 0x0F, 0x00, 0x00, 0xFE, 0x01, 0x00, 0x00, 0x00, 0x00, 0x00, 0x00, 0x00, 0x00, 0x00, 0x06,
    0x30, 0x00, 0x00, 0x06, 0x30, 0x00, 0x00, 0x00, 0x00, 0x00, 0x00, 0x00, 0x00, 0x00, 0x06, 0x30,
    0x03, 0x00, 0x06, 0xF0, 0x01, 0x00, 0x00, 0x00, 0x00, 0x00, 0x20, 0x00, 0x00, 0x00, 0x70, 0x00,
    0x00, 0x00, 0x50, 0x00, 0x00, 0x00, 0xD8, 0x00, 0x00, 0x00, 0xD8, 0x00, 0x00, 0x00, 0x8C, 0x01,
    0x00, 0x00, 0x8C, 0x01, 0x00, 0x00, 0x04, 0x01, 0x00, 0x00, 0x06, 0x03, 0x00, 0x00, 0x06, 0x03,
    0x00, 0x00, 0x03, 0x06, 0x00, 0x00, 0x00, 0x00, 0x00, 0x8C, 0x01, 0x00, 0x00, 0x8C, 0x01, 0x00,
    0x00, 0x8C, 0x01, 0x00, 0x00, 0x00, 0x00, 0x00, 0x00, 0x1F, 0x0C, 0x00, 0x80, 0x7F, 0x1C, 0x00,
    0xC0, 0x61, 0x38, 0x00, 0x60, 0xC0, 0x30, 0x00, 0x60, 0xC0, 0x30, 0x00, 0x60, 0xC0, 0x30, 0x00,
    0x60, 0xC0, 0x30, 0x00, 0x60, 0x60, 0x18, 0x00, 0xC0, 0x31, 0x1E, 0x00, 0x80, 0xFF, 0x0F, 0x00,
    0x00, 0xFE, 0x01, 0x00, 0x00, 0x00, 0x00, 0x00, 0x00, 0x00, 0x00, 0x00, 0x06, 0x30, 0x00, 0x00,
    0x06, 0x30, 0x00, 0x00, 0x00, 0x00, 0x00, 0x00, 0x00, 0x00, 0x00, 0x06, 0x30, 0x03, 0x00, 0x06,
    0xF0, 0x01, 0x00, 0x00, 0x00, 0x00, 0x00, 0x20, 0x00, 0x00, 0x00, 0x70, 0x00, 0x00, 0x00, 0x50,
    0x00, 0x00, 0x00, 0xD8, 0x00, 0x00, 0x00, 0xD8, 0x00, 0x00, 0x00, 0x8C, 0x01, 0x00, 0x00, 0x8C,
    0x01, 0x00, 0x00, 0x04, 0x01, 0x00, 0x00, 0x06, 0x03, 0x00, 0x00, 0x06, 0x03, 0x00, 0x00, 0x03,
    0x06, 0x00, 0x00, 0x00, 0x00, 0x00, 0x8C, 0x01, 0x00, 0x00, 0x8C, 0x01, 0x00, 0x00, 0x8C, 0x01,
    0x00, 0x00, 0x8C, 0x01, 0x00, 0x00, 0x8C, 0x01, 0x00, 0x00, 0x8C, 0x01, 0x00, 0x00, 0x8C, 0x01,
    0x00, 0x00, 0x8C, 0x01, 0x00, 0x00, 0x8C, 0x01, 0x00, 0x00, 0x8C, 0x01, 0x00, 0x00, 0x8C, 0x01,
    0x00, 0x00, 0x00, 0x00, 0x00, 0x03, 0x06, 0x00, 0x00, 0x06, 0x03, 0x00, 0x00, 0x06, 0x03, 0x00,
    0x00, 0x00, 0x00, 0x00, 0x00, 0x00, 0x00, 0x00, 0x00, 0x06, 0x30, 0x00, 0x00, 0x06, 0x30, 0x00,
    0x00, 0x00, 0x00, 0x00, 0x00, 0x00, 0x00, 0x00, 0x06, 0x30, 0x03, 0x00, 0x06, 0xF0, 0x01, 0x00,
    0x00, 0x00, 0x00, 0x00, 0x20, 0x00, 0x00, 0x00, 0x70, 0x00, 0x00, 0x00, 0x50, 0x00, 0x00, 0x00,
    0xD8, 0x00, 0x00, 0x00, 0xD8, 0x00, 0x00, 0x00, 0x8C, 0x01, 0x00, 0x00, 0x00, 0x00, 0x00, 0x00,
    0x00, 0x00, 0x00, 0x00, 0x00, 0x06, 0x30, 0x03, 0x00, 0x06, 0xF0, 0x01, 0x00, 0x00, 0x00, 0x00,
    0x00, 0x20, 0x00, 0x00, 0x00, 0x70, 0x00, 0x00, 0x00, 0x50, 0x00, 0x00, 0x00, 0xD8, 0x00, 0x00,
    0x00, 0xD8, 0x00, 0x00, 0x00, 0x8C, 0x01, 0x00, 0x00, 0x8C, 0x01, 0x00, 0x00, 0x04, 0x01, 0x00,
    0x00, 0x06, 0x03, 0x00, 0x00, 0x06, 0x03, 0x00, 0x00, 0x03, 0x06, 0x00, 0x00, 0x00, 0x00, 0x00,
    0x00, 0x20, 0x00, 0x00, 0x00, 0x70, 0x00, 0x00, 0x00, 0x50, 0x00, 0x00, 0x00, 0xD8, 0x00, 0x00,
    0x00, 0xD8, 0x00, 0x00, 0x00, 0x8C, 0x01, 0x00, 0x00, 0x8C, 0x01, 0x00, 0x00, 0x04, 0x01, 0x00,
    0x00, 0x06, 0x03, 0x00, 0x00, 0x06, 0x03, 0x00, 0x00, 0x03, 0x06, 0x00, 0x00, 0x00, 0x00, 0x00,
    0x8C, 0x01, 0x00, 0x00, 0x8C, 0x01, 0x00, 0x00, 0x8C, 0x01, 0x00, 0x00, 0x8C, 0x01, 0x00, 0x00,
    0x8C, 0x01, 0x00, 0x00, 0x8C, 0x01, 0x00, 0x00, 0x8C, 0x01, 0x00, 0x00, 0x8C, 0x01, 0x00, 0x00,
    0x8C, 0x01, 0x00, 0x00, 0x8C, 0x01, 0x00, 0x00, 0x8C, 0x01, 0x00, 0x00, 0x00, 0x00, 0x00, 0x03,
    0x06, 0x00, 0x00, 0x06, 0x03, 0x00, 0x00, 0x06, 0x03, 0x00, 0x00, 0x04, 0x01, 0x00, 0x00, 0x8C,
    0x01, 0x00, 0x00, 0x8C, 0x01, 0x00, 0x00, 0xD8, 0x00, 0x00, 0x00, 0xD8, 0x00, 0x00, 0x00, 0x50,
    0x00, 0x00, 0x00, 0x70, 0x00, 0x00, 0x00, 0x20, 0x00, 0x00, 0x00, 0x00, 0x00, 0x03, 0x00, 0x00,
    0x80, 0x03, 0x00, 0x00, 0xC0, 0x01, 0x00, 0x00, 0xE0, 0x00, 0x00, 0x00, 0x60, 0x80, 0x33, 0x00,
    0x60, 0xC0, 0x33, 0x00, 0x60, 0xE0, 0x00, 0x00, 0x60, 0x30, 0x00, 0x00, 0xC0, 0x38, 0x00, 0x00,
    0xC0, 0x1F, 0x00, 0x00, 0x00, 0x07, 0x00, 0x00, 0x00, 0x00, 0x00, 0x00, 0x00, 0x8C, 0x01, 0x00,
    0x00, 0x8C, 0x01, 0x00, 0x00, 0x8C, 0x01, 0x00, 0x00, 0x8C, 0x01, 0x00, 0x00, 0x8C, 0x01, 0x00,
    0x00, 0x8C, 0x01, 0x00, 0x00, 0x8C, 0x01, 0x00, 0x00, 0x8C, 0x01, 0x00, 0x00, 0x8C, 0x01, 0x00,
    0x00, 0x8C, 0x01, 0x00, 0x00, 0x8C, 0x01, 0x00, 0x00, 0x00, 0x00, 0x00, 0x03, 0x06, 0x00, 0x00,
    0x06, 0x03, 0x00, 0x00, 0x06, 0x03, 0x00, 0x00, 0x04, 0x01, 0x00, 0x00, 0x8C, 0x01, 0x00, 0x00,
    0x8C, 0x01, 0x00, 0x00, 0xD8, 0x00, 0x00, 0x00, 0xD8, 0x00, 0x00, 0x00, 0x50, 0x00, 0x00, 0x00,
    0x70, 0x00, 0x00, 0x00, 0x20, 0x00, 0x00, 0x00, 0x00, 0x00, 0x03, 0x00, 0x00, 0x80, 0x03, 0x00,
    0x00, 0xC0, 0x01, 0x00, 0x00, 0xE0, 0x00, 0x00, 0x00, 0x60, 0x80, 0x33, 0x00, 0x60, 0xC0, 0x33,
    0x00, 0x60, 0xE0, 0x00, 0x00, 0x60, 0x30, 0x00, 0x00, 0xC0, 0x38, 0x00, 0x00, 0xC0, 0x1F, 0x00,
    0x00, 0x00, 0x07, 0x00, 0x00, 0x00, 0x00, 0x00, 0xE0, 0x0F, 0x00, 0x00, 0xF8, 0x3F, 0x00, 0x00,
    0x1E, 0xF0, 0x00, 0x00, 0x07, 0xC0, 0x01, 0x80, 0xC3, 0x87, 0x01, 0xC0, 0xF1, 0x9F, 0x03, 0xC0,
    0x38, 0x18, 0x03, 0xC0, 0x0C, 0x30, 0x03, 0x60, 0x0E, 0x30, 0x06, 0x60, 0x06, 0x30, 0x06, 0x60,
    0x06, 0x18, 0x06, 0x60, 0x00, 0x00, 0x00, 0x00, 0x00, 0x03, 0x06, 0x00, 0x00, 0x06, 0x03, 0x00,
    0x00, 0x06, 0x03, 0x00, 0x00, 0x04, 0x01, 0x00, 0x00, 0x8C, 0x01, 0x00, 0x00, 0x8C, 0x01, 0x00,
    0x00, 0xD8, 0x00, 0x00, 0x00, 0xD8, 0x00, 0x00, 0x00, 0x50, 0x00, 0x00, 0x00, 0x70, 0x00, 0x00,
    0x00, 0x20, 0x00, 0x00, 0x00, 0x00, 0x00, 0x03, 0x00, 0x00, 0x80, 0x03, 0x00, 0x00, 0xC0, 0x01,
    0x00, 0x00, 0xE0, 0x00, 0x00, 0x00, 0x60, 0x80, 0x33, 0x00, 0x60, 0xC0, 0x33, 0x00, 0x60, 0xE0,
    0x00, 0x00, 0x60, 0x30, 0x00, 0x00, 0xC0, 0x38, 0x00, 0x00, 0xC0, 0x1F, 0x00, 0x00, 0x00, 0x07,
    0x00, 0x00, 0x00, 0x00, 0x00, 0xE0, 0x0F, 0x00, 0x00, 0xF8, 0x3F, 0x00, 0x00, 0x1E, 0xF0, 0x00,
    0x00, 0x07, 0xC0, 0x01, 0x80, 0xC3, 0x87, 0x01, 0xC0, 0xF1, 0x9F, 0x03, 0xC0, 0x38, 0x18, 0x03,
    0xC0, 0x0C, 0x30, 0x03, 0x60, 0x0E, 0x30, 0x06, 0x60, 0x06, 0x30, 0x06, 0x60, 0x06, 0x18, 0x06,
    0x60, 0x06, 0x0C, 0x06, 0x60, 0x0C, 0x1E, 0x06, 0x60, 0xF8, 0x3F, 0x06, 0xE0, 0xFE, 0x31, 0x06,
    0xC0, 0x0E, 0x30, 0x06, 0xC0, 0x01, 0x18, 0x03, 0x80, 0x03, 0x1C, 0x03, 0x00, 0x07, 0x8F, 0x01,
    0x00, 0xFE, 0x87, 0x01, 0x00, 0xF8, 0xC1, 0x00, 0x00, 0x00, 0x40, 0x00, 0x00, 0x00, 0x00, 0x00,
    0x00, 0x03, 0x00, 0x00, 0x80, 0x03, 0x00, 0x00, 0xC0, 0x01, 0x00, 0x00, 0xE0, 0x00, 0x00, 0x00,
    0x60, 0x80, 0x33, 0x00, 0x60, 0xC0, 0x33, 0x00, 0x60, 0xE0, 0x00, 0x00, 0x60, 0x30, 0x00, 0x00,
    0xC0, 0x38, 0x00, 0x00, 0xC0, 0x1F, 0x00, 0x00, 0x00, 0x07, 0x00, 0x00, 0x00, 0x00, 0x00, 0xE0,
    0x0F, 0x00, 0x00, 0xF8, 0x3F, 0x00, 0x00, 0x1E, 0xF0, 0x00, 0x00, 0x07, 0xC0, 0x01, 0x80, 0xC3,
    0x87, 0x01, 0xC0, 0xF1, 0x9F, 0x03, 0xC0, 0x38, 0x18, 0x03, 0xC0, 0x0C, 0x30, 0x03, 0x60, 0x0E,
    0x30, 0x06, 0x60, 0x06, 0x30, 0x06, 0x60, 0x06, 0x18, 0x06, 0x60, 0x06, 0x0C, 0x06, 0x60, 0x0C,
    0x1E, 0x06, 0x60, 0xF8, 0x3F, 0x06, 0xE0, 0xFE, 0x31, 0x06, 0xC0, 0x0E, 0x30, 0x06, 0xC0, 0x01,
    0x18, 0x03, 0x80, 0x03, 0x1C, 0x03, 0x00, 0x07, 0x8F, 0x01, 0x00, 0xFE, 0x87, 0x01, 0x00, 0xF8,
    0xC1, 0x00, 0x00, 0x00, 0x40, 0x00, 0x00, 0x30, 0x00, 0x00, 0x00, 0x3E, 0x00, 0x00, 0x80, 0x0F,
    0x00, 0x00, 0xF0, 0x03, 0x00, 0x00, 0xFE, 0x01, 0x00, 0x80, 0x8F, 0x01, 0x00, 0xE0, 0x83, 0x01,
    0x00, 0x60, 0x80, 0x01, 0x00, 0xE0, 0x83, 0x01, 0x00, 0x80, 0x8F, 0x01, 0x00, 0x00, 0xFE, 0x01,
    0x00, 0x00, 0xF0, 0x03, 0x00, 0x00, 0x00, 0x00, 0x00, 0xE0, 0x0F, 0x00, 0x00, 0xF8, 0x3F, 0x00,
    0x00, 0x1E, 0xF0, 0x00, 0x00, 0x07, 0xC0, 0x01, 0x80, 0xC3, 0x87, 0x01, 0xC0, 0xF1, 0x9F, 0x03,
    0xC0, 0x38, 0x18, 0x03, 0xC0, 0x0C, 0x30, 0x03, 0x60, 0x0E, 0x30, 0x06, 0x60, 0x06, 0x30, 0x06,
    0x60, 0x06, 0x18, 0x06, 0x60, 0x06, 0x0C, 0x06, 0x60, 0x0C, 0x1E, 0x06, 0x60, 0xF8, 0x3F, 0x06,
    0xE0, 0xFE, 0x31, 0x06, 0xC0, 0x0E, 0x30, 0x06, 0xC0, 0x01, 0x18, 0x03, 0x80, 0x03, 0x1C, 0x03,
    0x00, 0x07, 0x8F, 0x01, 0x00, 0xFE, 0x87, 0x01, 0x00, 0xF8, 0xC1, 0x00, 0x00, 0x00, 0x40, 0x00,
    0x00, 0x30, 0x00, 0x00, 0x00, 0x3E, 0x00, 0x00, 0x80, 0x0F, 0x00, 0x00, 0xF0, 0x03, 0x00, 0x00,
    0xFE, 0x01, 0x00, 0x80, 0x8F, 0x01, 0x00, 0xE0, 0x83, 0x01, 0x00, 0x60, 0x80, 0x01, 0x00, 0xE0,
    0x83, 0x01, 0x00, 0x80, 0x8F, 0x01, 0x00, 0x00, 0xFE, 0x01, 0x00, 0x00, 0xF0, 0x03, 0x00, 0x00,
    0x80, 0x0F, 0x00, 0x00, 0x00, 0x3E, 0x00, 0x00, 0x00, 0x30, 0x00, 0x00, 0x00, 0x00, 0x00, 0x00,
    0x00, 0x00, 0xE0, 0xFF, 0x3F, 0x00, 0xE0, 0xFF, 0x3F, 0x00, 0x60, 0x30, 0x30, 0x00, 0x60, 0x30,
    0x30, 0x00, 0x60, 0x30, 0x30, 0x00, 0x60, 0x30, 0x30, 0x00, 0x60, 0x30, 0x30, 0x00, 0x60, 0x30,
    0x30, 0x00, 0x60, 0x30, 0x30, 0x00, 0xC0, 0x78, 0x30, 0x00, 0xC0, 0xFF, 0x18, 0x00, 0x80, 0xC7,
    0x1F, 0x00, 0x00, 0x80, 0x07, 0x00, 0x00, 0x00, 0x00, 0x00, 0xFC, 0x01, 0x00, 0x00, 0xFF, 0x07,
    0x00, 0x80, 0x07, 0x0F, 0x00, 0xC0, 0x01, 0x1C, 0x00, 0xC0, 0x00, 0x18, 0x00, 0x60, 0x00, 0x30,
    0x00, 0x60, 0x00, 0x30, 0x00, 0x60, 0x00, 0x30, 0x00, 0x60, 0x00, 0x30, 0x00, 0x60, 0x00, 0x30,
    0x00, 0x60, 0x00, 0x30, 0x00, 0xC0, 0x00, 0x18, 0x00, 0xC0, 0x01, 0x1C, 0x00, 0x80, 0x03, 0x0F,
    0x00, 0x00, 0x02, 0x03, 0x00, 0x00, 0x00, 0x00, 0x00, 0x00, 0x00, 0x00, 0xE0, 0xFF, 0x3F, 0x00,
    0xE0, 0xFF, 0x3F, 0x00, 0x60, 0x00, 0x30, 0x00, 0x60, 0x00, 0x30, 0x00, 0x60, 0x00, 0x30, 0x00,
    0x60, 0x00, 0x30, 0x00, 0x60, 0x00, 0x30, 0x00, 0x60, 0x00, 0x30, 0x00, 0x60, 0x00, 0x30, 0x00,
    0xE0, 0x00, 0x18, 0x00, 0xC0, 0x01, 0x1C, 0x00, 0x80, 0x03, 0x0E, 0x00, 0x00, 0xFF, 0x07, 0x00,
    0x00, 0xFC, 0x01, 0x00, 0x00, 0x00, 0x00, 0x00, 0x00, 0x00, 0x00, 0xE0, 0xFF, 0x3F, 0x00, 0xE0,
    0xFF, 0x3F, 0x00, 0x60, 0x30, 0x30, 0x00, 0x60, 0x30, 0x30, 0x00, 0x60, 0x30, 0x30, 0x00, 0x60,
    0x00, 0x00, 0x30, 0x00, 0x00, 0x00, 0x3E, 0x00, 0x00, 0x80, 0x0F, 0x00, 0x00, 0xF0, 0x03, 0x00,
    0x00, 0xFE, 0x01, 0x00, 0x80, 0x8F, 0x01, 0x00, 0xE0, 0x83, 0x01, 0x00, 0x60, 0x80, 0x01, 0x00,
    0xE0, 0x83, 0x01, 0x00, 0x80, 0x8F, 0x01, 0x00, 0x00, 0xFE, 0x01, 0x00, 0x00, 0xF0, 0x03, 0x00,
    0x00, 0x80, 0x0F, 0x00, 0x00, 0x00, 0x3E, 0x00, 0x00, 0x00, 0x30, 0x00, 0x00, 0x00, 0x00, 0x00,
    0x00, 0x00, 0x00, 0xE0, 0xFF, 0x3F, 0x00, 0xE0, 0xFF, 0x3F, 0x00, 0x60, 0x30, 0x30, 0x00, 0x60,
    0x30, 0x30, 0x00, 0x60, 0x30, 0x30, 0x00, 0x60, 0x30, 0x30, 0x00, 0x60, 0x30, 0x30, 0x00, 0x60,
    0x30, 0x30, 0x00, 0x60, 0x30, 0x30, 0x00, 0xC0, 0x78, 0x30, 0x00, 0xC0, 0xFF, 0x18, 0x00, 0x80,
    0xC7, 0x1F, 0x00, 0x00, 0x80, 0x07, 0x00, 0x00, 0x00, 0x00, 0x00, 0xFC, 0x01, 0x00, 0x00, 0xFF,
    0x07, 0x00, 0x80, 0x07, 0x0F, 0x00, 0xC0, 0x01, 0x1C, 0x00, 0xC0, 0x00, 0x18, 0x00, 0x60, 0x00,
    0x30, 0x00, 0x60, 0x00, 0x30, 0x00, 0x60, 0x00, 0x30, 0x00, 0x60, 0x00, 0x30, 0x00, 0x60, 0x00,
    0x30, 0x00, 0x60, 0x00, 0x30, 0x00, 0xC0, 0x00, 0x18, 0x00, 0xC0, 0x01, 0x1C, 0x00, 0x80, 0x03,
    0x0F, 0x00, 0x00, 0x02, 0x03, 0x00, 0x00, 0x00, 0x00, 0x00, 0x00, 0x00, 0x00, 0xE0, 0xFF, 0x3F,
    0x00, 0xE0, 0xFF, 0x3F, 0x00, 0x60, 0x00, 0x30, 0x00, 0x60, 0x00, 0x30, 0x00, 0x60, 0x00, 0x30,
    0x00, 0x60, 0x00, 0x30, 0x00, 0x60, 0x00, 0x30, 0x00, 0x60, 0x00, 0x30, 0x00, 0x60, 0x00, 0x30,
    0x00, 0xE0, 0x00, 0x18, 0x00, 0xC0, 0x01, 0x1C, 0x00, 0x80, 0x03, 0x0E, 0x00, 0x00, 0x00, 0x00,
    0x00, 0x00, 0x00, 0x00, 0xE0, 0xFF, 0x3F, 0x00, 0xE0, 0xFF, 0x3F, 0x00, 0x60, 0x30, 0x30, 0x00,
    0x60, 0x30, 0x30, 0x00, 0x60, 0x30, 0x30, 0x00, 0x60, 0x30, 0x30, 0x00, 0x60, 0x30, 0x30, 0x00,
    0x60, 0x30, 0x30, 0x00, 0x60, 0x30, 0x30, 0x00, 0xC0, 0x78, 0x30, 0x00, 0xC0, 0xFF, 0x18, 0x00,
    0x80, 0xC7, 0x1F, 0x00, 0x00, 0x80, 0x07, 0x00, 0x00, 0x00, 0x00, 0x00, 0xFC, 0x01, 0x00, 0x00,
    0xFF, 0x07, 0x00, 0x80, 0x07, 0x0F, 0x00, 0xC0, 0x01, 0x1C, 0x00, 0xC0, 0x00, 0x18, 0x00, 0x60,
    0x00, 0x30, 0x00, 0x60, 0x00, 0x30, 0x00, 0x60, 0x00, 0x30, 0x00, 0x60, 0x00, 0x30, 0x00, 0x60,
    0x00, 0x30, 0x00, 0x60, 0x00, 0x30, 0x00, 0xC0, 0x00, 0x18, 0x00, 0xC0, 0x01, 0x1C, 0x00, 0x80,
    0x03, 0x0F, 0x00, 0x00, 0x02, 0x03, 0x00, 0x00, 0x00, 0x00, 0x00, 0x00, 0x00, 0x00, 0xE0, 0xFF,
    0x3F, 0x00, 0xE0, 0xFF, 0x3F, 0x00, 0x60, 0x00, 0x30, 0x00, 0x60, 0x00, 0x30, 0x00, 0x60, 0x00,
    0x30, 0x00, 0x60, 0x00, 0x30, 0x00, 0x60, 0x00, 0x30, 0x00, 0x60, 0x00, 0x30, 0x00, 0x60, 0x00,
    0x30, 0x00, 0xE0, 0x00, 0x18, 0x00, 0xC0, 0x01, 0x1C, 0x00, 0x80, 0x03, 0x0E, 0x00, 0x00, 0xFF,
    0x07, 0x00, 0x00, 0xFC, 0x01, 0x00, 0x00, 0x00, 0x00, 0x00, 0x00, 0x00, 0x00, 0xE0, 0xFF, 0x3F,
    0x00, 0xE0, 0xFF, 0x3F, 0x00, 0x60, 0x30, 0x30, 0x00, 0x60, 0x30, 0x30, 0x00, 0x60, 0x30, 0x30,
    0x00, 0x60, 0x30, 0x30, 0x00, 0x60, 0x30, 0x30, 0x00, 0x60, 0x30, 0x30, 0x00, 0x60, 0x30, 0x30,
    0x00, 0x60, 0x30, 0x30, 0x00, 0x60, 0x30, 0x30, 0x00, 0x00, 0x00, 0x00, 0x00, 0xFC, 0x01, 0x00,
    0x00, 0xFF, 0x07, 0x00, 0x80, 0x07, 0x0F, 0x00, 0xC0, 0x01, 0x1C, 0x00, 0xC0, 0x00, 0x18, 0x00,
    0x60, 0x00, 0x30, 0x00, 0x60, 0x00, 0x30, 0x00, 0x60, 0x00, 0x30, 0x00, 0x60, 0x00, 0x30, 0x00,
    0x60, 0x00, 0x30, 0x00, 0x60, 0x00, 0x30, 0x00, 0xC0, 0x00, 0x18, 0x00, 0xC0, 0x01, 0x1C, 0x00,
    0x80, 0x03, 0x0F, 0x00, 0x00, 0x02, 0x03, 0x00, 0x00, 0x00, 0x00, 0x00, 0x00, 0x00, 0x00, 0xE0,
    0xFF, 0x3F, 0x00, 0xE0, 0xFF, 0x3F, 0x00, 0x60, 0x00, 0x30, 0x00, 0x60, 0x00, 0x30, 0x00, 0x60,
    0x00, 0x30, 0x00, 0x60, 0x00, 0x30, 0x00, 0x60, 0x00, 0x30, 0x00, 0x60, 0x00, 0x30, 0x00, 0x60,
    0x00, 0x30, 0x00, 0xE0, 0x00, 0x18, 0x00, 0xC0, 0x01, 0x1C, 0x00, 0x80, 0x03, 0x0E, 0x00, 0x00,
    0xFF, 0x07, 0x00, 0x00, 0xFC, 0x01, 0x00, 0x00, 0x00, 0x00, 0x00, 0x00, 0x00, 0x00, 0xE0, 0xFF,
    0x3F, 0x00, 0xE0, 0xFF, 0x3F, 0x00, 0x60, 0x30, 0x30, 0x00, 0x60, 0x30, 0x30, 0x00, 0x60, 0x30,
    0x30, 0x00, 0x60, 0x30, 0x30, 0x00, 0x60, 0x30, 0x30, 0x00, 0x60, 0x30, 0x30, 0x00, 0x60, 0x30,
    0x30, 0x00, 0x60, 0x30, 0x30, 0x00, 0x60, 0x30, 0x30, 0x00, 0x60, 0x30, 0x30, 0x00, 0x60, 0x00,
    0x30, 0x00, 0x00, 0x00, 0x00, 0x00, 0x00, 0x00, 0x00, 0xE0, 0xFF, 0x3F, 0x00, 0xE0, 0xFF, 0x3F,
    0x00, 0x60, 0x30, 0x00, 0x00, 0x60, 0x30, 0x00, 0x00, 0x60, 0x30, 0x00, 0x00, 0x60, 0x30, 0x00,
    0x00, 0x60, 0x30, 0x00, 0x00, 0x60, 0x30, 0x00, 0x00, 0x60, 0x30, 0x00, 0x00, 0x60, 0x30, 0x00,
    0x00, 0x60, 0x30, 0x00, 0x00, 0x60, 0x00, 0x00, 0x00, 0x00, 0x00, 0xFC, 0x01, 0x00, 0x00, 0xFF,
    0x07, 0x00, 0x80, 0x07, 0x00, 0x00, 0x00, 0x00, 0x00, 0x00, 0x00, 0x00, 0xE0, 0xFF, 0x3F, 0x00,
    0xE0, 0xFF, 0x3F, 0x00, 0x60, 0x00, 0x30, 0x00, 0x60, 0x00, 0x30, 0x00, 0x60, 0x00, 0x30, 0x00,
    0x60, 0x00, 0x30, 0x00, 0x60, 0x00, 0x30, 0x00, 0x60, 0x00, 0x30, 0x00, 0x60, 0x00, 0x30, 0x00,
    0xE0, 0x00, 0x18, 0x00, 0xC0, 0x01, 0x1C, 0x00, 0x80, 0x03, 0x0E, 0x00, 0x00, 0xFF, 0x07, 0x00,
    0x00, 0xFC, 0x01, 0x00, 0x00, 0x00, 0x00, 0x00, 0x00, 0x00, 0x00, 0xE0, 0xFF, 0x3F, 0x00, 0xE0,
    0xFF, 0x3F, 0x00, 0x60, 0x30, 0x30, 0x00, 0x60, 0x30, 0x30, 0x00, 0x60, 0x30, 0x30, 0x00, 0x60,
    0x30, 0x30, 0x00, 0x60, 0x30, 0x30, 0x00, 0x60, 0x30, 0x30, 0x00, 0x60, 0x30, 0x30, 0x00, 0x60,
    0x30, 0x30, 0x00, 0x60, 0x30, 0x30, 0x00, 0x60, 0x30, 0x30, 0x00, 0x60, 0x00, 0x30, 0x00, 0x00,
    0x00, 0x00, 0x00, 0x00, 0x00, 0x00, 0xE0, 0xFF, 0x3F, 0x00, 0xE0, 0xFF, 0x3F, 0x00, 0x60, 0x30,
    0x00, 0x00, 0x60, 0x30, 0x00, 0x00, 0x60, 0x30, 0x00, 0x00, 0x60, 0x30, 0x00, 0x00, 0x60, 0x30,
    0x00, 0x00, 0x60, 0x30, 0x00, 0x00, 0x60, 0x30, 0x00, 0x00, 0x60, 0x30, 0x00, 0x00, 0x60, 0x30,
    0x00, 0x00, 0x60, 0x00, 0x00, 0x00, 0x00, 0x00, 0xFC, 0x01, 0x00, 0x00, 0xFF, 0x07, 0x00, 0x80,
    0x07, 0x0F, 0x00, 0xC0, 0x01, 0x1C, 0x00, 0xC0, 0x00, 0x18, 0x00, 0xE0, 0x00, 0x18, 0x00, 0x60,
    0x00, 0x30, 0x00, 0x60, 0x00, 0x30, 0x00, 0x60, 0x00, 0x30, 0x00, 0x60, 0x60, 0x30, 0x00, 0x60,
    0x60, 0x30, 0x00, 0xE0, 0x60, 0x38, 0x00, 0xC0, 0x60, 0x18, 0x00, 0xC0, 0x61, 0x18, 0x00, 0x80,
    0xE3, 0x0F, 0x00, 0x00, 0xE2, 0x0F, 0x00, 0x00, 0x00, 0x00, 0x00, 0x00, 0x00, 0x00, 0xE0, 0xFF,
    0x00, 0x00, 0x00, 0x00, 0x00, 0x00, 0x00, 0x00, 0xE0, 0xFF, 0x3F, 0x00, 0xE0, 0xFF, 0x3F, 0x00,
    0x60, 0x30, 0x30, 0x00, 0x60, 0x30, 0x30, 0x00, 0x60, 0x30, 0x30, 0x00, 0x60, 0x30, 0x30, 0x00,
    0x60, 0x30, 0x30, 0x00, 0x60, 0x30, 0x30, 0x00, 0x60, 0x30, 0x30, 0x00, 0x60, 0x30, 0x30, 0x00,
    0x60, 0x30, 0x30, 0x00, 0x60, 0x30, 0x30, 0x00, 0x60, 0x00, 0x30, 0x00, 0x00, 0x00, 0x00, 0x00,
    0x00, 0x00, 0x00, 0xE0, 0xFF, 0x3F, 0x00, 0xE0, 0xFF, 0x3F, 0x00, 0x60, 0x30, 0x00, 0x00, 0x60,
    0x30, 0x00, 0x00, 0x60, 0x30, 0x00, 0x00, 0x60, 0x30, 0x00, 0x00, 0x60, 0x30, 0x00, 0x00, 0x60,
    0x30, 0x00, 0x00, 0x60, 0x30, 0x00, 0x00, 0x60, 0x30, 0x00, 0x00, 0x60, 0x30, 0x00, 0x00, 0x60,
    0x00, 0x00, 0x00, 0x00, 0x00, 0xFC, 0x01, 0x00, 0x00, 0xFF, 0x07, 0x00, 0x80, 0x07, 0x0F, 0x00,
    0xC0, 0x01, 0x1C, 0x00, 0xC0, 0x00, 0x18, 0x00, 0xE0, 0x00, 0x18, 0x00, 0x60, 0x00, 0x30, 0x00,
    0x60, 0x00, 0x30, 0x00, 0x60, 0x00, 0x30, 0x00, 0x60, 0x60, 0x30, 0x00, 0x60, 0x60, 0x30, 0x00,
    0xE0, 0x60, 0x38, 0x00, 0xC0, 0x60, 0x18, 0x00, 0xC0, 0x61, 0x18, 0x00, 0x80, 0xE3, 0x0F, 0x00,
    0x00, 0xE2, 0x0F, 0x00, 0x00, 0x00, 0x00, 0x00, 0x00, 0x00, 0x00, 0xE0, 0xFF, 0x3F, 0x00, 0xE0,
    0xFF, 0x3F, 0x00, 0x00, 0x30, 0x00, 0x00, 0x00, 0x30, 0x00, 0x00, 0x00, 0x30, 0x00, 0x00, 0x00,
    0x30, 0x00, 0x00, 0x00, 0x30, 0x00, 0x00, 0x00, 0x30, 0x00, 0x00, 0x00, 0x30, 0x00, 0x00, 0x00,
    0x30, 0x00, 0x00, 0x00, 0x30, 0x00, 0x00, 0xE0, 0xFF, 0x3F, 0x00, 0xE0, 0x00, 0x00, 0x00, 0x00,
    0x00, 0x00, 0x00, 0x00, 0xE0, 0xFF, 0x3F, 0x00, 0xE0, 0xFF, 0x3F, 0x00, 0x60, 0x30, 0x00, 0x00,
    0x60, 0x30, 0x00, 0x00, 0x60, 0x30, 0x00, 0x00, 0x60, 0x30, 0x00, 0x00, 0x60, 0x30, 0x00, 0x00,
    0x60, 0x30, 0x00, 0x00, 0x60, 0x30, 0x00, 0x00, 0x60, 0x30, 0x00, 0x00, 0x60, 0x30, 0x00, 0x00,
    0x60, 0x00, 0x00, 0x00, 0x00, 0x00, 0xFC, 0x01, 0x00, 0x00, 0xFF, 0x07, 0x00, 0x80, 0x07, 0x0F,
    0x00, 0xC0, 0x01, 0x1C, 0x00, 0xC0, 0x00, 0x18, 0x00, 0xE0, 0x00, 0x18, 0x00, 0x60, 0x00, 0x30,
    0x00, 0x60, 0x00, 0x30, 0x00, 0x60, 0x00, 0x30, 0x00, 0x60, 0x60, 0x30, 0x00, 0x60, 0x60, 0x30,
    0x00, 0xE0, 0x60, 0x38, 0x00, 0xC0, 0x60, 0x18, 0x00, 0xC0, 0x61, 0x18, 0x00, 0x80, 0xE3, 0x0F,
    0x00, 0x00, 0xE2, 0x0F, 0x00, 0x00, 0x00, 0x00, 0x00, 0x00, 0x00, 0x00, 0xE0, 0xFF, 0x3F, 0x00,
    0xE0, 0xFF, 0x3F, 0x00, 0x00, 0x30, 0x00, 0x00, 0x00, 0x30, 0x00, 0x00, 0x00, 0x30, 0x00, 0x00,
    0x00, 0x30, 0x00, 0x00, 0x00, 0x30, 0x00, 0x00, 0x00, 0x30, 0x00, 0x00, 0x00, 0x30, 0x00, 0x00,
    0x00, 0x30, 0x00, 0x00, 0x00, 0x30, 0x00, 0x00, 0xE0, 0xFF, 0x3F, 0x00, 0xE0, 0xFF, 0x3F, 0x00,
    0x00, 0x00, 0x00, 0x00, 0x00, 0x00, 0x00, 0xE0, 0xFF, 0x3F, 0x00, 0xE0, 0xFF, 0x3F, 0x00, 0x00,
    0x00, 0x00, 0x00, 0x00, 0x0E, 0x00, 0x00, 0x00, 0x1E, 0x00, 0x00, 0x00, 0x38, 0x00, 0x00, 0x00,
    0x00, 0x00, 0x00, 0x00, 0x00, 0xFC, 0x01, 0x00, 0x00, 0xFF, 0x07, 0x00, 0x80, 0x07, 0x0F, 0x00,
    0xC0, 0x01, 0x1C, 0x00, 0xC0, 0x00, 0x18, 0x00, 0xE0, 0x00, 0x18, 0x00, 0x60, 0x00, 0x30, 0x00,
    0x60, 0x00, 0x30, 0x00, 0x60, 0x00, 0x30, 0x00, 0x60, 0x60, 0x30, 0x00, 0x60, 0x60, 0x30, 0x00,
    0xE0, 0x60, 0x38, 0x00, 0xC0, 0x60, 0x18, 0x00, 0xC0, 0x61, 0x18, 0x00, 0x80, 0xE3, 0x0F, 0x00,
    0x00, 0xE2, 0x0F, 0x00, 0x00, 0x00, 0x00, 0x00, 0x00, 0x00, 0x00, 0xE0, 0xFF, 0x3F, 0x00, 0xE0,
    0xFF, 0x3F, 0x00, 0x00, 0x30, 0x00, 0x00, 0x00, 0x30, 0x00, 0x00, 0x00, 0x30, 0x00, 0x00, 0x00,
    0x30, 0x00, 0x00, 0x00, 0x30, 0x00, 0x00, 0x00, 0x30, 0x00, 0x00, 0x00, 0x30, 0x00, 0x00, 0x00,
    0x30, 0x00, 0x00, 0x00, 0x30, 0x00, 0x00, 0xE0, 0xFF, 0x3F, 0x00, 0xE0, 0xFF, 0x3F, 0x00, 0x00,
    0x00, 0x00, 0x00, 0x00, 0x00, 0x00, 0xE0, 0xFF, 0x3F, 0x00, 0xE0, 0xFF, 0x3F, 0x00, 0x00, 0x00,
    0x00, 0x00, 0x00, 0x0E, 0x00, 0x00, 0x00, 0x1E, 0x00, 0x00, 0x00, 0x38, 0x00, 0x00, 0x00, 0x30,
    0x00, 0x00, 0x00, 0x30, 0x00, 0x00, 0x00, 0x30, 0x00, 0x00, 0x00, 0x38, 0x00, 0xE0, 0xFF, 0x1F,
    0x00, 0xE0, 0xFF, 0x0F, 0x00, 0x00, 0x00, 0x00, 0x00, 0x00, 0x00, 0x00, 0xE0, 0xFF, 0x3F, 0x00,
    0xE0, 0xFF, 0x3F, 0x00, 0x00, 0xE0, 0x00, 0x00, 0x00, 0x70, 0x00, 0x00, 0x00, 0x38, 0x00, 0x00,
    0x00, 0x7C, 0x00, 0x00, 0x00, 0xFE, 0x00, 0x00, 0x00, 0xE7, 0x01, 0x00, 0x80, 0x83, 0x07, 0x00,
    0xC0, 0x01, 0x0F, 0x00, 0xE0, 0x00, 0x1E, 0x00, 0x60, 0x00, 0x38, 0x00, 0x20, 0x00, 0x30, 0x00,
    0x00, 0x00, 0x20, 0x00, 0x00, 0x00, 0x00, 0x00, 0x00, 0x00, 0x00, 0xE0, 0xFF, 0x3F, 0x00, 0xE0,
    0xFF, 0x3F, 0x00, 0x00, 0x00, 0x30, 0x00, 0x00, 0x00, 0x30, 0x00, 0x00, 0x00, 0x00, 0x00, 0x00,
    0x00, 0x00, 0x00, 0x00, 0xE0, 0xFF, 0x3F, 0x00, 0xE0, 0xFF, 0x3F, 0x00, 0x00, 0x30, 0x00, 0x00,
    0x00, 0x30, 0x00, 0x00, 0x00, 0x30, 0x00, 0x00, 0x00, 0x30, 0x00, 0x00, 0x00, 0x30, 0x00, 0x00,
    0x00, 0x30, 0x00, 0x00, 0x00, 0x30, 0x00, 0x00, 0x00, 0x30, 0x00, 0x00, 0x00, 0x30, 0x00, 0x00,
    0xE0, 0xFF, 0x3F, 0x00, 0xE0, 0xFF, 0x3F, 0x00, 0x00, 0x00, 0x00, 0x00, 0x00, 0x00, 0x00, 0xE0,
    0xFF, 0x3F, 0x00, 0xE0, 0xFF, 0x3F, 0x00, 0x00, 0x00, 0x00, 0x00, 0x00, 0x0E, 0x00, 0x00, 0x00,
    0x1E, 0x00, 0x00, 0x00, 0x38, 0x00, 0x00, 0x00, 0x30, 0x00, 0x00, 0x00, 0x30, 0x00, 0x00, 0x00,
    0x30, 0x00, 0x00, 0x00, 0x38, 0x00, 0xE0, 0xFF, 0x1F, 0x00, 0xE0, 0xFF, 0x0F, 0x00, 0x00, 0x00,
    0x00, 0x00, 0x00, 0x00, 0x00, 0xE0, 0xFF, 0x3F, 0x00, 0xE0, 0xFF, 0x3F, 0x00, 0x00, 0xE0, 0x00,
    0x00, 0x00, 0x70, 0x00, 0x00, 0x00, 0x38, 0x00, 0x00, 0x00, 0x7C, 0x00, 0x00, 0x00, 0xFE, 0x00,
    0x00, 0x00, 0xE7, 0x01, 0x00, 0x80, 0x83, 0x07, 0x00, 0xC0, 0x01, 0x0F, 0x00, 0xE0, 0x00, 0x1E,
    0x00, 0x60, 0x00, 0x38, 0x00, 0x20, 0x00, 0x30, 0x00, 0x00, 0x00, 0x20, 0x00, 0x00, 0x00, 0x00,
    0x00, 0x00, 0x00, 0x00, 0xE0, 0xFF, 0x3F, 0x00, 0xE0, 0xFF, 0x3F, 0x00, 0x00, 0x00, 0x30, 0x00,
    0x00, 0x00, 0x30, 0x00, 0x00, 0x00, 0x30, 0x00, 0x00, 0x00, 0x30, 0x00, 0x00, 0x00, 0x30, 0x00,
    0x00, 0x00, 0x30, 0x00, 0x00, 0x00, 0x30, 0x00, 0x00, 0x00, 0x30, 0x00, 0x00, 0x00, 0x00, 0x00,
    0x00, 0x00, 0x00, 0xE0, 0xFF, 0x3F, 0x00, 0xE0, 0x00, 0x00, 0x00, 0x00, 0x00, 0x00, 0x00, 0x00,
    0xE0, 0xFF, 0x3F, 0x00, 0xE0, 0xFF, 0x3F, 0x00, 0x00, 0x00, 0x00, 0x00, 0x00, 0x0E, 0x00, 0x00,
    0x00, 0x1E, 0x00, 0x00, 0x00, 0x38, 0x00, 0x00, 0x00, 0x30, 0x00, 0x00, 0x00, 0x30, 0x00, 0x00,
    0x00, 0x30, 0x00, 0x00, 0x00, 0x38, 0x00, 0xE0, 0xFF, 0x1F, 0x00, 0xE0, 0xFF, 0x0F, 0x00, 0x00,
    0x00, 0x00, 0x00, 0x00, 0x00, 0x00, 0x00, 0x00, 0x00, 0x00, 0x0E, 0x00, 0x00, 0x00, 0x1E, 0x00,
    0x00, 0x00, 0x38, 0x00, 0x00, 0x00, 0x30, 0x00, 0x00, 0x00, 0x30, 0x00, 0x00, 0x00, 0x30, 0x00,
    0x00, 0x00, 0x38, 0x00, 0xE0, 0xFF, 0x1F, 0x00, 0xE0, 0xFF, 0x0F, 0x00, 0x00, 0x00, 0x00, 0x00,
    0x00, 0x00, 0x00, 0xE0, 0xFF, 0x3F, 0x00, 0xE0, 0xFF, 0x3F, 0x00, 0x00, 0xE0, 0x00, 0x00, 0x00,
    0x70, 0x00, 0x00, 0x00, 0x38, 0x00, 0x00, 0x00, 0x7C, 0x00, 0x00, 0x00, 0xFE, 0x00, 0x00, 0x00,
    0xE7, 0x01, 0x00, 0x80, 0x83, 0x07, 0x00, 0xC0, 0x01, 0x0F, 0x00, 0xE0, 0x00, 0x1E, 0x00, 0x60,
    0x00, 0x38, 0x00, 0x20, 0x00, 0x30, 0x00, 0x00, 0x00, 0x20, 0x00, 0x00, 0x00, 0x00, 0x00, 0x00,
    0x00, 0x00, 0xE0, 0xFF, 0x3F, 0x00, 0xE0, 0xFF, 0x3F, 0x00, 0x00, 0x00, 0x30, 0x00, 0x00, 0x00,
    0x30, 0x00, 0x00, 0x00, 0x30, 0x00, 0x00, 0x00, 0x30, 0x00, 0x00, 0x00, 0x30, 0x00, 0x00, 0x00,
    0x30, 0x00, 0x00, 0x00, 0x30, 0x00, 0x00, 0x00, 0x30, 0x00, 0x00, 0x00, 0x00, 0x00, 0x00, 0x00,
    0x00, 0x00, 0x00, 0x00, 0x00, 0x00, 0x00, 0x00, 0xE0, 0xFF, 0x3F, 0x00, 0xE0, 0xFF, 0x3F, 0x00,
    0x00, 0xE0, 0x00, 0x00, 0x00, 0x70, 0x00, 0x00, 0x00, 0x38, 0x00, 0x00, 0x00, 0x7C, 0x00, 0x00,
    0x00, 0xFE, 0x00, 0x00, 0x00, 0xE7, 0x01, 0x00, 0x80, 0x83, 0x07, 0x00, 0xC0, 0x01, 0x0F, 0x00,
    0xE0, 0x00, 0x1E, 0x00, 0x60, 0x00, 0x38, 0x00, 0x20, 0x00, 0x30, 0x00, 0x00, 0x00, 0x20, 0x00,
    0x00, 0x00, 0x00, 0x00, 0x00, 0x00, 0x00, 0xE0, 0xFF, 0x3F, 0x00, 0xE0, 0xFF, 0x3F, 0x00, 0x00,
    0x00, 0x30, 0x00, 0x00, 0x00, 0x30, 0x00, 0x00, 0x00, 0x30, 0x00, 0x00, 0x00, 0x30, 0x00, 0x00,
    0x00, 0x30, 0x00, 0x00, 0x00, 0x30, 0x00, 0x00, 0x00, 0x30, 0x00, 0x00, 0x00, 0x30, 0x00, 0x00,
    0x00, 0x00, 0x00, 0x00, 0x00, 0x00, 0xE0, 0xFF, 0x3F, 0x00, 0xE0, 0xFF, 0x3F, 0x00, 0xE0, 0x01,
    0x00, 0x00, 0xC0, 0x0F, 0x00, 0x00, 0x00, 0xFE, 0x00, 0x00, 0x00, 0xE0, 0x07, 0x00, 0x00, 0x00,
    0x3F, 0x00, 0x00, 0x00, 0x30, 0x00, 0x00, 0x00, 0x3F, 0x00, 0x00, 0xE0, 0x07, 0x00, 0x00, 0xFE,
    0x00, 0x00, 0xC0, 0x0F, 0x00, 0x00, 0xE0, 0x01, 0x00, 0x00, 0xE0, 0xFF, 0x3F, 0x00, 0xE0, 0xFF,
    0x3F, 0x00, 0x00, 0x00, 0x00, 0x00, 0x00, 0x00, 0x00, 0xE0, 0xFF, 0x3F, 0x00, 0xE0, 0xFF, 0x3F,
    0x00, 0xC0, 0x01, 0x00, 0x00, 0x80, 0x03, 0x00, 0x00, 0x00, 0x0E, 0x00, 0x00, 0x00, 0x3C, 0x00,
    0x00, 0x00, 0x70, 0x00, 0x00, 0x00, 0xE0, 0x01, 0x00, 0x00, 0x80, 0x03, 0x00, 0x00, 0x00, 0x0F,
    0x00, 0x00, 0x00, 0x1C, 0x00, 0xE0, 0xFF, 0x3F, 0x00, 0xE0, 0xFF, 0x3F, 0x00, 0x00, 0x00, 0x00,
    0x00, 0xFC, 0x01, 0x00, 0x00, 0xFF, 0x07, 0x00, 0x80, 0x07, 0x0F, 0x00, 0x00, 0x00, 0x00, 0x00,
    0x00, 0x00, 0x00, 0x00, 0xE0, 0xFF, 0x3F, 0x00, 0xE0, 0xFF, 0x3F, 0x00, 0x00, 0x00, 0x30, 0x00,
    0x00, 0x00, 0x30, 0x00, 0x00, 0x00, 0x30, 0x00, 0x00, 0x00, 0x30, 0x00, 0x00, 0x00, 0x30, 0x00,
    0x00, 0x00, 0x30, 0x00, 0x00, 0x00, 0x30, 0x00, 0x00, 0x00, 0x30, 0x00, 0x00, 0x00, 0x00, 0x00,
    0x00, 0x00, 0x00, 0xE0, 0xFF, 0x3F, 0x00, 0xE0, 0xFF, 0x3F, 0x00, 0xE0, 0x01, 0x00, 0x00, 0xC0,
    0x0F, 0x00, 0x00, 0x00, 0xFE, 0x00, 0x00, 0x00, 0xE0, 0x07, 0x00, 0x00, 0x00, 0x3F, 0x00, 0x00,
    0x00, 0x30, 0x00, 0x00, 0x00, 0x3F, 0x00, 0x00, 0xE0, 0x07, 0x00, 0x00, 0xFE, 0x00, 0x00, 0xC0,
    0x0F, 0x00, 0x00, 0xE0, 0x01, 0x00, 0x00, 0xE0, 0xFF, 0x3F, 0x00, 0xE0, 0xFF, 0x3F, 0x00, 0x00,
    0x00, 0x00, 0x00, 0x00, 0x00, 0x00, 0xE0, 0xFF, 0x3F, 0x00, 0xE0, 0xFF, 0x3F, 0x00, 0xC0, 0x01,
    0x00, 0x00, 0x80, 0x03, 0x00, 0x00, 0x00, 0x0E, 0x00, 0x00, 0x00, 0x3C, 0x00, 0x00, 0x00, 0x70,
    0x00, 0x00, 0x00, 0xE0, 0x01, 0x00, 0x00, 0x80, 0x03, 0x00, 0x00, 0x00, 0x0F, 0x00, 0x00, 0x00,
    0x1C, 0x00, 0xE0, 0xFF, 0x3F, 0x00, 0xE0, 0xFF, 0x3F, 0x00, 0x00, 0x00, 0x00, 0x00, 0xFC, 0x01,
    0x00, 0x00, 0xFF, 0x07, 0x00, 0x80, 0x07, 0x0F, 0x00, 0x00, 0x00, 0x00, 0x00, 0x00, 0x00, 0x00,
    0xE0, 0xFF, 0x3F, 0x00, 0xE0, 0xFF, 0x3F, 0x00, 0xE0, 0x01, 0x00, 0x00, 0xC0, 0x0F, 0x00, 0x00,
    0x00, 0xFE, 0x00, 0x00, 0x00, 0xE0, 0x07, 0x00, 0x00, 0x00, 0x3F, 0x00, 0x00, 0x00, 0x30, 0x00,
    0x00, 0x00, 0x3F, 0x00, 0x00, 0xE0, 0x07, 0x00, 0x00, 0xFE, 0x00, 0x00, 0xC0, 0x0F, 0x00, 0x00,
    0xE0, 0x01, 0x00, 0x00, 0xE0, 0xFF, 0x3F, 0x00, 0xE0, 0xFF, 0x3F, 0x00, 0x00, 0x00, 0x00, 0x00,
    0x00, 0x00, 0x00, 0xE0, 0xFF, 0x3F, 0x00, 0xE0, 0xFF, 0x3F, 0x00, 0xC0, 0x01, 0x00, 0x00, 0x80,
    0x03, 0x00, 0x00, 0x00, 0x0E, 0x00, 0x00, 0x00, 0x3C, 0x00, 0x00, 0x00, 0x70, 0x00, 0x00, 0x00,
    0xE0, 0x01, 0x00, 0x00, 0x80, 0x03, 0x00, 0x00, 0x00, 0x0F, 0x00, 0x00, 0x00, 0x1C, 0x00, 0xE0,
    0xFF, 0x3F, 0x00, 0xE0, 0xFF, 0x3F, 0x00, 0x00, 0x00, 0x00, 0x00, 0xFC, 0x01, 0x00, 0x00, 0xFF,
    0x07, 0x00, 0x80, 0x07, 0x0F, 0x00, 0xC0, 0x01, 0x1C, 0x00, 0xC0, 0x00, 0x18, 0x00, 0xE0, 0x00,
    0x38, 0x00, 0x60, 0x00, 0x30, 0x00, 0x60, 0x00, 0x30, 0x00, 0x60, 0x00, 0x30, 0x00, 0x60, 0x00,
    0x30, 0x00, 0x60, 0x00, 0x30, 0x00, 0xE0, 0x00, 0x38, 0x00, 0xC0, 0x00, 0x18, 0x00, 0xC0, 0x01,
    0x1C, 0x00, 0x80, 0x07, 0x0F, 0x00, 0x00, 0xFF, 0x07, 0x00, 0x00, 0xFC, 0x01, 0x00, 0x00, 0x00,
    0x00, 0x00, 0x00, 0x00, 0x00, 0xE0, 0xFF, 0x3F, 0x00, 0xE0, 0xFF, 0x3F, 0x00, 0x60, 0x60, 0x00,
    0x00, 0x60, 0x60, 0x00, 0x00, 0x60, 0x60, 0x00, 0x00, 0x60, 0x60, 0x00, 0x00, 0x60, 0x60, 0x00,
    0x00, 0x60, 0x60, 0x00, 0x00, 0x60, 0x60, 0x00, 0x00, 0x60, 0x60, 0x00, 0x00, 0xC0, 0x30, 0x00,
    0x00, 0xC0, 0x3F, 0x00, 0x00, 0x00, 0x0F, 0x00, 0x00, 0x00, 0x00, 0x00, 0xFC, 0x01, 0x00, 0x00,
    0xFF, 0x07, 0x00, 0x80, 0x00, 0x00, 0x00, 0x00, 0x00, 0x00, 0x00, 0x00, 0xE0, 0xFF, 0x3F, 0x00,
    0xE0, 0xFF, 0x3F, 0x00, 0xC0, 0x01, 0x00, 0x00, 0x80, 0x03, 0x00, 0x00, 0x00, 0x0E, 0x00, 0x00,
    0x00, 0x3C, 0x00, 0x00, 0x00, 0x70, 0x00, 0x00, 0x00, 0xE0, 0x01, 0x00, 0x00, 0x80, 0x03, 0x00,
    0x00, 0x00, 0x0F, 0x00, 0x00, 0x00, 0x1C, 0x00, 0xE0, 0xFF, 0x3F, 0x00, 0xE0, 0xFF, 0x3F, 0x00,
    0x00, 0x00, 0x00, 0x00, 0xFC, 0x01, 0x00, 0x00, 0xFF, 0x07, 0x00, 0x80, 0x07, 0x0F, 0x00, 0xC0,
    0x01, 0x1C, 0x00, 0xC0, 0x00, 0x18, 0x00, 0xE0, 0x00, 0x38, 0x00, 0x60, 0x00, 0x30, 0x00, 0x60,
    0x00, 0x30, 0x00, 0x60, 0x00, 0x30, 0x00, 0x60, 0x00, 0x30, 0x00, 0x60, 0x00, 0x30, 0x00, 0xE0,
    0x00, 0x38, 0x00, 0xC0, 0x00, 0x18, 0x00, 0xC0, 0x01, 0x1C, 0x00, 0x80, 0x07, 0x0F, 0x00, 0x00,
    0xFF, 0x07, 0x00, 0x00, 0xFC, 0x01, 0x00, 0x00, 0x00, 0x00, 0x00, 0x00, 0x00, 0x00, 0xE0, 0xFF,
    0x3F, 0x00, 0xE0, 0xFF, 0x3F, 0x00, 0x60, 0x60, 0x00, 0x00, 0x60, 0x60, 0x00, 0x00, 0x60, 0x60,
    0x00, 0x00, 0x60, 0x60, 0x00, 0x00, 0x60, 0x60, 0x00, 0x00, 0x60, 0x60, 0x00, 0x00, 0x60, 0x60,
    0x00, 0x00, 0x60, 0x60, 0x00, 0x00, 0xC0, 0x30, 0x00, 0x00, 0xC0, 0x3F, 0x00, 0x00, 0x00, 0x0F,
    0x00, 0x00, 0x00, 0x00, 0x00, 0xFC, 0x01, 0x00, 0x00, 0xFF, 0x07, 0x00, 0x80, 0x07, 0x0F, 0x00,
    0xC0, 0x01, 0x0C, 0x00, 0xC0, 0x00, 0x18, 0x00, 0xE0, 0x00, 0x18, 0x00, 0x60, 0x00, 0x30, 0x00,
    0x60, 0x00, 0x30, 0x00, 0x60, 0x00, 0x30, 0x00, 0x60, 0x00, 0x36, 0x00, 0x60, 0x00, 0x36, 0x00,
    0x00, 0x00, 0x00, 0x00, 0x00, 0xFC, 0x01, 0x00, 0x00, 0xFF, 0x07, 0x00, 0x80, 0x07, 0x0F, 0x00,
    0xC0, 0x01, 0x1C, 0x00, 0xC0, 0x00, 0x18, 0x00, 0xE0, 0x00, 0x38, 0x00, 0x60, 0x00, 0x30, 0x00,
    0x60, 0x00, 0x30, 0x00, 0x60, 0x00, 0x30, 0x00, 0x60, 0x00, 0x30, 0x00, 0x60, 0x00, 0x30, 0x00,
    0xE0, 0x00, 0x38, 0x00, 0xC0, 0x00, 0x18, 0x00, 0xC0, 0x01, 0x1C, 0x00, 0x80, 0x07, 0x0F, 0x00,
    0x00, 0xFF, 0x07, 0x00, 0x00, 0xFC, 0x01, 0x00, 0x00, 0x00, 0x00, 0x00, 0x00, 0x00, 0x00, 0xE0,
    0xFF, 0x3F, 0x00, 0xE0, 0xFF, 0x3F, 0x00, 0x60, 0x60, 0x00, 0x00, 0x60, 0x60, 0x00, 0x00, 0x60,
    0x60, 0x00, 0x00, 0x60, 0x60, 0x00, 0x00, 0x60, 0x60, 0x00, 0x00, 0x60, 0x60, 0x00, 0x00, 0x60,
    0x60, 0x00, 0x00, 0x60, 0x60, 0x00, 0x00, 0xC0, 0x30, 0x00, 0x00, 0xC0, 0x3F, 0x00, 0x00, 0x00,
    0x0F, 0x00, 0x00, 0x00, 0x00, 0x00, 0xFC, 0x01, 0x00, 0x00, 0xFF, 0x07, 0x00, 0x80, 0x07, 0x0F,
    0x00, 0xC0, 0x01, 0x0C, 0x00, 0xC0, 0x00, 0x18, 0x00, 0xE0, 0x00, 0x18, 0x00, 0x60, 0x00, 0x30,
    0x00, 0x60, 0x00, 0x30, 0x00, 0x60, 0x00, 0x30, 0x00, 0x60, 0x00, 0x36, 0x00, 0x60, 0x00, 0x36,
    0x00, 0xE0, 0x00, 0x3C, 0x00, 0xC0, 0x00, 0x1C, 0x00, 0xC0, 0x01, 0x1C, 0x00, 0x80, 0x07, 0x3F,
    0x00, 0x00, 0xFF, 0x77, 0x00, 0x00, 0xFC, 0x61, 0x00, 0x00, 0x00, 0x00, 0x00, 0x00, 0x00, 0x00,
    0xE0, 0xFF, 0x3F, 0x00, 0xE0, 0xFF, 0x3F, 0x00, 0x60, 0x30, 0x00, 0x00, 0x60, 0x30, 0x00, 0x00,
    0x60, 0x30, 0x00, 0x00, 0x60, 0x30, 0x00, 0x00, 0x60, 0x70, 0x00, 0x00, 0x60, 0xF0, 0x00, 0x00,
    0x60, 0xF0, 0x03, 0x00, 0x60, 0xB0, 0x07, 0x00, 0xE0, 0x18, 0x1F, 0x00, 0xC0, 0x1F, 0x3C, 0x00,
    0x80, 0x0F, 0x30, 0x00, 0x00, 0x00, 0x20, 0x00, 0x00, 0x00, 0x00, 0x00, 0x00, 0x03, 0x00, 0x00,
    0x07, 0x0F, 0x00, 0xC0, 0x1F, 0x1C, 0x00, 0xC0, 0x18, 0x18, 0x00, 0x60, 0x00, 0x00, 0x00, 0x00,
    0x00, 0x00, 0x00, 0x00, 0xE0, 0xFF, 0x3F, 0x00, 0xE0, 0xFF, 0x3F, 0x00, 0x60, 0x60, 0x00, 0x00,
    0x60, 0x60, 0x00, 0x00, 0x60, 0x60, 0x00, 0x00, 0x60, 0x60, 0x00, 0x00, 0x60, 0x60, 0x00, 0x00,
    0x60, 0x60, 0x00, 0x00, 0x60, 0x60, 0x00, 0x00, 0x60, 0x60, 0x00, 0x00, 0xC0, 0x30, 0x00, 0x00,
    0xC0, 0x3F, 0x00, 0x00, 0x00, 0x0F, 0x00, 0x00, 0x00, 0x00, 0x00, 0xFC, 0x01, 0x00, 0x00, 0xFF,
    0x07, 0x00, 0x80, 0x07, 0x0F, 0x00, 0xC0, 0x01, 0x0C, 0x00, 0xC0, 0x00, 0x18, 0x00, 0xE0, 0x00,
    0x18, 0x00, 0x60, 0x00, 0x30, 0x00, 0x60, 0x00, 0x30, 0x00, 0x60, 0x00, 0x30, 0x00, 0x60, 0x00,
    0x36, 0x00, 0x60, 0x00, 0x36, 0x00, 0xE0, 0x00, 0x3C, 0x00, 0xC0, 0x00, 0x1C, 0x00, 0xC0, 0x01,
    0x1C, 0x00, 0x80, 0x07, 0x3F, 0x00, 0x00, 0xFF, 0x77, 0x00, 0x00, 0xFC, 0x61, 0x00, 0x00, 0x00,
    0x00, 0x00, 0x00, 0x00, 0x00, 0xE0, 0xFF, 0x3F, 0x00, 0xE0, 0xFF, 0x3F, 0x00, 0x60, 0x30, 0x00,
    0x00, 0x60, 0x30, 0x00, 0x00, 0x60, 0x30, 0x00, 0x00, 0x60, 0x30, 0x00, 0x00, 0x60, 0x70, 0x00,
    0x00, 0x60, 0xF0, 0x00, 0x00, 0x60, 0xF0, 0x03, 0x00, 0x60, 0xB0, 0x07, 0x00, 0xE0, 0x18, 0x1F,
    0x00, 0xC0, 0x1F, 0x3C, 0x00, 0x80, 0x0F, 0x30, 0x00, 0x00, 0x00, 0x20, 0x00, 0x00, 0x00, 0x00,
    0x00, 0x00, 0x03, 0x00, 0x00, 0x07, 0x0F, 0x00, 0xC0, 0x1F, 0x1C, 0x00, 0xC0, 0x18, 0x18, 0x00,
    0x60, 0x38, 0x38, 0x00, 0x60, 0x30, 0x30, 0x00, 0x60, 0x30, 0x30, 0x00, 0x60, 0x30, 0x30, 0x00,
    0x60, 0x30, 0x30, 0x00, 0x00, 0x00, 0x00, 0x00, 0x00, 0xFC, 0x01, 0x00, 0x00, 0xFF, 0x07, 0x00,
    0x80, 0x07, 0x0F, 0x00, 0xC0, 0x01, 0x0C, 0x00, 0xC0, 0x00, 0x18, 0x00, 0xE0, 0x00, 0x18, 0x00,
    0x60, 0x00, 0x30, 0x00, 0x60, 0x00, 0x30, 0x00, 0x60, 0x00, 0x30, 0x00, 0x60, 0x00, 0x36, 0x00,
    0x60, 0x00, 0x36, 0x00, 0xE0, 0x00, 0x3C, 0x00, 0xC0, 0x00, 0x1C, 0x00, 0xC0, 0x01, 0x1C, 0x00,
    0x80, 0x07, 0x3F, 0x00, 0x00, 0xFF, 0x77, 0x00, 0x00, 0xFC, 0x61, 0x00, 0x00, 0x00, 0x00, 0x00,
    0x00, 0x00, 0x00, 0xE0, 0xFF, 0x3F, 0x00, 0xE0, 0xFF, 0x3F, 0x00, 0x60, 0x30, 0x00, 0x00, 0x60,
    0x30, 0x00, 0x00, 0x60, 0x30, 0x00, 0x00, 0x60, 0x30, 0x00, 0x00, 0x60, 0x70, 0x00, 0x00, 0x60,
    0xF0, 0x00, 0x00, 0x60, 0xF0, 0x03, 0x00, 0x60, 0xB0, 0x07, 0x00, 0xE0, 0x18, 0x1F, 0x00, 0xC0,
    0x1F, 0x3C, 0x00, 0x80, 0x0F, 0x30, 0x00, 0x00, 0x00, 0x20, 0x00, 0x00, 0x00, 0x00, 0x00, 0x00,
    0x03, 0x00, 0x00, 0x07, 0x0F, 0x00, 0xC0, 0x1F, 0x1C, 0x00, 0xC0, 0x18, 0x18, 0x00, 0x60, 0x38,
    0x38, 0x00, 0x60, 0x30, 0x30, 0x00, 0x60, 0x30, 0x30, 0x00, 0x60, 0x30, 0x30, 0x00, 0x60, 0x30,
    0x30, 0x00, 0x60, 0x70, 0x30, 0x00, 0xC0, 0x60, 0x18, 0x00, 0xC0, 0xE1, 0x18, 0x00, 0x80, 0xC3,
    0x0F, 0x00, 0x00, 0x83, 0x07, 0x60, 0x00, 0x00, 0x00, 0x60, 0x00, 0x00, 0x00, 0x60, 0x00, 0x00,
    0x00, 0x60, 0x00, 0x00, 0x00, 0x60, 0x00, 0x00, 0x00, 0x60, 0x00, 0x00, 0x00, 0xE0, 0xFF, 0x3F,
    0x00, 0xE0, 0xFF, 0x3F, 0x00, 0x60, 0x00, 0x00, 0x00, 0x60, 0x00, 0x00, 0x00, 0x60, 0x00, 0x00,
    0x00, 0x60, 0x00, 0x00, 0x00, 0x60, 0x00, 0x00, 0x00, 0x60, 0x00, 0x00, 0x00, 0x00, 0x00, 0x00,
    0x00, 0x00, 0xE0, 0xFF, 0x03, 0x00, 0xE0, 0xFF, 0x0F, 0x00, 0x00, 0x00, 0x1C, 0x00, 0x00, 0x00,
    0x38, 0x00, 0x00, 0x00, 0x30, 0x00, 0x00, 0x00, 0x30, 0x00, 0x00, 0x00, 0x30, 0x00, 0x00, 0x00,
    0x00, 0x00, 0x00, 0x00, 0x00, 0x00, 0x00, 0x00, 0xE0, 0xFF, 0x3F, 0x00, 0xE0, 0xFF, 0x3F, 0x00,
    0x60, 0x30, 0x00, 0x00, 0x60, 0x30, 0x00, 0x00, 0x60, 0x30, 0x00, 0x00, 0x60, 0x30, 0x00, 0x00,
    0x60, 0x70, 0x00, 0x00, 0x60, 0xF0, 0x00, 0x00, 0x60, 0xF0, 0x03, 0x00, 0x60, 0xB0, 0x07, 0x00,
    0xE0, 0x18, 0x1F, 0x00, 0xC0, 0x1F, 0x3C, 0x00, 0x80, 0x0F, 0x30, 0x00, 0x00, 0x00, 0x20, 0x00,
    0x00, 0x00, 0x00, 0x00, 0x00, 0x03, 0x00, 0x00, 0x07, 0x0F, 0x00, 0xC0, 0x1F, 0x1C, 0x00, 0xC0,
    0x18, 0x18, 0x00, 0x60, 0x38, 0x38, 0x00, 0x60, 0x30, 0x30, 0x00, 0x60, 0x30, 0x30, 0x00, 0x60,
    0x30, 0x30, 0x00, 0x60, 0x30, 0x30, 0x00, 0x60, 0x70, 0x30, 0x00, 0xC0, 0x60, 0x18, 0x00, 0xC0,
    0xE1, 0x18, 0x00, 0x80, 0xC3, 0x0F, 0x00, 0x00, 0x83, 0x07, 0x60, 0x00, 0x00, 0x00, 0x60, 0x00,
    0x00, 0x00, 0x60, 0x00, 0x00, 0x00, 0x60, 0x00, 0x00, 0x00, 0x60, 0x00, 0x00, 0x00, 0x60, 0x00,
    0x00, 0x00, 0xE0, 0xFF, 0x3F, 0x00, 0xE0, 0xFF, 0x3F, 0x00, 0x60, 0x00, 0x00, 0x00, 0x60, 0x00,
    0x00, 0x00, 0x60, 0x00, 0x00, 0x00, 0x60, 0x00, 0x00, 0x00, 0x60, 0x00, 0x00, 0x00, 0x60, 0x00,
    0x00, 0x00, 0x00, 0x00, 0x00, 0x00, 0x00, 0xE0, 0xFF, 0x03, 0x00, 0xE0, 0xFF, 0x0F, 0x00, 0x00,
    0x00, 0x1C, 0x00, 0x00, 0x00, 0x38, 0x00, 0x00, 0x00, 0x30, 0x00, 0x00, 0x00, 0x30, 0x00, 0x00,
    0x00, 0x30, 0x00, 0x00, 0x00, 0x30, 0x00, 0x00, 0x00, 0x30, 0x00, 0x00, 0x00, 0x38, 0x00, 0x00,
    0x00, 0x1C, 0x00, 0xE0, 0xFF, 0x0F, 0x00, 0xE0, 0xFF, 0x03, 0x20, 0x00, 0x00, 0x00, 0xE0, 0x01,
    0x00, 0x00, 0xC0, 0x0F, 0x00, 0x00, 0x00, 0x3E, 0x00, 0x00, 0x00, 0xF8, 0x00, 0x00, 0x00, 0x00,
    0x00, 0x00, 0x03, 0x00, 0x00, 0x07, 0x0F, 0x00, 0xC0, 0x1F, 0x1C, 0x00, 0xC0, 0x18, 0x18, 0x00,
    0x60, 0x38, 0x38, 0x00, 0x60, 0x30, 0x30, 0x00, 0x60, 0x30, 0x30, 0x00, 0x60, 0x30, 0x30, 0x00,
    0x60, 0x30, 0x30, 0x00, 0x60, 0x70, 0x30, 0x00, 0xC0, 0x60, 0x18, 0x00, 0xC0, 0xE1, 0x18, 0x00,
    0x80, 0xC3, 0x0F, 0x00, 0x00, 0x83, 0x07, 0x60, 0x00, 0x00, 0x00, 0x60, 0x00, 0x00, 0x00, 0x60,
    0x00, 0x00, 0x00, 0x60, 0x00, 0x00, 0x00, 0x60, 0x00, 0x00, 0x00, 0x60, 0x00, 0x00, 0x00, 0xE0,
    0xFF, 0x3F, 0x00, 0xE0, 0xFF, 0x3F, 0x00, 0x60, 0x00, 0x00, 0x00, 0x60, 0x00, 0x00, 0x00, 0x60,
    0x00, 0x00, 0x00, 0x60, 0x00, 0x00, 0x00, 0x60, 0x00, 0x00, 0x00, 0x60, 0x00, 0x00, 0x00, 0x00,
    0x00, 0x00, 0x00, 0x00, 0xE0, 0xFF, 0x03, 0x00, 0xE0, 0xFF, 0x0F, 0x00, 0x00, 0x00, 0x1C, 0x00,
    0x00, 0x00, 0x38, 0x00, 0x00, 0x00, 0x30, 0x00, 0x00, 0x00, 0x30, 0x00, 0x00, 0x00, 0x30, 0x00,
    0x00, 0x00, 0x30, 0x00, 0x00, 0x00, 0x30, 0x00, 0x00, 0x00, 0x38, 0x00, 0x00, 0x00, 0x1C, 0x00,
    0xE0, 0xFF, 0x0F, 0x00, 0xE0, 0xFF, 0x03, 0x20, 0x00, 0x00, 0x00, 0xE0, 0x01, 0x00, 0x00, 0xC0,
    0x0F, 0x00, 0x00, 0x00, 0x3E, 0x00, 0x00, 0x00, 0xF8, 0x01, 0x00, 0x00, 0xC0, 0x0F, 0x00, 0x00,
    0x00, 0x3E, 0x00, 0x00, 0x00, 0x38, 0x00, 0x00, 0x00, 0x3E, 0x00, 0x00, 0xC0, 0x0F, 0x00, 0x00,
    0xF8, 0x01, 0x00, 0x00, 0x3E, 0x00, 0x00, 0xC0, 0x0F, 0x00, 0x00, 0xE0, 0x01, 0x00, 0x00, 0x20,
    0x60, 0x00, 0x00, 0x00, 0xE0, 0x07, 0x00, 0x00, 0x60, 0x00, 0x00, 0x00, 0x60, 0x00, 0x00, 0x00,
    0x60, 0x00, 0x00, 0x00, 0x60, 0x00, 0x00, 0x00, 0x60, 0x00, 0x00, 0x00, 0x60, 0x00, 0x00, 0x00,
    0xE0, 0xFF, 0x3F, 0x00, 0xE0, 0xFF, 0x3F, 0x00, 0x60, 0x00, 0x00, 0x00, 0x60, 0x00, 0x00, 0x00,
    0x60, 0x00, 0x00, 0x00, 0x60, 0x00, 0x00, 0x00, 0x60, 0x00, 0x00, 0x00, 0x60, 0x00, 0x00, 0x00,
    0x00, 0x00, 0x00, 0x00, 0x00, 0xE0, 0xFF, 0x03, 0x00, 0xE0, 0xFF, 0x0F, 0x00, 0x00, 0x00, 0x1C,
    0x00, 0x00, 0x00, 0x38, 0x00, 0x00, 0x00, 0x30, 0x00, 0x00, 0x00, 0x30, 0x00, 0x00, 0x00, 0x30,
    0x00, 0x00, 0x00, 0x30, 0x00, 0x00, 0x00, 0x30, 0x00, 0x00, 0x00, 0x38, 0x00, 0x00, 0x00, 0x1C,
    0x00, 0xE0, 0xFF, 0x0F, 0x00, 0xE0, 0xFF, 0x03, 0x20, 0x00, 0x00, 0x00, 0xE0, 0x01, 0x00, 0x00,
    0xC0, 0x0F, 0x00, 0x00, 0x00, 0x3E, 0x00, 0x00, 0x00, 0xF8, 0x01, 0x00, 0x00, 0xC0, 0x0F, 0x00,
    0x00, 0x00, 0x3E, 0x00, 0x00, 0x00, 0x38, 0x00, 0x00, 0x00, 0x3E, 0x00, 0x00, 0xC0, 0x0F, 0x00,
    0x00, 0xF8, 0x01, 0x00, 0x00, 0x3E, 0x00, 0x00, 0xC0, 0x0F, 0x00, 0x00, 0xE0, 0x01, 0x00, 0x00,
    0x20, 0x60, 0x00, 0x00, 0x00, 0xE0, 0x07, 0x00, 0x00, 0x80, 0xFF, 0x00, 0x00, 0x00, 0xF8, 0x0F,
    0x00, 0x00, 0x80, 0x3F, 0x00, 0x00, 0x00, 0x30, 0x00, 0x00, 0x00, 0x3F, 0x00, 0x00, 0xE0, 0x0F,
    0x00, 0x00, 0xFC, 0x01, 0x00, 0x80, 0x1F, 0x00, 0x00, 0xE0, 0x03, 0x00, 0x00, 0x00, 0x00, 0x00,
    0x00, 0x00, 0x00, 0x00, 0xE0, 0xFF, 0x03, 0x00, 0xE0, 0xFF, 0x0F, 0x00, 0x00, 0x00, 0x1C, 0x00,
    0x00, 0x00, 0x38, 0x00, 0x00, 0x00, 0x30, 0x00, 0x00, 0x00, 0x30, 0x00, 0x00, 0x00, 0x30, 0x00,
    0x00, 0x00, 0x30, 0x00, 0x00, 0x00, 0x30, 0x00, 0x00, 0x00, 0x38, 0x00, 0x00, 0x00, 0x1C, 0x00,
    0xE0, 0xFF, 0x0F, 0x00, 0xE0, 0xFF, 0x03, 0x20, 0x00, 0x00, 0x00, 0xE0, 0x01, 0x00, 0x00, 0xC0,
    0x0F, 0x00, 0x00, 0x00, 0x3E, 0x00, 0x00, 0x00, 0xF8, 0x01, 0x00, 0x00, 0xC0, 0x0F, 0x00, 0x00,
    0x00, 0x3E, 0x00, 0x00, 0x00, 0x38, 0x00, 0x00, 0x00, 0x3E, 0x00, 0x00, 0xC0, 0x0F, 0x00, 0x00,
    0xF8, 0x01, 0x00, 0x00, 0x3E, 0x00, 0x00, 0xC0, 0x0F, 0x00, 0x00, 0xE0, 0x01, 0x00, 0x00, 0x20,
    0x60, 0x00, 0x00, 0x00, 0xE0, 0x07, 0x00, 0x00, 0x80, 0xFF, 0x00, 0x00, 0x00, 0xF8, 0x0F, 0x00,
    0x00, 0x80, 0x3F, 0x00, 0x00, 0x00, 0x30, 0x00, 0x00, 0x00, 0x3F, 0x00, 0x00, 0xE0, 0x0F, 0x00,
    0x00, 0xFC, 0x01, 0x00, 0x80, 0x1F, 0x00, 0x00, 0xE0, 0x03, 0x00, 0x00, 0x60, 0x00, 0x00, 0x00,
    0xE0, 0x03, 0x00, 0x00, 0x80, 0x1F, 0x00, 0x00, 0x00, 0xFC, 0x01, 0x00, 0x00, 0xE0, 0x0F, 0x00,
    0x00, 0x00, 0x3F, 0x00, 0x00, 0x00, 0x30, 0x00, 0x00, 0x80, 0x3F, 0x00, 0x00, 0xF8, 0x0F, 0x00,
    0x80, 0xFF, 0x00, 0x00, 0xE0, 0x07, 0x00, 0x00, 0x60, 0x00, 0x00, 0x20, 0x00, 0x20, 0x00, 0x30,
    0x00, 0x60, 0x00, 0x3C, 0x00, 0xE0, 0x01, 0x1E, 0x00, 0xC0, 0x83, 0x07, 0x00, 0x00, 0xCF, 0x03,
    0x00, 0x00, 0xFE, 0x01, 0x00, 0x00, 0x38, 0x00, 0x20, 0x00, 0x00, 0x00, 0xE0, 0x01, 0x00, 0x00,
    0xC0, 0x0F, 0x00, 0x00, 0x00, 0x3E, 0x00, 0x00, 0x00, 0xF8, 0x01, 0x00, 0x00, 0xC0, 0x0F, 0x00,
    0x00, 0x00, 0x3E, 0x00, 0x00, 0x00, 0x38, 0x00, 0x00, 0x00, 0x3E, 0x00, 0x00, 0xC0, 0x0F, 0x00,
    0x00, 0xF8, 0x01, 0x00, 0x00, 0x3E, 0x00, 0x00, 0xC0, 0x0F, 0x00, 0x00, 0xE0, 0x01, 0x00, 0x00,
    0x20, 0x60, 0x00, 0x00, 0x00, 0xE0, 0x07, 0x00, 0x00, 0x80, 0xFF, 0x00, 0x00, 0x00, 0xF8, 0x0F,
    0x00, 0x00, 0x80, 0x3F, 0x00, 0x00, 0x00, 0x30, 0x00, 0x00, 0x00, 0x3F, 0x00, 0x00, 0xE0, 0x0F,
    0x00, 0x00, 0xFC, 0x01, 0x00, 0x80, 0x1F, 0x00, 0x00, 0xE0, 0x03, 0x00, 0x00, 0x60, 0x00, 0x00,
    0x00, 0xE0, 0x03, 0x00, 0x00, 0x80, 0x1F, 0x00, 0x00, 0x00, 0xFC, 0x01, 0x00, 0x00, 0xE0, 0x0F,
    0x00, 0x00, 0x00, 0x3F, 0x00, 0x00, 0x00, 0x30, 0x00, 0x00, 0x80, 0x3F, 0x00, 0x00, 0xF8, 0x0F,
    0x00, 0x80, 0xFF, 0x00, 0x00, 0xE0, 0x07, 0x00, 0x00, 0x60, 0x00, 0x00, 0x20, 0x00, 0x20, 0x00,
    0x30, 0x00, 0x60, 0x00, 0x3C, 0x00, 0xE0, 0x01, 0x1E, 0x00, 0xC0, 0x83, 0x07, 0x00, 0x00, 0xCF,
    0x03, 0x00, 0x00, 0xFE, 0x01, 0x00, 0x00, 0x38, 0x00, 0x00, 0x00, 0xFE, 0x01, 0x00, 0x00, 0xCF,
    0x03, 0x00, 0xC0, 0x03, 0x07, 0x00, 0xE0, 0x01, 0x1E, 0x00, 0x60, 0x00, 0x3C, 0x00, 0x20, 0x00,
    0x30, 0x00, 0x00, 0x00, 0x20, 0x20, 0x00, 0x00, 0x00, 0x60, 0x00, 0x00, 0x00, 0xC0, 0x01, 0x00,
    0x00, 0x80, 0x03, 0x00, 0x00, 0x00, 0x07, 0x00, 0x00, 0x00, 0x1E, 0x00, 0x60, 0x00, 0x00, 0x00,
    0xE0, 0x07, 0x00, 0x00, 0x80, 0xFF, 0x00, 0x00, 0x00, 0xF8, 0x0F, 0x00, 0x00, 0x80, 0x3F, 0x00,
    0x00, 0x00, 0x30, 0x00, 0x00, 0x00, 0x3F, 0x00, 0x00, 0xE0, 0x0F, 0x00, 0x00, 0xFC, 0x01, 0x00,
    0x80, 0x1F, 0x00, 0x00, 0xE0, 0x03, 0x00, 0x00, 0x60, 0x00, 0x00, 0x00, 0xE0, 0x03, 0x00, 0x00,
    0x80, 0x1F, 0x00, 0x00, 0x00, 0xFC, 0x01, 0x00, 0x00, 0xE0, 0x0F, 0x00, 0x00, 0x00, 0x3F, 0x00,
    0x00, 0x00, 0x30, 0x00, 0x00, 0x80, 0x3F, 0x00, 0x00, 0xF8, 0x0F, 0x00, 0x80, 0xFF, 0x00, 0x00,
    0xE0, 0x07, 0x00, 0x00, 0x60, 0x00, 0x00, 0x20, 0x00, 0x20, 0x00, 0x30, 0x00, 0x60, 0x00, 0x3C,
    0x00, 0xE0, 0x01, 0x1E, 0x00, 0xC0, 0x83, 0x07, 0x00, 0x00, 0xCF, 0x03, 0x00, 0x00, 0xFE, 0x01,
    0x00, 0x00, 0x38, 0x00, 0x00, 0x00, 0xFE, 0x01, 0x00, 0x00, 0xCF, 0x03, 0x00, 0xC0, 0x03, 0x07,
    0x00, 0xE0, 0x01, 0x1E, 0x00, 0x60, 0x00, 0x3C, 0x00, 0x20, 0x00, 0x30, 0x00, 0x00, 0x00, 0x20,
    0x20, 0x00, 0x00, 0x00, 0x60, 0x00, 0x00, 0x00, 0xC0, 0x01, 0x00, 0x00, 0x80, 0x03, 0x00, 0x00,
    0x00, 0x07, 0x00, 0x00, 0x00, 0x1E, 0x00, 0x00, 0x00, 0x3C, 0x00, 0x00, 0x00, 0xF0, 0x3F, 0x00,
    0x00, 0xF0, 0x3F, 0x00, 0x00, 0x3C, 0x00, 0x00, 0x00, 0x1E, 0x00, 0x00, 0x00, 0x07, 0x00, 0x00,
    0xC0, 0x03, 0x00, 0x00, 0xE0, 0x01, 0x00, 0x00, 0x60, 0x00, 0x00, 0x00, 0x20, 0x00, 0x00, 0x30,
    0x00, 0x60, 0x00, 0x38, 0x00, 0x60, 0x00, 0x3C, 0x00, 0x60, 0x00, 0x37, 0x00, 0x60, 0x80, 0x33,
    0x00, 0x60, 0xC0, 0x31, 0x00, 0x60, 0xE0, 0x30, 0x00, 0x60, 0x38, 0x30, 0x00, 0x60, 0x1C, 0x30,
    0x00, 0x60, 0x0E, 0x30, 0x00, 0x60, 0x07, 0x30, 0x00, 0xE0, 0x01, 0x30, 0x00, 0xE0, 0x00, 0x30,
    0x00, 0x60, 0x00, 0x30, 0x00, 0x00, 0x00, 0x00, 0xE0, 0xFF, 0xFF, 0x07, 0xE0, 0xFF, 0xFF, 0x07,
    0x60, 0x00, 0x00, 0x06, 0x60, 0x00, 0x00, 0x06, 0x60, 0x00, 0x00, 0x00, 0xE0, 0x03, 0x00, 0x00,
    0x80, 0x3F, 0x00, 0x00, 0x00, 0xFC, 0x01, 0x00, 0x00, 0xE0, 0x0F, 0x00, 0x00, 0x00, 0x3E, 0x00,
    0x00, 0x00, 0x30, 0x00, 0x00, 0x00, 0x00, 0x00, 0x00, 0x00, 0x00, 0x60, 0x00, 0x00, 0x06, 0x60,
    0x00, 0x00, 0x06, 0xE0, 0xFF, 0xFF, 0x07, 0xE0, 0xFF, 0xFF, 0x07, 0x00, 0x00, 0x00, 0x00, 0x00,
    0x20, 0x00, 0x00, 0x00, 0x38, 0x00, 0x00, 0x00, 0x1F, 0x00, 0x00, 0xC0, 0x07, 0x00, 0x00, 0xE0,
    0x00, 0x00, 0x20, 0x00, 0x20, 0x00, 0x30, 0x00, 0x60, 0x00, 0x3C, 0x00, 0xE0, 0x01, 0x1E, 0x00,
    0xC0, 0x83, 0x07, 0x00, 0x00, 0xCF, 0x03, 0x00, 0x00, 0xFE, 0x01, 0x00, 0x00, 0x38, 0x00, 0x00,
    0x00, 0xFE, 0x01, 0x00, 0x00, 0xCF, 0x03, 0x00, 0xC0, 0x03, 0x07, 0x00, 0xE0, 0x01, 0x1E, 0x00,
    0x60, 0x00, 0x3C, 0x00, 0x20, 0x00, 0x30, 0x00, 0x00, 0x00, 0x20, 0x20, 0x00, 0x00, 0x00, 0x60,
    0x00, 0x00, 0x00, 0xC0, 0x01, 0x00, 0x00, 0x80, 0x03, 0x00, 0x00, 0x00, 0x07, 0x00, 0x00, 0x00,
    0x1E, 0x00, 0x00, 0x00, 0x3C, 0x00, 0x00, 0x00, 0xF0, 0x3F, 0x00, 0x00, 0xF0, 0x3F, 0x00, 0x00,
    0x3C, 0x00, 0x00, 0x00, 0x1E, 0x00, 0x00, 0x00, 0x07, 0x00, 0x00, 0xC0, 0x03, 0x00, 0x00, 0xE0,
    0x01, 0x00, 0x00, 0x60, 0x00, 0x00, 0x00, 0x20, 0x00, 0x00, 0x30, 0x00, 0x60, 0x00, 0x38, 0x00,
    0x60, 0x00, 0x3C, 0x00, 0x60, 0x00, 0x37, 0x00, 0x60, 0x80, 0x33, 0x00, 0x60, 0xC0, 0x31, 0x00,
    0x60, 0xE0, 0x30, 0x00, 0x60, 0x38, 0x30, 0x00, 0x60, 0x1C, 0x30, 0x00, 0x60, 0x0E, 0x30, 0x00,
    0x60, 0x07, 0x30, 0x00, 0xE0, 0x01, 0x30, 0x00, 0xE0, 0x00, 0x30, 0x00, 0x60, 0x00, 0x30, 0x00,
    0x00, 0x00, 0x00, 0xE0, 0xFF, 0xFF, 0x07, 0xE0, 0xFF, 0xFF, 0x07, 0x60, 0x00, 0x00, 0x06, 0x60,
    0x00, 0x00, 0x06, 0x60, 0x00, 0x00, 0x00, 0xE0, 0x03, 0x00, 0x00, 0x80, 0x3F, 0x00, 0x00, 0x00,
    0xFC, 0x01, 0x00, 0x00, 0xE0, 0x0F, 0x00, 0x00, 0x00, 0x3E, 0x00, 0x00, 0x00, 0x30, 0x00, 0x00,
    0x00, 0x00, 0x00, 0x00, 0x00, 0x00, 0x60, 0x00, 0x00, 0x06, 0x60, 0x00, 0x20, 0x00, 0x00, 0x00,
    0x60, 0x00, 0x00, 0x00, 0xC0, 0x01, 0x00, 0x00, 0x80, 0x03, 0x00, 0x00, 0x00, 0x07, 0x00, 0x00,
    0x00, 0x1E, 0x00, 0x00, 0x00, 0x3C, 0x00, 0x00, 0x00, 0xF0, 0x3F, 0x00, 0x00, 0xF0, 0x3F, 0x00,
    0x00, 0x3C, 0x00, 0x00, 0x00, 0x1E, 0x00, 0x00, 0x00, 0x07, 0x00, 0x00, 0xC0, 0x03, 0x00, 0x00,
    0xE0, 0x01, 0x00, 0x00, 0x60, 0x00, 0x00, 0x00, 0x20, 0x00, 0x00, 0x30, 0x00, 0x60, 0x00, 0x38,
    0x00, 0x60, 0x00, 0x3C, 0x00, 0x60, 0x00, 0x37, 0x00, 0x60, 0x80, 0x33, 0x00, 0x60, 0xC0, 0x31,
    0x00, 0x60, 0xE0, 0x30, 0x00, 0x60, 0x38, 0x30, 0x00, 0x60, 0x1C, 0x30, 0x00, 0x60, 0x0E, 0x30,
    0x00, 0x60, 0x07, 0x30, 0x00, 0xE0, 0x01, 0x30, 0x00, 0xE0, 0x00, 0x30, 0x00, 0x60, 0x00, 0x30,
    0x00, 0x00, 0x00, 0x00, 0xE0, 0xFF, 0xFF, 0x07, 0xE0, 0xFF, 0xFF, 0x07, 0x60, 0x00, 0x00, 0x06,
    0x60, 0x00, 0x00, 0x06, 0x60, 0x00, 0x00, 0x00, 0xE0, 0x03, 0x00, 0x00, 0x80, 0x3F, 0x00, 0x00,
    0x00, 0xFC, 0x01, 0x00, 0x00, 0xE0, 0x0F, 0x00, 0x00, 0x00, 0x3E, 0x00, 0x00, 0x00, 0x30, 0x00,
    0x00, 0x00, 0x00, 0x00, 0x00, 0x00, 0x00, 0x60, 0x00, 0x00, 0x06, 0x60, 0x00, 0x00, 0x06, 0xE0,
    0xFF, 0xFF, 0x07, 0xE0, 0xFF, 0xFF, 0x07, 0x00, 0x00, 0x00, 0x00, 0x00, 0x20, 0x00, 0x00, 0x00,
    0x38, 0x00, 0x00, 0x00, 0x1F, 0x00, 0x00, 0xC0, 0x07, 0x00, 0x00, 0xE0, 0x00, 0x00, 0x00, 0xE0,
    0x00, 0x00, 0x00, 0xC0, 0x07, 0x00, 0x00, 0x00, 0x1F, 0x00, 0x00, 0x00, 0x38, 0x00, 0x00, 0x00,
    0x20, 0x00, 0x00, 0x00, 0x06, 0x00, 0x00, 0x00, 0x06, 0x00, 0x00, 0x00, 0x06, 0x00, 0x00, 0x00,
    0x00, 0x00, 0x30, 0x00, 0x60, 0x00, 0x38, 0x00, 0x60, 0x00, 0x3C, 0x00, 0x60, 0x00, 0x37, 0x00,
    0x60, 0x80, 0x33, 0x00, 0x60, 0xC0, 0x31, 0x00, 0x60, 0xE0, 0x30, 0x00, 0x60, 0x38, 0x30, 0x00,
    0x60, 0x1C, 0x30, 0x00, 0x60, 0x0E, 0x30, 0x00, 0x60, 0x07, 0x30, 0x00, 0xE0, 0x01, 0x30, 0x00,
    0xE0, 0x00, 0x30, 0x00, 0x60, 0x00, 0x30, 0x00, 0x00, 0x00, 0x00, 0xE0, 0xFF, 0xFF, 0x07, 0xE0,
    0xFF, 0xFF, 0x07, 0x60, 0x00, 0x00, 0x06, 0x60, 0x00, 0x00, 0x06, 0x60, 0x00, 0x00, 0x00, 0xE0,
    0x03, 0x00, 0x00, 0x80, 0x3F, 0x00, 0x00, 0x00, 0xFC, 0x01, 0x00, 0x00, 0xE0, 0x0F, 0x00, 0x00,
    0x00, 0x3E, 0x00, 0x00, 0x00, 0x30, 0x00, 0x00, 0x00, 0x00, 0x00, 0x00, 0x00, 0x00, 0x60, 0x00,
    0x00, 0x06, 0x60, 0x00, 0x00, 0x06, 0xE0, 0xFF, 0xFF, 0x07, 0xE0, 0xFF, 0xFF, 0x07, 0x00, 0x00,
    0x00, 0x00, 0x00, 0x20, 0x00, 0x00, 0x00, 0x38, 0x00, 0x00, 0x00, 0x1F, 0x00, 0x00, 0xC0, 0x07,
    0x00, 0x00, 0xE0, 0x00, 0x00, 0x00, 0xE0, 0x00, 0x00, 0x00, 0xC0, 0x07, 0x00, 0x00, 0x00, 0x1F,
    0x00, 0x00, 0x00, 0x38, 0x00, 0x00, 0x00, 0x20, 0x00, 0x00, 0x00, 0x06, 0x00, 0x00, 0x00, 0x06,
    0x00, 0x00, 0x00, 0x06, 0x00, 0x00, 0x00, 0x06, 0x00, 0x00, 0x00, 0x06, 0x00, 0x00, 0x00, 0x06,
    0x00, 0x00, 0x00, 0x06, 0x00, 0x00, 0x00, 0x06, 0x00, 0x00, 0x00, 0x06, 0x00, 0x00, 0x00, 0x06,
    0x00, 0x00, 0x00, 0x06, 0x00, 0x00, 0x00, 0x06, 0x00, 0x00, 0x00, 0x06, 0x00, 0x00, 0x00, 0x00,
    0xE0, 0xFF, 0xFF, 0x07, 0xE0, 0xFF, 0xFF, 0x07, 0x60, 0x00, 0x00, 0x06, 0x60, 0x00, 0x00, 0x06,
    0x60, 0x00, 0x00, 0x00, 0xE0, 0x03, 0x00, 0x00, 0x80, 0x3F, 0x00, 0x00, 0x00, 0xFC, 0x01, 0x00,
    0x00, 0xE0, 0x0F, 0x00, 0x00, 0x00, 0x3E, 0x00, 0x00, 0x00, 0x30, 0x00, 0x00, 0x00, 0x00, 0x00,
    0x00, 0x00, 0x00, 0x60, 0x00, 0x00, 0x06, 0x60, 0x00, 0x00, 0x06, 0xE0, 0xFF, 0xFF, 0x07, 0xE0,
    0xFF, 0xFF, 0x07, 0x00, 0x00, 0x00, 0x00, 0x00, 0x20, 0x00, 0x00, 0x00, 0x60, 0x00, 0x00, 0x00,
    0xE0, 0x03, 0x00, 0x00, 0x80, 0x3F, 0x00, 0x00, 0x00, 0xFC, 0x01, 0x00, 0x00, 0xE0, 0x0F, 0x00,
    0x00, 0x00, 0x3E, 0x00, 0x00, 0x00, 0x30, 0x00, 0x00, 0x00, 0x00, 0x00, 0x00, 0x00, 0x00, 0x60,
    0x00, 0x00, 0x06, 0x60, 0x00, 0x00, 0x06, 0xE0, 0xFF, 0xFF, 0x07, 0xE0, 0xFF, 0xFF, 0x07, 0x00,
    0x00, 0x00, 0x00, 0x00, 0x20, 0x00, 0x00, 0x00, 0x38, 0x00, 0x00, 0x00, 0x1F, 0x00, 0x00, 0xC0,
    0x07, 0x00, 0x00, 0xE0, 0x00, 0x00, 0x00, 0xE0, 0x00, 0x00, 0x00, 0xC0, 0x07, 0x00, 0x00, 0x00,
    0x1F, 0x00, 0x00, 0x00, 0x38, 0x00, 0x00, 0x00, 0x20, 0x00, 0x00, 0x00, 0x06, 0x00, 0x00, 0x00,
    0x06, 0x00, 0x00, 0x00, 0x06, 0x00, 0x00, 0x00, 0x00, 0x00, 0x00, 0x00, 0x00, 0x00, 0x00, 0x00,
    0x60, 0x00, 0x00, 0x06, 0x60, 0x00, 0x00, 0x06, 0xE0, 0xFF, 0xFF, 0x07, 0xE0, 0xFF, 0xFF, 0x07,
    0x00, 0x00, 0x00, 0x00, 0x00, 0x20, 0x00, 0x00, 0x00, 0x38, 0x00, 0x00, 0x00, 0x1F, 0x00, 0x00,
    0xC0, 0x07, 0x00, 0x00, 0xE0, 0x00, 0x00, 0x00, 0xE0, 0x00, 0x00, 0x00, 0xC0, 0x07, 0x00, 0x00,
    0x00, 0x1F, 0x00, 0x00, 0x00, 0x38, 0x00, 0x00, 0x00, 0x20, 0x00, 0x00, 0x00, 0x06, 0x00, 0x00,
    0x00, 0x06, 0x00, 0x00, 0x00, 0x06, 0x00, 0x00, 0x00, 0x06, 0x00, 0x00, 0x00, 0x06, 0x00, 0x00,
    0x00, 0x06, 0x00, 0x00, 0x00, 0x06, 0x00, 0x00, 0x00, 0x00, 0x00, 0x00, 0x00, 0x20, 0x00, 0x00,
    0x00, 0x38, 0x00, 0x00, 0x00, 0x1F, 0x00, 0x00, 0xC0, 0x07, 0x00, 0x00, 0xE0, 0x00, 0x00, 0x00,
    0xE0, 0x00, 0x00, 0x00, 0xC0, 0x07, 0x00, 0x00, 0x00, 0x1F, 0x00, 0x00, 0x00, 0x38, 0x00, 0x00,
    0x00, 0x20, 0x00, 0x00, 0x00, 0x06, 0x00, 0x00, 0x00, 0x06, 0x00, 0x00, 0x00, 0x06, 0x00, 0x00,
    0x00, 0x06, 0x00, 0x00, 0x00, 0x06, 0x00, 0x00, 0x00, 0x06, 0x00, 0x00, 0x00, 0x06, 0x00, 0x00,
    0x00, 0x06, 0x00, 0x00, 0x00, 0x06, 0x00, 0x00, 0x00, 0x06, 0x00, 0x00, 0x00, 0x06, 0x00, 0x00,
    0x00, 0x06, 0x00, 0x00, 0x00, 0x06, 0x00, 0x00, 0x00, 0x00, 0x20, 0x00, 0x00, 0x00, 0x60, 0x00,
    0x00, 0x00, 0xE0, 0x00, 0x00, 0x00, 0x80, 0x00, 0x00, 0x00, 0x00, 0x00, 0x18, 0x0E, 0x00, 0x00,
    0x1C, 0x1F, 0x00, 0x00, 0x8C, 0x39, 0x00, 0x00, 0x86, 0x31, 0x00, 0x00, 0x86, 0x31, 0x00, 0x00,
    0xC6, 0x30, 0x00, 0x00, 0xC6, 0x18, 0x00, 0x00, 0xCE, 0x0C, 0x00, 0x00, 0xFC, 0x1F, 0x00, 0x00,
    0xF8, 0x3F, 0x00, 0x00, 0x00, 0x20, 0x00, 0x00, 0x00, 0x00, 0x00, 0x00, 0x00, 0x00, 0xE0, 0xFF,
    0x00, 0x00, 0x00, 0x06, 0x00, 0x00, 0x00, 0x06, 0x00, 0x00, 0x00, 0x06, 0x00, 0x00, 0x00, 0x06,
    0x00, 0x00, 0x00, 0x06, 0x00, 0x00, 0x00, 0x06, 0x00, 0x00, 0x00, 0x06, 0x00, 0x00, 0x00, 0x06,
    0x00, 0x00, 0x00, 0x06, 0x00, 0x00, 0x00, 0x06, 0x00, 0x00, 0x00, 0x06, 0x00, 0x00, 0x00, 0x06,
    0x00, 0x00, 0x00, 0x06, 0x00, 0x00, 0x00, 0x00, 0x20, 0x00, 0x00, 0x00, 0x60, 0x00, 0x00, 0x00,
    0xE0, 0x00, 0x00, 0x00, 0x80, 0x00, 0x00, 0x00, 0x00, 0x00, 0x18, 0x0E, 0x00, 0x00, 0x1C, 0x1F,
    0x00, 0x00, 0x8C, 0x39, 0x00, 0x00, 0x86, 0x31, 0x00, 0x00, 0x86, 0x31, 0x00, 0x00, 0xC6, 0x30,
    0x00, 0x00, 0xC6, 0x18, 0x00, 0x00, 0xCE, 0x0C, 0x00, 0x00, 0xFC, 0x1F, 0x00, 0x00, 0xF8, 0x3F,
    0x00, 0x00, 0x00, 0x20, 0x00, 0x00, 0x00, 0x00, 0x00, 0x00, 0x00, 0x00, 0xE0, 0xFF, 0x3F, 0x00,
    0xE0, 0xFF, 0x3F, 0x00, 0x00, 0x18, 0x0C, 0x00, 0x00, 0x0C, 0x18, 0x00, 0x00, 0x06, 0x30, 0x00,
    0x00, 0x06, 0x30, 0x00, 0x00, 0x06, 0x30, 0x00, 0x00, 0x0E, 0x38, 0x00, 0x00, 0x1C, 0x1C, 0x00,
    0x00, 0xF8, 0x0F, 0x00, 0x00, 0xE0, 0x03, 0x00, 0x00, 0x00, 0x00, 0x00, 0xF0, 0x07, 0x00, 0x00,
    0xF8, 0x0F, 0x00, 0x00, 0x1C, 0x1C, 0x00, 0x00, 0x0E, 0x38, 0x00, 0x00, 0x06, 0x30, 0x00, 0x00,
    0x06, 0x30, 0x00, 0x00, 0x06, 0x30, 0x00, 0x00, 0x0E, 0x38, 0x00, 0x00, 0x1C, 0x1C, 0x00, 0x00,
    0x00, 0x00, 0x00, 0x00, 0x20, 0x00, 0x00, 0x00, 0x60, 0x00, 0x00, 0x00, 0xE0, 0x00, 0x00, 0x00,
    0x80, 0x00, 0x00, 0x00, 0x00, 0x00, 0x18, 0x0E, 0x00, 0x00, 0x1C, 0x1F, 0x00, 0x00, 0x8C, 0x39,
    0x00, 0x00, 0x86, 0x31, 0x00, 0x00, 0x86, 0x31, 0x00, 0x00, 0xC6, 0x30, 0x00, 0x00, 0xC6, 0x18,
    0x00, 0x00, 0xCE, 0x0C, 0x00, 0x00, 0xFC, 0x1F, 0x00, 0x00, 0xF8, 0x3F, 0x00, 0x00, 0x00, 0x20,
    0x00, 0x00, 0x00, 0x00, 0x00, 0x00, 0x00, 0x00, 0x00, 0x18, 0x0E, 0x00, 0x00, 0x1C, 0x1F, 0x00,
    0x00, 0x8C, 0x39, 0x00, 0x00, 0x86, 0x31, 0x00, 0x00, 0x86, 0x31, 0x00, 0x00, 0xC6, 0x30, 0x00,
    0x00, 0xC6, 0x18, 0x00, 0x00, 0xCE, 0x0C, 0x00, 0x00, 0xFC, 0x1F, 0x00, 0x00, 0xF8, 0x3F, 0x00,
    0x00, 0x00, 0x20, 0x00, 0x00, 0x00, 0x00, 0x00, 0x00, 0x00, 0x00, 0xE0, 0xFF, 0x3F, 0x00, 0xE0,
    0xFF, 0x3F, 0x00, 0x00, 0x18, 0x0C, 0x00, 0x00, 0x0C, 0x18, 0x00, 0x00, 0x06, 0x30, 0x00, 0x00,
    0x06, 0x30, 0x00, 0x00, 0x06, 0x30, 0x00, 0x00, 0x0E, 0x38, 0x00, 0x00, 0x1C, 0x1C, 0x00, 0x00,
    0xF8, 0x0F, 0x00, 0x00, 0xE0, 0x03, 0x00, 0x00, 0x00, 0x00, 0x00, 0xF0, 0x07, 0x00, 0x00, 0xF8,
    0x0F, 0x00, 0x00, 0x1C, 0x1C, 0x00, 0x00, 0x0E, 0x38, 0x00, 0x00, 0x06, 0x30, 0x00, 0x00, 0x06,
    0x30, 0x00, 0x00, 0x06, 0x30, 0x00, 0x00, 0x0E, 0x38, 0x00, 0x00, 0x1C, 0x1C, 0x00, 0x00, 0x18,
    0x0C, 0x00, 0x00, 0x00, 0x00, 0x00, 0xE0, 0x03, 0x00, 0x00, 0xF8, 0x0F, 0x00, 0x00, 0x1C, 0x1C,
    0x00, 0x00, 0x0E, 0x38, 0x00, 0x00, 0x06, 0x30, 0x00, 0x00, 0x06, 0x30, 0x00, 0x00, 0x06, 0x30,
    0x00, 0x00, 0x0C, 0x18, 0x00, 0x00, 0x18, 0x0C, 0x00, 0xE0, 0xFF, 0x3F, 0x00, 0xE0, 0xFF, 0x3F,
    0x00, 0x00, 0x00, 0x00, 0x00, 0x00, 0x00, 0x00, 0xE0, 0xFF, 0x3F, 0x00, 0xE0, 0xFF, 0x3F, 0x00,
    0x00, 0x18, 0x0C, 0x00, 0x00, 0x0C, 0x18, 0x00, 0x00, 0x06, 0x30, 0x00, 0x00, 0x06, 0x30, 0x00,
    0x00, 0x06, 0x30, 0x00, 0x00, 0x0E, 0x38, 0x00, 0x00, 0x1C, 0x1C, 0x00, 0x00, 0xF8, 0x0F, 0x00,
    0x00, 0xE0, 0x03, 0x00, 0x00, 0x00, 0x00, 0x00, 0xF0, 0x07, 0x00, 0x00, 0xF8, 0x0F, 0x00, 0x00,
    0x1C, 0x1C, 0x00, 0x00, 0x0E, 0x38, 0x00, 0x00, 0x06, 0x30, 0x00, 0x00, 0x06, 0x30, 0x00, 0x00,
    0x06, 0x30, 0x00, 0x00, 0x0E, 0x38, 0x00, 0x00, 0x1C, 0x1C, 0x00, 0x00, 0x18, 0x0C, 0x00, 0x00,
    0x00, 0x00, 0x00, 0xE0, 0x03, 0x00, 0x00, 0xF8, 0x0F, 0x00, 0x00, 0x1C, 0x1C, 0x00, 0x00, 0x0E,
    0x38, 0x00, 0x00, 0x06, 0x30, 0x00, 0x00, 0x06, 0x30, 0x00, 0x00, 0x06, 0x30, 0x00, 0x00, 0x0C,
    0x18, 0x00, 0x00, 0x18, 0x0C, 0x00, 0xE0, 0xFF, 0x3F, 0x00, 0xE0, 0xFF, 0x3F, 0x00, 0x00, 0x00,
    0x00, 0x00, 0xE0, 0x07, 0x00, 0x00, 0xF8, 0x0F, 0x00, 0x00, 0xDC, 0x1C, 0x00, 0x00, 0xCE, 0x38,
    0x00, 0x00, 0xC6, 0x30, 0x00, 0x00, 0xC6, 0x30, 0x00, 0x00, 0xC6, 0x30, 0x00, 0x00, 0xCE, 0x38,
    0x00, 0x00, 0xDC, 0x18, 0x00, 0x00, 0xF8, 0x0C, 0x00, 0x00, 0xF0, 0x04, 0x00, 0x06, 0x00, 0x00,
    0x00, 0x06, 0x00, 0x00, 0xC0, 0xFF, 0x3F, 0x00, 0xE0, 0xFF, 0x3F, 0x00, 0x00, 0x00, 0x00, 0x00,
    0x00, 0xF0, 0x07, 0x00, 0x00, 0xF8, 0x0F, 0x00, 0x00, 0x1C, 0x1C, 0x00, 0x00, 0x0E, 0x38, 0x00,
    0x00, 0x06, 0x30, 0x00, 0x00, 0x06, 0x30, 0x00, 0x00, 0x06, 0x30, 0x00, 0x00, 0x0E, 0x38, 0x00,
    0x00, 0x1C, 0x1C, 0x00, 0x00, 0x18, 0x0C, 0x00, 0x00, 0x00, 0x00, 0x00, 0xE0, 0x03, 0x00, 0x00,
    0xF8, 0x0F, 0x00, 0x00, 0x1C, 0x1C, 0x00, 0x00, 0x0E, 0x38, 0x00, 0x00, 0x06, 0x30, 0x00, 0x00,
    0x06, 0x30, 0x00, 0x00, 0x06, 0x30, 0x00, 0x00, 0x0C, 0x18, 0x00, 0x00, 0x18, 0x0C, 0x00, 0xE0,
    0xFF, 0x3F, 0x00, 0xE0, 0xFF, 0x3F, 0x00, 0x00, 0x00, 0x00, 0x00, 0xE0, 0x07, 0x00, 0x00, 0xF8,
    0x0F, 0x00, 0x00, 0xDC, 0x1C, 0x00, 0x00, 0xCE, 0x38, 0x00, 0x00, 0xC6, 0x30, 0x00, 0x00, 0xC6,
    0x30, 0x00, 0x00, 0xC6, 0x30, 0x00, 0x00, 0xCE, 0x38, 0x00, 0x00, 0xDC, 0x18, 0x00, 0x00, 0xF8,
    0x0C, 0x00, 0x00, 0xF0, 0x04, 0x00, 0x06, 0x00, 0x00, 0x00, 0x06, 0x00, 0x00, 0xC0, 0xFF, 0x3F,
    0x00, 0xE0, 0xFF, 0x3F, 0x00, 0x60, 0x06, 0x00, 0x00, 0x60, 0x06, 0x00, 0x00, 0x60, 0x06, 0x00,
    0x00, 0x00, 0x00, 0x00, 0xE0, 0x83, 0x01, 0x00, 0x00, 0x00, 0x00, 0x00, 0x00, 0xE0, 0x03, 0x00,
    0x00, 0xF8, 0x0F, 0x00, 0x00, 0x1C, 0x1C, 0x00, 0x00, 0x0E, 0x38, 0x00, 0x00, 0x06, 0x30, 0x00,
    0x00, 0x06, 0x30, 0x00, 0x00, 0x06, 0x30, 0x00, 0x00, 0x0C, 0x18, 0x00, 0x00, 0x18, 0x0C, 0x00,
    0xE0, 0xFF, 0x3F, 0x00, 0xE0, 0xFF, 0x3F, 0x00, 0x00, 0x00, 0x00, 0x00, 0xE0, 0x07, 0x00, 0x00,
    0xF8, 0x0F, 0x00, 0x00, 0xDC, 0x1C, 0x00, 0x00, 0xCE, 0x38, 0x00, 0x00, 0xC6, 0x30, 0x00, 0x00,
    0xC6, 0x30, 0x00, 0x00, 0xC6, 0x30, 0x00, 0x00, 0xCE, 0x38, 0x00, 0x00, 0xDC, 0x18, 0x00, 0x00,
    0xF8, 0x0C, 0x00, 0x00, 0xF0, 0x04, 0x00, 0x06, 0x00, 0x00, 0x00, 0x06, 0x00, 0x00, 0xC0, 0xFF,
    0x3F, 0x00, 0xE0, 0xFF, 0x3F, 0x00, 0x60, 0x06, 0x00, 0x00, 0x60, 0x06, 0x00, 0x00, 0x60, 0x06,
    0x00, 0x00, 0x00, 0x00, 0x00, 0xE0, 0x83, 0x01, 0x00, 0xF8, 0x8F, 0x03, 0x00, 0x1C, 0x1C, 0x07,
    0x00, 0x0E, 0x38, 0x06, 0x00, 0x06, 0x30, 0x06, 0x00, 0x06, 0x30, 0x06, 0x00, 0x06, 0x30, 0x06,
    0x00, 0x0C, 0x18, 0x07, 0x00, 0x18, 0x8C, 0x03, 0x00, 0xFE, 0xFF, 0x01, 0x00, 0xFE, 0xFF, 0x00,
    0x00, 0x00, 0x00, 0x00, 0x00, 0x00, 0x00, 0xE0, 0xFF, 0x3F, 0x00, 0xE0, 0xFF, 0x3F, 0x00, 0x00,
    0x18, 0x00, 0x00, 0x00, 0x00, 0x00, 0x00, 0x00, 0x00, 0xE0, 0x07, 0x00, 0x00, 0xF8, 0x0F, 0x00,
    0x00, 0xDC, 0x1C, 0x00, 0x00, 0xCE, 0x38, 0x00, 0x00, 0xC6, 0x30, 0x00, 0x00, 0xC6, 0x30, 0x00,
    0x00, 0xC6, 0x30, 0x00, 0x00, 0xCE, 0x38, 0x00, 0x00, 0xDC, 0x18, 0x00, 0x00, 0xF8, 0x0C, 0x00,
    0x00, 0xF0, 0x04, 0x00, 0x06, 0x00, 0x00, 0x00, 0x06, 0x00, 0x00, 0xC0, 0xFF, 0x3F, 0x00, 0xE0,
    0xFF, 0x3F, 0x00, 0x60, 0x06, 0x00, 0x00, 0x60, 0x06, 0x00, 0x00, 0x60, 0x06, 0x00, 0x00, 0x00,
    0x00, 0x00, 0xE0, 0x83, 0x01, 0x00, 0xF8, 0x8F, 0x03, 0x00, 0x1C, 0x1C, 0x07, 0x00, 0x0E, 0x38,
    0x06, 0x00, 0x06, 0x30, 0x06, 0x00, 0x06, 0x30, 0x06, 0x00, 0x06, 0x30, 0x06, 0x00, 0x0C, 0x18,
    0x07, 0x00, 0x18, 0x8C, 0x03, 0x00, 0xFE, 0xFF, 0x01, 0x00, 0xFE, 0xFF, 0x00, 0x00, 0x00, 0x00,
    0x00, 0x00, 0x00, 0x00, 0xE0, 0xFF, 0x3F, 0x00, 0xE0, 0xFF, 0x3F, 0x00, 0x00, 0x18, 0x00, 0x00,
    0x00, 0x0C, 0x00, 0x00, 0x00, 0x06, 0x00, 0x00, 0x00, 0x06, 0x00, 0x00, 0x00, 0x06, 0x00, 0x00,
    0x00, 0x0E, 0x00, 0x00, 0x00, 0xFC, 0x3F, 0x00, 0x00, 0xF8, 0x3F, 0x00, 0x00, 0x00, 0x00, 0x00,
    0x00, 0x00, 0x00, 0x60, 0xFE, 0x3F, 0x00, 0x60, 0xFE, 0x3F, 0x00, 0x00, 0x00, 0x06, 0x00, 0x00,
    0x00, 0x06, 0x00, 0x00, 0x00, 0x06, 0x00, 0x00, 0xC0, 0xFF, 0x3F, 0x00, 0xE0, 0xFF, 0x3F, 0x00,
    0x60, 0x06, 0x00, 0x00, 0x60, 0x06, 0x00, 0x00, 0x60, 0x06, 0x00, 0x00, 0x00, 0x00, 0x00, 0xE0,
    0x83, 0x01, 0x00, 0xF8, 0x8F, 0x03, 0x00, 0x1C, 0x1C, 0x07, 0x00, 0x0E, 0x38, 0x06, 0x00, 0x06,
    0x30, 0x06, 0x00, 0x06, 0x30, 0x06, 0x00, 0x06, 0x30, 0x06, 0x00, 0x0C, 0x18, 0x07, 0x00, 0x18,
    0x8C, 0x03, 0x00, 0xFE, 0xFF, 0x01, 0x00, 0xFE, 0xFF, 0x00, 0x00, 0x00, 0x00, 0x00, 0x00, 0x00,
    0x00, 0xE0, 0xFF, 0x3F, 0x00, 0xE0, 0xFF, 0x3F, 0x00, 0x00, 0x18, 0x00, 0x00, 0x00, 0x0C, 0x00,
    0x00, 0x00, 0x06, 0x00, 0x00, 0x00, 0x06, 0x00, 0x00, 0x00, 0x00, 0x00, 0x00, 0xE0, 0x83, 0x01,
    0x00, 0xF8, 0x8F, 0x03, 0x00, 0x1C, 0x1C, 0x07, 0x00, 0x0E, 0x38, 0x06, 0x00, 0x06, 0x30, 0x06,
    0x00, 0x06, 0x30, 0x06, 0x00, 0x06, 0x30, 0x06, 0x00, 0x0C, 0x18, 0x07, 0x00, 0x18, 0x8C, 0x03,
    0x00, 0xFE, 0xFF, 0x01, 0x00, 0xFE, 0xFF, 0x00, 0x00, 0x00, 0x00, 0x00, 0x00, 0x00, 0x00, 0xE0,
    0xFF, 0x3F, 0x00, 0xE0, 0xFF, 0x3F, 0x00, 0x00, 0x18, 0x00, 0x00, 0x00, 0x0C, 0x00, 0x00, 0x00,
    0x06, 0x00, 0x00, 0x00, 0x06, 0x00, 0x00, 0x00, 0x06, 0x00, 0x00, 0x00, 0x0E, 0x00, 0x00, 0x00,
    0xFC, 0x3F, 0x00, 0x00, 0xF8, 0x3F, 0x00, 0x00, 0x00, 0x00, 0x00, 0x00, 0x00, 0x00, 0x60, 0xFE,
    0x3F, 0x00, 0x60, 0xFE, 0x3F, 0x00, 0x00, 0x00, 0x06, 0x00, 0x00, 0x00, 0x06, 0x60, 0xFE, 0xFF,
    0x07, 0x60, 0xFE, 0xFF, 0x03, 0x00, 0x00, 0x00, 0x00, 0x00, 0x00, 0x00, 0x00, 0xE0, 0xFF, 0x3F,
    0x00, 0xE0, 0xFF, 0x3F, 0x00, 0x00, 0xC0, 0x00, 0x00, 0x00, 0xE0, 0x00, 0x00, 0x00, 0xF0, 0x01,
    0x00, 0x00, 0x98, 0x07, 0x00, 0x00, 0x0C, 0x0E, 0x00, 0x00, 0x06, 0x3C, 0x00, 0x00, 0x02, 0x30,
    0x00, 0x00, 0x00, 0x20, 0x00, 0x00, 0x00, 0x00, 0x00, 0x00, 0x00, 0x00, 0xE0, 0xFF, 0x3F, 0x00,
    0xE0, 0xFF, 0x3F, 0x00, 0x00, 0x00, 0x00, 0x00, 0x00, 0x00, 0x00, 0x00, 0xE0, 0xFF, 0x3F, 0x00,
    0xE0, 0xFF, 0x3F, 0x00, 0x00, 0x18, 0x00, 0x00, 0x00, 0x0C, 0x00, 0x00, 0x00, 0x06, 0x00, 0x00,
    0x00, 0x06, 0x00, 0x00, 0x00, 0x06, 0x00, 0x00, 0x00, 0x0E, 0x00, 0x00, 0x00, 0xFC, 0x3F, 0x00,
    0x00, 0xF8, 0x3F, 0x00, 0x00, 0x00, 0x00, 0x00, 0x00, 0x00, 0x00, 0x60, 0xFE, 0x3F, 0x00, 0x60,
    0xFE, 0x3F, 0x00, 0x00, 0x00, 0x06, 0x00, 0x00, 0x00, 0x06, 0x60, 0xFE, 0xFF, 0x07, 0x60, 0xFE,
    0xFF, 0x03, 0x00, 0x00, 0x00, 0x00, 0x00, 0x00, 0x00, 0x00, 0xE0, 0xFF, 0x3F, 0x00, 0xE0, 0xFF,
    0x3F, 0x00, 0x00, 0xC0, 0x00, 0x00, 0x00, 0xE0, 0x00, 0x00, 0x00, 0xF0, 0x01, 0x00, 0x00, 0x98,
    0x07, 0x00, 0x00, 0x0C, 0x0E, 0x00, 0x00, 0x06, 0x3C, 0x00, 0x00, 0x02, 0x30, 0x00, 0x00, 0x00,
    0x20, 0x00, 0x00, 0x00, 0x00, 0x00, 0x00, 0x00, 0x00, 0xE0, 0xFF, 0x3F, 0x00, 0xE0, 0xFF, 0x3F,
    0x00, 0x00, 0x00, 0x00, 0x00, 0x00, 0x00, 0x00, 0x00, 0xFE, 0x3F, 0x00, 0x00, 0xFE, 0x3F, 0x00,
    0x00, 0x0C, 0x00, 0x00, 0x00, 0x04, 0x00, 0x00, 0x00, 0x06, 0x00, 0x00, 0x00, 0x06, 0x00, 0x00,
    0x00, 0x0E, 0x00, 0x00, 0x00, 0xFC, 0x3F, 0x00, 0x00, 0xF8, 0x3F, 0x00, 0x00, 0x0C, 0x00, 0x00,
    0x00, 0x00, 0x00, 0x00, 0x00, 0x00, 0x00, 0x00, 0x60, 0xFE, 0x3F, 0x00, 0x60, 0xFE, 0x3F, 0x00,
    0x00, 0x00, 0x06, 0x00, 0x00, 0x00, 0x06, 0x60, 0xFE, 0xFF, 0x07, 0x60, 0xFE, 0xFF, 0x03, 0x00,
    0x00, 0x00, 0x00, 0x00, 0x00, 0x00, 0x00, 0xE0, 0xFF, 0x3F, 0x00, 0xE0, 0xFF, 0x3F, 0x00, 0x00,
    0xC0, 0x00, 0x00, 0x00, 0xE0, 0x00, 0x00, 0x00, 0xF0, 0x01, 0x00, 0x00, 0x00, 0x00, 0x00, 0x06,
    0x00, 0x00, 0x00, 0x06, 0x60, 0xFE, 0xFF, 0x07, 0x60, 0xFE, 0xFF, 0x03, 0x00, 0x00, 0x00, 0x00,
    0x00, 0x00, 0x00, 0x00, 0xE0, 0xFF, 0x3F, 0x00, 0xE0, 0xFF, 0x3F, 0x00, 0x00, 0xC0, 0x00, 0x00,
    0x00, 0xE0, 0x00, 0x00, 0x00, 0xF0, 0x01, 0x00, 0x00, 0x98, 0x07, 0x00, 0x00, 0x0C, 0x0E, 0x00,
    0x00, 0x06, 0x3C, 0x00, 0x00, 0x02, 0x30, 0x00, 0x00, 0x00, 0x20, 0x00, 0x00, 0x00, 0x00, 0x00,
    0x00, 0x00, 0x00, 0x00, 0xE0, 0xFF, 0x3F, 0x00, 0xE0, 0xFF, 0x3F, 0x00, 0x00, 0xC0, 0x00, 0x00,
    0x00, 0xE0, 0x00, 0x00, 0x00, 0xF0, 0x01, 0x00, 0x00, 0x98, 0x07, 0x00, 0x00, 0x0C, 0x0E, 0x00,
    0x00, 0x06, 0x3C, 0x00, 0x00, 0x02, 0x30, 0x00, 0x00, 0x00, 0x20, 0x00, 0x00, 0x00, 0x00, 0x00,
    0x00, 0x00, 0x00, 0xE0, 0xFF, 0x3F, 0x00, 0xE0, 0xFF, 0x3F, 0x00, 0x00, 0x00, 0x00, 0x00, 0x00,
    0x00, 0x00, 0x00, 0xFE, 0x3F, 0x00, 0x00, 0xFE, 0x3F, 0x00, 0x00, 0x0C, 0x00, 0x00, 0x00, 0x04,
    0x00, 0x00, 0x00, 0x06, 0x00, 0x00, 0x00, 0x06, 0x00, 0x00, 0x00, 0x0E, 0x00, 0x00, 0x00, 0xFC,
    0x3F, 0x00, 0x00, 0xF8, 0x3F, 0x00, 0x00, 0x0C, 0x00, 0x00, 0x00, 0x04, 0x00, 0x00, 0x00, 0x06,
    0x00, 0x00, 0x00, 0x06, 0x00, 0x00, 0x00, 0x0E, 0x00, 0x00, 0x00, 0xFC, 0x3F, 0x00, 0x00, 0xF8,
    0x3F, 0x00, 0x00, 0x00, 0x00, 0x00, 0x00, 0x00, 0x00, 0x00, 0xFE, 0x3F, 0x00, 0x00, 0xFE, 0x3F,
    0x00, 0x00, 0x18, 0x00, 0x00, 0x00, 0x0C, 0x00, 0x00, 0x00, 0x06, 0x00, 0x00, 0x00, 0x06, 0x00,
    0x00, 0x00, 0x06, 0x00, 0x00, 0x00, 0x0E, 0x00, 0x00, 0x00, 0xFC, 0x3F, 0x00, 0x00, 0xF8, 0x3F,
    0x00, 0x00, 0x00, 0x00, 0x00, 0xF0, 0x07, 0x00, 0x00, 0x00, 0x00, 0x00, 0x00, 0x00, 0x00, 0x00,
    0xE0, 0xFF, 0x3F, 0x00, 0xE0, 0xFF, 0x3F, 0x00, 0x00, 0x00, 0x00, 0x00, 0x00, 0x00, 0x00, 0x00,
    0xFE, 0x3F, 0x00, 0x00, 0xFE, 0x3F, 0x00, 0x00, 0x0C, 0x00, 0x00, 0x00, 0x04, 0x00, 0x00, 0x00,
    0x06, 0x00, 0x00, 0x00, 0x06, 0x00, 0x00, 0x00, 0x0E, 0x00, 0x00, 0x00, 0xFC, 0x3F, 0x00, 0x00,
    0xF8, 0x3F, 0x00, 0x00, 0x00, 0x00, 0x00, 0x00, 0x00, 0x00, 0x00, 0x00, 0x00, 0xFE, 0x3F, 0x00,
    0x00, 0xFE, 0x3F, 0x00, 0x00, 0x0C, 0x00, 0x00, 0x00, 0x04, 0x00, 0x00, 0x00, 0x06, 0x00, 0x00,
    0x00, 0x06, 0x00, 0x00, 0x00, 0x0E, 0x00, 0x00, 0x00, 0xFC, 0x3F, 0x00, 0x00, 0xF8, 0x3F, 0x00,
    0x00, 0x0C, 0x00, 0x00, 0x00, 0x04, 0x00, 0x00, 0x00, 0x06, 0x00, 0x00, 0x00, 0x06, 0x00, 0x00,
    0x00, 0x0E, 0x00, 0x00, 0x00, 0xFC, 0x3F, 0x00, 0x00, 0xF8, 0x3F, 0x00, 0x00, 0x00, 0x00, 0x00,
    0x00, 0x00, 0x00, 0x00, 0xFE, 0x3F, 0x00, 0x00, 0xFE, 0x3F, 0x00, 0x00, 0x18, 0x00, 0x00, 0x00,
    0x0C, 0x00, 0x00, 0x00, 0x06, 0x00, 0x00, 0x00, 0x06, 0x00, 0x00, 0x00, 0x06, 0x00, 0x00, 0x00,
    0x0E, 0x00, 0x00, 0x00, 0xFC, 0x3F, 0x00, 0x00, 0xF8, 0x3F, 0x00, 0x00, 0x00, 0x00, 0x00, 0xF0,
    0x07, 0x00, 0x00, 0xF8, 0x0F, 0x00, 0x00, 0x1C, 0x1C, 0x00, 0x00, 0x0E, 0x38, 0x00, 0x00, 0x06,
    0x30, 0x00, 0x00, 0x06, 0x30, 0x00, 0x00, 0x06, 0x30, 0x00, 0x00, 0x0E, 0x38, 0x00, 0x00, 0x1C,
    0x1C, 0x00, 0x00, 0xF8, 0x0F, 0x00, 0x00, 0xF0, 0x07, 0x00, 0x00, 0x00, 0x00, 0x00, 0x00, 0x00,
    0x00, 0x00, 0xFE, 0xFF, 0x07, 0x00, 0xFE, 0xFF, 0x07, 0x00, 0x18, 0x0C, 0x00, 0x00, 0x0C, 0x18,
    0x00, 0x00, 0x06, 0x30, 0x00, 0x00, 0x06, 0x30, 0x00, 0x00, 0x06, 0x30, 0x00, 0x00, 0x0E, 0x38,
    0x00, 0x00, 0x1C, 0x1C, 0x00, 0x00, 0xF8, 0x0F, 0x00, 0x00, 0xE0, 0x03, 0x00, 0x00, 0x00, 0x00,
    0x00, 0xE0, 0x03, 0x00, 0x00, 0xF8, 0x0F, 0x00, 0x00, 0x1C, 0x1C, 0x00, 0x00, 0x0E, 0x38, 0x00,
    0x00, 0x06, 0x30, 0x00, 0x00, 0x06, 0x30, 0x00, 0x00, 0x06, 0x30, 0x00, 0x00, 0x0C, 0x18, 0x00,
    0x00, 0x18, 0x0C, 0x00, 0x00, 0xFE, 0xFF, 0x07, 0x00, 0xFE, 0xFF, 0x07, 0x00, 0x00, 0x00, 0x00,
    0x00, 0x00, 0x00, 0x00, 0x00, 0xFE, 0x3F, 0x00, 0x00, 0xFE, 0x3F, 0x00, 0x00, 0x0C, 0x00, 0x00,
    0x00, 0x00, 0x00, 0x00, 0x00, 0x00, 0x00, 0x00, 0x00, 0xFE, 0x3F, 0x00, 0x00, 0xFE, 0x3F, 0x00,
    0x00, 0x18, 0x00, 0x00, 0x00, 0x0C, 0x00, 0x00, 0x00, 0x06, 0x00, 0x00, 0x00, 0x06, 0x00, 0x00,
    0x00, 0x06, 0x00, 0x00, 0x00, 0x0E, 0x00, 0x00, 0x00, 0xFC, 0x3F, 0x00, 0x00, 0xF8, 0x3F, 0x00,
    0x00, 0x00, 0x00, 0x00, 0xF0, 0x07, 0x00, 0x00, 0xF8, 0x0F, 0x00, 0x00, 0x1C, 0x1C, 0x00, 0x00,
    0x0E, 0x38, 0x00, 0x00, 0x06, 0x30, 0x00, 0x00, 0x06, 0x30, 0x00, 0x00, 0x06, 0x30, 0x00, 0x00,
    0x0E, 0x38, 0x00, 0x00, 0x1C, 0x1C, 0x00, 0x00, 0xF8, 0x0F, 0x00, 0x00, 0xF0, 0x07, 0x00, 0x00,
    0x00, 0x00, 0x00, 0x00, 0x00, 0x00, 0x00, 0xFE, 0xFF, 0x07, 0x00, 0xFE, 0xFF, 0x07, 0x00, 0x18,
    0x0C, 0x00, 0x00, 0x0C, 0x18, 0x00, 0x00, 0x06, 0x30, 0x00, 0x00, 0x06, 0x30, 0x00, 0x00, 0x06,
    0x30, 0x00, 0x00, 0x0E, 0x38, 0x00, 0x00, 0x1C, 0x1C, 0x00, 0x00, 0xF8, 0x0F, 0x00, 0x00, 0xE0,
    0x03, 0x00, 0x00, 0x00, 0x00, 0x00, 0xE0, 0x03, 0x00, 0x00, 0xF8, 0x0F, 0x00, 0x00, 0x1C, 0x1C,
    0x00, 0x00, 0x0E, 0x38, 0x00, 0x00, 0x06, 0x30, 0x00, 0x00, 0x06, 0x30, 0x00, 0x00, 0x06, 0x30,
    0x00, 0x00, 0x0C, 0x18, 0x00, 0x00, 0x18, 0x0C, 0x00, 0x00, 0xFE, 0xFF, 0x00, 0x00, 0x00, 0x00,
    0x00, 0xF0, 0x07, 0x00, 0x00, 0xF8, 0x0F, 0x00, 0x00, 0x1C, 0x1C, 0x00, 0x00, 0x0E, 0x38, 0x00,
    0x00, 0x06, 0x30, 0x00, 0x00, 0x06, 0x30, 0x00, 0x00, 0x06, 0x30, 0x00, 0x00, 0x0E, 0x38, 0x00,
    0x00, 0x1C, 0x1C, 0x00, 0x00, 0xF8, 0x0F, 0x00, 0x00, 0xF0, 0x07, 0x00, 0x00, 0x00, 0x00, 0x00,
    0x00, 0x00, 0x00, 0x00, 0xFE, 0xFF, 0x07, 0x00, 0xFE, 0xFF, 0x07, 0x00, 0x18, 0x0C, 0x00, 0x00,
    0x0C, 0x18, 0x00, 0x00, 0x06, 0x30, 0x00, 0x00, 0x06, 0x30, 0x00, 0x00, 0x06, 0x30, 0x00, 0x00,
    0x0E, 0x38, 0x00, 0x00, 0x1C, 0x1C, 0x00, 0x00, 0xF8, 0x0F, 0x00, 0x00, 0xE0, 0x03, 0x00, 0x00,
    0x00, 0x00, 0x00, 0xE0, 0x03, 0x00, 0x00, 0xF8, 0x0F, 0x00, 0x00, 0x1C, 0x1C, 0x00, 0x00, 0x0E,
    0x38, 0x00, 0x00, 0x06, 0x30, 0x00, 0x00, 0x06, 0x30, 0x00, 0x00, 0x06, 0x30, 0x00, 0x00, 0x0C,
    0x18, 0x00, 0x00, 0x18, 0x0C, 0x00, 0x00, 0xFE, 0xFF, 0x07, 0x00, 0xFE, 0xFF, 0x07, 0x00, 0x00,
    0x00, 0x00, 0x00, 0x00, 0x00, 0x00, 0x00, 0xFE, 0x3F, 0x00, 0x00, 0xFE, 0x3F, 0x00, 0x00, 0x0C,
    0x00, 0x00, 0x00, 0x06, 0x00, 0x00, 0x00, 0x06, 0x00, 0x00, 0x00, 0x06, 0x00, 0x00, 0x00, 0x00,
    0x00, 0x38, 0x0C, 0x00, 0x00, 0x7C, 0x1C, 0x00, 0x00, 0x00, 0x00, 0x00, 0x00, 0x00, 0x00, 0x00,
    0x00, 0xFE, 0xFF, 0x07, 0x00, 0xFE, 0xFF, 0x07, 0x00, 0x18, 0x0C, 0x00, 0x00, 0x0C, 0x18, 0x00,
    0x00, 0x06, 0x30, 0x00, 0x00, 0x06, 0x30, 0x00, 0x00, 0x06, 0x30, 0x00, 0x00, 0x0E, 0x38, 0x00,
    0x00, 0x1C, 0x1C, 0x00, 0x00, 0xF8, 0x0F, 0x00, 0x00, 0xE0, 0x03, 0x00, 0x00, 0x00, 0x00, 0x00,
    0xE0, 0x03, 0x00, 0x00, 0xF8, 0x0F, 0x00, 0x00, 0x1C, 0x1C, 0x00, 0x00, 0x0E, 0x38, 0x00, 0x00,
    0x06, 0x30, 0x00, 0x00, 0x06, 0x30, 0x00, 0x00, 0x06, 0x30, 0x00, 0x00, 0x0C, 0x18, 0x00, 0x00,
    0x18, 0x0C, 0x00, 0x00, 0xFE, 0xFF, 0x07, 0x00, 0xFE, 0xFF, 0x07, 0x00, 0x00, 0x00, 0x00, 0x00,
    0x00, 0x00, 0x00, 0x00, 0xFE, 0x3F, 0x00, 0x00, 0xFE, 0x3F, 0x00, 0x00, 0x0C, 0x00, 0x00, 0x00,
    0x06, 0x00, 0x00, 0x00, 0x06, 0x00, 0x00, 0x00, 0x06, 0x00, 0x00, 0x00, 0x00, 0x00, 0x38, 0x0C,
    0x00, 0x00, 0x7C, 0x1C, 0x00, 0x00, 0xEE, 0x38, 0x00, 0x00, 0xC6, 0x30, 0x00, 0x00, 0xC6, 0x30,
    0x00, 0x00, 0xC6, 0x31, 0x00, 0x00, 0xC6, 0x31, 0x00, 0x00, 0x8E, 0x39, 0x00, 0x00, 0x9C, 0x1F,
    0x00, 0x00, 0x18, 0x0F, 0x00, 0x06, 0x00, 0x00, 0x00, 0x06, 0x00, 0x00, 0xC0, 0xFF, 0x1F, 0x00,
    0xE0, 0xFF, 0x3F, 0x00, 0x00, 0x06, 0x30, 0x00, 0x00, 0x06, 0x30, 0x00, 0x00, 0x06, 0x30, 0x00,
    0x00, 0x00, 0x00, 0x00, 0x00, 0x00, 0x00, 0x00, 0x00, 0xE0, 0x03, 0x00, 0x00, 0xF8, 0x0F, 0x00,
    0x00, 0x1C, 0x1C, 0x00, 0x00, 0x0E, 0x38, 0x00, 0x00, 0x06, 0x30, 0x00, 0x00, 0x06, 0x30, 0x00,
    0x00, 0x06, 0x30, 0x00, 0x00, 0x0C, 0x18, 0x00, 0x00, 0x18, 0x0C, 0x00, 0x00, 0xFE, 0xFF, 0x07,
    0x00, 0xFE, 0xFF, 0x07, 0x00, 0x00, 0x00, 0x00, 0x00, 0x00, 0x00, 0x00, 0x00, 0xFE, 0x3F, 0x00,
    0x00, 0xFE, 0x3F, 0x00, 0x00, 0x0C, 0x00, 0x00, 0x00, 0x06, 0x00, 0x00, 0x00, 0x06, 0x00, 0x00,
    0x00, 0x06, 0x00, 0x00, 0x00, 0x00, 0x00, 0x38, 0x0C, 0x00, 0x00, 0x7C, 0x1C, 0x00, 0x00, 0xEE,
    0x38, 0x00, 0x00, 0xC6, 0x30, 0x00, 0x00, 0xC6, 0x30, 0x00, 0x00, 0xC6, 0x31, 0x00, 0x00, 0xC6,
    0x31, 0x00, 0x00, 0x8E, 0x39, 0x00, 0x00, 0x9C, 0x1F, 0x00, 0x00, 0x18, 0x0F, 0x00, 0x06, 0x00,
    0x00, 0x00, 0x06, 0x00, 0x00, 0xC0, 0xFF, 0x1F, 0x00, 0xE0, 0xFF, 0x3F, 0x00, 0x00, 0x06, 0x30,
    0x00, 0x00, 0x06, 0x30, 0x00, 0x00, 0x06, 0x30, 0x00, 0x00, 0x00, 0x00, 0x00, 0x00, 0x00, 0x00,
    0x00, 0xFE, 0x0F, 0x00, 0x00, 0xFE, 0x1F, 0x00, 0x00, 0x00, 0x38, 0x00, 0x00, 0x00, 0x30, 0x00,
    0x00, 0x00, 0x30, 0x00, 0x00, 0x00, 0x30, 0x00, 0x00, 0x00, 0x18, 0x00, 0x00, 0x00, 0x0C, 0x00,
    0x00, 0xFE, 0x3F, 0x00, 0x00, 0x00, 0x00, 0x00, 0x00, 0x00, 0x00, 0x00, 0x00, 0xFE, 0x3F, 0x00,
    0x00, 0xFE, 0x3F, 0x00, 0x00, 0x0C, 0x00, 0x00, 0x00, 0x06, 0x00, 0x00, 0x00, 0x06, 0x00, 0x00,
    0x00, 0x06, 0x00, 0x00, 0x00, 0x00, 0x00, 0x38, 0x0C, 0x00, 0x00, 0x7C, 0x1C, 0x00, 0x00, 0xEE,
    0x38, 0x00, 0x00, 0xC6, 0x30, 0x00, 0x00, 0xC6, 0x30, 0x00, 0x00, 0xC6, 0x31, 0x00, 0x00, 0xC6,
    0x31, 0x00, 0x00, 0x8E, 0x39, 0x00, 0x00, 0x9C, 0x1F, 0x00, 0x00, 0x18, 0x0F, 0x00, 0x06, 0x00,
    0x00, 0x00, 0x06, 0x00, 0x00, 0xC0, 0xFF, 0x1F, 0x00, 0xE0, 0xFF, 0x3F, 0x00, 0x00, 0x06, 0x30,
    0x00, 0x00, 0x06, 0x30, 0x00, 0x00, 0x06, 0x30, 0x00, 0x00, 0x00, 0x00, 0x00, 0x00, 0x00, 0x00,
    0x00, 0xFE, 0x0F, 0x00, 0x00, 0xFE, 0x1F, 0x00, 0x00, 0x00, 0x38, 0x00, 0x00, 0x00, 0x00, 0x00,
    0x00, 0x38, 0x0C, 0x00, 0x00, 0x7C, 0x1C, 0x00, 0x00, 0xEE, 0x38, 0x00, 0x00, 0xC6, 0x30, 0x00,
    0x00, 0xC6, 0x30, 0x00, 0x00, 0xC6, 0x31, 0x00, 0x00, 0xC6, 0x31, 0x00, 0x00, 0x8E, 0x39, 0x00,
    0x00, 0x9C, 0x1F, 0x00, 0x00, 0x18, 0x0F, 0x00, 0x06, 0x00, 0x00, 0x00, 0x06, 0x00, 0x00, 0xC0,
    0xFF, 0x1F, 0x00, 0xE0, 0xFF, 0x3F, 0x00, 0x00, 0x06, 0x30, 0x00, 0x00, 0x06, 0x30, 0x00, 0x00,
    0x06, 0x30, 0x00, 0x00, 0x00, 0x00, 0x00, 0x00, 0x00, 0x00, 0x00, 0xFE, 0x0F, 0x00, 0x00, 0xFE,
    0x1F, 0x00, 0x00, 0x00, 0x38, 0x00, 0x00, 0x00, 0x30, 0x00, 0x00, 0x00, 0x30, 0x00, 0x00, 0x00,
    0x30, 0x00, 0x00, 0x00, 0x18, 0x00, 0x00, 0x00, 0x0C, 0x00, 0x00, 0xFE, 0x3F, 0x00, 0x00, 0xFE,
    0x3F, 0x00, 0x06, 0x00, 0x00, 0x00, 0x3E, 0x00, 0x00, 0x00, 0xF8, 0x00, 0x00, 0x00, 0xC0, 0x07,
    0x00, 0x00, 0x00, 0x1F, 0x00, 0x00, 0x00, 0x38, 0x00, 0x00, 0x00, 0x1F, 0x00, 0x00, 0xC0, 0x07,
    0x00, 0x00, 0xF8, 0x00, 0x00, 0x00, 0x3E, 0x00, 0x00, 0x00, 0x06, 0x00, 0x0E, 0x00, 0x00, 0x00,
    0x7E, 0x00, 0x00, 0x00, 0xF0, 0x03, 0x00, 0x00, 0x00, 0x06, 0x00, 0x00, 0x00, 0x06, 0x00, 0x00,
    0xC0, 0xFF, 0x1F, 0x00, 0xE0, 0xFF, 0x3F, 0x00, 0x00, 0x06, 0x30, 0x00, 0x00, 0x06, 0x30, 0x00,
    0x00, 0x06, 0x30, 0x00, 0x00, 0x00, 0x00, 0x00, 0x00, 0x00, 0x00, 0x00, 0xFE, 0x0F, 0x00, 0x00,
    0xFE, 0x1F, 0x00, 0x00, 0x00, 0x38, 0x00, 0x00, 0x00, 0x30, 0x00, 0x00, 0x00, 0x30, 0x00, 0x00,
    0x00, 0x30, 0x00, 0x00, 0x00, 0x18, 0x00, 0x00, 0x00, 0x0C, 0x00, 0x00, 0xFE, 0x3F, 0x00, 0x00,
    0xFE, 0x3F, 0x00, 0x06, 0x00, 0x00, 0x00, 0x3E, 0x00, 0x00, 0x00, 0xF8, 0x00, 0x00, 0x00, 0xC0,
    0x07, 0x00, 0x00, 0x00, 0x1F, 0x00, 0x00, 0x00, 0x38, 0x00, 0x00, 0x00, 0x1F, 0x00, 0x00, 0xC0,
    0x07, 0x00, 0x00, 0xF8, 0x00, 0x00, 0x00, 0x00, 0x00, 0x00, 0x00, 0x00, 0x00, 0xFE, 0x0F, 0x00,
    0x00, 0xFE, 0x1F, 0x00, 0x00, 0x00, 0x38, 0x00, 0x00, 0x00, 0x30, 0x00, 0x00, 0x00, 0x30, 0x00,
    0x00, 0x00, 0x30, 0x00, 0x00, 0x00, 0x18, 0x00, 0x00, 0x00, 0x0C, 0x00, 0x00, 0xFE, 0x3F, 0x00,
    0x00, 0xFE, 0x3F, 0x00, 0x06, 0x00, 0x00, 0x00, 0x3E, 0x00, 0x00, 0x00, 0xF8, 0x00, 0x00, 0x00,
    0xC0, 0x07, 0x00, 0x00, 0x00, 0x1F, 0x00, 0x00, 0x00, 0x38, 0x00, 0x00, 0x00, 0x1F, 0x00, 0x00,
    0xC0, 0x07, 0x00, 0x00, 0xF8, 0x00, 0x00, 0x00, 0x3E, 0x00, 0x00, 0x00, 0x06, 0x00, 0x0E, 0x00,
    0x00, 0x00, 0x7E, 0x00, 0x00, 0x00, 0xF0, 0x03, 0x00, 0x00, 0x80, 0x1F, 0x00, 0x00, 0x00, 0x38,
    0x00, 0x00, 0x80, 0x1F, 0x00, 0x00, 0xE0, 0x03, 0x00, 0x00, 0x7C, 0x00, 0x00, 0x00, 0x0E, 0x00,
    0x00, 0x00, 0x7C, 0x00, 0x00, 0x00, 0xE0, 0x03, 0x00, 0x00, 0x80, 0x1F, 0x00, 0x00, 0x00, 0x38,
    0x00, 0x00, 0x80, 0x1F, 0x00, 0x00, 0xF0, 0x03, 0x00, 0x00, 0x7E, 0x00, 0x00, 0x00, 0x0E, 0x00,
    0x02, 0x20, 0x00, 0x00, 0x06, 0x30, 0x00, 0x00, 0x1E, 0x3C, 0x00, 0x00, 0x38, 0x0E, 0x00, 0x00,
    0xF0, 0x07, 0x00, 0x00, 0xC0, 0x01, 0x00, 0x00, 0xE0, 0x07, 0x00, 0x00, 0x38, 0x0E, 0x00, 0x00,
    0x00, 0x06, 0x00, 0x00, 0x00, 0x3E, 0x00, 0x00, 0x00, 0xF8, 0x00, 0x00, 0x00, 0xC0, 0x07, 0x00,
    0x00, 0x00, 0x1F, 0x00, 0x00, 0x00, 0x38, 0x00, 0x00, 0x00, 0x1F, 0x00, 0x00, 0xC0, 0x07, 0x00,
    0x00, 0xF8, 0x00, 0x00, 0x00, 0x3E, 0x00, 0x00, 0x00, 0x06, 0x00, 0x0E, 0x00, 0x00, 0x00, 0x7E,
    0x00, 0x00, 0x00, 0xF0, 0x03, 0x00, 0x00, 0x80, 0x1F, 0x00, 0x00, 0x00, 0x38, 0x00, 0x00, 0x80,
    0x1F, 0x00, 0x00, 0xE0, 0x03, 0x00, 0x00, 0x7C, 0x00, 0x00, 0x00, 0x0E, 0x00, 0x00, 0x00, 0x7C,
    0x00, 0x00, 0x00, 0xE0, 0x03, 0x00, 0x00, 0x80, 0x1F, 0x00, 0x00, 0x00, 0x38, 0x00, 0x00, 0x80,
    0x1F, 0x00, 0x00, 0xF0, 0x03, 0x00, 0x00, 0x7E, 0x00, 0x00, 0x00, 0x0E, 0x00, 0x02, 0x20, 0x00,
    0x00, 0x06, 0x30, 0x00, 0x00, 0x1E, 0x3C, 0x00, 0x00, 0x38, 0x0E, 0x00, 0x00, 0xF0, 0x07, 0x00,
    0x00, 0xC0, 0x01, 0x00, 0x00, 0xE0, 0x07, 0x00, 0x00, 0x38, 0x0E, 0x00, 0x00, 0x1C, 0x3C, 0x00,
    0x00, 0x0E, 0x30, 0x00, 0x00, 0x02, 0x20, 0x00, 0x00, 0x00, 0x00, 0x00, 0x0E, 0x00, 0x00, 0x00,
    0x7E, 0x00, 0x06, 0x00, 0xF0, 0x01, 0x06, 0x00, 0x00, 0x0E, 0x00, 0x00, 0x00, 0x7E, 0x00, 0x00,
    0x00, 0xF0, 0x03, 0x00, 0x00, 0x80, 0x1F, 0x00, 0x00, 0x00, 0x38, 0x00, 0x00, 0x80, 0x1F, 0x00,
    0x00, 0xE0, 0x03, 0x00, 0x00, 0x7C, 0x00, 0x00, 0x00, 0x0E, 0x00, 0x00, 0x00, 0x7C, 0x00, 0x00,
    0x00, 0xE0, 0x03, 0x00, 0x00, 0x80, 0x1F, 0x00, 0x00, 0x00, 0x38, 0x00, 0x00, 0x80, 0x1F, 0x00,
    0x00, 0xF0, 0x03, 0x00, 0x00, 0x7E, 0x00, 0x00, 0x00, 0x0E, 0x00, 0x02, 0x20, 0x00, 0x00, 0x06,
    0x30, 0x00, 0x00, 0x1E, 0x3C, 0x00, 0x00, 0x38, 0x0E, 0x00, 0x00, 0xF0, 0x07, 0x00, 0x00, 0xC0,
    0x01, 0x00, 0x00, 0xE0, 0x07, 0x00, 0x00, 0x38, 0x0E, 0x00, 0x00, 0x1C, 0x3C, 0x00, 0x00, 0x0E,
    0x30, 0x00, 0x00, 0x02, 0x20, 0x00, 0x00, 0x00, 0x00, 0x00, 0x0E, 0x00, 0x00, 0x00, 0x7E, 0x00,
    0x06, 0x00, 0xF0, 0x01, 0x06, 0x00, 0x80, 0x0F, 0x07, 0x00, 0x00, 0xFE, 0x03, 0x00, 0x00, 0xFC,
    0x00, 0x00, 0xC0, 0x1F, 0x00, 0x00, 0xF8, 0x03, 0x00, 0x00, 0x3E, 0x00, 0x00, 0x00, 0x06, 0x00,
    0x00, 0x00, 0x00, 0x00, 0x00, 0x30, 0x00, 0x00, 0x06, 0x3C, 0x00, 0x00, 0x06, 0x3E, 0x00, 0x00,
    0x06, 0x37, 0x00, 0x00, 0xC6, 0x33, 0x00, 0x00, 0xE6, 0x30, 0x00, 0x00, 0x76, 0x30, 0x00, 0x00,
    0x3E, 0x30, 0x00, 0x00, 0x1E, 0x30, 0x00, 0x00, 0x06, 0x30, 0x00, 0x00, 0x00, 0x00, 0x00, 0x80,
    0x01, 0x00, 0x00, 0xC0, 0x03, 0x00, 0xC0, 0x7F, 0xFE, 0x03, 0xE0, 0x3F, 0xFC, 0x07, 0x60, 0x00,
    0x00, 0x06, 0x60, 0x00, 0x00, 0x06, 0x00, 0x00, 0x00, 0x00, 0x00, 0x00, 0x00, 0x00, 0xE0, 0xFF,
    0xFF, 0x0F, 0xE0, 0xFF, 0xFF, 0x0F, 0x00, 0x00, 0x00, 0x00, 0x60, 0x00, 0x00, 0x06, 0x60, 0x00,
    0x00, 0x06, 0xE0, 0x3F, 0xFC, 0x07, 0xC0, 0x7F, 0xFF, 0x03, 0x00, 0xC0, 0x03, 0x00, 0x00, 0x80,
    0x00, 0x02, 0x20, 0x00, 0x00, 0x06, 0x30, 0x00, 0x00, 0x1E, 0x3C, 0x00, 0x00, 0x38, 0x0E, 0x00,
    0x00, 0xF0, 0x07, 0x00, 0x00, 0xC0, 0x01, 0x00, 0x00, 0xE0, 0x07, 0x00, 0x00, 0x38, 0x0E, 0x00,
    0x00, 0x1C, 0x3C, 0x00, 0x00, 0x0E, 0x30, 0x00, 0x00, 0x02, 0x20, 0x00, 0x00, 0x00, 0x00, 0x00,
    0x0E, 0x00, 0x00, 0x00, 0x7E, 0x00, 0x06, 0x00, 0xF0, 0x01, 0x06, 0x00, 0x80, 0x0F, 0x07, 0x00,
    0x00, 0xFE, 0x03, 0x00, 0x00, 0xFC, 0x00, 0x00, 0xC0, 0x1F, 0x00, 0x00, 0xF8, 0x03, 0x00, 0x00,
    0x3E, 0x00, 0x00, 0x00, 0x06, 0x00, 0x00, 0x00, 0x00, 0x00, 0x00, 0x30, 0x00, 0x00, 0x06, 0x3C,
    0x00, 0x00, 0x06, 0x3E, 0x00, 0x00, 0x06, 0x37, 0x00, 0x00, 0xC6, 0x33, 0x00, 0x00, 0xE6, 0x30,
    0x00, 0x00, 0x76, 0x30, 0x00, 0x00, 0x3E, 0x30, 0x00, 0x00, 0x1E, 0x30, 0x00, 0x00, 0x06, 0x30,
    0x00, 0x00, 0x00, 0x00, 0x00, 0x80, 0x01, 0x00, 0x00, 0xC0, 0x03, 0x00, 0xC0, 0x7F, 0xFE, 0x03,
    0xE0, 0x3F, 0xFC, 0x07, 0x60, 0x00, 0x00, 0x06, 0x60, 0x00, 0x00, 0x06, 0x00, 0x00, 0x00, 0x00,
    0x00, 0x00, 0x00, 0x00, 0xE0, 0xFF, 0xFF, 0x0F, 0xE0, 0xFF, 0xFF, 0x0F, 0x00, 0x00, 0x00, 0x00,
    0x00, 0x0E, 0x00, 0x00, 0x00, 0x7E, 0x00, 0x06, 0x00, 0xF0, 0x01, 0x06, 0x00, 0x80, 0x0F, 0x07,
    0x00, 0x00, 0xFE, 0x03, 0x00, 0x00, 0xFC, 0x00, 0x00, 0xC0, 0x1F, 0x00, 0x00, 0xF8, 0x03, 0x00,
    0x00, 0x3E, 0x00, 0x00, 0x00, 0x06, 0x00, 0x00, 0x00, 0x00, 0x00, 0x00, 0x30, 0x00, 0x00, 0x06,
    0x3C, 0x00, 0x00, 0x06, 0x3E, 0x00, 0x00, 0x06, 0x37, 0x00, 0x00, 0xC6, 0x33, 0x00, 0x00, 0xE6,
    0x30, 0x00, 0x00, 0x76, 0x30, 0x00, 0x00, 0x3E, 0x30, 0x00, 0x00, 0x1E, 0x30, 0x00, 0x00, 0x06,
    0x30, 0x00, 0x00, 0x00, 0x00, 0x00, 0x80, 0x01, 0x00, 0x00, 0xC0, 0x03, 0x00, 0xC0, 0x7F, 0xFE,
    0x03, 0xE0, 0x3F, 0xFC, 0x07, 0x60, 0x00, 0x00, 0x06, 0x60, 0x00, 0x00, 0x06, 0x00, 0x00, 0x00,
    0x00, 0x00, 0x00, 0x00, 0x00, 0xE0, 0xFF, 0xFF, 0x0F, 0xE0, 0xFF, 0xFF, 0x0F, 0x00, 0x00, 0x00,
    0x00, 0x60, 0x00, 0x00, 0x06, 0x60, 0x00, 0x00, 0x06, 0xE0, 0x3F, 0xFC, 0x07, 0xC0, 0x7F, 0xFF,
    0x03, 0x00, 0xC0, 0x03, 0x00, 0x00, 0x80, 0x01, 0x00, 0x00, 0x00, 0x00, 0x00, 0x60, 0x00, 0x00,
    0x00, 0x70, 0x00, 0x00, 0x00, 0x00, 0x00, 0x00, 0x00, 0x00, 0x30, 0x00, 0x00, 0x06, 0x3C, 0x00,
    0x00, 0x06, 0x3E, 0x00, 0x00, 0x06, 0x37, 0x00, 0x00, 0xC6, 0x33, 0x00, 0x00, 0xE6, 0x30, 0x00,
    0x00, 0x76, 0x30, 0x00, 0x00, 0x3E, 0x30, 0x00, 0x00, 0x1E, 0x30, 0x00, 0x00, 0x06, 0x30, 0x00,
    0x00, 0x00, 0x00, 0x00, 0x80, 0x01, 0x00, 0x00, 0xC0, 0x03, 0x00, 0xC0, 0x7F, 0xFE, 0x03, 0xE0,
    0x3F, 0xFC, 0x07, 0x60, 0x00, 0x00, 0x06, 0x60, 0x00, 0x00, 0x06, 0x00, 0x00, 0x00, 0x00, 0x00,
    0x00, 0x00, 0x00, 0xE0, 0xFF, 0xFF, 0x0F, 0xE0, 0xFF, 0xFF, 0x0F, 0x00, 0x00, 0x00, 0x00, 0x60,
    0x00, 0x00, 0x06, 0x60, 0x00, 0x00, 0x06, 0xE0, 0x3F, 0xFC, 0x07, 0xC0, 0x7F, 0xFF, 0x03, 0x00,
    0xC0, 0x03, 0x00, 0x00, 0x80, 0x01, 0x00, 0x00, 0x00, 0x00, 0x00, 0x60, 0x00, 0x00, 0x00, 0x70,
    0x00, 0x00, 0x00, 0x30, 0x00, 0x00, 0x00, 0x30, 0x00, 0x00, 0x00, 0x30, 0x00, 0x00, 0x00, 0x60,
    0x00, 0x00, 0x00, 0x60, 0x00, 0x00, 0x00, 0xC0, 0x00, 0x00, 0x00, 0xC0, 0x00, 0x00, 0x00, 0xC0,
    0x00, 0x00, 0x00, 0xE0, 0x00, 0x00, 0x00, 0x60, 0x00, 0x60, 0x00, 0x00, 0x00, 0x30, 0x00, 0x00,
    0x00, 0x00, 0x00, 0x00, 0x00, 0x80, 0x01, 0x00, 0x00, 0xC0, 0x03, 0x00, 0xC0, 0x7F, 0xFE, 0x03,
    0xE0, 0x3F, 0xFC, 0x07, 0x60, 0x00, 0x00, 0x06, 0x60, 0x00, 0x00, 0x06, 0x00, 0x00, 0x00, 0x00,
    0x00, 0x00, 0x00, 0x00, 0xE0, 0xFF, 0xFF, 0x0F, 0xE0, 0xFF, 0xFF, 0x0F, 0x00, 0x00, 0x00, 0x00,
    0x60, 0x00, 0x00, 0x06, 0x60, 0x00, 0x00, 0x06, 0xE0, 0x3F, 0xFC, 0x07, 0xC0, 0x7F, 0xFF, 0x03,
    0x00, 0xC0, 0x03, 0x00, 0x00, 0x80, 0x01, 0x00, 0x00, 0x00, 0x00, 0x00, 0x60, 0x00, 0x00, 0x00,
    0x70, 0x00, 0x00, 0x00, 0x30, 0x00, 0x00, 0x00, 0x30, 0x00, 0x00, 0x00, 0x30, 0x00, 0x00, 0x00,
    0x60, 0x00, 0x00, 0x00, 0x60, 0x00, 0x00, 0x00, 0xC0, 0x00, 0x00, 0x00, 0xC0, 0x00, 0x00, 0x00,
    0x00, 0x00, 0x00, 0x00, 0x00, 0x00, 0x00, 0x00, 0xE0, 0xFF, 0xFF, 0x0F, 0xE0, 0xFF, 0xFF, 0x0F,
    0x00, 0x00, 0x00, 0x00, 0x60, 0x00, 0x00, 0x06, 0x60, 0x00, 0x00, 0x06, 0xE0, 0x3F, 0xFC, 0x07,
    0xC0, 0x7F, 0xFF, 0x03, 0x00, 0xC0, 0x03, 0x00, 0x00, 0x80, 0x01, 0x00, 0x00, 0x00, 0x00, 0x00,
    0x60, 0x00, 0x00, 0x00, 0x70, 0x00, 0x00, 0x00, 0x30, 0x00, 0x00, 0x00, 0x30, 0x00, 0x00, 0x00,
    0x00, 0x00, 0x00, 0x00, 0x60, 0x00, 0x00, 0x06, 0x60, 0x00, 0x00, 0x06, 0xE0, 0x3F, 0xFC, 0x07,
    0xC0, 0x7F, 0xFF, 0x03, 0x00, 0xC0, 0x03, 0x00, 0x00, 0x80, 0x01, 0x00, 0x00, 0x00, 0x00, 0x00,
    0x60, 0x00, 0x00, 0x00, 0x70, 0x00, 0x00, 0x00, 0x30, 0x00, 0x00, 0x00, 0x30, 0x00, 0x00, 0x00,
    0x30, 0x00, 0x00, 0x00, 0x60, 0x00, 0x00, 0x00, 0x60, 0x00, 0x00, 0x00, 0xC0, 0x00, 0x00, 0x00,
    0xC0, 0x00, 0x00, 0x00, 0xC0, 0x00, 0x00, 0x00, 0xE0, 0x00, 0x00, 0x00, 0x60, 0x00, 0x60, 0x00,
    0x00, 0x00, 0x30, 0x00, 0x00, 0xE0, 0xFF, 0x3F, 0x00, 0xE0, 0xFF, 0x3F, 0x00, 0x00, 0x0C, 0x30,
    0x00, 0x00, 0x06, 0x30, 0x00, 0x00, 0x03, 0x30, 0x00, 0x00, 0x00, 0x30, 0x00, 0x00, 0x00, 0x00,
    0x00, 0x60, 0x00, 0x00, 0x00, 0x70, 0x00, 0x00, 0x00, 0x30, 0x00, 0x00, 0x00, 0x30, 0x00, 0x00,
    0x00, 0x30, 0x00, 0x00, 0x00, 0x60, 0x00, 0x00, 0x00, 0x60, 0x00, 0x00, 0x00, 0xC0, 0x00, 0x00,
    0x00, 0xC0, 0x00, 0x00, 0x00, 0xC0, 0x00, 0x00, 0x00, 0xE0, 0x00, 0x00, 0x00, 0x60, 0x00, 0x60,
    0x00, 0x00, 0x00, 0x30, 0x00, 0x00, 0xE0, 0xFF, 0x3F, 0x00, 0xE0, 0xFF, 0x3F, 0x00, 0x00, 0x0C,
    0x30, 0x00, 0x00, 0x06, 0x30, 0x00, 0x00, 0x03, 0x30, 0x00, 0x00, 0x00, 0x30, 0x00, 0x00, 0x00,
    0x30, 0x00, 0x00, 0x00, 0x30, 0x00, 0x00, 0x00, 0x30, 0x00, 0x00, 0x00, 0x30, 0x00, 0x60, 0x00,
    0x00, 0x00, 0x30, 0x00, 0x00, 0xE0, 0xFF, 0x3F, 0x00, 0xE0, 0xFF, 0x3F, 0x00, 0x00, 0x0C, 0x00,
    0x00, 0x00, 0x06, 0x00, 0x00, 0x00, 0x00, 0x00, 0x00, 0x00, 0x00, 0xE0, 0xFF, 0x3F, 0x00, 0xE0,
    0xFF, 0x3F, 0x00, 0xC0, 0x01, 0x00, 0x00, 0x80, 0x03, 0x00, 0x00, 0x00, 0x0E, 0x00, 0x00, 0x10,
    0x3C, 0x00, 0x00, 0x1C, 0x70, 0x00, 0x00, 0x0C, 0xE0, 0x01, 0x00, 0x04, 0x80, 0x03, 0x00, 0x00,
    0x00, 0x0F, 0x00, 0x00, 0x00, 0x1C, 0x00, 0xE0, 0xFF, 0x3F, 0x00, 0xE0, 0xFF, 0x3F, 0x00, 0x00,
    0x30, 0x00, 0x00, 0x00, 0x3E, 0x00, 0x00, 0x80, 0x0F, 0x00, 0x00, 0xF0, 0x03, 0x00, 0x00, 0xFE,
    0x01, 0x00, 0x80, 0x8F,
};
