/*@注意：此文件由Image2Display生成 */
/*@Size: 12x12, Char: 3755,Data per char: 18 */
const char charset[] = "啊阿埃挨哎唉哀皑癌蔼矮艾碍爱隘鞍氨安俺按暗岸胺案肮昂盎凹敖熬翱袄傲奥懊澳芭捌扒叭吧笆八疤巴拔跋靶把耙坝霸罢爸白柏百摆佰败拜稗斑班搬扳般颁板版扮拌伴瓣半办绊邦帮梆榜膀绑棒磅蚌镑傍谤苞胞包褒剥薄雹保堡饱宝抱报暴豹鲍爆杯碑悲卑北辈背贝钡倍狈备惫焙被奔苯本笨崩绷甭泵蹦迸逼鼻比鄙笔彼碧蓖蔽毕毙毖币庇痹闭敝弊必辟壁臂避陛鞭边编贬扁便变卞辨辩辫遍标彪膘表鳖憋别瘪彬斌濒滨宾摈兵冰柄丙秉饼炳病并玻菠播拨钵波博勃搏铂箔伯帛舶脖膊渤泊驳捕卜哺补埠不布步簿部怖擦猜裁材才财睬踩采彩菜蔡餐参蚕残惭惨灿苍舱仓沧藏操糙槽曹草厕策侧册测层蹭插叉茬茶查碴搽察岔差诧拆柴豺搀掺蝉馋谗缠铲产阐颤昌猖场尝常长偿肠厂敞畅唱倡超抄钞朝嘲潮巢吵炒车扯撤掣彻澈郴臣辰尘晨忱沉陈趁衬撑称城橙成呈乘程惩澄诚承逞骋秤吃痴持匙池迟弛驰耻齿侈尺赤翅斥炽充冲虫崇宠抽酬畴踌稠愁筹仇绸瞅丑臭初出橱厨躇锄雏滁除楚础储矗搐触处揣川穿椽传船喘串疮窗幢床闯创吹炊捶锤垂春椿醇唇淳纯蠢戳绰疵茨磁雌辞慈瓷词此刺赐次聪葱囱匆从丛凑粗醋簇促蹿篡窜摧崔催脆瘁粹淬翠村存寸磋撮搓措挫错搭达答瘩打大呆歹傣戴带殆代贷袋待逮怠耽担丹单郸掸胆旦氮但惮淡诞弹蛋当挡党荡档刀捣蹈倒岛祷导到稻悼道盗德得的蹬灯登等瞪凳邓堤低滴迪敌笛狄涤翟嫡抵底地蒂第帝弟递缔颠掂滇碘点典靛垫电佃甸店惦奠淀殿碉叼雕凋刁掉吊钓调跌爹碟蝶迭谍叠丁盯叮钉顶鼎锭定订丢东冬董懂动栋侗恫冻洞兜抖斗陡豆逗痘都督毒犊独读堵睹赌杜镀肚度渡妒端短锻段断缎堆兑队对墩吨蹲敦顿囤钝盾遁掇哆多夺垛躲朵跺舵剁惰堕蛾峨鹅俄额讹娥恶厄扼遏鄂饿恩而儿耳尔饵洱二贰发罚筏伐乏阀法珐藩帆番翻樊矾钒繁凡烦反返范贩犯饭泛坊芳方肪房防妨仿访纺放菲非啡飞肥匪诽吠肺废沸费芬酚吩氛分纷坟焚汾粉奋份忿愤粪丰封枫蜂峰锋风疯烽逢冯缝讽奉凤佛否夫敷肤孵扶拂辐幅氟符伏俘服浮涪福袱弗甫抚辅俯釜斧脯腑府腐赴副覆赋复傅付阜父腹负富讣附妇缚咐噶嘎该改概钙盖溉干甘杆柑竿肝赶感秆敢赣冈刚钢缸肛纲岗港杠篙皋高膏羔糕搞镐稿告哥歌搁戈鸽胳疙割革葛格蛤阁隔铬个各给根跟耕更庚羹埂耿梗工攻功恭龚供躬公宫弓巩汞拱贡共钩勾沟苟狗垢构购够辜菇咕箍估沽孤姑鼓古蛊骨谷股故顾固雇刮瓜剐寡挂褂乖拐怪棺关官冠观管馆罐惯灌贯光广逛瑰规圭硅归龟闺轨鬼诡癸桂柜跪贵刽辊滚棍锅郭国果裹过哈骸孩海氦亥害骇酣憨邯韩含涵寒函喊罕翰撼捍旱憾悍焊汗汉夯杭航壕嚎豪毫郝好耗号浩呵喝荷菏核禾和何合盒貉阂河涸赫褐鹤贺嘿黑痕很狠恨哼亨横衡恒轰哄烘虹鸿洪宏弘红喉侯猴吼厚候后呼乎忽瑚壶葫胡蝴狐糊湖弧虎唬护互沪户花哗华猾滑画划化话槐徊怀淮坏欢环桓还缓换患唤痪豢焕涣宦幻荒慌黄磺蝗簧皇凰惶煌晃幌恍谎灰挥辉徽恢蛔回毁悔慧卉惠晦贿秽会烩汇讳诲绘荤昏婚魂浑混豁活伙火获或惑霍货祸击圾基机畸稽积箕肌饥迹激讥鸡姬绩缉吉极棘辑籍集及急疾汲即嫉级挤几脊己蓟技冀季伎祭剂悸济寄寂计记既忌际妓继纪嘉枷夹佳家加荚颊贾甲钾假稼价架驾嫁歼监坚尖笺间煎兼肩艰奸缄茧检柬碱硷拣捡简俭剪减荐槛鉴践贱见键箭件健舰剑饯渐溅涧建僵姜将浆江疆蒋桨奖讲匠酱降蕉椒礁焦胶交郊浇骄娇嚼搅铰矫侥脚狡角饺缴绞剿教酵轿较叫窖揭接皆秸街阶截劫节桔杰捷睫竭洁结解姐戒藉芥界借介疥诫届巾筋斤金今津襟紧锦仅谨进靳晋禁近烬浸尽劲荆兢茎睛晶鲸京惊精粳经井警景颈静境敬镜径痉靖竟竞净炯窘揪究纠玖韭久灸九酒厩救旧臼舅咎就疚鞠拘狙疽居驹菊局咀矩举沮聚拒据巨具距踞锯俱句惧炬剧捐鹃娟倦眷卷绢撅攫抉掘倔爵觉决诀绝均菌钧军君峻俊竣浚郡骏喀咖卡咯开揩楷凯慨刊堪勘坎砍看康慷糠扛抗亢炕考拷烤靠坷苛柯棵磕颗科壳咳可渴克刻客课肯啃垦恳坑吭空恐孔控抠口扣寇枯哭窟苦酷库裤夸垮挎跨胯块筷侩快宽款匡筐狂框矿眶旷况亏盔岿窥葵奎魁傀馈愧溃坤昆捆困括扩廓阔垃拉喇蜡腊辣啦莱来赖蓝婪栏拦篮阑兰澜谰揽览懒缆烂滥琅榔狼廊郎朗浪捞劳牢老佬姥酪烙涝勒乐雷镭蕾磊累儡垒擂肋类泪棱楞冷厘梨犁黎篱狸离漓理李里鲤礼莉荔吏栗丽厉励砾历利傈例俐痢立粒沥隶力璃哩俩联莲连镰廉怜涟帘敛脸链恋炼练粮凉梁粱良两辆量晾亮谅撩聊僚疗燎寥辽潦了撂镣廖料列裂烈劣猎琳林磷霖临邻鳞淋凛赁吝拎玲菱零龄铃伶羚凌灵陵岭领另令溜琉榴硫馏留刘瘤流柳六龙聋咙笼窿隆垄拢陇楼娄搂篓漏陋芦卢颅庐炉掳卤虏鲁麓碌露路赂鹿潞禄录陆戮驴吕铝侣旅履屡缕虑氯律率滤绿峦挛孪滦卵乱掠略抡轮伦仑沦纶论萝螺罗逻锣箩骡裸落洛骆络妈麻玛码蚂马骂嘛吗埋买麦卖迈脉瞒馒蛮满蔓曼慢漫谩芒茫盲氓忙莽猫茅锚毛矛铆卯茂冒帽貌贸么玫枚梅酶霉煤没眉媒镁每美昧寐妹媚门闷们萌蒙檬盟锰猛梦孟眯醚靡糜迷谜弥米秘觅泌蜜密幂棉眠绵冕免勉娩缅面苗描瞄藐秒渺庙妙蔑灭民抿皿敏悯闽明螟鸣铭名命谬摸摹蘑模膜磨摩魔抹末莫墨默沫漠寞陌谋牟某拇牡亩姆母墓暮幕募慕木目睦牧穆拿哪呐钠那娜纳氖乃奶耐奈南男难囊挠脑恼闹淖呢馁内嫩能妮霓倪泥尼拟你匿腻逆溺蔫拈年碾撵捻念娘酿鸟尿捏聂孽啮镊镍涅您柠狞凝宁拧泞牛扭钮纽脓浓农弄奴努怒女暖虐疟挪懦糯诺哦欧鸥殴藕呕偶沤啪趴爬帕怕琶拍排牌徘湃派攀潘盘磐盼畔判叛乓庞旁耪胖抛咆刨炮袍跑泡呸胚培裴赔陪配佩沛喷盆砰抨烹澎彭蓬棚硼篷膨朋鹏捧碰坯砒霹批披劈琵毗啤脾疲皮匹痞僻屁譬篇偏片骗飘漂瓢票撇瞥拼频贫品聘乒坪苹萍平凭瓶评屏坡泼颇婆破魄迫粕剖扑铺仆莆葡菩蒲埔朴圃普浦谱曝瀑期欺栖戚妻七凄漆柒沏其棋奇歧畦崎脐齐旗祈祁骑起岂乞企启契砌器气迄弃汽泣讫掐恰洽牵扦钎铅千迁签仟谦乾黔钱钳前潜遣浅谴堑嵌欠歉枪呛腔羌墙蔷强抢橇锹敲悄桥瞧乔侨巧鞘撬翘峭俏窍切茄且怯窃钦侵亲秦琴勤芹擒禽寝沁青轻氢倾卿清擎晴氰情顷请庆琼穷秋丘邱球求囚酋泅趋区蛆曲躯屈驱渠取娶龋趣去圈颧权醛泉全痊拳犬券劝缺炔瘸却鹊榷确雀裙群然燃冉染瓤壤攘嚷让饶扰绕惹热壬仁人忍韧任认刃妊纫扔仍日戎茸蓉荣融熔溶容绒冗揉柔肉茹蠕儒孺如辱乳汝入褥软阮蕊瑞锐闰润若弱撒洒萨腮鳃塞赛三叁伞散桑嗓丧搔骚扫嫂瑟色涩森僧莎砂杀刹沙纱傻啥煞筛晒珊苫杉山删煽衫闪陕擅赡膳善汕扇缮墒伤商赏晌上尚裳梢捎稍烧芍勺韶少哨邵绍奢赊蛇舌舍赦摄射慑涉社设砷申呻伸身深娠绅神沈审婶甚肾慎渗声生甥牲升绳省盛剩胜圣师失狮施湿诗尸虱十石拾时什食蚀实识史矢使屎驶始式示士世柿事拭誓逝势是嗜噬适仕侍释饰氏市恃室视试收手首守寿授售受瘦兽蔬枢梳殊抒输叔舒淑疏书赎孰熟薯暑曙署蜀黍鼠属术述树束戍竖墅庶数漱恕刷耍摔衰甩帅栓拴霜双爽谁水睡税吮瞬顺舜说硕朔烁斯撕嘶思私司丝死肆寺嗣四伺似饲巳松耸怂颂送宋讼诵搜艘擞嗽苏酥俗素速粟僳塑溯宿诉肃酸蒜算虽隋随绥髓碎岁穗遂隧祟孙损笋蓑梭唆缩琐索锁所塌他它她塔獭挞蹋踏胎苔抬台泰酞太态汰坍摊贪瘫滩坛檀痰潭谭谈坦毯袒碳探叹炭汤塘搪堂棠膛唐糖倘躺淌趟烫掏涛滔绦萄桃逃淘陶讨套特藤腾疼誊梯剔踢锑提题蹄啼体替嚏惕涕剃屉天添填田甜恬舔腆挑条迢眺跳贴铁帖厅听烃汀廷停亭庭挺艇通桐酮瞳同铜彤童桶捅筒统痛偷投头透凸秃突图徒途涂屠土吐兔湍团推颓腿蜕褪退吞屯臀拖托脱鸵陀驮驼椭妥拓唾挖哇蛙洼娃瓦袜歪外豌弯湾玩顽丸烷完碗挽晚皖惋宛婉万腕汪王亡枉网往旺望忘妄威巍微危韦违桅围唯惟为潍维苇萎委伟伪尾纬未蔚味畏胃喂魏位渭谓尉慰卫瘟温蚊文闻纹吻稳紊问嗡翁瓮挝蜗涡窝我斡卧握沃巫呜钨乌污诬屋无芜梧吾吴毋武五捂午舞伍侮坞戊雾晤物勿务悟误昔熙析西硒矽晰嘻吸锡牺稀息希悉膝夕惜熄烯溪汐犀檄袭席习媳喜铣洗系隙戏细瞎虾匣霞辖暇峡侠狭下厦夏吓掀锨先仙鲜纤咸贤衔舷闲涎弦嫌显险现献县腺馅羡宪陷限线相厢镶香箱襄湘乡翔祥详想响享项巷橡像向象萧硝霄削哮嚣销消宵淆晓小孝校肖啸笑效楔些歇蝎鞋协挟携邪斜胁谐写械卸蟹懈泄泻谢屑薪芯锌欣辛新忻心信衅星腥猩惺兴刑型形邢行醒幸杏性姓兄凶胸匈汹雄熊休修羞朽嗅锈秀袖绣墟戌需虚嘘须徐许蓄酗叙旭序畜恤絮婿绪续轩喧宣悬旋玄选癣眩绚靴薛学穴雪血勋熏循旬询寻驯巡殉汛训讯逊迅压押鸦鸭呀丫芽牙蚜崖衙涯雅哑亚讶焉咽阉烟淹盐严研蜒岩延言颜阎炎沿奄掩眼衍演艳堰燕厌砚雁唁彦焰宴谚验殃央鸯秧杨扬佯疡羊洋阳氧仰痒养样漾邀腰妖瑶摇尧遥窑谣姚咬舀药要耀椰噎耶爷野冶也页掖业叶曳腋夜液一壹医揖铱依伊衣颐夷遗移仪胰疑沂宜姨彝椅蚁倚已乙矣以艺抑易邑屹亿役臆逸肄疫亦裔意毅忆义益溢诣议谊译异翼翌绎茵荫因殷音阴姻吟银淫寅饮尹引隐印英樱婴鹰应缨莹萤营荧蝇迎赢盈影颖硬映哟拥佣臃痈庸雍踊蛹咏泳涌永恿勇用幽优悠忧尤由邮铀犹油游酉有友右佑釉诱又幼迂淤于盂榆虞愚舆余俞逾鱼愉渝渔隅予娱雨与屿禹宇语羽玉域芋郁吁遇喻峪御愈欲狱育誉浴寓裕预豫驭鸳渊冤元垣袁原援辕园员圆猿源缘远苑愿怨院曰约越跃钥岳粤月悦阅耘云郧匀陨允运蕴酝晕韵孕匝砸杂栽哉灾宰载再在咱攒暂赞赃脏葬遭糟凿藻枣早澡蚤躁噪造皂灶燥责择则泽贼怎增憎曾赠扎喳渣札轧铡闸眨栅榨咋乍炸诈摘斋宅窄债寨瞻毡詹粘沾盏斩辗崭展蘸栈占战站湛绽樟章彰漳张掌涨杖丈帐账仗胀瘴障招昭找沼赵照罩兆肇召遮折哲蛰辙者锗蔗这浙珍斟真甄砧臻贞针侦枕疹诊震振镇阵蒸挣睁征狰争怔整拯正政帧症郑证芝枝支吱蜘知肢脂汁之织职直植殖执值侄址指止趾只旨纸志挚掷至致置帜峙制智秩稚质炙痔滞治窒中盅忠钟衷终种肿重仲众舟周州洲诌粥轴肘帚咒皱宙昼骤珠株蛛朱猪诸诛逐竹烛煮拄瞩嘱主著柱助蛀贮铸筑住注祝驻抓爪拽专砖转撰赚篆桩庄装妆撞壮状椎锥追赘坠缀谆准捉拙卓桌琢茁酌啄着灼浊兹咨资姿滋淄孜紫仔籽滓子自渍字鬃棕踪宗综总纵邹走奏揍租足卒族祖诅阻组钻纂嘴醉最罪尊遵昨左佐柞做作坐座";

const uint8_t fonts[] = {
/* 啊 */
0x10,0x4F,0xFE,0xF8,0x4F,0xBC,0xFB,0x4F,0xB4,0xFF,0x4F,0xF4,0x98,0x41,0x04,0x11,0xC0,0x08,

/* 阿 */
0xA0,0x4F,0xFE,0xA0,0x8C,0xE8,0xCA,0x8A,0xA8,0xBA,0x8E,0xE8,0xEA,0x88,0x08,0x83,0x88,0x18,

/* 埃 */
0x42,0x04,0x70,0x4C,0x85,0xFC,0xFC,0x04,0xFC,0x52,0x05,0xFC,0xE7,0x08,0x58,0x0C,0xE3,0x04,

/* 挨 */
0x62,0x06,0x68,0x64,0xCF,0xFC,0x64,0x07,0xFC,0xEA,0x07,0x26,0x67,0x06,0x58,0xCC,0xC7,0x04,

/* 哎 */
0x05,0x0A,0x54,0xFF,0xEA,0x50,0xA1,0x0A,0x98,0xA5,0x0E,0x50,0xA7,0x08,0x70,0x0D,0xC3,0x0C,

/* 唉 */
0x02,0x0A,0x68,0xEC,0xCA,0xFC,0xA4,0x0A,0xFC,0xBA,0x0F,0xFE,0xA7,0x08,0x78,0x0C,0xE3,0x04,

/* 哀 */
0x0C,0x00,0xC4,0xE1,0x03,0xF8,0x21,0x02,0x18,0x3D,0x81,0x58,0x33,0x0D,0x30,0x1D,0xE3,0x00,

/* 皑 */
0x01,0x06,0xB4,0x4B,0x4F,0xFC,0xB0,0x4B,0xFC,0xF0,0xCB,0xFC,0xB8,0xCF,0x82,0x8C,0x60,0x7C,

/* 癌 */
0x04,0x07,0xFE,0x7F,0x8C,0x98,0xCF,0x87,0xDC,0xF5,0x4F,0xDC,0x52,0x05,0x24,0x96,0xC1,0x0C,

/* 蔼 */
0x12,0x0F,0xFE,0x12,0x04,0xF8,0x4F,0x84,0xF8,0xEC,0xC4,0xFC,0x7F,0x47,0xDC,0x7F,0xC4,0x18,

/* 矮 */
0x40,0x8C,0xF8,0xF2,0x4E,0xFC,0x47,0x8F,0xAE,0x56,0x45,0xFC,0x6D,0x8F,0xF0,0x87,0xC1,0xC4,

/* 艾 */
0x12,0x01,0x24,0xFF,0xC1,0x20,0x33,0x02,0x30,0x12,0x01,0x60,0x0C,0x01,0xE0,0x63,0xC8,0x0C,

/* 碍 */
0x04,0x8F,0xCC,0x47,0xC4,0x4C,0xF7,0xCF,0xCC,0xF1,0x8F,0xFE,0xF4,0x8F,0x68,0xC3,0x80,0x18,

/* 爱 */
0x03,0x87,0xD8,0x2D,0x8A,0xF4,0xFF,0xC9,0x88,0x7F,0x83,0xF0,0x2B,0x0C,0xE0,0x3B,0xC6,0x08,

/* 隘 */
0x08,0x8E,0x50,0xA5,0x4D,0xFC,0xCD,0x8D,0x8C,0xB0,0xCB,0xF8,0xFF,0x89,0xF8,0xBF,0xE8,0x00,

/* 鞍 */
0x13,0x0D,0x90,0xFF,0xE7,0xF4,0x73,0x0F,0xFE,0xB2,0x8F,0x68,0x2D,0x8F,0xB8,0x22,0xC3,0xC4,

/* 氨 */
0x20,0x07,0xFC,0x7F,0x8C,0x18,0xD9,0x87,0xF8,0xD7,0x8F,0xF8,0x6C,0x87,0x8A,0x3C,0xEC,0x26,

/* 安 */
0x08,0x00,0xC0,0x7F,0xCC,0xCC,0x88,0x01,0x86,0x13,0x03,0x60,0x3C,0x00,0xF0,0x3B,0x8C,0x08,

/* 俺 */
0x24,0x06,0x44,0x7F,0xC4,0xD0,0xDF,0x8D,0xFE,0x76,0x85,0xF8,0x57,0x85,0xFC,0x46,0x44,0x3C,

/* 按 */
0x42,0x04,0x30,0x6F,0xEF,0xA4,0x46,0x07,0x64,0xDD,0x8C,0xD0,0x4D,0x04,0x38,0xC4,0xC5,0x84,

/* 暗 */
0x02,0x0E,0x3C,0xAD,0x8A,0x58,0xA5,0x4F,0xFE,0xAC,0x8A,0xC8,0xEF,0x8A,0x88,0x8F,0x80,0x88,

/* 岸 */
0x4C,0x84,0xC8,0x4C,0x84,0x0C,0xFF,0xCC,0x08,0xFF,0x8C,0x44,0xFF,0xE8,0x40,0x84,0x00,0x40,

/* 胺 */
0x02,0x0F,0x30,0xBF,0xEF,0xA4,0xF6,0x0B,0x66,0xFD,0x8B,0x58,0xBD,0x0B,0x38,0xF4,0xC3,0x84,

/* 案 */
0x0C,0x07,0xFC,0xD8,0xCF,0xFC,0x36,0x03,0xF0,0x79,0x88,0xC4,0xFF,0xC3,0xF0,0x4D,0xC0,0x80,

/* 肮 */
0x02,0x0F,0x30,0xFF,0xCF,0x00,0xF5,0x8F,0x78,0xF5,0x8B,0x58,0xB5,0x8B,0xDA,0x79,0xE3,0x0C,

/* 昂 */
0x40,0x86,0x18,0x7F,0x84,0x08,0x7F,0x81,0xC4,0xF7,0xCC,0x4C,0xC4,0xCF,0x5C,0xC4,0x80,0x40,

/* 盎 */
0x04,0x00,0xC0,0x7F,0x86,0x98,0xFF,0xE1,0xA0,0x31,0xCF,0xFC,0x2F,0x82,0xF8,0x3F,0xCF,0xFC,

/* 凹 */
0x00,0x0F,0x7C,0xD6,0xCD,0x68,0xD6,0x8D,0x68,0xDE,0x8C,0x08,0xC0,0xCF,0xFC,0x80,0x80,0x00,

/* 敖 */
0x23,0x02,0xB0,0xFA,0x6F,0xBC,0x22,0x8F,0xE8,0x6E,0x87,0xB8,0x49,0x05,0xB8,0xF6,0xC1,0x84,

/* 熬 */
0x20,0x03,0xB0,0x3A,0x4F,0xBC,0xFE,0x82,0xD8,0x79,0x05,0xBC,0xB4,0xC5,0x48,0xDA,0xC9,0xA4,

/* 翱 */
0x20,0x0F,0xFE,0x9B,0x4F,0xFC,0xFF,0xCE,0xB4,0xFB,0x4F,0xFC,0xBF,0xCF,0x34,0x27,0xC2,0x2C,

/* 袄 */
0x40,0x06,0x7C,0x7A,0x0B,0x20,0x62,0x47,0xFE,0xE3,0x07,0x70,0x55,0x84,0xCC,0x48,0xE6,0x04,

/* 傲 */
0x68,0x86,0x98,0x7D,0x0D,0xDE,0xDB,0xCF,0xFC,0xD9,0x8D,0xD8,0xD5,0x8D,0x58,0xEF,0xEC,0xC4,

/* 奥 */
0x18,0x07,0xF8,0x6F,0x85,0xE8,0x7F,0x85,0xE8,0x6F,0x84,0xCC,0xFF,0xE1,0xA0,0x33,0xCC,0x0C,

/* 懊 */
0x46,0x05,0xFC,0x5B,0xCF,0xFC,0xFF,0xCD,0xFC,0x5B,0xC5,0x24,0x7F,0xE4,0x50,0x4C,0xE5,0x04,

/* 澳 */
0x06,0x05,0xFC,0x53,0xCB,0xFC,0xFF,0xC5,0x7C,0x5B,0xCD,0x64,0xFF,0xEC,0x50,0xCD,0xE3,0x04,

/* 芭 */
0x32,0x03,0x34,0xFF,0xC7,0x28,0x7F,0x84,0xC8,0x4C,0x87,0xF8,0x40,0x44,0x04,0x7F,0xC3,0xF8,

/* 捌 */
0x40,0x45,0xE4,0x7B,0x4F,0xBC,0x5F,0xC6,0x9C,0xDF,0xCC,0xBC,0x4B,0x45,0x64,0xFF,0xC4,0x0C,

/* 扒 */
0x61,0x06,0x50,0xF5,0x06,0x50,0x75,0x06,0x58,0xE4,0x86,0xC8,0x68,0x86,0x8C,0xF0,0x66,0x04,

/* 叭 */
0x01,0x0A,0xD0,0xED,0x0A,0xD0,0xAD,0x0A,0xD0,0xA9,0x0E,0x98,0xA9,0x81,0x0C,0x30,0xC0,0x00,

/* 吧 */
0x00,0x0F,0xFC,0xAA,0xCA,0xAC,0xAA,0xCA,0xFC,0xA8,0xCE,0x80,0xA8,0x08,0x84,0x0C,0xE0,0x7C,

/* 笆 */
0x22,0x06,0xA4,0x7F,0xC9,0x50,0x59,0x86,0xD8,0x4D,0x87,0xF8,0x40,0x84,0x04,0x60,0xE3,0xFC,

/* 八 */
0x00,0x00,0x60,0x16,0x03,0x20,0x32,0x02,0x20,0x22,0x02,0x30,0x41,0x84,0x18,0x80,0xC0,0x00,

/* 疤 */
0x04,0x02,0x6C,0x60,0x0F,0xFC,0xFA,0xC7,0xAC,0xFF,0xCF,0x8C,0x78,0x05,0x84,0x9F,0xE0,0xF8,

/* 巴 */
0x00,0x07,0xF8,0x4C,0x84,0xC8,0x4C,0x87,0xF8,0x40,0x84,0x00,0x40,0x44,0x04,0x7F,0xE0,0x00,

/* 拔 */
0x66,0x06,0x78,0x74,0xCF,0xFC,0x64,0x07,0xF8,0xEE,0x8E,0xB8,0x7B,0x07,0x30,0xEC,0xC5,0x04,

/* 跋 */
0x07,0x0F,0x78,0x96,0xC9,0xFC,0xF4,0x0E,0x7C,0xFE,0x8E,0xF8,0xEB,0x0F,0xB8,0xD6,0xC2,0x84,

/* 靶 */
0x50,0x0F,0xFC,0xF5,0x47,0x54,0xF5,0x4F,0xFC,0xFC,0xCF,0x40,0xFC,0x02,0x44,0x27,0xE2,0x38,

/* 把 */
0x40,0x06,0xFC,0x7B,0xCF,0xAC,0x6A,0xC7,0xFC,0xE8,0xCE,0x80,0x68,0x06,0x84,0xCF,0xE4,0x78,

/* 耙 */
0x60,0x07,0xFC,0xEF,0xCF,0xFC,0x6F,0xCF,0xFC,0x6C,0x47,0xC0,0xFC,0x46,0xC4,0x6F,0xE4,0x00,

/* 坝 */
0x40,0x04,0xFC,0x4C,0xCF,0xFC,0x6F,0xC4,0xEC,0x4E,0xC7,0xEC,0xEA,0x08,0x7C,0x0C,0x43,0x04,

/* 霸 */
0x00,0x87,0xFC,0xFF,0xCB,0xF0,0x5A,0x8F,0xEC,0x73,0xCF,0xAC,0xFB,0xCF,0xEC,0x25,0xC2,0x88,

/* 罢 */
0x00,0x07,0xFC,0x56,0x87,0xFC,0x4C,0x87,0xF8,0x0C,0x0F,0xFE,0x1A,0x03,0x10,0x7F,0x86,0x00,

/* 爸 */
0x12,0x03,0x38,0x56,0x88,0xC0,0x1F,0x86,0x1C,0xED,0x06,0x90,0x7F,0x06,0x04,0x71,0xC3,0xF8,

/* 白 */
0x08,0x00,0x80,0x58,0x87,0xF8,0x40,0x84,0x08,0x7F,0x84,0x08,0x40,0x84,0x08,0x60,0x84,0x08,

/* 柏 */
0x61,0x06,0x30,0x7F,0xCF,0xC4,0x6C,0x47,0xC4,0xFF,0xCE,0xC4,0x6C,0x46,0xC4,0x6F,0xC6,0xC4,

/* 百 */
0x00,0x4F,0xFC,0x08,0x05,0x98,0x61,0x84,0x18,0x61,0x86,0x18,0x41,0x86,0x18,0x61,0x84,0x00,

/* 摆 */
0x40,0x05,0xFC,0x7D,0x4F,0xFC,0x7A,0x46,0x24,0xCF,0xC4,0x66,0x47,0x04,0xD8,0xDF,0xC4,0x04,

/* 佰 */
0x20,0x07,0xFE,0x42,0x04,0xE8,0xCF,0xCC,0x8C,0x48,0xC4,0xFC,0x48,0xC4,0x8C,0x4F,0xC4,0x88,

/* 败 */
0x03,0x0F,0xA0,0xBA,0x6B,0xEC,0xBE,0x8B,0xA8,0xBA,0x8F,0xB8,0xF1,0x05,0xB8,0xCC,0xE1,0x04,

/* 拜 */
0x10,0x0F,0x7C,0x21,0x02,0x7C,0xF9,0x02,0x7C,0x29,0x0F,0xB6,0x61,0x04,0x10,0xC1,0x00,0x10,

/* 稗 */
0x02,0x0F,0xA4,0x6F,0xC7,0xB4,0xFF,0xC6,0xA4,0xFF,0xCE,0x70,0xFF,0x66,0x30,0x61,0x04,0x10,

/* 斑 */
0x08,0x0F,0xFE,0x4B,0x85,0xF8,0x55,0x8F,0xDC,0x4F,0xC4,0xD8,0x4D,0x8F,0x78,0xB1,0xE2,0x40,

/* 班 */
0x04,0x0F,0xFC,0x4D,0x04,0x50,0x5D,0x0F,0xDC,0x5D,0x84,0x90,0x79,0x0D,0x90,0x37,0xE4,0x00,

/* 搬 */
0x48,0x05,0xFC,0x7F,0x8F,0xDC,0x5E,0xE7,0x6C,0xD7,0xC5,0xD8,0x5D,0x85,0x58,0xED,0xCC,0x44,

/* 扳 */
0x40,0x06,0xBC,0x6C,0x0F,0x80,0x4F,0xC7,0xE8,0xEA,0x8C,0xB8,0x4B,0x05,0xB8,0xF4,0xE7,0x84,

/* 般 */
0x20,0x07,0xF8,0x7E,0x87,0xEC,0x7C,0xEF,0xFC,0xDA,0xCF,0xB8,0xBB,0x09,0xB8,0xBE,0xE1,0x84,

/* 颁 */
0x00,0x47,0x7C,0x5A,0x09,0xFC,0x9D,0x4F,0x54,0x55,0x45,0x54,0x57,0x4F,0x38,0x26,0xC1,0x84,

/* 板 */
0x60,0x04,0xFC,0x4C,0x0F,0x80,0x4F,0xC6,0xE8,0xFA,0x8C,0xB8,0x4B,0x05,0xB8,0x76,0xE7,0x84,

/* 版 */
0x20,0x0E,0x7C,0xE4,0x0F,0xC0,0xFF,0xC8,0x6C,0xF6,0x8B,0xF8,0xBD,0x8B,0xB8,0xBE,0xE1,0x84,

/* 扮 */
0x41,0x04,0x50,0x55,0x0F,0xD8,0x58,0xC7,0x8E,0xDF,0x84,0x48,0x44,0x84,0xD8,0xDB,0x86,0x10,

/* 拌 */
0x62,0x06,0x2C,0x7A,0x8F,0xF8,0x6F,0xC7,0x20,0xE2,0x4F,0xFE,0x62,0x06,0x20,0xE2,0x04,0x20,

/* 伴 */
0x22,0x06,0x2C,0x5A,0xC4,0xB8,0xCF,0xCC,0x60,0x42,0x47,0xFE,0x42,0x04,0x20,0x42,0x04,0x20,

/* 瓣 */
0x41,0x87,0xEC,0xFF,0xCB,0xDC,0xDD,0x8F,0xFE,0x5E,0x8F,0xBC,0xDF,0x8A,0xF8,0xAF,0x84,0x08,

/* 半 */
0x0C,0x04,0xC8,0x6D,0x83,0xD0,0x2E,0xCF,0xF8,0x0C,0x4F,0xFE,0x0C,0x00,0xC0,0x0C,0x00,0xC0,

/* 办 */
0x08,0x00,0x80,0x09,0x07,0xF0,0x1B,0x05,0xB8,0x5B,0x4D,0x36,0x93,0x62,0x30,0x6F,0x08,0x60,

/* 绊 */
0x22,0x06,0x24,0x4A,0xC9,0xF8,0xEB,0xC6,0xFC,0x42,0x0F,0xFE,0x02,0x0F,0x20,0x82,0x00,0x20,

/* 邦 */
0x30,0x03,0x3C,0xFE,0xC3,0x28,0x3B,0x87,0xB8,0x32,0x4F,0xE4,0x23,0x62,0x3C,0x43,0x08,0x20,

/* 帮 */
0x30,0x4F,0xFC,0x3A,0x87,0xAC,0xFE,0x42,0x3C,0x46,0x8F,0xF8,0x24,0x82,0x58,0x25,0x80,0x40,

/* 梆 */
0x64,0x06,0xDE,0x7F,0x4F,0xD4,0x6F,0x8F,0xD4,0xFD,0x4F,0xF6,0x69,0xE6,0x94,0x71,0x06,0x10,

/* 榜 */
0x62,0x04,0x34,0x75,0x8F,0x50,0x4F,0xCF,0xA4,0xFF,0xCC,0x60,0x47,0xC4,0x48,0x4B,0x87,0x10,

/* 膀 */
0x02,0x0F,0xFC,0xA5,0x8E,0x78,0xEF,0xEB,0xA4,0xFF,0xEB,0x60,0xA7,0xCA,0x48,0xEF,0x83,0x10,

/* 绑 */
0x0C,0x06,0xDE,0x5F,0x4B,0xD4,0xED,0x85,0xF4,0x49,0x4F,0xF6,0x09,0xEF,0x9C,0x91,0x06,0x10,

/* 棒 */
0x42,0x04,0x68,0x7E,0x8E,0xF8,0xC4,0x4F,0xF8,0xEB,0x85,0xFE,0x62,0x05,0xFC,0x42,0x04,0x20,

/* 磅 */
0x02,0x0F,0xFC,0x65,0x84,0x78,0x7F,0xEF,0xA4,0xFF,0xCF,0x68,0xF7,0xCF,0x48,0xCB,0x81,0x10,

/* 蚌 */
0x63,0x06,0x30,0xFF,0xCF,0x30,0xF3,0x0F,0x7C,0xF3,0x0F,0x34,0x7F,0xE7,0xB0,0xCB,0x00,0x30,

/* 镑 */
0x42,0x04,0xBC,0xFD,0x88,0x78,0xFF,0xE4,0xA4,0xFF,0xC4,0x60,0x57,0xC7,0x48,0x6B,0x87,0x10,

/* 傍 */
0x26,0x06,0x2C,0x5F,0xC4,0x50,0xDF,0xEF,0x24,0x7F,0xC4,0x40,0x47,0x84,0x88,0x5B,0x86,0x30,

/* 谤 */
0x06,0x04,0x2C,0x5F,0xC0,0xD0,0xDF,0xE7,0x6C,0x7F,0xE4,0x48,0x77,0x86,0x88,0xDB,0x82,0x10,

/* 苞 */
0x12,0x0F,0xFE,0x12,0x03,0x20,0x7F,0x86,0x48,0xE4,0x86,0x58,0x67,0xC6,0x14,0x71,0xE3,0xF8,

/* 胞 */
0x04,0x0F,0x40,0xAF,0xCA,0x8C,0xFF,0xCB,0xBC,0xEB,0xCA,0xEC,0xA9,0x8A,0x80,0x6F,0xE2,0x7C,

/* 包 */
0x10,0x03,0x08,0x3F,0xC6,0x08,0xFC,0x8E,0x48,0x64,0x87,0xD8,0x63,0xC6,0x14,0x7F,0xC3,0xF8,

/* 褒 */
0x0C,0x0F,0xFE,0x3F,0x86,0x98,0xEF,0xCF,0xFC,0x5B,0xC7,0xFC,0x5D,0x87,0x20,0xBD,0xC3,0x04,

/* 剥 */
0x00,0x4F,0xC4,0x09,0x44,0x94,0xFF,0x41,0x54,0x5D,0x47,0x14,0x7D,0x49,0x44,0x71,0xC3,0x0C,

/* 薄 */
0x12,0x0F,0xFC,0x13,0x05,0xFC,0x7F,0x8B,0x68,0xD6,0x85,0xF8,0xD7,0xCC,0x90,0xCD,0x00,0x30,

/* 雹 */
0x00,0x84,0xC4,0xFF,0xEF,0xFC,0x3F,0x03,0xF8,0x64,0x8F,0xC8,0x7D,0x86,0x14,0x3F,0xE1,0xF8,

/* 保 */
0x20,0x07,0xF8,0x48,0x84,0x88,0xDF,0x8C,0x24,0x7F,0xE4,0xF0,0x4B,0x85,0x2C,0x62,0x64,0x20,

/* 堡 */
0x20,0x06,0xF8,0x48,0x8E,0xF8,0xFE,0x46,0xF0,0x5A,0xC6,0x66,0x4C,0x87,0xF8,0x0C,0x4F,0xFC,

/* 饱 */
0x44,0x04,0x40,0x5F,0xCF,0x84,0xFF,0x45,0xB4,0x4B,0x44,0xFC,0x49,0xC5,0x8A,0x6C,0xE4,0x7C,

/* 宝 */
0x08,0x00,0x40,0x7F,0xEC,0x0C,0xC0,0x80,0xC0,0x0C,0x03,0xF8,0x0F,0x00,0xD0,0x8D,0xC0,0x00,

/* 抱 */
0x44,0x06,0x40,0x4F,0xCF,0x8C,0x5F,0xC7,0xBC,0xEB,0xCC,0xFC,0x4B,0xC4,0x98,0xCC,0x6C,0xFC,

/* 报 */
0x60,0x06,0xFC,0x7C,0x8F,0xF8,0x6D,0x87,0xFC,0xEE,0x8E,0xE8,0x6D,0x86,0xD8,0xEE,0xE4,0x84,

/* 暴 */
0x21,0x86,0x18,0x7F,0x87,0xF8,0x73,0xC1,0x34,0xFF,0xE2,0xD0,0x7F,0xC9,0xE4,0x7F,0x00,0x80,

/* 豹 */
0x12,0x03,0x20,0xFE,0xC7,0xE4,0x64,0x4F,0xE4,0x7B,0x4F,0x34,0x78,0x4D,0x8C,0xB1,0xC3,0x18,

/* 鲍 */
0x42,0x05,0x64,0xF7,0xCB,0xC4,0xFF,0xCB,0xD4,0xF5,0x4B,0x74,0xF5,0xC9,0x42,0xE6,0x60,0x3C,

/* 爆 */
0x40,0x84,0x88,0x5F,0x87,0xF8,0xCD,0xCC,0xD4,0x5F,0xE6,0xA8,0xFB,0xEA,0xF0,0x1E,0x80,0x60,

/* 杯 */
0x60,0x06,0xFC,0x73,0x0F,0xA0,0x62,0x07,0x78,0xFE,0xCE,0xA4,0x72,0x46,0x20,0x62,0x06,0x20,

/* 碑 */
0x03,0x0F,0xB4,0x4F,0xC4,0xF4,0x7F,0xCF,0xB4,0xFF,0xCF,0x70,0x7F,0xEF,0x10,0xC1,0x00,0x10,

/* 悲 */
0x12,0x01,0x6C,0x12,0x01,0x28,0x12,0x01,0x6C,0x16,0x01,0x60,0x74,0xCF,0x54,0xBF,0x41,0xE0,

/* 卑 */
0x08,0x07,0xF8,0x4C,0x84,0xC8,0x7F,0x84,0x88,0x7F,0x83,0x40,0xFF,0xE0,0x40,0x04,0x00,0x40,

/* 北 */
0x12,0x01,0x20,0x12,0x41,0x2C,0xF3,0x81,0x20,0x12,0x01,0x20,0xF2,0x0D,0x24,0x13,0xE1,0x00,

/* 辈 */
0x12,0x0F,0x3C,0x12,0x85,0x24,0xF3,0xC1,0xA0,0xFF,0x82,0xC0,0x7F,0x8F,0xFC,0x0C,0x00,0xC0,

/* 背 */
0x12,0x01,0x7C,0x96,0x47,0x64,0xD3,0xC3,0xF8,0x61,0x87,0xF8,0x61,0x87,0xF8,0x61,0x86,0x30,

/* 贝 */
0x00,0x87,0xF8,0x60,0x86,0xC8,0x6C,0x86,0xC8,0x6C,0x86,0x88,0x5E,0x01,0x18,0x60,0xC8,0x04,

/* 钡 */
0x60,0x04,0x7C,0x7C,0x48,0x54,0xFD,0x44,0x54,0xFF,0x44,0xF4,0x4E,0x47,0x3C,0x6C,0xE5,0x80,

/* 倍 */
0x22,0x02,0x24,0x7F,0xC4,0xD8,0xC5,0x0D,0xFE,0x40,0x04,0xFC,0x48,0x84,0x88,0x4F,0x84,0x88,

/* 狈 */
0x10,0x0F,0xFC,0x6C,0x4A,0xF4,0x2F,0x46,0xF4,0x6F,0x4B,0xF4,0x2B,0x42,0x6C,0xEC,0x65,0x00,

/* 备 */
0x10,0x03,0xF0,0x33,0x04,0xE0,0x8C,0x03,0x3C,0xE1,0xE6,0xD8,0x7F,0x86,0xD8,0x7F,0x86,0x18,

/* 惫 */
0x10,0x03,0xF0,0x6E,0x0D,0xF8,0xF3,0xC6,0xD8,0x7F,0x87,0xF8,0x69,0x0F,0xDC,0xFF,0x41,0xE0,

/* 焙 */
0x42,0x04,0x24,0x4F,0xC7,0x88,0xE5,0x8C,0x56,0x50,0x84,0xF8,0x68,0x8F,0x88,0x8F,0x80,0x88,

/* 被 */
0x43,0x06,0x30,0xFF,0xE3,0xF4,0x6F,0x07,0xFC,0xEE,0xC7,0xA8,0x5B,0x84,0xB8,0x76,0xE7,0x84,

/* 奔 */
0x08,0x01,0x8C,0x9E,0x03,0xB0,0x6D,0xCF,0xFC,0x2F,0x02,0xB4,0xFF,0xC2,0x30,0x63,0x08,0x30,

/* 苯 */
0x12,0x03,0x34,0xBF,0x03,0xE0,0xFF,0xC1,0xE0,0x1E,0x02,0xD8,0x6F,0xE8,0xC4,0x0C,0x00,0x80,

/* 本 */
0x0C,0x00,0xC0,0x0C,0x4F,0xFC,0x1E,0x03,0xE0,0x2D,0x04,0xDC,0xFF,0xE0,0xC0,0x0C,0x00,0xC0,

/* 笨 */
0x62,0x06,0xE4,0x7F,0xCB,0x90,0x0C,0x0F,0xFC,0x1E,0x02,0xF0,0x6F,0xEB,0xC4,0x0C,0x00,0x80,

/* 崩 */
0x04,0x04,0x4C,0x7F,0x84,0x08,0x7B,0xC5,0xAC,0x7B,0xC5,0xAC,0x7F,0xCD,0xCC,0xBD,0xC1,0x88,

/* 绷 */
0x20,0x05,0xFE,0x5F,0x4B,0xF4,0xFF,0xC5,0xF4,0xDF,0xCD,0x74,0x17,0x4F,0x74,0x2E,0xC4,0x4C,

/* 甭 */
0x00,0x4F,0xFC,0x1C,0x03,0xDC,0xCC,0xC7,0xFC,0x6C,0x86,0xC8,0x7F,0x84,0xC8,0xCD,0x88,0x48,

/* 泵 */
0x00,0x4F,0xFC,0x19,0x83,0x18,0xF1,0x83,0xD8,0x0C,0xCF,0xF8,0x3E,0x06,0xD8,0xDC,0xC0,0x80,

/* 蹦 */
0x03,0x4F,0xB4,0xBF,0xCF,0x04,0xFF,0xCE,0xB4,0xFF,0xCA,0xB4,0xAF,0xCF,0x34,0x97,0xC2,0x64,

/* 迸 */
0x09,0x84,0xD0,0x7F,0xC0,0xD0,0x0D,0x0F,0xFE,0x49,0x04,0x90,0x59,0x07,0x10,0xBF,0xE0,0xFC,

/* 逼 */
0x00,0x4D,0xFC,0x4F,0x80,0x88,0x0F,0x8F,0xFC,0x52,0xC5,0xFC,0x5E,0xC5,0xF8,0xBF,0xE0,0xFC,

/* 鼻 */
0x08,0x03,0xF0,0x3F,0x03,0xF0,0x3F,0x07,0xF8,0x7F,0x87,0xF8,0x7F,0xCB,0x30,0x22,0x0C,0x20,

/* 比 */
0x04,0x0C,0x40,0xC4,0x0C,0x4C,0xD5,0x8C,0x70,0xC4,0x0C,0x40,0xC4,0x4F,0xC4,0xE7,0xE0,0x00,

/* 鄙 */
0x00,0x04,0xDE,0x7D,0x47,0xDC,0xFF,0x8F,0xD8,0xC5,0x4B,0xD6,0xFD,0xEE,0x54,0xFD,0x08,0x10,

/* 笔 */
0x22,0x06,0xFC,0x77,0x09,0xD8,0x8F,0x8F,0x90,0x1F,0x84,0x8C,0x7F,0xC8,0x84,0x0F,0xE0,0x7C,

/* 彼 */
0x22,0x06,0x20,0xDF,0xCB,0xA8,0x6A,0x04,0xF8,0xDD,0x85,0xB0,0x5B,0x05,0x38,0x54,0xE7,0x84,

/* 碧 */
0x01,0x0F,0xFC,0x24,0xCF,0xFC,0x24,0xCF,0xFC,0x84,0x4F,0xFC,0x31,0x87,0x18,0xB1,0x82,0x18,

/* 蓖 */
0x12,0x0F,0xFE,0x1A,0x07,0xF8,0x56,0x85,0xE8,0x7F,0x84,0x48,0x7D,0xC4,0x64,0x74,0x64,0x7C,

/* 蔽 */
0x32,0x0F,0xFC,0x32,0x0A,0xB0,0xFB,0x4F,0xE8,0xAE,0x8F,0xB8,0xF9,0x0A,0xB8,0xBE,0xCA,0x84,

/* 毕 */
0x44,0x04,0x68,0x5F,0x84,0x60,0x46,0x47,0x7C,0x4F,0x80,0xC4,0xFF,0xC0,0xC0,0x0C,0x00,0x80,

/* 毙 */
0x44,0x04,0xCC,0x7F,0x04,0xE6,0x77,0xEF,0xFE,0x22,0x07,0xEC,0x7B,0x8B,0x22,0x23,0xEC,0x3C,

/* 毖 */
0x44,0x04,0x48,0x7F,0x84,0x44,0x7E,0x6E,0x7C,0x09,0x03,0xF0,0x76,0xCF,0x96,0xB1,0x0D,0xF0,

/* 币 */
0x01,0x8F,0xF8,0x0C,0x04,0xC8,0x7F,0xC4,0xC8,0x4C,0x84,0xC8,0x4D,0x84,0xD8,0x0C,0x00,0x80,

/* 庇 */
0x0C,0x04,0x44,0x42,0x05,0x30,0x52,0x05,0x2C,0x5F,0x85,0x30,0xD2,0x09,0xE0,0xBB,0x61,0x1C,

/* 痹 */
0x04,0x07,0xFC,0x70,0x8F,0xFC,0xFF,0x87,0x28,0xFF,0x8F,0xFC,0x4D,0x04,0x90,0x99,0x03,0x10,

/* 闭 */
0x60,0x02,0xFC,0xC4,0xC8,0x4C,0xFF,0xC8,0xCC,0x9C,0xC9,0x4C,0xE4,0xCC,0xCC,0x85,0xC8,0x08,

/* 敝 */
0x21,0x0A,0xF0,0xEA,0x4F,0xBE,0xFE,0x8A,0xE8,0xFE,0x8F,0xD8,0xFD,0x0A,0xF8,0xBE,0xC8,0xC4,

/* 弊 */
0x29,0x0F,0xB4,0xFB,0xCF,0xE8,0xFD,0x8F,0x98,0xBE,0xE1,0x30,0xFF,0xC3,0x20,0x22,0x0C,0x20,

/* 必 */
0x00,0x00,0xD0,0x0D,0x83,0x30,0x33,0x03,0x28,0xB6,0x4B,0xC6,0xB8,0x43,0x10,0x7F,0x88,0x00,

/* 辟 */
0x02,0x0F,0x94,0xDF,0xCD,0xE8,0xF2,0x8C,0x7E,0xFB,0x0D,0x94,0xDF,0xC7,0x90,0x51,0x04,0x10,

/* 壁 */
0x03,0x0F,0xFC,0xDE,0xCF,0xA8,0xDF,0xEF,0x94,0xFF,0xC4,0x90,0x0C,0x87,0xF8,0x0C,0x4F,0xFC,

/* 臂 */
0x01,0x0F,0xFC,0xFA,0x8C,0xFE,0xF9,0x4F,0xFC,0x41,0x03,0xF8,0x3F,0x83,0xF8,0x21,0x82,0x10,

/* 避 */
0x01,0x05,0xDC,0x77,0xC1,0xDC,0x11,0xAF,0xFE,0x75,0x87,0x7E,0x7D,0x85,0x58,0xFF,0xE0,0xFC,

/* 陛 */
0x09,0x0F,0x90,0xAB,0xCE,0xF8,0xC9,0x4E,0xFE,0xBB,0xCF,0x20,0xFF,0xC8,0x20,0x86,0x48,0x00,

/* 鞭 */
0x24,0x0F,0xFC,0xFD,0x4E,0xFC,0xFF,0xCF,0xFC,0xFF,0xCF,0xF4,0xFB,0x06,0x90,0x4F,0xC4,0xC4,

/* 边 */
0x02,0x04,0x60,0x66,0x81,0xFC,0x04,0x8E,0x48,0x44,0x84,0xC8,0x49,0x87,0x38,0xFF,0xC0,0xFC,

/* 编 */
0x02,0x06,0xB4,0x4F,0xCB,0x84,0xEF,0xC4,0x84,0x4F,0xCF,0xBC,0x1F,0xCF,0xBC,0xAB,0xC0,0x8C,

/* 贬 */
0x00,0x0F,0xFC,0x92,0x0F,0x30,0xF3,0xCF,0x0C,0xF1,0x0D,0x30,0xF4,0x07,0xC0,0x9F,0xE0,0x0C,

/* 扁 */
0x0C,0x06,0xC8,0x60,0x84,0x08,0x7F,0x86,0x0C,0x7F,0xC6,0xB4,0x7F,0xCA,0xB4,0xAB,0xC2,0x08,

/* 便 */
0x20,0x07,0xFC,0x42,0x05,0xFC,0xD2,0xCD,0xFC,0x5E,0xC5,0xEC,0x4E,0x04,0x60,0x4F,0xE7,0x0C,

/* 变 */
0x08,0x00,0xC4,0xFF,0xC7,0x30,0x72,0xC5,0x2C,0x97,0x01,0x30,0x0E,0x00,0xC0,0x3F,0xCC,0x1C,

/* 卞 */
0x08,0x00,0xC0,0x00,0x4F,0xFC,0x08,0x00,0xE0,0x0B,0x00,0x98,0x08,0x00,0x80,0x08,0x00,0x80,

/* 辨 */
0x45,0x07,0x5C,0xF7,0xC7,0x5C,0x6D,0x8F,0xFE,0x6D,0x8F,0x5C,0x6F,0xC4,0x98,0xD9,0x8A,0x18,

/* 辩 */
0x41,0x07,0x9C,0xFF,0xCA,0x3C,0xFD,0x8F,0xFE,0x49,0x8F,0xDC,0x4F,0x84,0xD8,0xC9,0x80,0x10,

/* 辫 */
0x45,0x07,0xDC,0xFB,0xCB,0xFC,0xFD,0x8F,0xFE,0x49,0x8F,0xFC,0x43,0xC5,0xD8,0x91,0x80,0x18,

/* 遍 */
0x06,0x0D,0x68,0x58,0xC1,0x88,0x10,0x8F,0xFC,0x7D,0x47,0xFC,0x7D,0x45,0xDC,0xFB,0xE0,0xFC,

/* 标 */
0x40,0x04,0xFC,0x50,0x0F,0x00,0x5F,0xEE,0x30,0xFF,0x84,0xBC,0x5B,0x45,0x36,0x67,0x04,0x60,

/* 彪 */
0x10,0x01,0xCC,0x35,0x8F,0xF4,0xFE,0xCF,0x58,0xDF,0x4F,0x8C,0xA9,0x8A,0xA4,0xEC,0x64,0x7C,

/* 膘 */
0x00,0x4F,0x78,0xAF,0xCE,0xB4,0xAF,0xCA,0x84,0xEF,0xCB,0xFE,0xA7,0x8A,0xFC,0x7F,0x60,0x20,

/* 表 */
0x04,0x00,0xCC,0x7F,0xC0,0xD8,0x3F,0x8F,0xFE,0x1C,0x83,0x58,0x76,0x0F,0x30,0x3D,0xC3,0x0C,

/* 鳖 */
0x20,0x07,0xA0,0xFF,0xCF,0xF8,0xFD,0x8F,0xFE,0xBE,0x03,0xF8,0xED,0x83,0xF8,0x3F,0xCF,0xFE,

/* 憋 */
0x22,0x0F,0xA0,0xFB,0xCF,0xE8,0xFF,0x8F,0x90,0xBB,0xCA,0xCC,0x2C,0x8A,0x54,0xB3,0x41,0xF0,

/* 别 */
0x00,0x47,0xC4,0x4B,0x47,0xB4,0x7B,0x42,0x34,0xFF,0x42,0xF4,0x6E,0x44,0x84,0xD9,0xC0,0x88,

/* 瘪 */
0x04,0x07,0xFC,0x66,0x0F,0xF8,0xFF,0x87,0xF8,0xFF,0x84,0xD8,0x59,0xE6,0xF4,0x8C,0xC0,0x78,

/* 彬 */
0x64,0x06,0x4C,0x64,0x8F,0xF0,0x6C,0x46,0xEC,0xFF,0x8F,0x64,0x64,0xC6,0x48,0x67,0x04,0x60,

/* 斌 */
0x01,0x04,0x38,0x5F,0x4F,0x14,0xBF,0xCA,0xF0,0x6F,0x86,0xF8,0x6C,0x8A,0xFA,0xBE,0xC0,0x06,

/* 濒 */
0x08,0x05,0xBE,0x7D,0x8B,0xBC,0xFE,0x47,0xFC,0x7F,0xC7,0xFC,0xEB,0xCC,0x98,0xD3,0x4E,0xC4,

/* 滨 */
0x06,0x0D,0x24,0x5F,0xCB,0x38,0xEF,0x04,0x8C,0x4B,0x0C,0x94,0xFF,0xEC,0xD8,0xD8,0xC6,0x04,

/* 宾 */
0x08,0x07,0xFC,0xC0,0xCA,0xF0,0x20,0x03,0xF8,0x26,0x02,0x64,0xFF,0xC3,0xB0,0x61,0x88,0x00,

/* 摈 */
0x42,0x04,0xB4,0x68,0xEF,0x98,0x4F,0x07,0xCC,0xCD,0x0C,0xD0,0x7F,0xE4,0x58,0xC8,0xCD,0x04,

/* 兵 */
0x01,0x03,0xF8,0x20,0x02,0x08,0x3F,0xC2,0x20,0x22,0x0F,0xFC,0x12,0x03,0x10,0x61,0x88,0x08,

/* 冰 */
0x02,0x08,0x60,0x66,0x46,0xEC,0x3F,0x04,0xF0,0x5F,0x0D,0x78,0x96,0x8E,0x6C,0xCE,0x40,0x40,

/* 柄 */
0x40,0x05,0xFE,0x42,0x0F,0xBC,0x4A,0xCE,0xA4,0xFB,0x44,0xFC,0x4C,0xC4,0x84,0x49,0xC4,0x88,

/* 丙 */
0x00,0x4F,0xFE,0x0C,0x0F,0xFC,0x48,0xC4,0xCC,0x4E,0xC5,0x3C,0x61,0xC4,0x0C,0xC3,0x84,0x08,

/* 秉 */
0x03,0x07,0xE0,0xFF,0xC0,0xD0,0x7F,0x8F,0xFC,0x0D,0x87,0xF8,0x3E,0x06,0xF8,0xCC,0xC0,0x80,

/* 饼 */
0x48,0x84,0x58,0xF5,0x4B,0xFC,0xE5,0x84,0x58,0x5F,0xE4,0x58,0x55,0x86,0xD8,0x49,0x81,0x18,

/* 炳 */
0x40,0x05,0xFE,0x53,0x0F,0xB4,0xEB,0xCC,0xA4,0x4B,0x44,0xFC,0x6C,0xCF,0x84,0x89,0xC0,0x8C,

/* 病 */
0x04,0x04,0x64,0x60,0x4F,0xFE,0xE2,0x07,0xFC,0xF6,0xCD,0x74,0x55,0xC5,0x8C,0x91,0xC1,0x08,

/* 并 */
0x21,0x01,0x30,0x12,0x4F,0xFC,0x12,0x01,0x20,0xFF,0xE1,0x20,0x32,0x02,0x20,0x62,0x08,0x20,

/* 玻 */
0x03,0x01,0x30,0xFF,0xE4,0xB4,0x4B,0x0F,0xFC,0x4C,0xC4,0xA8,0x7B,0x0D,0x30,0x37,0xC7,0x84,

/* 菠 */
0x12,0x0F,0xFC,0x32,0x07,0x20,0x7F,0xCB,0xA8,0xFF,0x85,0xD8,0xD7,0x0D,0x30,0xFD,0xC7,0x0C,

/* 播 */
0x40,0x84,0xF8,0x4A,0x8F,0xB4,0x5F,0xC6,0xE8,0xDA,0xEF,0xFC,0x5E,0x85,0xE8,0xDF,0x8D,0x88,

/* 拨 */
0x43,0x04,0xB8,0x7A,0xC7,0xA4,0x5E,0x07,0x78,0xC6,0x84,0xB8,0x4B,0x07,0x38,0xE4,0xE5,0x04,

/* 钵 */
0x42,0x04,0x20,0xF2,0x49,0xFC,0xF7,0x04,0x78,0xFA,0x85,0xAC,0x5F,0xE7,0x20,0x62,0x04,0x20,

/* 波 */
0x02,0x06,0x20,0x7F,0xCB,0xAC,0xFA,0x85,0xF8,0x5C,0x8D,0x78,0xD3,0x0D,0x30,0xED,0xC7,0x04,

/* 博 */
0x42,0x04,0x2C,0x52,0x87,0xFC,0x5A,0xC5,0xAC,0x5F,0xC5,0x28,0x7F,0xE4,0x98,0x4D,0x84,0x10,

/* 勃 */
0x31,0x03,0x90,0xF9,0x0B,0x7E,0x8D,0x4F,0x94,0x13,0x43,0xF4,0xF2,0x43,0x44,0x7D,0xC3,0x08,

/* 搏 */
0x43,0x84,0x2C,0x7F,0xC5,0xFC,0x5A,0xC7,0xAC,0xDF,0xC5,0xA8,0x7F,0xE4,0xC8,0xC7,0x8C,0x18,

/* 铂 */
0x61,0x06,0x30,0x7F,0xCC,0x44,0xFC,0x46,0x44,0x7F,0xCF,0xC4,0x6C,0x47,0x44,0x67,0xC4,0x44,

/* 箔 */
0x22,0x06,0xA4,0xF7,0x89,0x78,0x6A,0x0B,0xFC,0xE8,0xC6,0xFC,0xC8,0xC4,0x8C,0x4F,0xC4,0x88,

/* 伯 */
0x23,0x02,0x20,0x6F,0xC6,0x84,0xE8,0x4E,0x84,0x6F,0xC6,0x84,0x68,0x46,0x84,0x6F,0xC4,0x84,

/* 帛 */
0x08,0x07,0xF8,0x41,0x87,0xF8,0x41,0x87,0xF8,0x0C,0x8F,0xFC,0xCC,0xCC,0xCC,0xCD,0x80,0x80,

/* 舶 */
0x21,0x02,0x90,0x7F,0xC7,0xE4,0x7E,0x4F,0xE4,0xFF,0xCF,0xE4,0xFE,0x49,0xE4,0xBE,0x41,0x44,

/* 脖 */
0x02,0x0F,0x34,0xBF,0xCF,0xFE,0xF8,0x6B,0xF8,0xF1,0x0B,0x36,0xBF,0xCB,0x30,0xF7,0x02,0x20,

/* 膊 */
0x03,0x8F,0x2C,0xBF,0xCA,0xFC,0xEA,0xCA,0xAC,0xEF,0xCA,0xAC,0xBF,0xEA,0x48,0xE5,0x86,0x18,

/* 渤 */
0x09,0x84,0x98,0x3F,0x8B,0xFE,0xE7,0x47,0xD4,0x4D,0x4C,0xF4,0xFB,0x48,0xA4,0x9F,0xC8,0x88,

/* 泊 */
0x02,0x06,0x20,0x3F,0xCA,0x8C,0xE8,0xC6,0x8C,0x4F,0xC4,0x8C,0xC8,0xC4,0x8C,0x5F,0xC4,0x84,

/* 驳 */
0x10,0xCF,0x78,0xD3,0x8F,0x6C,0xFC,0xCF,0x48,0xFA,0x83,0x30,0xD3,0x01,0x38,0x7C,0xE3,0x00,

/* 捕 */
0x42,0x04,0x28,0x5F,0xEF,0x20,0x5F,0xC7,0xA4,0xDF,0xCD,0xA4,0x5F,0xC5,0xA4,0xDB,0xCD,0x28,

/* 卜 */
0x08,0x01,0x80,0x08,0x00,0x80,0x0C,0x00,0xB0,0x09,0x80,0x8C,0x18,0x01,0x80,0x18,0x01,0x80,

/* 哺 */
0x03,0x82,0x2C,0xFF,0xEA,0x20,0xBF,0xCB,0xAC,0xBF,0xCF,0xAC,0xFF,0xC1,0xAC,0x1A,0xC1,0xA8,

/* 补 */
0x22,0x03,0x20,0xFA,0x01,0xA0,0x3B,0x02,0xAC,0x72,0x6B,0xA0,0x2A,0x02,0x20,0x22,0x02,0x20,

/* 埠 */
0x42,0x04,0xF8,0x48,0x87,0xF8,0x48,0x84,0xFC,0x48,0x87,0xB8,0xEB,0x68,0x30,0x02,0x00,0x20,

/* 不 */
0x00,0x0F,0xFC,0x04,0x00,0xC0,0x0E,0x01,0xD8,0x2C,0xC4,0xC4,0x8C,0x40,0xC0,0x0C,0x00,0x40,

/* 布 */
0x18,0x01,0x84,0xFF,0xC3,0x40,0x24,0x87,0xF8,0x64,0x8A,0x48,0x24,0x82,0x78,0x24,0x00,0x40,

/* 步 */
0x04,0x02,0x40,0x27,0x82,0x40,0x24,0x4F,0xFE,0x34,0x82,0x58,0x67,0x04,0x60,0x1C,0x0F,0x00,

/* 簿 */
0x62,0x07,0xFC,0xBF,0x8D,0xFC,0x5F,0x8B,0xE8,0xBF,0x85,0xF8,0xD7,0xCC,0xD8,0xCD,0x04,0x30,

/* 部 */
0x20,0x03,0x7E,0xFF,0x46,0xB8,0x73,0x8F,0xF8,0x0B,0x47,0xB6,0x4B,0x64,0xBC,0x4B,0x04,0x30,

/* 怖 */
0x46,0x04,0x60,0x5F,0xEF,0xF0,0xDB,0x05,0xFC,0x5B,0x46,0xB4,0x4B,0x44,0xBC,0x4B,0x04,0x20,

/* 擦 */
0x42,0x05,0xFC,0x5C,0xCF,0xFC,0x5F,0x87,0xD8,0xCF,0xED,0x8C,0x6F,0x04,0xA8,0x5A,0x4E,0x60,

/* 猜 */
0x02,0x0B,0xBC,0x62,0x8E,0xFC,0x23,0x66,0x88,0x6F,0xCA,0xF8,0x28,0x82,0xF8,0xE9,0x84,0x98,

/* 裁 */
0x32,0x03,0xA8,0xFA,0x83,0x24,0xFF,0xC2,0x68,0xFF,0x87,0xB8,0xFB,0x05,0xFC,0x64,0xC4,0x84,

/* 材 */
0x20,0x82,0x18,0x29,0xCF,0xFE,0x63,0x87,0x38,0x7F,0x8E,0x58,0xAD,0x83,0x18,0x23,0x82,0x10,

/* 才 */
0x02,0x00,0x20,0x02,0x4F,0xFE,0x06,0x00,0xE0,0x1A,0x01,0x20,0x22,0x04,0x20,0x0E,0x00,0x60,

/* 财 */
0x00,0x8F,0x88,0x98,0x8B,0xFE,0xB9,0x8B,0xB8,0xBA,0x8F,0xE8,0xE4,0x87,0x88,0x9B,0x80,0x18,

/* 睬 */
0x01,0x8F,0xFC,0xAA,0xCA,0xF8,0xAF,0x8A,0x34,0xFF,0xCA,0x70,0xAF,0x8F,0xAC,0x92,0x40,0x20,

/* 踩 */
0x01,0xCF,0xE4,0x9A,0xCF,0xF8,0xF7,0x0E,0x34,0xBF,0xCA,0x78,0xAF,0x8F,0xBC,0xD3,0x60,0x20,

/* 采 */
0x01,0x07,0xF8,0x49,0x82,0xD0,0x26,0x00,0xC4,0xFF,0xC1,0xE0,0x3F,0x06,0xDC,0xCC,0xC0,0xC0,

/* 彩 */
0x0C,0x0F,0xCC,0xB7,0x05,0xE0,0x58,0xC3,0x48,0x33,0x07,0xE4,0x5C,0xC9,0x18,0x93,0x01,0xC0,

/* 菜 */
0x12,0x0F,0xFC,0x12,0x01,0xF8,0xFC,0x86,0xD8,0x2D,0x4F,0xFC,0x1E,0x02,0xD8,0x4C,0xC0,0xC0,

/* 蔡 */
0x12,0x0F,0xFC,0x32,0x07,0xFC,0x7A,0x8F,0xB0,0xFF,0x86,0x1E,0xFF,0x03,0x70,0x7C,0xC8,0xC0,

/* 餐 */
0x20,0x03,0xF8,0x7B,0x0F,0xFC,0x7C,0x4D,0xF8,0x7F,0xEB,0xF0,0x3F,0x03,0x98,0x2F,0x83,0x08,

/* 参 */
0x0C,0x01,0xB0,0x7F,0x86,0x88,0xFF,0xC1,0x20,0x2D,0x85,0xAE,0xE6,0x41,0xB8,0x0E,0x07,0x80,

/* 蚕 */
0x00,0x87,0xF8,0x18,0x4F,0xFC,0x3B,0x06,0xDC,0xFF,0xC2,0xD0,0x3F,0x02,0xF0,0xFF,0x84,0x00,

/* 残 */
0x02,0x0F,0xB8,0x62,0x84,0x7C,0x7E,0x0D,0x3C,0xFE,0x07,0x3C,0x23,0x86,0x72,0x9C,0xC0,0x04,

/* 惭 */
0x48,0x04,0x9C,0x7F,0x0F,0x30,0xF9,0xEF,0xFC,0x5B,0xC4,0xFC,0x7A,0xC6,0xAC,0x4A,0xC4,0xC8,

/* 惨 */
0x46,0x04,0x50,0x4F,0x8F,0xE0,0xDF,0xC4,0xD0,0x5A,0xC7,0x5E,0x5B,0x04,0xDC,0x53,0x05,0xC0,

/* 灿 */
0x41,0x06,0x30,0x73,0x07,0xB4,0xEB,0x4C,0xB4,0x4B,0x44,0xB4,0x6B,0x47,0xB4,0x9F,0xC0,0x04,

/* 苍 */
0x22,0x03,0x3C,0xBF,0x03,0xE0,0x16,0x02,0x3C,0xFF,0xC2,0x20,0x26,0x02,0x68,0x33,0x81,0xF0,

/* 舱 */
0x22,0x07,0x30,0xF5,0x0D,0x4C,0xF8,0xEF,0x78,0xD4,0x8F,0x58,0xB7,0x09,0x44,0xB4,0x43,0x7C,

/* 仓 */
0x0C,0x01,0xC0,0x12,0x02,0x30,0x61,0xCB,0xFC,0x23,0x02,0x20,0x26,0x02,0x08,0x31,0xC1,0xF8,

/* 沧 */
0x42,0x06,0x60,0x15,0x09,0xD8,0xF8,0xE3,0xFC,0x69,0x84,0x98,0xCB,0x0C,0x84,0xCC,0xC0,0x78,

/* 藏 */
0x12,0x0F,0xFC,0x13,0x8F,0xFC,0xB7,0x0F,0xDC,0x3F,0x8F,0x58,0xBD,0x0B,0xFC,0xD6,0xC8,0x04,

/* 操 */
0x40,0x04,0xF8,0x6D,0x8F,0xD0,0x5F,0xC7,0x54,0xDF,0xC4,0x64,0x4F,0x04,0xB8,0xD2,0xCC,0x20,

/* 糙 */
0x41,0x05,0xB8,0xFB,0xCE,0x78,0xF5,0xC5,0xE4,0xEB,0xCD,0xA4,0xCA,0xC4,0xAC,0x5F,0xC4,0x3C,

/* 槽 */
0x45,0x05,0xFC,0x77,0x4F,0xFC,0x4F,0xCF,0xD4,0xDF,0xCC,0xF8,0x48,0x84,0xF8,0x4F,0x84,0x88,

/* 曹 */
0x12,0x0F,0xFC,0x5E,0x87,0xF8,0x7F,0x85,0xE8,0x7F,0x87,0xF8,0x21,0x03,0xF0,0x3F,0x02,0x10,

/* 草 */
0x12,0x0F,0xFC,0x12,0x07,0xF8,0x61,0x87,0xF0,0x61,0x07,0xF0,0x6C,0x40,0xC0,0x0C,0x00,0x80,

/* 厕 */
0x00,0x47,0xFC,0x64,0x47,0x74,0x7D,0x47,0xD4,0x7D,0x4F,0xD4,0xB9,0x49,0xC4,0x37,0xC4,0x08,

/* 策 */
0x22,0x07,0xFC,0xF5,0x09,0xD0,0xFF,0xC6,0xC8,0x6C,0x85,0xF8,0x5F,0x02,0xD8,0xCC,0xE0,0xC0,

/* 侧 */
0x60,0x47,0xE4,0x77,0xCF,0xF4,0xFF,0x4F,0xF4,0xFF,0x4F,0xF4,0xF9,0x4D,0x44,0xE7,0xCC,0x08,

/* 册 */
0x00,0x87,0xF8,0x5E,0x85,0xE8,0x5E,0xCF,0xFE,0x5E,0x85,0xE8,0x5C,0x8D,0xC8,0xBB,0x81,0x10,

/* 测 */
0x00,0x45,0xE4,0x13,0xCB,0xFC,0xFF,0xC5,0xFC,0x5B,0xC5,0xBC,0xD8,0x4D,0xE4,0xF2,0xC4,0x04,

/* 层 */
0x40,0x87,0xFC,0x40,0x87,0xF8,0x40,0x85,0xF8,0x40,0x47,0xFC,0x4C,0x0C,0x98,0xBF,0x81,0x04,

/* 蹭 */
0x04,0x8F,0x68,0x9F,0xE9,0xFC,0xFF,0xCE,0xFC,0xF8,0x4E,0x7C,0xE4,0xCF,0x7C,0xC7,0xC0,0x4C,

/* 插 */
0x40,0x84,0xF8,0x72,0x0F,0xFE,0x56,0x47,0xBC,0xD2,0x4D,0xFC,0x5A,0x45,0x24,0xDF,0xC5,0x04,

/* 叉 */
0x00,0x0F,0xF8,0x29,0x02,0xD0,0x3F,0x01,0x20,0x1E,0x00,0xC0,0x0E,0x03,0x30,0x41,0xC0,0x00,

/* 茬 */
0x12,0x0F,0xFC,0x1A,0x01,0xE4,0xFF,0xC3,0x60,0x66,0x0F,0xFC,0x66,0x06,0x60,0x7F,0xC0,0x00,

/* 茶 */
0x12,0x0F,0xFC,0x12,0x01,0xE0,0x1E,0x02,0xFC,0xCD,0xC7,0xF0,0x3F,0x06,0xD8,0xDC,0xC0,0x80,

/* 查 */
0x0C,0x00,0xC4,0xFF,0xC1,0xE0,0x2D,0x86,0xDC,0xA3,0x03,0xF0,0x21,0x03,0xF0,0x21,0x48,0x00,

/* 碴 */
0x03,0x0F,0x34,0x47,0x84,0x78,0x7A,0xEF,0xFC,0xFC,0x8F,0xF8,0xFC,0x8F,0xF8,0xDC,0xE0,0x00,

/* 搽 */
0x45,0x04,0xDC,0x7F,0xCF,0x70,0x47,0x07,0xEC,0xFA,0xCF,0xFC,0x4F,0x05,0xAC,0xF6,0x44,0x60,

/* 察 */
0x08,0x07,0xFC,0xE4,0xCF,0xF8,0x7B,0x8F,0x30,0x7F,0x86,0x1C,0xBE,0x03,0xF0,0x5D,0x88,0x88,

/* 岔 */
0x12,0x03,0x20,0x21,0x87,0xFE,0x93,0x01,0x30,0x26,0x0C,0xC0,0xC8,0x8C,0x88,0xCD,0x84,0x18,

/* 差 */
0x13,0x01,0xA0,0xFF,0xC0,0x88,0x7F,0x80,0x84,0xFF,0xC1,0x08,0x3F,0x84,0x40,0xC4,0xC0,0x00,

/* 诧 */
0x02,0x04,0x24,0x7F,0xE1,0x18,0xC7,0x85,0xE0,0x42,0x65,0xF0,0x52,0x06,0x24,0x62,0x64,0x3C,

/* 拆 */
0x40,0x86,0xF8,0x68,0x0F,0x84,0x4F,0xE7,0x90,0xEF,0x0C,0x9C,0x49,0x45,0x90,0xF1,0x06,0x10,

/* 柴 */
0x12,0x05,0x2C,0x5F,0x85,0x24,0x56,0x4F,0xBC,0x0C,0x4F,0xFC,0x1E,0x02,0xF8,0xCC,0xC0,0x80,

/* 豺 */
0x10,0x86,0x08,0xFC,0x87,0xFE,0x61,0x8F,0x38,0x72,0x8F,0x68,0x7C,0x8D,0x88,0x73,0x83,0x10,

/* 搀 */
0x44,0x04,0x78,0x79,0x0F,0xFC,0x5A,0xC6,0xFC,0xC5,0x0C,0xDE,0x5B,0x04,0x10,0xC7,0x04,0x18,

/* 掺 */
0x42,0x04,0x50,0x7F,0xCF,0xEC,0x5F,0xC6,0xD0,0xDA,0xCF,0x5C,0x4B,0x04,0xDC,0xC3,0x0D,0xC0,

/* 蝉 */
0x64,0x84,0x68,0xFF,0xCF,0xF4,0xDF,0xCD,0xF4,0xFF,0xCE,0xB4,0x7F,0xEF,0x30,0x83,0x00,0x30,

/* 馋 */
0x44,0x04,0xF8,0xE9,0x0F,0xF8,0xBA,0x84,0xF8,0x4F,0x25,0x9E,0x76,0x06,0x30,0xC7,0x04,0x30,

/* 谗 */
0x04,0x06,0xF8,0x69,0x01,0xFC,0xFA,0xC5,0xFC,0x47,0x04,0x9E,0x77,0x05,0x18,0x67,0x04,0x18,

/* 缠 */
0x42,0x05,0xFC,0xD8,0x0B,0xFC,0xFD,0x45,0xFC,0xDD,0x4F,0xFC,0x11,0x4F,0x7C,0xA1,0x40,0xFC,

/* 铲 */
0x42,0x04,0x34,0x7F,0xC8,0x68,0xF2,0xC4,0xFE,0x7C,0x04,0xC0,0x48,0x06,0x80,0x78,0x07,0x00,

/* 产 */
0x0C,0x00,0x4C,0x7F,0xC1,0x30,0x12,0x47,0xFC,0x40,0x04,0x00,0x40,0x0C,0x00,0x80,0x00,0x00,

/* 阐 */
0x40,0x02,0xFC,0x92,0x49,0xC4,0xBF,0x4B,0xF4,0xAF,0x4B,0xF4,0xFF,0xC8,0x84,0x89,0xC8,0x08,

/* 颤 */
0x20,0x0F,0xFC,0xF9,0x0F,0xBC,0xFB,0x4F,0xB4,0x8B,0x4C,0xB4,0xFB,0x4F,0x98,0xFE,0x48,0xC4,

/* 昌 */
0x21,0x82,0x18,0x3F,0x82,0x18,0x3F,0x82,0x00,0x7F,0xC4,0x0C,0x7F,0xC4,0x0C,0x7F,0xC4,0x08,

/* 猖 */
0x10,0x0F,0xFC,0x6F,0xCE,0xCC,0x2F,0xC6,0x84,0xEF,0xCA,0x84,0x2F,0xC2,0x84,0xEF,0xC4,0x84,

/* 场 */
0x40,0x06,0xFC,0x41,0x07,0x20,0x6C,0x44,0xFE,0x45,0x47,0xD4,0xFB,0x4B,0x64,0x0D,0xC1,0x18,

/* 尝 */
0x0C,0x02,0xD0,0x3E,0x4F,0xFC,0x80,0x8B,0xF0,0x00,0x0F,0xFC,0x18,0x03,0x30,0x7F,0x87,0x08,

/* 常 */
0x09,0x03,0xD0,0xBE,0x4F,0x3C,0xBF,0x82,0x30,0x3F,0x04,0xD8,0x6D,0x84,0x88,0x49,0x80,0x80,

/* 长 */
0x20,0x02,0x30,0x26,0x02,0xC0,0x30,0x0F,0xFC,0x24,0x02,0x40,0x22,0x02,0xDC,0x30,0xC2,0x00,

/* 偿 */
0x22,0x06,0xAC,0x4F,0x85,0xF4,0xF0,0xCF,0x98,0x40,0x07,0xFE,0x46,0x04,0xD8,0x5F,0xC5,0x84,

/* 肠 */
0x00,0x8F,0xF8,0xF3,0x0F,0x20,0xFC,0x4F,0xFE,0xF5,0x4F,0x54,0xBA,0x4B,0x64,0xFD,0xC3,0x08,

/* 厂 */
0x00,0x47,0xFC,0x40,0x04,0x00,0x40,0x04,0x00,0x40,0x04,0x00,0x40,0x0C,0x00,0x80,0x00,0x00,

/* 敞 */
0x21,0x0A,0xD0,0xEB,0x0F,0x3E,0xFE,0x8D,0xE8,0xFE,0x8D,0xD8,0xFD,0x8C,0xD8,0x9E,0xE8,0xC4,

/* 畅 */
0x60,0x06,0x78,0xF1,0x0F,0x20,0xF6,0x4F,0xFE,0xF7,0x4F,0x54,0x6B,0x47,0x64,0x6D,0xC6,0x08,

/* 唱 */
0x00,0x0A,0xFC,0xEF,0xCA,0xCC,0xAF,0xCA,0x8C,0xBF,0xEF,0x84,0x8F,0xC8,0x84,0x0F,0xC0,0x84,

/* 倡 */
0x30,0x02,0xFC,0x68,0xC4,0xFC,0xEC,0xCC,0x88,0x5F,0xC5,0x84,0x5F,0xC5,0x84,0x5F,0xC5,0x04,

/* 超 */
0x20,0x02,0xFC,0xFA,0x42,0x24,0x2F,0xCF,0xCC,0xE7,0xCF,0xC4,0xE7,0xCE,0x6C,0xBF,0xE0,0xFC,

/* 抄 */
0x21,0x06,0x30,0x63,0x0F,0xFC,0x6F,0x67,0xB0,0xEB,0xCF,0x3C,0x61,0x86,0x30,0xE6,0x05,0x80,

/* 钞 */
0x61,0x04,0x30,0x7F,0x88,0x7C,0xF7,0x64,0xF0,0xFB,0xC6,0xBC,0x49,0x87,0x30,0x66,0x07,0x80,

/* 朝 */
0x30,0x03,0xFC,0xFE,0x4F,0xA4,0xCB,0xCF,0xA4,0xCA,0x4F,0xBC,0x2E,0x4F,0xE4,0x24,0xC3,0x8C,

/* 嘲 */
0x08,0x0A,0xFE,0xFD,0x4B,0xF4,0xB7,0x4B,0xF4,0xBF,0xCF,0xD4,0xBF,0x48,0xB4,0x0E,0xC0,0xCC,

/* 潮 */
0x08,0x04,0xBC,0x3D,0x4B,0xD4,0xF5,0x45,0xD4,0x55,0xC5,0xD4,0xFF,0x4C,0xA4,0xCA,0xC8,0xC4,

/* 巢 */
0x24,0x84,0x90,0x6D,0x86,0x48,0x6D,0x87,0xF8,0x6D,0x87,0xF8,0xFF,0xC3,0xF0,0x6D,0xE8,0xC4,

/* 吵 */
0x03,0x08,0x30,0xF7,0x0A,0xFC,0xAB,0x6A,0xB2,0xBB,0xCF,0x3C,0xA1,0x88,0x30,0x0C,0x03,0x00,

/* 炒 */
0x21,0x06,0x30,0x63,0x07,0xFC,0xEF,0x6E,0xB2,0x7B,0xC6,0x3C,0x71,0x85,0x30,0x86,0x01,0x80,

/* 车 */
0x08,0x01,0x84,0xFF,0xC3,0x00,0x2C,0x06,0xC8,0x7F,0x80,0xC0,0xFF,0xE0,0xC0,0x0C,0x00,0xC0,

/* 扯 */
0x43,0x04,0x30,0x63,0x0F,0xB0,0x4B,0x47,0xBC,0xEB,0x0C,0xB0,0x4B,0x04,0xB0,0xFF,0xEC,0x00,

/* 撤 */
0x48,0x84,0xA8,0x7F,0x0F,0xDE,0x5F,0x47,0xF4,0xD7,0xCD,0xF8,0x5E,0x85,0x78,0xD7,0x65,0x64,

/* 掣 */
0x10,0x47,0xDC,0xF5,0x4F,0xD4,0x7D,0x45,0xDC,0x1F,0x87,0xC0,0x7F,0xCF,0xFE,0x0C,0x00,0xC0,

/* 彻 */
0x28,0x06,0xBC,0xC9,0x46,0xF4,0x7D,0x4C,0x94,0xC9,0x44,0xF4,0x5E,0x45,0xA4,0x4D,0xC5,0x08,

/* 澈 */
0x08,0x8C,0xB8,0x7D,0x03,0x5E,0xFF,0x45,0xF4,0x55,0xC5,0xD8,0xDD,0x8D,0x58,0xDF,0xCC,0x44,

/* 郴 */
0x48,0x04,0xDE,0x6F,0x4F,0xF4,0x4D,0x8F,0xF8,0xFF,0x4F,0x96,0x69,0x64,0x9C,0x49,0x04,0x90,

/* 臣 */
0x00,0x8F,0xFC,0xCC,0x0C,0xC0,0xFF,0x8C,0x18,0xC1,0x8F,0xF8,0xC8,0x0C,0x80,0xFF,0xC8,0x00,

/* 辰 */
0x00,0x87,0xF8,0x41,0x07,0xF0,0x40,0x47,0xFC,0x55,0x85,0x70,0x52,0x09,0x38,0x1C,0xC1,0x00,

/* 尘 */
0x04,0x00,0xC0,0x3D,0x06,0xC8,0x4C,0xC8,0xC4,0x0C,0x00,0xC8,0x7F,0x80,0xC0,0x0C,0x4F,0xFC,

/* 晨 */
0x01,0x02,0x18,0x3F,0x83,0xF8,0x61,0xC7,0xF8,0x7F,0x87,0xFE,0xD5,0x89,0x30,0xBF,0xC3,0x0C,

/* 忱 */
0x42,0x04,0x20,0x6F,0xCF,0xAC,0xDA,0x8C,0x70,0x47,0x04,0x70,0x45,0x04,0x92,0x59,0xE6,0x1C,

/* 沉 */
0x00,0x05,0xFC,0x70,0x8B,0x10,0xEF,0x04,0xD0,0x4D,0x0C,0xD0,0xC9,0x2C,0x92,0xF1,0xE0,0x00,

/* 陈 */
0x03,0x0F,0x24,0xBF,0xEA,0x40,0xCF,0x0A,0xB4,0xBB,0x0F,0xF8,0xEB,0xC9,0xB4,0xB7,0x48,0x20,

/* 趁 */
0x23,0x02,0x70,0xFC,0xC2,0x96,0x7B,0x0E,0xD8,0xE3,0x0B,0xEC,0xA1,0x8E,0x60,0x3F,0xC0,0x38,

/* 衬 */
0x40,0x86,0x08,0x70,0x8B,0xFE,0x20,0x87,0x48,0xF6,0x87,0x28,0x70,0x86,0x08,0x63,0x84,0x10,

/* 撑 */
0x42,0x04,0xE8,0x6F,0xEF,0xDC,0x5D,0x86,0x78,0xCF,0xCC,0xA8,0x4B,0x45,0xFE,0xC2,0x0C,0x60,

/* 称 */
0x12,0x0F,0xE0,0x27,0xC7,0x64,0xFB,0x86,0x70,0x77,0x8A,0xF4,0x2B,0x63,0xB6,0x27,0x02,0x20,

/* 城 */
0x43,0x04,0x38,0x43,0xE7,0xB0,0x59,0x05,0xF4,0x5D,0xC7,0x58,0xD5,0x89,0xDA,0x26,0xE4,0x06,

/* 橙 */
0x40,0x05,0xF8,0x5D,0x4F,0xD8,0x6F,0xCF,0x0E,0xEF,0x84,0x88,0x4F,0x84,0xD0,0x47,0x45,0x00,

/* 成 */
0x05,0x00,0x58,0x45,0xC4,0x60,0x44,0x87,0xE8,0x4B,0x84,0xB0,0x5B,0x0F,0x32,0x9C,0xE0,0x06,

/* 呈 */
0x01,0x03,0xF8,0x21,0x02,0x10,0x3F,0x02,0x08,0xFF,0x80,0xC0,0x7F,0x80,0xC0,0x0C,0xC8,0x80,

/* 乘 */
0x03,0x07,0xC0,0x0C,0xC3,0xF4,0xFF,0xC3,0xF4,0x7F,0xC9,0xFC,0x3F,0x06,0xDC,0x8C,0x40,0x80,

/* 程 */
0x30,0x8E,0xCC,0x6C,0xCF,0xFC,0x6C,0x86,0xFC,0xF3,0x0E,0x3C,0x6F,0xC6,0x20,0x6F,0xC2,0x00,

/* 惩 */
0x20,0x07,0xFC,0xA2,0x06,0xBC,0xCB,0x0C,0xA0,0x7F,0xC6,0xC0,0x74,0xCF,0x56,0xBF,0x81,0xF0,

/* 澄 */
0x00,0x07,0xFC,0x55,0x4B,0xD8,0xEF,0xC7,0x8E,0x7F,0x8C,0x88,0xCF,0x8C,0xD0,0xC7,0x4D,0xFC,

/* 诚 */
0x03,0x06,0x3C,0x63,0x41,0xFC,0xD9,0x05,0xFC,0x55,0x85,0x58,0x75,0x87,0xFA,0xD6,0x62,0x02,

/* 承 */
0x01,0x00,0x38,0x0C,0x02,0x8C,0x3F,0x86,0xD0,0x7F,0x04,0xB8,0xFE,0xC8,0x86,0x18,0x00,0x80,

/* 逞 */
0x00,0x04,0xF8,0x68,0x80,0xF8,0x08,0x8F,0xFC,0x42,0x84,0xF8,0x42,0x47,0xFC,0xFF,0xE8,0xFC,

/* 骋 */
0x03,0x0F,0xFC,0xBF,0x4E,0xFC,0xAF,0x4A,0xFC,0xF8,0x61,0xFC,0xF7,0xC3,0x0C,0xF0,0x86,0x18,

/* 秤 */
0x10,0x4F,0xFC,0x63,0x07,0x7C,0x67,0x87,0x78,0xFF,0xEE,0x30,0x63,0x06,0x30,0x63,0x06,0x30,

/* 吃 */
0x06,0x0A,0x40,0xFF,0xCA,0x80,0xB0,0x0B,0xF8,0xA3,0x0E,0x60,0xA4,0x08,0x84,0x0F,0xE0,0x7C,

/* 痴 */
0x04,0x06,0x64,0x78,0x0F,0x80,0xFF,0xE6,0xD4,0xEF,0x46,0xD4,0x49,0x44,0xDC,0x93,0x46,0x10,

/* 持 */
0x42,0x06,0x20,0x7F,0xCF,0x20,0x63,0x67,0x18,0xE1,0xCF,0xD8,0x6D,0x86,0x58,0xC3,0x04,0x10,

/* 匙 */
0x02,0x07,0xA0,0x5A,0xC7,0xAC,0x7B,0x04,0xA0,0xFE,0x0E,0xA4,0xFB,0xCE,0x18,0xBF,0xE0,0xFC,

/* 池 */
0x02,0x04,0x20,0x7A,0x83,0xBC,0xFE,0x8F,0xA8,0x5A,0x85,0xB8,0xDA,0xC5,0xA4,0x58,0xE4,0xF8,

/* 迟 */
0x00,0x04,0xF8,0x68,0x80,0x88,0x0F,0x8E,0x88,0x4B,0x04,0x98,0x50,0xC6,0x04,0xBF,0xE0,0x7C,

/* 弛 */
0x02,0x0F,0x20,0x2A,0x02,0xBC,0xFE,0xC9,0xAC,0xAA,0xCA,0xB8,0x2A,0xA2,0xA2,0xEF,0xEC,0x7C,

/* 驰 */
0x01,0x0F,0x30,0xB7,0x4F,0x7C,0xAF,0x4B,0xF4,0xFF,0x41,0xFC,0xF7,0x21,0x42,0x77,0xE6,0x38,

/* 耻 */
0x09,0x0F,0x90,0x51,0x07,0x50,0x55,0x47,0x5C,0x55,0x05,0xD0,0xF5,0x09,0x50,0x1F,0xE1,0x00,

/* 齿 */
0x04,0x06,0xC8,0x6F,0x86,0xC4,0xFF,0xE4,0xC8,0x4C,0x84,0xC8,0x53,0x86,0x38,0x60,0x84,0x08,

/* 侈 */
0x22,0x02,0x6C,0x6D,0xC5,0xD8,0xE7,0x0C,0xE0,0x76,0x44,0xFC,0x5E,0x85,0x38,0x46,0x07,0x80,

/* 尺 */
0x00,0x07,0xF8,0x21,0x82,0x18,0x3F,0x86,0x98,0x64,0x06,0x40,0x46,0x04,0x30,0x81,0xC8,0x00,

/* 赤 */
0x0C,0x00,0xC8,0x7F,0x80,0xC0,0xFF,0xE1,0xA0,0x7B,0x05,0xAC,0xD2,0x49,0x24,0x6E,0x0C,0x60,

/* 翅 */
0x40,0x04,0xFC,0xFA,0x46,0xF4,0x46,0x4F,0x6C,0xBF,0x46,0xA4,0x66,0x47,0x6C,0x9F,0xE0,0x7C,

/* 斥 */
0x01,0x07,0xF0,0x60,0x06,0x04,0x7F,0xE6,0x20,0x6E,0x04,0x78,0x42,0xC4,0x20,0x82,0x00,0x20,

/* 炽 */
0x20,0x06,0xFC,0x7C,0xCF,0xCC,0xEC,0xCE,0xCC,0x6F,0xC6,0x40,0x76,0x85,0xCC,0x98,0x41,0x04,

/* 充 */
0x08,0x00,0xC4,0xFF,0xC1,0x80,0x33,0x07,0xF8,0x7E,0x81,0x60,0x16,0x43,0x64,0x66,0xC8,0x3C,

/* 冲 */
0x02,0x08,0x20,0xD2,0x07,0xFC,0x3A,0x45,0xA4,0x5F,0xCD,0xA4,0xC2,0x0C,0x20,0xC2,0x00,0x20,

/* 虫 */
0x04,0x00,0xC0,0x4C,0x87,0xF8,0x6C,0x86,0xC8,0x6C,0x86,0xC8,0x0D,0x00,0xD8,0xFF,0xCC,0x04,

/* 崇 */
0x04,0x06,0xC8,0x7F,0x80,0xC8,0xFF,0xC8,0x1C,0xBF,0x0F,0xFC,0x2E,0x06,0xD8,0xDC,0xC0,0x80,

/* 宠 */
0x0C,0x04,0xC4,0xDC,0xC9,0xA8,0x12,0x4F,0xFC,0x15,0x01,0x78,0x36,0x02,0xC4,0x74,0x48,0x7C,

/* 抽 */
0x63,0x06,0x30,0x73,0x4F,0xFE,0x6B,0x47,0xB4,0xEF,0xCE,0xB4,0x6B,0x46,0xB4,0xEF,0xC4,0x84,

/* 酬 */
0x00,0x0F,0xF4,0x67,0x4F,0xF4,0xFF,0xCF,0xFC,0xDF,0xC9,0xD4,0xFD,0x49,0xD4,0xFD,0x48,0x84,

/* 畴 */
0x03,0x09,0x34,0xFF,0xCF,0x2C,0xF7,0xCF,0xFE,0xF4,0x8F,0x7C,0xFE,0x89,0x28,0x22,0x80,0x18,

/* 踌 */
0x03,0x0F,0x24,0x9F,0xC9,0x2C,0xFF,0xCF,0xFE,0xF4,0x8E,0xFE,0xE4,0x8F,0x28,0xC3,0x80,0x18,

/* 稠 */
0x30,0x0E,0xFE,0x6B,0x4F,0xFC,0x6B,0x47,0xFC,0xFF,0xCE,0xFC,0x6F,0xC6,0xE4,0x71,0xC2,0x0C,

/* 愁 */
0x13,0x07,0x30,0x27,0xCF,0xF8,0x7F,0x0F,0xE8,0xAC,0xC3,0x84,0x7D,0x8F,0x5C,0xB3,0x41,0xF0,

/* 筹 */
0x23,0x07,0xFC,0x75,0x09,0x98,0xFF,0xC7,0xF8,0x18,0x4B,0x1C,0x3F,0xC4,0x90,0x89,0x00,0x30,

/* 仇 */
0x24,0x06,0x40,0x44,0x04,0xF8,0xD5,0x0C,0x50,0x45,0x04,0xD0,0x49,0x04,0x94,0x51,0xE6,0x0C,

/* 绸 */
0x40,0x04,0xFC,0xFB,0x4B,0xFC,0xEA,0x44,0xFC,0xDF,0x4D,0xD4,0x37,0x4D,0x54,0x21,0xC4,0x0C,

/* 瞅 */
0x01,0x8F,0xD8,0xA9,0x8A,0xFE,0xFF,0x8A,0xB8,0xBD,0x8B,0xF8,0xB9,0x8E,0xBC,0xAE,0x60,0xC4,

/* 丑 */
0x00,0x07,0xF8,0x09,0x80,0x98,0x19,0x81,0x90,0x7F,0x01,0x10,0x11,0x01,0x10,0xFF,0xE0,0x00,

/* 臭 */
0x08,0x07,0xF8,0x61,0x86,0x18,0x7F,0x86,0x18,0x7F,0x80,0xB4,0xFF,0xC1,0xA0,0x31,0xCC,0x0C,

/* 初 */
0x60,0x02,0x04,0xFF,0xC3,0x24,0x3A,0x47,0xA4,0xF6,0x47,0xE4,0x64,0x46,0xCC,0x7B,0xC6,0x08,

/* 出 */
0x0C,0x04,0xC8,0x4C,0x84,0xC8,0x4C,0x87,0xF8,0x0C,0x0C,0xCC,0xCC,0xCC,0xCC,0xFF,0xCC,0x0C,

/* 橱 */
0x40,0x05,0xFC,0x71,0xCF,0xFC,0xDF,0xEF,0xEC,0xDF,0xC5,0xBC,0x5B,0xC5,0xEC,0x7F,0xC4,0x08,

/* 厨 */
0x00,0x47,0xFC,0x44,0x87,0xC8,0x7C,0xE6,0x48,0xFE,0x8E,0xB8,0xBC,0x89,0xC8,0x7B,0x80,0x18,

/* 躇 */
0x04,0x8F,0xFE,0x97,0x8F,0x30,0xEF,0xC2,0x3E,0xF3,0x0A,0x7C,0xBC,0x8F,0x78,0xC4,0x80,0x48,

/* 锄 */
0x40,0x85,0xE8,0xFA,0xC8,0xBE,0xFE,0xC4,0xAC,0xFF,0xC5,0xBC,0x5B,0x47,0xF4,0x57,0xC0,0x00,

/* 雏 */
0x67,0x04,0x58,0xFF,0xEA,0xD8,0xBD,0x4F,0x7C,0x15,0x0F,0x7C,0x15,0x81,0x50,0xB7,0xE1,0x40,

/* 滁 */
0x01,0x07,0xD8,0x7A,0x83,0xAE,0xFF,0xCF,0x94,0x7F,0xCF,0xF0,0xBF,0xCB,0x54,0xFD,0x4B,0x30,

/* 除 */
0x02,0x0F,0x70,0xA5,0x0A,0x8E,0xDF,0xCA,0x20,0xBF,0xCE,0xA0,0xAB,0x89,0xAC,0xAE,0x48,0x60,

/* 楚 */
0x23,0x03,0xBC,0xF7,0x07,0xF8,0xEF,0x4B,0xB0,0xFF,0xC2,0xD0,0x6F,0x87,0xC0,0x9F,0xC0,0x3C,

/* 础 */
0x01,0x0F,0x94,0x6D,0x64,0xD6,0x4D,0x6F,0xFC,0xF1,0x0F,0xD6,0xFD,0x6F,0xD6,0xCF,0xE0,0x84,

/* 储 */
0x22,0x06,0x24,0x57,0xC5,0x28,0xDF,0xEF,0x30,0x57,0xC5,0xCC,0x57,0xC5,0xCC,0x77,0xC4,0x48,

/* 矗 */
0x08,0x0F,0xFC,0x3F,0x03,0xF0,0x3F,0x0F,0xFC,0xFF,0xCF,0x78,0xF6,0x8F,0x78,0xFE,0x8C,0xFC,

/* 搐 */
0x42,0x04,0x24,0x76,0x8E,0xD8,0x5F,0x07,0xFC,0xDE,0xCD,0xFC,0x5A,0xC5,0xFC,0xDF,0xC5,0x8C,

/* 触 */
0x21,0x07,0x10,0x51,0x0F,0xFC,0xED,0x4F,0xD4,0xED,0x4F,0xFC,0xA9,0x0A,0x94,0xBF,0xE1,0xC2,

/* 处 */
0x23,0x02,0x30,0x6B,0x07,0xB0,0x4B,0xC5,0xB4,0xB3,0x43,0x30,0x33,0x03,0xA0,0xCF,0xE0,0x0C,

/* 揣 */
0x42,0x04,0xAC,0x6A,0xCF,0xFC,0x40,0x47,0x60,0xDF,0xCD,0xD4,0x5D,0x45,0xD4,0xDD,0xCD,0x8C,

/* 川 */
0x00,0x86,0x48,0x64,0x86,0x48,0x64,0x86,0x48,0x64,0x86,0x48,0x44,0x84,0x48,0x80,0x80,0x08,

/* 穿 */
0x08,0x04,0xC4,0xDE,0xCF,0x30,0x61,0x83,0x20,0x62,0x47,0xFE,0x0A,0x01,0x20,0x66,0x08,0x60,

/* 椽 */
0x44,0x04,0x78,0x5C,0x8F,0xF8,0x7F,0xEF,0x6C,0xDF,0x8C,0xF0,0x5F,0x86,0xFC,0x7B,0x44,0x60,

/* 传 */
0x22,0x02,0x20,0x7F,0xC4,0x60,0xE4,0x4F,0xFC,0x4C,0x84,0xFC,0x41,0x84,0xF0,0x43,0x04,0x18,

/* 船 */
0x20,0x07,0x78,0xDE,0x8F,0x68,0xF4,0xCD,0xCE,0xFC,0xCF,0x6C,0xF4,0xC9,0x4C,0xB7,0xC1,0x48,

/* 喘 */
0x02,0x0A,0xAC,0xEA,0xCA,0xFC,0xA0,0x4B,0x60,0xBF,0xCF,0xF4,0xBD,0x49,0xD4,0x1D,0x41,0x8C,

/* 串 */
0x0C,0x00,0xC8,0x7F,0x84,0xC8,0x7F,0x84,0xC8,0xFF,0xC8,0xC8,0xFF,0x88,0xC8,0x0C,0x00,0x80,

/* 疮 */
0x04,0x06,0x6C,0x66,0x0E,0x60,0xE9,0x07,0x9C,0xFF,0x84,0x90,0x4B,0x04,0xB4,0x8D,0xC0,0xF8,

/* 窗 */
0x0C,0x07,0xFC,0xB3,0xCF,0x98,0xC8,0xC7,0xF8,0x5F,0x85,0xA8,0x6E,0x85,0xE8,0x7F,0x84,0x08,

/* 幢 */
0x42,0x05,0xFE,0xF5,0x8F,0x76,0xFF,0xCF,0xFC,0xFF,0xCF,0xBC,0xEB,0xC4,0xFC,0x43,0x64,0x00,

/* 床 */
0x0C,0x04,0x44,0x7F,0xC4,0x40,0x44,0xC6,0xE0,0x4E,0x05,0xD0,0xD5,0x8A,0x4E,0xC4,0x00,0x40,

/* 闯 */
0x40,0x02,0xFC,0xE2,0x4B,0xE4,0x96,0x49,0x44,0xBF,0xC8,0x14,0xFF,0x48,0x74,0x83,0xC8,0x08,

/* 创 */
0x20,0x43,0x0C,0x6C,0xC4,0x7C,0xFB,0xCC,0xBC,0x5B,0xC7,0xBC,0x50,0xC4,0x4C,0x7D,0xC0,0x08,

/* 吹 */
0x06,0x0A,0x40,0xF4,0x4A,0xEC,0xBA,0x8B,0x20,0xA7,0x0E,0x70,0xA5,0x00,0x88,0x18,0xC2,0x04,

/* 炊 */
0x22,0x02,0x60,0x34,0x47,0xCC,0xEA,0x8E,0xB0,0xE3,0x06,0x30,0x67,0x05,0x48,0x98,0xC3,0x04,

/* 捶 */
0x40,0x84,0xF8,0x62,0x0F,0xFE,0x4A,0x86,0xAE,0xDF,0xCC,0xA8,0x7F,0xC4,0x20,0xC2,0x4C,0x00,

/* 锤 */
0x40,0x8C,0xF8,0xF2,0x09,0xFE,0xFE,0x84,0xEC,0x5F,0xEF,0xE8,0x4F,0xC5,0x30,0x62,0x44,0xFC,

/* 垂 */
0x01,0x07,0xF8,0x0C,0x0F,0xFC,0x2D,0x03,0xF4,0x3F,0x02,0xD0,0xFF,0xC0,0xC0,0x0C,0xC0,0x00,

/* 春 */
0x0C,0x07,0xFC,0x09,0x07,0xF8,0x10,0x4F,0xFC,0x23,0x07,0xFC,0xA3,0xE3,0x30,0x3F,0x02,0x30,

/* 椿 */
0x42,0x04,0x64,0x7E,0xCF,0xFC,0x44,0x4F,0xFC,0xFC,0x85,0xFE,0x7D,0x84,0xD8,0x4F,0x84,0xC8,

/* 醇 */
0x03,0x0F,0xB6,0x64,0xCF,0x7C,0xF6,0xCF,0x4C,0xF7,0xC9,0x18,0xFF,0xE9,0x10,0xF3,0x08,0x30,

/* 唇 */
0x00,0x87,0xF8,0x7F,0x84,0x04,0x7F,0xCF,0x70,0xFB,0x8E,0x0C,0xBF,0x8A,0x18,0x3F,0x82,0x00,

/* 淳 */
0x06,0x07,0x24,0x78,0x8A,0xF8,0xE8,0x86,0x88,0x5F,0xCC,0x30,0xFF,0xEC,0x20,0xCE,0x04,0x60,

/* 纯 */
0x02,0x06,0x20,0x4F,0xCB,0x20,0xEA,0xCE,0xAC,0x4A,0xCF,0xFC,0x8A,0x87,0x24,0xC2,0x60,0x3C,

/* 蠢 */
0x08,0x0F,0xF8,0x7F,0x8F,0xFC,0x7F,0xCB,0xFC,0x3F,0x03,0x7C,0xFD,0xCF,0xFC,0x7B,0xCC,0xE4,

/* 戳 */
0x03,0x0F,0xF8,0xFF,0xCF,0xF4,0xB7,0x05,0x1C,0xFD,0x8F,0xD8,0x51,0x87,0xDC,0x7E,0xC4,0x46,

/* 绰 */
0x42,0x04,0x3C,0x52,0x0B,0xFC,0xE8,0xC4,0xFC,0xC8,0xCE,0xFC,0x03,0x6F,0x30,0x82,0x00,0x20,

/* 疵 */
0x04,0x06,0x66,0x6D,0x0E,0xD0,0xFD,0x07,0xD6,0xFF,0x8D,0xD0,0x5D,0x05,0xF2,0xB9,0x62,0x1C,

/* 茨 */
0x12,0x0F,0xFC,0x13,0x01,0x60,0x6C,0x43,0xFC,0x36,0x87,0x60,0xC5,0x0C,0xD8,0x58,0xE6,0x04,

/* 磁 */
0x00,0x83,0x58,0x77,0x44,0xD8,0x4D,0x8F,0xF4,0xFF,0xCF,0xD8,0xEC,0x8E,0xD4,0xFF,0xC0,0x04,

/* 雌 */
0x53,0x05,0x78,0x57,0xCD,0x50,0xFD,0xCD,0xFC,0xD5,0x0D,0x7C,0xFD,0x0D,0x50,0x07,0xE0,0x40,

/* 辞 */
0x02,0x07,0x34,0xEF,0xC2,0x48,0xFF,0x82,0xFE,0xF3,0x0D,0x34,0x9F,0xCF,0x30,0xD3,0x08,0x30,

/* 慈 */
0x13,0x01,0x24,0xFF,0xC6,0xA8,0x5F,0x8F,0x70,0x7A,0x8F,0xFC,0x0C,0x87,0x5C,0xB7,0x41,0xE0,

/* 瓷 */
0x0C,0x05,0xFC,0x3E,0x8F,0x70,0x49,0xCF,0x0C,0xFF,0xE3,0xF0,0x3B,0x02,0xE4,0x7E,0x44,0x3C,

/* 词 */
0x40,0x47,0xFC,0x20,0x41,0xF4,0xE0,0x44,0xF4,0x4B,0x44,0xB4,0x4F,0x46,0x84,0x61,0xC0,0x08,

/* 此 */
0x02,0x03,0x20,0x12,0x0D,0x20,0xD2,0xCD,0xF0,0xD2,0x0D,0x20,0xD2,0x4F,0xE4,0xE3,0xE0,0x18,

/* 刺 */
0x10,0x41,0x74,0xFF,0x43,0x54,0x7D,0x45,0x54,0x7D,0x47,0x94,0x7D,0x4D,0x44,0x11,0xC1,0x0C,

/* 赐 */
0x00,0x0F,0x4C,0xF7,0xCF,0x4C,0xF7,0xCF,0x60,0xF7,0xED,0xBC,0xE7,0x47,0xA4,0x9D,0xC1,0x08,

/* 次 */
0x04,0x08,0x40,0x5C,0x46,0xFC,0x36,0x87,0x60,0x66,0x0C,0x50,0xC5,0x0C,0xD8,0xD8,0xE6,0x04,

/* 聪 */
0x04,0x8F,0xE8,0xF7,0xCF,0x7C,0xF4,0xCF,0xFC,0xF6,0x0F,0x74,0xFF,0x6B,0xCE,0x37,0x83,0x30,

/* 葱 */
0x12,0x0F,0xFE,0x32,0x07,0xF8,0x5E,0x8B,0xC8,0x6E,0x81,0xB8,0xE9,0x07,0x5C,0xB7,0x49,0xF0,

/* 囱 */
0x08,0x04,0x8C,0xFF,0xCC,0x8C,0xDF,0xCD,0x2C,0xFE,0xCC,0xEC,0xCE,0xCF,0x0C,0xFF,0xCC,0x0C,

/* 匆 */
0x30,0x03,0x00,0x3F,0xC6,0xA4,0x5A,0x4B,0xA4,0x1E,0x42,0x6C,0x4F,0xC9,0x8C,0x33,0x88,0x18,

/* 从 */
0x22,0x02,0x20,0x22,0x02,0x20,0x23,0x02,0x30,0x77,0x05,0xD0,0x4D,0x88,0x8C,0xB0,0xC4,0x00,

/* 丛 */
0x22,0x03,0x30,0x23,0x02,0x30,0x33,0x03,0xB0,0x6F,0x84,0xC8,0xCC,0xC9,0x84,0x20,0x48,0x00,

/* 凑 */
0x04,0x08,0x48,0xDF,0x87,0xF8,0x6C,0xC7,0xB0,0x51,0x8F,0xFE,0xFF,0xC8,0xE0,0x8B,0x83,0x08,

/* 粗 */
0x20,0x0F,0xFC,0xF4,0x8E,0x48,0xFF,0x86,0x48,0xF4,0x8F,0x78,0xE4,0x86,0x48,0x7F,0xE6,0x00,

/* 醋 */
0x02,0x8F,0xA8,0x6F,0xEF,0xA8,0xFA,0xEF,0xFC,0xFF,0xC9,0xCC,0xFF,0xC9,0xCC,0xFF,0xC8,0x4C,

/* 簇 */
0x42,0x07,0xFC,0xB5,0x87,0xE8,0x7F,0xCF,0xE0,0x7F,0xC5,0x70,0x5F,0xED,0x38,0xB4,0xC3,0x84,

/* 促 */
0x20,0x06,0xF8,0x48,0x84,0x88,0xDF,0x8C,0xA0,0x5A,0x05,0xBC,0x5A,0x05,0xE0,0x77,0xC6,0x1C,

/* 蹿 */
0x02,0x0F,0xFE,0x9C,0x49,0xFC,0xFF,0xC6,0xFC,0xFF,0xCE,0xB4,0xEF,0xCF,0xFC,0xCB,0x00,0x30,

/* 篡 */
0x22,0x07,0xFC,0xF5,0x0B,0xF0,0x3F,0x03,0xF0,0x3F,0x0F,0xFE,0x3B,0x07,0x9C,0xBF,0x43,0x10,

/* 窜 */
0x0C,0x0F,0xFC,0x92,0xCF,0xD8,0xFF,0x86,0xD8,0x7F,0x84,0xC8,0x4C,0xC7,0xF8,0x4C,0x80,0xC0,

/* 摧 */
0x42,0x04,0xA4,0x6A,0xCF,0xFC,0x45,0x06,0xFE,0xDB,0x4F,0xFC,0x6F,0xC4,0xB0,0xCF,0xE4,0x80,

/* 崔 */
0x0C,0x04,0xC8,0x7F,0x86,0x48,0x24,0xC7,0xFC,0xE7,0x8E,0x48,0x7F,0xC6,0x40,0x7F,0xC6,0x00,

/* 催 */
0x22,0x07,0xAC,0x5A,0xC5,0xF8,0xCB,0x4D,0xFC,0x5B,0xC7,0xFC,0x5F,0xC5,0xB4,0x5F,0xE5,0x80,

/* 脆 */
0x04,0x0F,0x78,0xAD,0x8B,0xFE,0xFC,0x0A,0xF8,0xEE,0x8E,0xA8,0xAB,0x8B,0xA4,0xB2,0x67,0x3C,

/* 瘁 */
0x04,0x06,0x6C,0x66,0x0F,0x6C,0xED,0x86,0x98,0xF6,0xCF,0x24,0x7F,0xE4,0x20,0x82,0x00,0x20,

/* 粹 */
0x02,0x06,0x34,0xFF,0xCE,0x48,0x7D,0x8E,0xB4,0x72,0x4F,0x36,0xEF,0xE6,0x30,0x63,0x06,0x20,

/* 淬 */
0x02,0x04,0x24,0x5F,0xC2,0xD8,0xAD,0x8F,0x7C,0x52,0x44,0x24,0xFF,0xCC,0x20,0xC2,0x04,0x20,

/* 翠 */
0x08,0x85,0xA8,0x6A,0x8F,0xF8,0xCC,0xCF,0xFC,0x33,0x07,0xD8,0xCC,0xE8,0xC0,0x0C,0x00,0xC0,

/* 村 */
0x20,0x86,0x18,0x21,0x8F,0xFE,0x61,0x87,0x58,0xF7,0x8E,0x78,0x21,0x86,0x18,0x63,0x82,0x10,

/* 存 */
0x08,0x00,0x84,0xFF,0xC1,0x00,0x3F,0xC6,0x10,0xE3,0x0B,0xFE,0x23,0x02,0x30,0x27,0x02,0x20,

/* 寸 */
0x02,0x00,0x20,0x02,0x0F,0xFE,0x22,0x03,0x20,0x12,0x01,0x20,0x02,0x00,0x20,0x0E,0x00,0x60,

/* 磋 */
0x04,0x8F,0x78,0x6F,0xC4,0x20,0x6F,0xCF,0x64,0xFF,0xEF,0x40,0xFF,0xCF,0xB0,0xD3,0x42,0x80,

/* 撮 */
0x48,0x84,0x88,0x6F,0x8F,0xF8,0x58,0xC7,0x64,0xDF,0xC5,0xD8,0x55,0x85,0xF8,0xF6,0xE8,0x40,

/* 搓 */
0x68,0x84,0x5C,0x7F,0xC6,0x28,0x7F,0x86,0x44,0xDF,0xCC,0xC8,0x4F,0x85,0x20,0xF3,0x44,0x00,

/* 措 */
0x64,0x06,0x58,0x7F,0xCF,0x58,0x75,0xE6,0xFC,0xCF,0xCC,0x8C,0x4F,0xC4,0x8C,0xCF,0xCC,0x8C,

/* 挫 */
0x42,0x06,0xA8,0x6E,0xCF,0xA8,0x6B,0xC7,0xF4,0xF7,0x0E,0x24,0x6F,0xC6,0x20,0xE2,0x45,0x00,

/* 错 */
0x44,0x84,0x78,0x7F,0xC8,0x58,0xF7,0xE4,0xFC,0xFF,0xC6,0xCC,0x47,0xC7,0x4C,0x67,0xC4,0x4C,

/* 搭 */
0x6D,0x04,0xD4,0x5D,0x8F,0xF0,0x47,0x07,0x9C,0xFF,0xCE,0x08,0x4F,0x84,0x88,0xCF,0x84,0x88,

/* 达 */
0x02,0x0C,0x60,0x66,0x03,0xFC,0x06,0x0E,0x60,0x67,0x04,0x48,0x48,0xC7,0x00,0xFF,0xE8,0xFC,

/* 答 */
0x62,0x06,0xA4,0x77,0x8B,0xD8,0x1E,0x03,0x30,0x7F,0xE8,0x04,0x3F,0x02,0x10,0x3F,0x02,0x10,

/* 瘩 */
0x04,0x07,0xFC,0x69,0x0F,0xFE,0xE9,0x06,0xF0,0xC9,0x8D,0xFE,0x69,0x84,0x98,0x89,0x81,0x98,

/* 打 */
0x20,0x06,0x04,0x7F,0xCF,0x10,0x61,0x07,0x10,0xE1,0x0E,0x10,0x61,0x06,0x10,0xE7,0x04,0x30,

/* 大 */
0x0C,0x00,0xC0,0x08,0x00,0x84,0xFF,0xC0,0xC0,0x0C,0x01,0xA0,0x13,0x02,0x18,0x40,0xC8,0x00,

/* 呆 */
0x01,0x03,0xF8,0x21,0x02,0x10,0x7F,0x00,0xC4,0xFF,0xC1,0xE0,0x3F,0x06,0xDC,0xCC,0xC0,0xC0,

/* 歹 */
0x00,0x0F,0xFC,0x18,0x01,0x08,0x3F,0x83,0x10,0x53,0x09,0xA0,0x0E,0x00,0xC0,0x30,0x0C,0x00,

/* 傣 */
0x26,0x06,0x6C,0x56,0x85,0xF8,0xCC,0x4F,0xFC,0x5F,0x85,0xFE,0x6E,0x05,0xF8,0x76,0xC4,0x40,

/* 戴 */
0x13,0x07,0xE8,0x73,0x4F,0xF0,0x7F,0x87,0xF8,0x7D,0x8F,0xD8,0x7D,0x0F,0xF8,0x6E,0xE8,0x06,

/* 带 */
0x29,0x02,0x94,0xFF,0xC2,0x90,0xFF,0xC8,0xCC,0xFF,0x86,0xD8,0x69,0x06,0xF0,0x4D,0x00,0x80,

/* 殆 */
0x01,0x0F,0xB0,0x62,0x84,0x4C,0x7F,0xCD,0xC4,0xF4,0x86,0x7C,0x24,0xC4,0x4C,0x87,0xC0,0x4C,

/* 代 */
0x04,0x03,0x78,0x26,0x86,0x64,0x67,0xCF,0x60,0xE2,0x06,0x20,0x63,0x06,0x10,0x61,0xE6,0x06,

/* 贷 */
0x25,0x02,0x5C,0x7F,0xCE,0x20,0x63,0xE6,0x1E,0x29,0x82,0xD0,0x29,0x02,0xF0,0x33,0x8C,0x0C,

/* 袋 */
0x34,0x02,0x58,0x67,0xCF,0xE0,0x23,0x42,0xDC,0x2C,0x41,0xD8,0x37,0x87,0x30,0x3D,0xC3,0x0C,

/* 待 */
0x22,0x06,0x20,0xCF,0xC2,0x20,0x62,0x4D,0x18,0xC1,0x45,0xFC,0x4D,0x04,0x50,0x47,0x04,0x30,

/* 逮 */
0x02,0x04,0x68,0x4E,0x85,0xFE,0x02,0x8F,0xF8,0x4B,0x84,0xF0,0x7F,0x84,0xEC,0xF4,0xE9,0xFC,

/* 怠 */
0x0C,0x01,0x90,0x31,0x87,0xFC,0x3F,0x82,0x10,0x21,0x02,0xD0,0x3C,0x8B,0x5C,0xB3,0x41,0xE0,

/* 耽 */
0x03,0x0F,0xB0,0xDB,0x4D,0xF4,0xFA,0x0D,0x30,0xF3,0x0D,0x30,0xFF,0x0F,0x50,0x1D,0xE1,0x8C,

/* 担 */
0x40,0x06,0xFC,0x6C,0xCF,0xCC,0x6C,0xC7,0xFC,0xEC,0xCE,0xCC,0x6F,0xC6,0x88,0x60,0x6D,0x00,

/* 丹 */
0x00,0x03,0xF8,0x29,0x02,0xD0,0x2D,0x0F,0xFE,0x21,0x02,0x10,0x61,0x04,0x10,0x87,0x00,0x10,

/* 单 */
0x33,0x01,0x20,0x7F,0x84,0xC8,0x7F,0x84,0xC8,0x7F,0x84,0xC8,0xFF,0xE0,0xC0,0x0C,0x00,0xC0,

/* 郸 */
0x48,0x06,0xBE,0xFF,0x4F,0x78,0xFF,0x8F,0x78,0xFF,0x4F,0x76,0xFF,0xE3,0x3C,0x33,0x03,0x30,

/* 掸 */
0x40,0x86,0x58,0x7F,0xCF,0xBC,0x6B,0xC7,0xAC,0xEF,0xCE,0xA4,0x7F,0xE6,0x20,0xC2,0x04,0x20,

/* 胆 */
0x90,0x0F,0x7C,0x94,0xCF,0x4C,0xD7,0xC9,0x4C,0xF4,0xC9,0x4C,0x94,0xC9,0x00,0xFF,0xE2,0x00,

/* 旦 */
0x00,0x03,0xF8,0x21,0x82,0x18,0x3F,0x82,0x18,0x21,0x82,0x18,0x21,0x00,0x00,0xFF,0xE0,0x00,

/* 氮 */
0x20,0x03,0xFC,0x7F,0x8C,0x00,0xBF,0x83,0xF8,0x7D,0x83,0xF8,0xDE,0xA5,0xCA,0x76,0xEE,0x26,

/* 但 */
0x20,0x06,0xFC,0x48,0x84,0x88,0xCF,0x8C,0x88,0x48,0x84,0x88,0x48,0x84,0x00,0x7F,0xE4,0x00,

/* 惮 */
0x40,0x84,0x58,0x6F,0xCF,0xAC,0xFF,0xCC,0xAC,0x4F,0xC4,0xA4,0x7F,0xE4,0x20,0x42,0x04,0x20,

/* 淡 */
0x02,0x06,0x2C,0x2B,0x0B,0xE0,0xE5,0xC6,0xE4,0x76,0xC5,0xF8,0xD5,0x04,0xD8,0xC8,0xE7,0x04,

/* 诞 */
0x00,0x47,0xBC,0x49,0x81,0x98,0xD3,0xC5,0xF8,0x4B,0x85,0xB8,0x7B,0xE7,0xC0,0x67,0xE4,0x0C,

/* 弹 */
0x04,0x8E,0x58,0x2F,0xCA,0xAC,0xEF,0xC8,0xAC,0xEF,0xC2,0xA4,0x3F,0xE2,0x20,0xE2,0x04,0x20,

/* 蛋 */
0x00,0x0F,0xFC,0x6C,0x86,0xF8,0x5C,0x08,0xFC,0x4D,0x06,0xD8,0x7F,0x84,0xD8,0xFF,0xCC,0x04,

/* 当 */
0x0C,0x04,0xC8,0x6D,0x82,0xD0,0x2E,0x0F,0xFC,0x00,0x87,0xF8,0x00,0x80,0x08,0xFF,0xC0,0x08,

/* 挡 */
0x63,0x06,0x24,0x7E,0xCF,0xE8,0x67,0x47,0xFC,0xE0,0x4E,0xFC,0x60,0x46,0x04,0xFF,0xC4,0x04,

/* 党 */
0x0C,0x02,0xD0,0x3E,0x4F,0xFC,0xA1,0x83,0xF0,0x21,0x03,0xF0,0x3C,0x41,0x44,0x37,0xCC,0x38,

/* 荡 */
0x12,0x01,0x34,0xB3,0x05,0x28,0x7B,0x88,0x60,0xEF,0xC6,0xF4,0x4B,0xCD,0x6C,0x4F,0x87,0x18,

/* 档 */
0x42,0x06,0x24,0x6A,0xCF,0xE8,0x63,0x47,0xFC,0xF0,0x4E,0xFC,0x60,0xC6,0x04,0x7F,0xC4,0x04,

/* 刀 */
0x00,0x07,0xFC,0x08,0xC0,0x8C,0x08,0xC0,0x8C,0x18,0xC1,0x08,0x10,0x82,0x08,0x43,0x80,0x00,

/* 捣 */
0x62,0x06,0xFC,0x7E,0x8F,0xA8,0x6B,0x87,0x98,0xEF,0xEF,0x54,0x75,0x47,0xF4,0xC1,0xC4,0x08,

/* 蹈 */
0x01,0xCF,0xF0,0x91,0x49,0x5C,0xF4,0x8A,0xFC,0xFC,0x4A,0xFC,0xAC,0x4F,0xC4,0xCF,0xC0,0x84,

/* 倒 */
0x00,0x47,0xE4,0x49,0x45,0x54,0xFF,0x4D,0x94,0x49,0x47,0xF4,0x49,0x44,0xE4,0x70,0xC4,0x0C,

/* 岛 */
0x18,0x07,0xF0,0x61,0x07,0x90,0x6F,0x06,0x20,0x7F,0xCD,0x2C,0x92,0x8D,0x28,0xC6,0x80,0x18,

/* 祷 */
0x42,0x06,0x24,0x7F,0xCF,0x6C,0x66,0x47,0xFE,0xFC,0x84,0xFE,0x54,0x86,0x68,0x63,0x84,0x18,

/* 导 */
0x01,0x06,0x18,0x61,0x86,0x1C,0x60,0x43,0xFC,0x03,0x0F,0xFE,0x13,0x01,0x30,0x07,0x00,0x20,

/* 到 */
0x00,0x4F,0xCC,0x33,0xC6,0xBC,0xFF,0xCF,0x7C,0x33,0xCF,0xFC,0x33,0xC3,0xCC,0xE1,0xC0,0x08,

/* 稻 */
0x10,0xCF,0x7C,0x2B,0x63,0xDC,0xF6,0x86,0xFC,0x7C,0x4F,0xFC,0xAC,0x42,0xC4,0x2F,0xC2,0x84,

/* 悼 */
0x42,0x04,0x24,0x42,0x07,0xFC,0xF8,0xCC,0xFC,0x48,0xC4,0xF8,0x62,0x64,0x20,0x42,0x04,0x20,

/* 道 */
0x09,0x84,0xD4,0x7F,0xE0,0x68,0x0F,0x8E,0xF8,0x48,0x84,0xF8,0x48,0x84,0x98,0xFF,0xE8,0xFC,

/* 盗 */
0x04,0x0D,0xC4,0x7F,0xC3,0x68,0xD7,0x04,0x98,0x58,0xE7,0xFC,0x7F,0x87,0xF8,0x7F,0xE8,0x00,

/* 德 */
0x22,0x07,0xFE,0x96,0x03,0xFC,0x7D,0xCD,0xFC,0xD0,0x47,0xFC,0x5E,0xC5,0xEE,0x7D,0x84,0x70,

/* 得 */
0x20,0x86,0xF8,0xCF,0x8A,0x88,0x6F,0x86,0x8C,0xD1,0xC7,0xFE,0x69,0x84,0xD0,0x47,0x04,0x10,

/* 的 */
0x22,0x06,0x20,0xD7,0xCF,0xC4,0x94,0x49,0xE4,0xFA,0x49,0x2C,0x90,0xC9,0x0C,0xD3,0x80,0x18,

/* 蹬 */
0x00,0x0F,0xFC,0xBD,0x4B,0xD8,0xEF,0xCD,0x86,0xFF,0x8E,0xC8,0xCF,0x8F,0x50,0xC5,0x41,0xFC,

/* 灯 */
0x60,0x06,0xFE,0x71,0x0F,0x10,0xE1,0x0C,0x10,0x41,0x06,0x10,0x71,0x09,0x10,0x87,0x00,0x30,

/* 登 */
0x00,0x0F,0xD0,0x16,0x85,0x30,0x7F,0x06,0x1C,0xBF,0x42,0x30,0x3F,0x03,0x20,0x14,0xCF,0xF8,

/* 等 */
0x22,0x07,0xFC,0x75,0x09,0xD0,0x7F,0x80,0xC4,0xFF,0xC0,0x3C,0xFF,0xC1,0xB0,0x07,0x00,0x20,

/* 瞪 */
0x00,0x0F,0xFC,0xBD,0x4A,0xD8,0xEF,0xCB,0x8E,0xEF,0x8A,0x88,0xAF,0x8E,0x58,0xA5,0x41,0x00,

/* 凳 */
0x09,0x87,0xBC,0x73,0x83,0xF8,0x7F,0xEB,0xF0,0x33,0x0F,0xFC,0x1E,0x01,0x64,0x33,0xCC,0x18,

/* 邓 */
0x02,0x4F,0xEC,0x0A,0xC5,0xA8,0x72,0x83,0x2C,0x32,0x47,0xA6,0x4A,0xC8,0x2C,0x02,0x00,0x20,

/* 堤 */
0x40,0x84,0xD8,0x4F,0x87,0x88,0xEF,0x84,0x8C,0x5F,0xC7,0xA0,0xEB,0xC9,0xE0,0x37,0xE6,0x1C,

/* 低 */
0x20,0x03,0xFC,0x7B,0x05,0xB0,0xDB,0x4D,0xFC,0x5B,0x05,0x90,0x59,0x05,0xD8,0x5E,0xC4,0x24,

/* 滴 */
0x06,0x05,0x6C,0x4D,0x8A,0xD0,0xFF,0xC5,0x6C,0x5F,0xC5,0xF4,0xDD,0x4D,0xF4,0xD1,0xC1,0x08,

/* 迪 */
0x02,0x04,0x20,0x7E,0xC1,0xAC,0x12,0xCF,0xFC,0x5A,0xC5,0x2C,0x5F,0xC7,0x8C,0xFF,0xE0,0xFC,

/* 敌 */
0x03,0x0F,0xB0,0x22,0x42,0xFE,0xFE,0x82,0x68,0xFA,0x8D,0x98,0xD9,0x0D,0xB8,0xDC,0xE0,0x84,

/* 笛 */
0x22,0x06,0xA4,0x7F,0xCB,0x90,0x2D,0x07,0xF8,0x4C,0x84,0xC8,0x7F,0x84,0xC8,0x7F,0x84,0x08,

/* 狄 */
0x02,0x0F,0x20,0x62,0x06,0xAC,0xAB,0x83,0xB0,0x7B,0x0B,0x70,0x25,0x02,0x58,0xE8,0xC7,0x04,

/* 涤 */
0x04,0x06,0xF8,0x3D,0x89,0x70,0xF3,0x02,0xDE,0x72,0xCD,0xFC,0xCA,0x0D,0xAC,0xFE,0x40,0x60,

/* 翟 */
0x18,0xC6,0xAC,0x3B,0xC7,0xFC,0xFC,0xC3,0x64,0x66,0x8F,0xF8,0x26,0x82,0x64,0x3F,0xC2,0x00,

/* 嫡 */
0x42,0x04,0x34,0x45,0x8F,0x70,0xFF,0xCF,0xA4,0xAF,0xCA,0xFC,0x6D,0x47,0xF4,0x9D,0xC0,0x8C,

/* 抵 */
0x40,0x06,0xF8,0x7B,0x0F,0xB0,0x6B,0x47,0xFC,0xE9,0x0E,0x90,0x6B,0x06,0xCC,0xCE,0xC4,0xB4,

/* 底 */
0x0C,0x04,0x44,0x61,0x85,0x78,0x56,0x05,0x24,0x5F,0xC5,0x20,0x57,0x0D,0xD4,0x9E,0xC1,0x24,

/* 地 */
0x02,0x06,0x20,0x4A,0x04,0xBC,0xFB,0xC5,0xEC,0x7A,0xC4,0xAC,0x5B,0x8E,0xA0,0x8C,0x60,0xFC,

/* 蒂 */
0x12,0x0F,0xFC,0x1E,0x07,0xF8,0x33,0x0D,0xF4,0x8C,0xCB,0xF8,0x2D,0x82,0xD8,0x2F,0x00,0xC0,

/* 第 */
0x22,0x07,0xFC,0x55,0x09,0x98,0x7F,0x86,0xC8,0x6C,0x87,0xFC,0x1C,0x43,0x4C,0xC4,0x80,0xC0,

/* 帝 */
0x08,0x0F,0xFC,0x23,0x03,0x20,0xFF,0xC8,0xCC,0xFF,0x84,0x90,0x49,0x04,0xD0,0x4B,0x00,0x80,

/* 弟 */
0x11,0x01,0xB0,0x7F,0xC0,0x48,0x7F,0x86,0x48,0x6C,0x45,0xC4,0x1C,0x43,0x5C,0x44,0x80,0x40,

/* 递 */
0x09,0x0C,0xD0,0x5F,0xC0,0x28,0x1F,0x8F,0x20,0x5F,0xC4,0xE4,0x5B,0xCE,0x28,0xBF,0xE0,0xFC,

/* 缔 */
0x02,0x06,0x3C,0x5D,0x8B,0x50,0xFF,0xE5,0x24,0xDF,0x8E,0xA8,0x0A,0x8E,0xB8,0x8A,0x80,0x20,

/* 颠 */
0x20,0x0B,0xFE,0xA1,0x0F,0xFC,0xFA,0x4D,0xBC,0xFB,0x4F,0xF4,0xFF,0x45,0x38,0xCA,0xC8,0xC4,

/* 掂 */
0x42,0x04,0x34,0x6F,0xCF,0xB0,0x4B,0x47,0xBC,0xEB,0x0C,0xFC,0x4C,0xC5,0x4C,0xF7,0xC6,0x48,

/* 滇 */
0x02,0x07,0xFC,0x66,0x0B,0xF8,0xFF,0x85,0x88,0x5F,0x85,0xF8,0xD8,0xEC,0xF8,0xDD,0xC6,0x0C,

/* 碘 */
0x05,0x0F,0x50,0x4F,0xCC,0xDC,0xFD,0xCA,0xFC,0xAD,0xCA,0xDC,0xBF,0xEE,0xD8,0x98,0xC3,0x04,

/* 点 */
0x08,0x00,0x88,0x0F,0xC0,0x80,0x3F,0x82,0x18,0x21,0x83,0xF8,0x20,0x05,0x68,0xDA,0x48,0x04,

/* 典 */
0x16,0x01,0xE0,0x7F,0x85,0xE8,0x5E,0x87,0xF8,0x5E,0x85,0xEC,0xFF,0xE3,0x30,0x61,0x8C,0x0C,

/* 靛 */
0x23,0x07,0x14,0xF7,0xEF,0xCC,0xFF,0xCF,0x10,0xF7,0x0F,0x5C,0xF5,0x0D,0xF0,0xFB,0x89,0x1C,

/* 垫 */
0x22,0x02,0x20,0xFF,0x82,0x68,0xEE,0x8E,0x68,0x68,0xC7,0xC4,0x0D,0x87,0xF8,0x0C,0x4F,0xFC,

/* 电 */
0x08,0x00,0x80,0xFF,0x8C,0x88,0xC9,0x8F,0xF8,0xC8,0x8F,0xF8,0xC8,0x00,0x84,0x0F,0xE0,0x78,

/* 佃 */
0x20,0x07,0x04,0x5F,0xC5,0xA4,0xDA,0x4D,0xBC,0x5A,0xC5,0xA4,0x5A,0x45,0xA4,0x5F,0xC5,0x00,

/* 甸 */
0x20,0x02,0x00,0x7F,0xC4,0x0C,0xFE,0x85,0xA8,0x7E,0x85,0xA8,0x5A,0x87,0xE8,0x41,0x80,0x30,

/* 店 */
0x0C,0x04,0x44,0x46,0x04,0x40,0x47,0xC4,0x40,0x44,0x05,0xFC,0x50,0x89,0x08,0x9F,0x81,0x08,

/* 惦 */
0x42,0x04,0x34,0x4F,0xCF,0xB0,0xDB,0x6C,0xB0,0x4B,0x04,0xFC,0x54,0xC5,0x4C,0x77,0xC6,0x48,

/* 奠 */
0x33,0x01,0x24,0xFF,0xC7,0xF8,0x57,0x87,0x78,0x61,0x87,0xF8,0x4D,0xC1,0xE0,0x33,0xCE,0x1C,

/* 淀 */
0x02,0x06,0x24,0x5F,0xEB,0x04,0xFF,0xC6,0x20,0x4A,0x04,0xBC,0xDA,0x0D,0xE0,0xD7,0xE6,0x1C,

/* 殿 */
0x02,0x0F,0xB8,0xCA,0x8F,0xAE,0xFA,0x4F,0xFC,0xFA,0x8F,0xD8,0xB9,0x8E,0xB8,0xCE,0xE8,0x04,

/* 碉 */
0x08,0x4F,0xF6,0x4B,0x44,0xFC,0xFB,0xCF,0xC4,0xFF,0xCF,0xFC,0xFF,0xCD,0x74,0x31,0xC0,0x0C,

/* 叼 */
0x00,0x4F,0xFC,0xB0,0x49,0x1C,0x91,0x49,0x24,0x94,0x4F,0xC4,0x88,0xC0,0x0C,0x03,0xC0,0x18,

/* 雕 */
0x03,0x0F,0xA8,0xAA,0xEF,0xF8,0xAF,0x8F,0xFC,0xFB,0x8F,0xBC,0xFB,0x8F,0xB8,0x3F,0xE1,0x60,

/* 凋 */
0x10,0x0D,0xFC,0xF2,0x47,0xFC,0x52,0xC5,0xFC,0xDF,0xCD,0xD4,0xDF,0x4E,0xD4,0x61,0xC0,0x0C,

/* 刁 */
0x00,0x07,0xFC,0x00,0xC0,0x1C,0x06,0xC0,0xC8,0x30,0x86,0x08,0x40,0x80,0x08,0x07,0x80,0x10,

/* 掉 */
0x42,0x04,0x3C,0x62,0x0F,0xFC,0x48,0xC6,0xFC,0xE8,0xC4,0xFC,0x7F,0xE4,0x20,0xC2,0x04,0x20,

/* 吊 */
0x01,0x02,0x18,0x21,0x06,0x10,0x6D,0x00,0xC8,0x7F,0xC4,0xC8,0x4C,0x84,0xC8,0x4D,0x80,0xC0,

/* 钓 */
0x63,0x06,0x20,0x7B,0xCC,0x64,0xFC,0x46,0xA4,0x7B,0x46,0x14,0x60,0x47,0x04,0x63,0xC4,0x18,

/* 调 */
0x00,0x05,0xFC,0x5A,0x41,0xFC,0xDA,0x45,0xFC,0x5F,0x45,0xD4,0x77,0x4D,0x54,0x31,0xC4,0x0C,

/* 跌 */
0x03,0x0F,0x70,0x97,0x4B,0xFC,0xFB,0x0E,0xB4,0xFF,0xCE,0x30,0xE3,0x8F,0x48,0xC8,0xE3,0x04,

/* 爹 */
0x12,0x03,0x38,0x6E,0x09,0xF8,0xF9,0xC3,0xF0,0x7E,0x01,0xC0,0xFF,0x83,0xB0,0x4C,0x0F,0x00,

/* 碟 */
0x02,0x8F,0xE8,0x5F,0xE4,0xA8,0xEB,0x8F,0xEC,0xEF,0x4F,0xFE,0xE7,0x0E,0xF8,0xDA,0xE2,0x20,

/* 蝶 */
0x42,0x84,0xE8,0x5F,0xEF,0xA8,0xFB,0x8F,0xEC,0xFF,0x47,0xFC,0x77,0x0D,0xA8,0x12,0xE0,0x20,

/* 迭 */
0x02,0x04,0xA0,0x6A,0x80,0xF8,0x12,0x0F,0xFC,0x62,0x04,0x70,0x44,0xC7,0x84,0xF1,0xE8,0xFC,

/* 谍 */
0x02,0x86,0xA8,0x7F,0xE0,0xA8,0xEB,0x84,0xAC,0x4A,0x45,0xFE,0x6F,0x06,0xA8,0x72,0xE0,0x20,

/* 叠 */
0x01,0x03,0xF0,0x1F,0x0F,0xFC,0x77,0x8D,0xEC,0xFF,0xEB,0xF8,0x3F,0x03,0xF0,0x21,0x40,0x00,

/* 丁 */
0x00,0x0F,0xFC,0x0C,0x00,0xC0,0x0C,0x00,0xC0,0x0C,0x00,0xC0,0x0C,0x00,0xC0,0x1C,0x00,0x80,

/* 盯 */
0x00,0x4F,0xFE,0x91,0x0B,0x10,0xB1,0x09,0x10,0xF1,0x0B,0x10,0x91,0x0F,0x10,0x87,0x00,0x30,

/* 叮 */
0x00,0x4F,0xFE,0xB1,0x0B,0x10,0xB1,0x0B,0x10,0xB1,0x0F,0x10,0x81,0x00,0x10,0x07,0x00,0x30,

/* 钉 */
0x40,0x05,0xFE,0xF1,0x08,0x10,0xF1,0x04,0x10,0x71,0x04,0x10,0x41,0x07,0x10,0x63,0x04,0x30,

/* 顶 */
0x00,0x4F,0xB0,0x62,0x06,0xFC,0x6F,0xC6,0xFC,0x6F,0xC6,0xEC,0x6E,0xC6,0x78,0xCC,0xC3,0x04,

/* 鼎 */
0x13,0x03,0x30,0x3F,0x07,0xFC,0x73,0xC7,0x3C,0xFB,0xC1,0xA4,0xFB,0xC5,0xA4,0xDA,0x49,0x20,

/* 锭 */
0x42,0x04,0x34,0x7F,0xC8,0x88,0xFF,0xC4,0x30,0xF7,0x04,0xFC,0x4B,0x07,0xF0,0x77,0xC2,0x1C,

/* 定 */
0x0C,0x04,0xC4,0x7F,0xCC,0x08,0xC0,0xC0,0xC0,0x2C,0x02,0xF8,0x6C,0x07,0xC0,0xDF,0xE8,0x7C,

/* 订 */
0x00,0x06,0x0C,0x41,0x00,0x10,0xC1,0x04,0x10,0x41,0x04,0x10,0x51,0x06,0x10,0xE7,0x04,0x30,

/* 丢 */
0x01,0x81,0xF8,0x4C,0x00,0xD8,0x7F,0x80,0xC0,0xFF,0xE0,0x80,0x1A,0x02,0x18,0x7F,0x84,0x08,

/* 东 */
0x08,0x01,0x84,0xFF,0xC3,0x00,0x24,0x06,0x48,0x7F,0x83,0x50,0x65,0x84,0x4C,0x9C,0x40,0xC0,

/* 冬 */
0x18,0x01,0x10,0x3F,0x87,0x30,0x4E,0x08,0xE0,0x33,0xCC,0xDC,0x04,0x03,0x00,0x0E,0x00,0x60,

/* 董 */
0x00,0x03,0x34,0x12,0x03,0xF0,0xFC,0xC7,0xF8,0x6D,0x87,0xF0,0x7F,0x06,0xD8,0x0C,0x4F,0xFC,

/* 懂 */
0x41,0x05,0xFC,0x4D,0x8E,0xF8,0xFF,0xCD,0xF8,0x56,0x85,0xF8,0x5F,0x85,0xF8,0x42,0x45,0xFC,

/* 动 */
0x03,0x09,0xB0,0x03,0x00,0xFE,0xFA,0x42,0x24,0x72,0x45,0xA4,0xFE,0x4C,0xC4,0x09,0xC3,0x08,

/* 栋 */
0x62,0x06,0x20,0x7F,0xEF,0x40,0x67,0x07,0xB4,0xFF,0xCE,0x78,0x6F,0xC7,0xB4,0x77,0x64,0x20,

/* 侗 */
0x20,0x07,0xFC,0x50,0x45,0xFC,0xD0,0x4D,0x74,0x55,0x45,0x54,0x57,0x45,0x44,0x51,0xC5,0x0C,

/* 恫 */
0x40,0x05,0xFC,0x58,0x4F,0xFC,0xF8,0x4D,0xF4,0x5D,0x45,0xD4,0x5F,0x45,0xC4,0x59,0xC5,0x0C,

/* 冻 */
0x02,0x0C,0x64,0x7F,0xC6,0xC0,0x2B,0x05,0xA4,0xDF,0xCC,0xF8,0xDA,0xCD,0x24,0xA6,0x40,0x60,

/* 洞 */
0x50,0x45,0xFC,0x10,0x4B,0xFC,0xF0,0x45,0x74,0x55,0x4D,0x54,0xD5,0x4D,0x04,0xD1,0xC1,0x00,

/* 兜 */
0x04,0x07,0xCC,0xDF,0xCD,0x6C,0xDE,0xCF,0x2C,0xDF,0xC1,0x60,0x14,0x03,0x44,0x66,0xCC,0x3C,

/* 抖 */
0x61,0x06,0x58,0x77,0x8F,0xF8,0x69,0x87,0x58,0xE5,0xCE,0x1C,0x7D,0x86,0x18,0xE1,0x84,0x10,

/* 斗 */
0x02,0x03,0x20,0x12,0x01,0x20,0x62,0x03,0x20,0x12,0x60,0xF8,0xE2,0x00,0x20,0x02,0x00,0x20,

/* 陡 */
0x02,0x0F,0x20,0xBF,0xCA,0x20,0xDF,0xCA,0x20,0xAA,0x0A,0xBC,0xEA,0x09,0xE0,0xB7,0xCC,0x0C,

/* 豆 */
0x00,0x0F,0xFC,0x00,0x03,0xF8,0x21,0x82,0x18,0x3F,0x82,0x10,0x33,0x01,0x20,0xFF,0xE0,0x00,

/* 逗 */
0x00,0x45,0xFC,0x60,0x80,0xF8,0x08,0x8E,0xF8,0x49,0x84,0x50,0x45,0x47,0xFC,0xBF,0xE0,0xFC,

/* 痘 */
0x04,0x00,0x64,0x7F,0xCF,0xFC,0xF0,0x87,0xFC,0xF8,0x8F,0xF8,0x49,0x84,0xD0,0x8D,0x47,0xFC,

/* 都 */
0x20,0x02,0x7C,0xFF,0x42,0xB8,0xFF,0x83,0x38,0x7F,0x44,0xB6,0xFB,0x64,0xBC,0x7B,0x04,0x30,

/* 督 */
0x20,0x03,0xFC,0x2E,0x87,0x38,0xFB,0x8A,0xEC,0x3D,0x82,0x18,0x3F,0x83,0xF8,0x7F,0x86,0x10,

/* 毒 */
0x0C,0x0F,0xFC,0x0D,0x87,0xF0,0xFF,0xC2,0x18,0x2D,0x86,0x5E,0x6D,0x86,0xDC,0x67,0x00,0x30,

/* 犊 */
0x22,0x0E,0x2C,0xEF,0x8F,0x24,0xAF,0xC3,0x78,0x69,0x0E,0x54,0x3F,0xC2,0x30,0x26,0xC3,0x84,

/* 独 */
0x00,0x0B,0x30,0x63,0x46,0xFC,0xAB,0x46,0xB4,0x6F,0x4E,0xFC,0xA3,0x02,0x34,0xFF,0xE6,0x86,

/* 读 */
0x02,0x04,0x68,0x6F,0x80,0x64,0xDF,0xE4,0x50,0x4D,0x04,0xF4,0x5F,0xE7,0x70,0x6D,0xC5,0x84,

/* 堵 */
0x42,0x04,0x64,0x4F,0xC7,0x38,0xFF,0xE4,0x20,0x4F,0xC7,0xC8,0xFF,0x8A,0xC8,0x0F,0x80,0xC8,

/* 睹 */
0x02,0x0F,0x24,0xBF,0xCA,0x38,0xFF,0xEA,0x20,0xEF,0xCF,0xC8,0xBF,0x8E,0xC8,0x8F,0x80,0xC8,

/* 赌 */
0x02,0x0F,0x24,0x9F,0xCF,0x28,0xFF,0xEF,0x30,0xF7,0xCD,0xCC,0xFF,0xC5,0x4C,0xD7,0xC8,0x4C,

/* 杜 */
0x63,0x06,0x30,0x73,0x0F,0xB0,0x6F,0xC7,0x30,0xFB,0x0E,0x30,0x63,0x06,0x30,0x7F,0xE6,0x00,

/* 镀 */
0x42,0x0C,0xFC,0xFE,0x88,0xEC,0xFF,0xC4,0xF8,0xF8,0x85,0xFC,0x5B,0x87,0x30,0xF7,0xE2,0x84,

/* 肚 */
0x01,0x0F,0x30,0x93,0x09,0x30,0xFB,0xC9,0x30,0xF3,0x0F,0x30,0x93,0x09,0x30,0xBF,0xE2,0x00,

/* 度 */
0x04,0x04,0x6C,0x5F,0x04,0x94,0x7F,0xC4,0xF0,0x49,0x07,0xF8,0x4B,0x0C,0x60,0x8F,0xC7,0x1C,

/* 渡 */
0x02,0x05,0x34,0x7F,0x8B,0x4C,0xFF,0xC7,0x78,0x54,0x85,0xF8,0xD3,0x8F,0x30,0xE7,0xE5,0x84,

/* 妒 */
0x61,0x06,0x18,0x77,0xEF,0xC4,0x54,0x45,0x44,0xD7,0xCF,0x40,0x34,0x07,0xC0,0xD8,0x01,0x00,

/* 端 */
0x03,0x04,0xF4,0x5B,0x4F,0xFC,0xB0,0x6A,0xB0,0xEF,0xCE,0xF4,0x7B,0x4C,0xB4,0x0F,0xC0,0x8C,

/* 短 */
0x40,0x04,0xFC,0x50,0x0F,0x7C,0xA4,0xC3,0xCC,0xFF,0xC6,0x48,0x74,0x85,0xF8,0x81,0x40,0xFC,

/* 锻 */
0x46,0x0F,0xDC,0xF9,0x88,0xFE,0xFA,0x64,0xFC,0xFF,0xC4,0x98,0x7D,0x87,0x98,0xCB,0xE0,0xC4,

/* 段 */
0x18,0x07,0xF8,0x44,0x87,0xCE,0x44,0xC5,0xC8,0x74,0x84,0x38,0xF3,0x0C,0x38,0x4C,0xE7,0x00,

/* 断 */
0x10,0xCD,0x38,0xFE,0x0B,0xA0,0xFF,0xEB,0x28,0xBA,0x8D,0x68,0xD2,0x89,0xE8,0xFC,0x80,0x88,

/* 缎 */
0x04,0x07,0xFC,0x5B,0x8B,0xE8,0xFA,0xE5,0xC0,0x5F,0xCF,0x98,0x1D,0x8F,0x98,0x9B,0xE1,0xC4,

/* 堆 */
0x45,0x04,0xD0,0x4D,0x6F,0xB0,0x59,0x45,0xFC,0x69,0x07,0xFC,0xC9,0x08,0x94,0x0F,0xE0,0x80,

/* 兑 */
0x23,0x01,0x30,0x17,0x07,0xF8,0x61,0x86,0x18,0x7F,0x85,0x60,0x16,0x03,0x64,0x67,0xE8,0x00,

/* 队 */
0x02,0x0F,0x60,0xA6,0x0A,0x60,0xE6,0x0A,0x70,0x95,0x0F,0x50,0xAD,0x88,0x8C,0xB0,0xE8,0x00,

/* 对 */
0x00,0x80,0x08,0xF8,0x89,0xFE,0x50,0x83,0x48,0x36,0x83,0x68,0x58,0x89,0x88,0x03,0x80,0x10,

/* 墩 */
0x48,0x84,0xB8,0x5F,0x05,0xFE,0xF7,0xC5,0xFC,0x5F,0x84,0xD8,0xFC,0x8B,0x98,0x1A,0x60,0xC4,

/* 吨 */
0x02,0x00,0x20,0xFF,0xEA,0x20,0xAA,0xCA,0xAC,0xAA,0xCA,0xFC,0xEA,0x8A,0x22,0x02,0x60,0x3E,

/* 蹲 */
0x04,0x8F,0x7C,0xBF,0xCA,0xFC,0xED,0xCC,0xDC,0xF8,0xCE,0xFC,0xDF,0xEF,0x48,0xC6,0x80,0x18,

/* 敦 */
0x23,0x02,0xE0,0xDA,0x4F,0xBC,0xFE,0x8D,0xE8,0xFB,0x83,0x30,0xF1,0x02,0x38,0x64,0xE3,0x80,

/* 顿 */
0x20,0x06,0xFE,0xF9,0x46,0x7C,0xFD,0x4F,0xD4,0xFD,0x4F,0x74,0x67,0x47,0xB8,0x76,0x40,0x84,

/* 囤 */
0x00,0x4C,0xCC,0xC9,0xCF,0xFC,0xEB,0xCE,0xBC,0xFF,0xCC,0x9C,0xCF,0xCC,0x7C,0xFF,0xC8,0x04,

/* 钝 */
0x61,0x06,0x30,0x7F,0xEC,0x30,0xFF,0x44,0xF4,0x7F,0x46,0xFC,0x43,0x07,0x32,0x63,0x64,0x1C,

/* 盾 */
0x01,0x87,0xF0,0x46,0x47,0xFE,0x46,0x05,0xF8,0x50,0x85,0xF8,0x5F,0x85,0x08,0x9F,0x81,0x08,

/* 遁 */
0x00,0x85,0xF8,0x53,0x41,0xFC,0x17,0x8D,0x48,0x57,0x85,0x78,0x54,0x86,0x78,0xF5,0xC1,0xFC,

/* 掇 */
0x40,0x05,0xFC,0x4D,0x8F,0xD8,0x4D,0xC7,0x64,0xDF,0xCD,0xD8,0x4D,0x85,0xD8,0xF7,0xE4,0x44,

/* 哆 */
0x02,0x0A,0x64,0xFC,0xCB,0xF8,0xB3,0x0A,0x70,0xBB,0x4E,0x7C,0xAC,0xC9,0x78,0x07,0x03,0xC0,

/* 多 */
0x08,0x01,0x88,0x31,0x87,0xB0,0x8E,0x01,0xC0,0xEF,0xC1,0x8C,0x39,0x80,0xF0,0x1C,0x0F,0x00,

/* 夺 */
0x08,0x00,0x8C,0xFF,0xC1,0x20,0x33,0xC6,0x3E,0x82,0x4B,0x30,0x32,0x01,0x20,0x0E,0x00,0x60,

/* 垛 */
0x41,0x04,0x58,0x45,0x07,0xD0,0xF9,0xC5,0x20,0x5F,0xC7,0x70,0xCB,0x89,0xAC,0x22,0x60,0x20,

/* 躲 */
0x20,0x0F,0x78,0xD6,0x8F,0x48,0xD4,0xCF,0xB4,0xDF,0xEF,0x30,0x77,0x8D,0x7C,0xBB,0x63,0x30,

/* 朵 */
0x16,0x01,0x20,0x12,0x03,0x34,0x23,0xCC,0xC0,0xFF,0xC1,0xE0,0x3F,0x06,0xDC,0xCC,0xC0,0x80,

/* 跺 */
0x00,0x8F,0x78,0xD4,0x8D,0x48,0xFC,0xEF,0xB0,0xFF,0xEE,0x70,0xE7,0x8F,0xAE,0xD3,0x60,0x20,

/* 舵 */
0x23,0x07,0x14,0x7F,0xE7,0xC4,0x7E,0x0F,0x2C,0xF3,0x8F,0x30,0xF2,0x09,0x20,0xB3,0xE1,0x3C,

/* 剁 */
0x00,0x47,0x84,0x69,0x46,0xD4,0x5F,0x49,0x54,0xFD,0x43,0x14,0x7D,0x4D,0x44,0x91,0xC1,0x0C,

/* 惰 */
0x46,0x04,0x6C,0x4C,0x86,0xF8,0xDF,0xCD,0x88,0x4F,0xC4,0xFC,0x48,0xC4,0xFC,0x49,0xC4,0x88,

/* 堕 */
0x02,0x0F,0xFC,0xE4,0x8E,0xFC,0xFF,0x8D,0x48,0xF7,0x8C,0x58,0x8C,0x87,0xF8,0x0C,0x4F,0xFE,

/* 蛾 */
0x41,0x04,0x7C,0xFD,0x4F,0x54,0xFF,0xCF,0x54,0xF7,0xCF,0xD8,0x55,0x8F,0x6A,0x9C,0xE0,0x82,

/* 峨 */
0x41,0x04,0x78,0x4D,0x4F,0x54,0xFF,0xEF,0x54,0xF7,0xCF,0xD8,0xFD,0x8D,0x7A,0x0C,0xE0,0xC6,

/* 鹅 */
0x11,0x07,0xBC,0xDA,0xC5,0xFC,0xFF,0xC7,0xF8,0xDE,0xCD,0x3E,0x77,0xC5,0xC4,0xCD,0xC0,0x48,

/* 俄 */
0x23,0x06,0xF8,0x7B,0xC4,0xB4,0xFF,0xCC,0xBC,0x4F,0x87,0x98,0x49,0x04,0xFA,0x5C,0xC4,0x86,

/* 额 */
0x20,0x4F,0xFC,0xED,0x07,0x7C,0xD5,0x4F,0x5C,0x7D,0x4F,0xF4,0xD7,0x45,0x38,0x76,0xC5,0xC4,

/* 讹 */
0x05,0x04,0xD0,0x69,0x40,0x9C,0xF9,0x85,0x90,0x6B,0x04,0xD0,0x59,0x06,0x94,0x69,0xE4,0x88,

/* 娥 */
0x41,0x04,0xF8,0x45,0x4F,0x54,0x7F,0xEE,0x54,0xE7,0xCB,0xD8,0xE5,0x87,0x6A,0xD4,0xC0,0xC6,

/* 恶 */
0x00,0x07,0xFC,0x5E,0x87,0xF8,0x3F,0x01,0xE4,0xFF,0xC2,0xC8,0xB4,0xCB,0x54,0xBF,0x00,0xE0,

/* 厄 */
0x00,0x07,0xFC,0x40,0x05,0xF8,0x59,0x85,0x90,0x59,0x05,0xF0,0x5A,0x4D,0x84,0x9F,0xC0,0x78,

/* 扼 */
0x60,0x04,0xFE,0x78,0x0E,0xFC,0x4E,0xC7,0xA8,0xEA,0x8C,0xB8,0x4A,0x85,0x20,0xF3,0xE6,0x3C,

/* 遏 */
0x00,0x8D,0xF8,0x5F,0x81,0x88,0x1C,0x8E,0xFC,0x7E,0x45,0xDC,0x59,0xC5,0xFC,0xF0,0xE9,0xFC,

/* 鄂 */
0x00,0x0F,0xFE,0xB5,0x4F,0xD8,0x91,0x8F,0xD8,0xFF,0x46,0x16,0x7D,0x60,0x9C,0x3B,0x03,0x30,

/* 饿 */
0x41,0x0C,0xF8,0xFD,0xCB,0xD4,0xBF,0xE4,0xD4,0x4F,0xC7,0xD8,0x5D,0x86,0xEA,0xDC,0xE0,0x86,

/* 恩 */
0x00,0x07,0xF8,0x4D,0x87,0xF8,0x4E,0x85,0x38,0x7F,0x84,0x88,0x34,0x8A,0x54,0xB3,0x41,0xF0,

/* 而 */
0x00,0x4F,0xFE,0x08,0x07,0xF8,0x5E,0xC5,0x68,0x56,0x85,0x68,0x56,0x85,0x68,0x51,0x80,0x00,

/* 儿 */
0x00,0x03,0x60,0x32,0x03,0x20,0x32,0x03,0x20,0x32,0x03,0x20,0x22,0x46,0x24,0xC3,0xC0,0x00,

/* 耳 */
0x00,0x4F,0xFC,0x23,0x03,0xF0,0x23,0x03,0x30,0x33,0x02,0x34,0xFF,0xC0,0x30,0x03,0x00,0x00,

/* 尔 */
0x10,0x03,0x00,0x3F,0xC6,0x4C,0x44,0x09,0x40,0x35,0x02,0x58,0x64,0xCC,0x44,0x9C,0x00,0x80,

/* 饵 */
0x40,0x05,0xFC,0xFC,0x8A,0xC8,0xCF,0x84,0xC8,0x4F,0x85,0xC8,0x6D,0xE7,0xC8,0xC0,0x84,0x08,

/* 洱 */
0x40,0x47,0xFC,0x29,0x8A,0xF8,0xE9,0x84,0xF8,0x49,0x8C,0x9E,0xFF,0xCC,0x18,0xC1,0x80,0x18,

/* 二 */
0x00,0x00,0x00,0x01,0x80,0x00,0x00,0x00,0x00,0x00,0x00,0x00,0x00,0x0F,0xFC,0x00,0x00,0x00,

/* 贰 */
0x03,0x80,0x2C,0xFF,0xC7,0xA0,0x8E,0x0C,0xA0,0x7E,0x07,0xB0,0x69,0x0E,0x94,0x68,0xC8,0x44,

/* 发 */
0x0C,0x06,0xD8,0x48,0x8D,0x8C,0x7F,0xC1,0x10,0x3F,0x82,0xB0,0x66,0x0C,0x60,0x99,0xC6,0x04,

/* 罚 */
0x40,0xC5,0xEC,0x5A,0xC7,0xFC,0x60,0x82,0x4C,0x24,0xCE,0x4C,0x64,0xC7,0x4C,0x61,0x82,0x18,

/* 筏 */
0x22,0x06,0xE4,0x77,0x89,0x98,0x37,0x02,0x54,0x67,0xCF,0xD8,0xE7,0x06,0x32,0x6F,0xC7,0x8E,

/* 伐 */
0x24,0x02,0x58,0x64,0x84,0x44,0xFF,0x8C,0x4C,0x46,0x84,0x30,0x43,0x04,0x74,0x58,0xC4,0x04,

/* 乏 */
0x00,0x01,0xF8,0xF8,0x00,0x80,0x09,0x07,0xF8,0x06,0x00,0xC0,0x30,0x0E,0x00,0x9F,0xC0,0x78,

/* 阀 */
0x60,0x42,0xFC,0xDE,0x4D,0xF4,0xB5,0xCF,0xE4,0xF7,0x4F,0x6C,0xB6,0xCF,0x9C,0xC0,0xC8,0x0C,

/* 法 */
0x02,0x04,0x60,0x56,0x83,0xFC,0xA6,0x0E,0x64,0x7F,0xE4,0x60,0xCD,0x0C,0x88,0xDF,0xC4,0x04,

/* 珐 */
0x02,0x0F,0x20,0x62,0xC4,0x20,0x42,0x0F,0x24,0x5F,0xE4,0x60,0x54,0x0E,0xC8,0x9F,0xC0,0x84,

/* 藩 */
0x12,0x0F,0xFC,0x53,0x87,0xF8,0x2B,0x8F,0xFC,0x4F,0x85,0xEE,0xDE,0x8D,0xF8,0xDE,0x8D,0x88,

/* 帆 */
0x40,0x04,0x78,0xF4,0x8D,0x48,0xD4,0x8D,0x78,0xD7,0x8F,0x48,0xF4,0xA4,0x8A,0x58,0xE6,0x00,

/* 番 */
0x03,0x0F,0xF0,0x2F,0x0F,0xFC,0x1E,0x02,0xDC,0xED,0xC2,0xD8,0x3F,0x02,0xD0,0x3F,0x02,0x10,

/* 翻 */
0x18,0x0F,0xFC,0x79,0x47,0xD4,0x77,0xC7,0xFC,0xAB,0xCE,0xFC,0xFD,0x4E,0x94,0xFF,0xC8,0x24,

/* 樊 */
0x40,0x85,0xC8,0xFF,0xC7,0x78,0x7F,0xCF,0xFC,0x7D,0x84,0xDC,0xFF,0xC1,0x20,0x31,0xCC,0x0C,

/* 矾 */
0x00,0x0F,0xF8,0x45,0x84,0x58,0xF5,0x8F,0x78,0xF5,0x87,0xD8,0x79,0xA7,0x9A,0x50,0xE2,0x00,

/* 钒 */
0x40,0x05,0xF8,0xF5,0x88,0x58,0xF5,0x84,0x78,0xFF,0x84,0x58,0x59,0x87,0x9C,0x78,0xE6,0x00,

/* 繁 */
0x41,0x07,0xF4,0xFB,0xC7,0xF8,0xFD,0x8F,0xEE,0x1E,0x03,0xF0,0x3F,0x82,0xE0,0x7D,0x88,0x88,

/* 凡 */
0x00,0x03,0xF0,0x22,0x02,0x20,0x32,0x02,0xA0,0x2E,0x02,0x20,0x62,0x44,0x24,0xC3,0xC0,0x00,

/* 烦 */
0x60,0x47,0xFE,0x72,0x0F,0xFC,0xEC,0xCE,0xFC,0xEF,0xC4,0xEC,0x7E,0xC5,0x78,0x8C,0xC1,0x04,

/* 反 */
0x01,0x87,0xF8,0x60,0x06,0x00,0x7F,0x84,0x90,0x4B,0x04,0xF0,0x46,0x0C,0xF0,0x99,0xE4,0x00,

/* 返 */
0x00,0x04,0xFC,0x68,0x00,0x88,0x0F,0x8E,0x98,0x4F,0x05,0xB8,0x56,0xC6,0x84,0xFF,0xE8,0xFC,

/* 范 */
0x12,0x01,0x34,0x93,0x05,0x20,0x7F,0x89,0x88,0xE8,0x86,0x88,0x4B,0x8C,0x84,0x4C,0xE4,0x7C,

/* 贩 */
0x00,0xCF,0x78,0x94,0x0F,0x44,0xF7,0xCF,0x68,0xF5,0x8F,0x58,0xE5,0x85,0xBC,0x9E,0x60,0x00,

/* 犯 */
0x10,0x0D,0x7C,0x64,0xC6,0x4C,0xB4,0xC3,0x4C,0x75,0x87,0x48,0xB4,0x23,0x46,0x67,0xE2,0x08,

/* 饭 */
0x40,0x0C,0xFC,0xF8,0x0B,0x80,0x4F,0xC4,0xE8,0x4A,0x84,0xB8,0x5B,0x07,0xB8,0xF4,0xE2,0x80,

/* 泛 */
0x00,0x06,0xFC,0x26,0x08,0x20,0xFF,0xC6,0x18,0x43,0x04,0x20,0xC4,0x05,0x80,0x67,0xE4,0x08,

/* 坊 */
0x46,0x04,0x20,0x4F,0xC7,0x60,0x64,0x04,0x7C,0x44,0x85,0xC8,0xEC,0x88,0x88,0x33,0x84,0x10,

/* 芳 */
0x12,0x0F,0xFC,0x33,0x01,0xE0,0x0C,0x4F,0xFC,0x18,0x01,0xF8,0x11,0x02,0x10,0x67,0x08,0x20,

/* 方 */
0x08,0x00,0xC0,0xFF,0xC1,0x80,0x18,0x01,0xF8,0x11,0x01,0x10,0x31,0x02,0x10,0x47,0x00,0x20,

/* 肪 */
0x02,0x0F,0x30,0x9F,0xEF,0x60,0xF6,0x09,0x7C,0xF4,0xC9,0x4C,0x94,0x89,0xC8,0x7B,0x83,0x10,

/* 房 */
0x0C,0x04,0xC8,0x60,0x84,0x08,0x7F,0x84,0x64,0x7F,0xC4,0xC8,0x4C,0x8C,0x88,0x93,0x86,0x30,

/* 防 */
0x04,0x0F,0x60,0xBF,0xCC,0x40,0xC4,0x0A,0x78,0xA4,0x8B,0xC8,0xE8,0x89,0x98,0x93,0x8E,0x30,

/* 妨 */
0x22,0x06,0x10,0x41,0x4F,0xFC,0x52,0x05,0x3C,0xD2,0xCF,0x6C,0x64,0xC7,0x48,0xDB,0x81,0x18,

/* 仿 */
0x24,0x02,0x60,0x66,0xC4,0x40,0xC4,0x0C,0x7C,0x44,0x84,0xC8,0x48,0x84,0x88,0x53,0x86,0x10,

/* 访 */
0x46,0x06,0x20,0x5F,0xC0,0x40,0xC4,0x04,0x7C,0x44,0x84,0xC8,0x58,0x87,0x88,0x73,0x86,0x10,

/* 纺 */
0x22,0x06,0x30,0x59,0x49,0xE0,0xE2,0x06,0x7C,0xC6,0xCF,0x48,0x1C,0x8E,0x88,0x13,0x82,0x10,

/* 放 */
0x62,0x02,0x20,0x2E,0x6E,0x68,0x44,0x87,0xE8,0x5B,0x85,0x30,0x53,0x0F,0x38,0xBC,0xE1,0x04,

/* 菲 */
0x12,0x0B,0x3C,0x13,0x01,0x20,0x12,0xC9,0x20,0x12,0x81,0x20,0x12,0x4F,0x3C,0x12,0x01,0x20,

/* 非 */
0x12,0x01,0x60,0x16,0xCF,0x7C,0x16,0x0F,0x7C,0x16,0x01,0x60,0xF7,0xE1,0x60,0x16,0x01,0x60,

/* 啡 */
0x05,0x0A,0x50,0xFD,0xEA,0x50,0xA5,0x0B,0xDC,0xA5,0x0E,0x54,0xBD,0xE8,0x50,0x05,0x00,0x50,

/* 飞 */
0x00,0x0F,0xE8,0x04,0xC0,0x58,0x07,0x00,0x70,0x05,0x80,0x48,0x04,0x00,0x64,0x03,0xC0,0x0C,

/* 肥 */
0x00,0x0F,0xFC,0xDD,0x4F,0xD4,0xFD,0x4D,0xFC,0xFC,0x09,0xC0,0x9C,0x49,0xC4,0x37,0xE2,0x00,

/* 匪 */
0x00,0x0F,0xFC,0xCA,0x0C,0xA8,0xFB,0x8F,0xB8,0xCA,0x0F,0xBC,0xCA,0x0C,0xA0,0xFF,0xC8,0x00,

/* 诽 */
0x85,0x06,0x50,0x7D,0xC0,0x50,0xC5,0x05,0xDC,0x45,0x06,0x54,0x7D,0xC4,0x50,0xC5,0x00,0x50,

/* 吠 */
0x06,0x08,0x78,0xF6,0x8B,0x64,0xBF,0xCB,0x60,0xB5,0x0F,0x50,0xAD,0x80,0x88,0x10,0xE2,0x04,

/* 肺 */
0x03,0x0F,0x30,0xFF,0xEF,0x30,0xFF,0xCF,0xB4,0xFB,0x4F,0xB4,0xBB,0xCB,0xBC,0xE3,0x02,0x20,

/* 废 */
0x04,0x04,0x6C,0x57,0x05,0x58,0x74,0x47,0xFC,0x4F,0x84,0xD8,0xD7,0x0B,0x30,0xCF,0xE3,0x0C,

/* 沸 */
0x0F,0x04,0xF0,0x7F,0xCA,0xFC,0xFF,0xC7,0xF0,0x7F,0x4F,0xF4,0xCB,0x4C,0xBC,0xD3,0x02,0x30,

/* 费 */
0x1A,0x07,0xF8,0x5A,0x85,0xE8,0x7F,0xE3,0x2C,0x7F,0xC2,0xD0,0x2D,0x02,0xD0,0x33,0x8E,0x08,

/* 芬 */
0x12,0x0F,0xFC,0x12,0x01,0x20,0x32,0x02,0x30,0x41,0xEB,0xF4,0x13,0x03,0x30,0x6E,0x08,0x40,

/* 酚 */
0x09,0x0F,0xB0,0xF6,0x8F,0xC8,0xFC,0xEF,0xCC,0xBA,0x89,0xA8,0xFA,0x89,0xC8,0xFD,0x81,0x10,

/* 吩 */
0x01,0x0A,0x70,0xAD,0x0A,0x98,0xA8,0xCB,0xFE,0xB5,0x8E,0x58,0xAD,0x88,0x98,0x33,0x04,0x30,

/* 氛 */
0x20,0x07,0xFC,0x61,0x88,0x18,0xFF,0x82,0x98,0x65,0x87,0xF8,0xB5,0x82,0x4A,0x7C,0xC8,0x86,

/* 分 */
0x02,0x01,0x20,0x32,0x02,0x10,0x41,0xCF,0xFE,0x19,0x01,0x10,0x13,0x02,0x30,0x6F,0x08,0x60,

/* 纷 */
0x01,0x06,0x70,0x55,0x0B,0xC8,0xE8,0xCF,0x8E,0x56,0x8F,0x48,0x84,0x8F,0xC8,0x9B,0x82,0x10,

/* 坟 */
0x42,0x06,0x20,0x42,0x45,0xFC,0xF5,0x84,0x50,0x45,0x04,0x70,0x76,0x0C,0x78,0x19,0xC6,0x04,

/* 焚 */
0x20,0x03,0x34,0xFF,0xC7,0x78,0x7F,0xCB,0xB4,0x2C,0x02,0xD8,0x6F,0x05,0xB0,0x31,0xCE,0x0C,

/* 汾 */
0x02,0x04,0xF0,0x49,0x02,0x98,0xB0,0xCF,0x1E,0x65,0x84,0x58,0xCD,0x8C,0x98,0xDB,0x06,0x10,

/* 粉 */
0x61,0x07,0x70,0xF5,0x8F,0x48,0xF8,0xC6,0x8C,0x76,0xCF,0x68,0xE4,0x86,0x48,0x6B,0x87,0x10,

/* 奋 */
0x08,0x00,0x84,0xFF,0xC1,0x20,0x21,0x86,0x1E,0xFF,0x84,0xD8,0x7F,0x84,0xD8,0x7F,0x84,0x08,

/* 份 */
0x21,0x02,0x50,0x6D,0x04,0x98,0xD8,0xCD,0x0E,0x6D,0x84,0x58,0x4D,0x84,0x98,0x5B,0x06,0x30,

/* 忿 */
0x00,0x03,0x20,0x23,0x06,0x3E,0x9B,0x41,0x30,0x3E,0x04,0x60,0x28,0x8A,0x5C,0xB1,0x43,0xF0,

/* 愤 */
0x42,0x04,0xFC,0x4F,0x8E,0xEE,0xFF,0xEC,0x88,0x4F,0xC4,0xA8,0x4A,0x84,0x78,0x4C,0xC7,0x04,

/* 粪 */
0x0D,0x02,0xD0,0xFF,0xC1,0xF0,0x2D,0xCD,0xAC,0x12,0x81,0x20,0xFF,0xC1,0xB0,0x71,0x88,0x0C,

/* 丰 */
0x0C,0x00,0xC8,0x7F,0xC0,0xC0,0x0C,0x07,0xF8,0x0C,0x00,0xC4,0xFF,0xC0,0xC0,0x0C,0x00,0xC0,

/* 封 */
0x20,0x82,0x08,0x78,0x82,0x7C,0x24,0x8F,0xE8,0x22,0x8F,0xA8,0x20,0x83,0x88,0xE3,0x80,0x18,

/* 枫 */
0x40,0x04,0xFC,0x78,0x8F,0x98,0x4F,0x8F,0xA8,0xDA,0x8C,0xF8,0x4D,0x85,0x8E,0x70,0x66,0x02,

/* 蜂 */
0x46,0x04,0x78,0xFD,0x8F,0xB0,0xD7,0xCD,0xBC,0xFF,0xCC,0x78,0x73,0x4F,0xFC,0x13,0x00,0x20,

/* 峰 */
0x44,0x04,0x78,0x4D,0x8F,0xB0,0xF7,0xCF,0xEC,0xFF,0xCF,0x28,0xFF,0x80,0xBC,0x03,0x00,0x20,

/* 锋 */
0x46,0x04,0x78,0x7D,0x88,0xB0,0xF7,0xC4,0xBC,0xFF,0xC4,0x20,0x4F,0xC7,0xFC,0x63,0x04,0x20,

/* 风 */
0x40,0x86,0x18,0x43,0x87,0x78,0x5D,0x84,0xD8,0x4D,0x85,0x78,0x72,0xAC,0x0C,0x80,0xC0,0x00,

/* 疯 */
0x04,0x07,0xFC,0x60,0x0F,0xF8,0xF0,0x87,0xB8,0xFE,0x8D,0x68,0x56,0x85,0xBE,0xB0,0x64,0x06,

/* 烽 */
0x46,0x06,0x7C,0x7D,0x87,0xB0,0xE7,0xCF,0xFC,0x4F,0xC6,0x38,0x7F,0xC5,0xFC,0x83,0x00,0x30,

/* 逢 */
0x04,0x0C,0xF8,0x7F,0x01,0x70,0x0F,0xEF,0xEC,0x46,0x84,0xF8,0x5F,0xC4,0x60,0xFF,0xE8,0xFC,

/* 冯 */
0x00,0x8D,0x98,0x6D,0x86,0x98,0x29,0x04,0x94,0x4F,0xCC,0x04,0xFF,0xCC,0x04,0xC3,0xC0,0x18,

/* 缝 */
0x42,0x05,0x38,0xDF,0x8B,0xB8,0xE7,0xE7,0xFC,0xD7,0x8F,0x78,0x9F,0xCF,0x10,0xBF,0x02,0x7C,

/* 讽 */
0x00,0x05,0xFC,0x49,0x80,0x98,0xCF,0x84,0xA8,0x5A,0x85,0xF8,0x7D,0xA7,0x8E,0x70,0x66,0x02,

/* 奉 */
0x0C,0x0F,0xFC,0x09,0x07,0xF8,0x18,0x43,0xB0,0x2D,0x07,0xFE,0xCC,0xC7,0xF8,0x0C,0x00,0xC0,

/* 凤 */
0x00,0x07,0xF8,0x41,0x87,0xF8,0x47,0x85,0xD8,0x4D,0x84,0xC8,0x52,0xAE,0x2C,0x80,0xC0,0x06,

/* 佛 */
0x25,0x02,0x50,0x7F,0xC4,0x54,0xDF,0xCD,0x50,0x55,0x45,0xFE,0x4D,0x44,0x9C,0x59,0x46,0x10,

/* 否 */
0x00,0x4F,0xFC,0x0C,0x01,0xF0,0x34,0xC4,0x46,0xAD,0x82,0x18,0x21,0x82,0x18,0x3F,0x82,0x00,

/* 夫 */
0x0C,0x00,0xC0,0x0C,0x87,0xF8,0x0C,0x00,0xCC,0x0E,0x00,0xA0,0x1B,0x03,0x18,0x60,0xE8,0x04,

/* 敷 */
0x39,0x0F,0xF0,0xBB,0x4F,0xFC,0xFE,0x8F,0xE8,0xBE,0x8F,0xD8,0x79,0x04,0xB8,0xFA,0xC9,0x84,

/* 肤 */
0x02,0x0F,0x30,0xD3,0xCD,0x30,0xF2,0x0D,0x36,0xFB,0x0F,0x30,0x97,0x09,0x48,0xF8,0xE3,0x04,

/* 孵 */
0x20,0xCD,0xF4,0xBF,0x4F,0xFC,0xFE,0xCF,0xEC,0xF5,0x8F,0xFE,0x59,0x85,0x18,0x93,0x81,0x10,

/* 扶 */
0x22,0x06,0x20,0x72,0xCF,0xFC,0x62,0x07,0x24,0xEF,0xCE,0x70,0x65,0x06,0xC8,0xE8,0xE7,0x04,

/* 拂 */
0x45,0x04,0x50,0x7F,0xCF,0x5C,0x5F,0xC7,0x50,0xDF,0xE5,0x54,0x45,0x44,0x9C,0xD9,0x06,0x10,

/* 辐 */
0x60,0x05,0xFC,0xF7,0x8E,0x4C,0xE7,0x8F,0xC8,0xAF,0xC3,0xB4,0xEF,0xC2,0xB4,0x2F,0xC2,0x84,

/* 幅 */
0x40,0x04,0xFE,0xF4,0x8F,0x48,0xF4,0x8F,0x48,0xFF,0xCF,0x94,0xFF,0xCE,0x94,0x4F,0xC4,0x84,

/* 氟 */
0x20,0x07,0xFC,0xFF,0x0F,0xF8,0x39,0x8F,0xF0,0x2B,0x8F,0xF8,0xFF,0x82,0xA8,0x4E,0xC8,0x86,

/* 符 */
0x62,0x06,0xEC,0xFF,0xC9,0x90,0x31,0x06,0x14,0xFF,0xCE,0x90,0x6D,0x06,0x10,0x67,0x04,0x30,

/* 伏 */
0x26,0x02,0x78,0x66,0x84,0x6C,0x7F,0xEC,0x70,0x45,0x04,0x50,0x4D,0x84,0x88,0x58,0xE6,0x04,

/* 俘 */
0x20,0x87,0xF8,0x54,0xC4,0xA8,0xCB,0x8D,0xFC,0x43,0x07,0xFE,0x42,0x04,0x20,0x42,0x04,0x60,

/* 服 */
0x10,0x0D,0x4C,0xD4,0x8F,0x58,0xD4,0x0D,0x7C,0xF6,0x89,0x78,0x95,0x09,0x78,0xF4,0xE2,0x40,

/* 浮 */
0x81,0xC5,0xF8,0x5A,0xCA,0xB8,0xEB,0x84,0x18,0x43,0x0F,0xFE,0xC2,0x0C,0x20,0xCE,0x00,0x40,

/* 涪 */
0x06,0x06,0x24,0x1F,0xCA,0xD8,0xE5,0x07,0xFE,0x40,0x84,0xF8,0xC8,0x84,0x88,0xCF,0x84,0x88,

/* 福 */
0x40,0x06,0xFE,0xF7,0x83,0x4C,0x67,0x86,0x48,0xFF,0xCE,0xB4,0x6F,0xC6,0xB4,0x6F,0xC6,0x84,

/* 袱 */
0x45,0x04,0xDC,0x69,0x46,0x94,0x7F,0xE7,0x98,0xEB,0x8F,0xB8,0x4A,0x84,0xAC,0x4C,0x64,0xC0,

/* 弗 */
0x12,0x01,0x28,0xFF,0x81,0x28,0x7F,0x85,0x20,0x5E,0x4D,0x64,0x32,0x42,0x3C,0x42,0x08,0x20,

/* 甫 */
0x0D,0x00,0xDC,0xFF,0xE4,0xC8,0x7F,0x84,0xC8,0x7F,0x84,0xC8,0x7F,0x84,0xC8,0x4F,0x84,0xD8,

/* 抚 */
0x60,0x06,0xFC,0x72,0x0F,0x20,0x66,0x47,0xFC,0xE7,0x0E,0x70,0x65,0x06,0x94,0xF9,0xE6,0x18,

/* 辅 */
0x43,0x04,0x3C,0xFF,0xEC,0x30,0xEF,0xCF,0xB4,0xAF,0xC3,0xB4,0xEF,0xC2,0xB4,0x2B,0x42,0xAC,

/* 俯 */
0x02,0x07,0x24,0x5F,0xE5,0x6C,0xD4,0xCD,0xFE,0x5E,0xC5,0x7C,0x55,0xC5,0x4C,0x65,0xC4,0x48,

/* 釜 */
0x00,0x03,0x38,0x73,0xCC,0xE0,0x1E,0x06,0x1E,0xBF,0x00,0xC8,0x7F,0xC3,0xF0,0x1E,0x4F,0xFE,

/* 斧 */
0x12,0x03,0x38,0x56,0x88,0xC0,0x37,0xCE,0x7C,0x3C,0x02,0x0C,0x22,0x02,0x20,0x42,0x08,0x20,

/* 脯 */
0x03,0x0F,0x3C,0xBF,0xEE,0x30,0xEF,0xCA,0xB4,0xEF,0xCA,0xB4,0xAF,0xCA,0xB4,0xEB,0xC2,0xAC,

/* 腑 */
0x02,0x0F,0xFE,0xAA,0xCA,0xEC,0xEF,0xEA,0xEC,0xFF,0xCB,0xDC,0xBC,0xCB,0x4C,0xF5,0xC2,0x48,

/* 府 */
0x04,0x04,0x6C,0x49,0x85,0x88,0x50,0xC5,0xFE,0x74,0x8D,0x68,0xD2,0x89,0x08,0x93,0x81,0x10,

/* 腐 */
0x0C,0x07,0xFC,0x59,0x87,0xFC,0x74,0x85,0x78,0x77,0x8F,0xEC,0xFF,0x8A,0xE8,0xB3,0x82,0x18,

/* 赴 */
0x21,0x02,0x10,0xFD,0x02,0x10,0x35,0xCF,0xD4,0x71,0x07,0xD0,0xF1,0x0F,0x10,0xBF,0xC0,0xFC,

/* 副 */
0x00,0x4F,0xC4,0x79,0x44,0x94,0x79,0x44,0x94,0xFD,0x4B,0x54,0xFD,0x4B,0x44,0xFC,0xC8,0x0C,

/* 覆 */
0x00,0x4D,0xE8,0x7F,0x87,0xF8,0x6F,0xCF,0xF8,0x7F,0x8E,0xF8,0xCF,0x85,0xF8,0x47,0xC5,0x8C,

/* 赋 */
0x01,0x0F,0xFC,0x91,0x4F,0x1E,0xFF,0x8F,0x78,0xFF,0x8D,0xE8,0xEE,0xA5,0xEE,0x9C,0x60,0x02,

/* 复 */
0x20,0x07,0xFC,0x40,0x0F,0xF8,0x3F,0x82,0x18,0x3F,0x83,0xF0,0x33,0x0C,0xE0,0x1F,0xCF,0x1C,

/* 傅 */
0x23,0x86,0x2C,0x7F,0xC5,0xFC,0xDA,0xCD,0xEC,0x5F,0xC5,0x28,0x7F,0xE4,0xC8,0x45,0x84,0x18,

/* 付 */
0x21,0x03,0x18,0x61,0x84,0x1E,0xE1,0x8E,0x98,0x6D,0x86,0x58,0x61,0x86,0x18,0x63,0x84,0x10,

/* 阜 */
0x0C,0x07,0xF8,0x61,0x87,0xF8,0x60,0x87,0xF8,0x61,0x87,0xF8,0x0C,0x68,0xC0,0x0C,0x00,0xC0,

/* 父 */
0x00,0x03,0x30,0x21,0x84,0x0C,0x83,0x01,0x20,0x16,0x00,0xC0,0x0C,0x01,0xF0,0x63,0xC8,0x0C,

/* 腹 */
0x04,0x0F,0x7E,0xB8,0xCF,0xFC,0xEF,0xCA,0xCC,0xEF,0xCA,0x7C,0xAE,0x8B,0x30,0xE7,0xE3,0x84,

/* 负 */
0x18,0x01,0xF0,0x23,0x06,0x48,0xBF,0x82,0x48,0x24,0x82,0x48,0x2C,0x81,0xB8,0x30,0xCC,0x04,

/* 富 */
0x0C,0x0F,0xFC,0x81,0xCB,0xF0,0x3F,0x02,0x10,0x3F,0x07,0xF8,0x4C,0x87,0xF8,0x7F,0x84,0x08,

/* 讣 */
0x42,0x06,0x20,0x22,0x00,0x20,0xE3,0x82,0x2C,0x22,0x42,0x24,0x2A,0x07,0x20,0x62,0x04,0x20,

/* 附 */
0x24,0x8B,0xC8,0xA8,0x8D,0xFC,0xD8,0x8A,0xC8,0xAA,0x8A,0xA8,0xE8,0x8A,0x88,0x8B,0x88,0x98,

/* 妇 */
0x60,0x06,0x04,0x6F,0xCF,0x84,0x50,0x45,0x7C,0xD0,0x4D,0x04,0x70,0x43,0x04,0x5C,0x48,0x04,

/* 缚 */
0x43,0x84,0x2C,0x5A,0xCB,0xFC,0xEA,0xCC,0xAC,0xCF,0xCF,0xA8,0x1F,0xEE,0xC8,0x87,0x80,0x18,

/* 咐 */
0x04,0x8E,0xC8,0xA8,0x8B,0x8E,0xB8,0x8B,0x88,0xAA,0x8E,0xA8,0xA8,0x88,0x88,0x0B,0x80,0x98,

/* 噶 */
0x05,0x0F,0xFC,0xAD,0x8A,0xF8,0xAF,0x8A,0xF8,0xAF,0xCE,0xA4,0xBF,0x40,0x94,0x0F,0xC0,0x18,

/* 嘎 */
0x00,0x4B,0xE8,0xAF,0x8A,0xF8,0xA8,0x8A,0x88,0xAF,0x8E,0x54,0xBF,0x80,0x38,0x0F,0xC1,0x0E,

/* 该 */
0x02,0x06,0x24,0x5F,0xC0,0x60,0xED,0x85,0xF0,0x42,0xC5,0x68,0x79,0x87,0x38,0x4C,0x41,0x84,

/* 改 */
0x04,0x0B,0x40,0x34,0x41,0xFC,0x9D,0x8F,0xD8,0x95,0x08,0x70,0x93,0x0E,0x70,0xCD,0xC3,0x04,

/* 概 */
0x40,0x05,0xFC,0x77,0x8F,0xF8,0x57,0x8F,0x7E,0xFD,0x85,0x58,0x5F,0x85,0xAA,0x54,0xE4,0x84,

/* 钙 */
0x40,0x04,0xFC,0xF1,0x08,0x54,0xF5,0xC4,0x50,0x7F,0x46,0x44,0x48,0x47,0x04,0x61,0xC4,0x18,

/* 盖 */
0x01,0x01,0x30,0xFF,0xC0,0xC8,0x7F,0x80,0xC4,0xFF,0xC7,0xF8,0x7E,0x87,0xA8,0x7A,0xCF,0xFE,

/* 溉 */
0x40,0x47,0xFC,0x37,0x8B,0xF8,0xF7,0x45,0xFC,0x5D,0x8D,0x98,0xDE,0x8F,0x6C,0xCC,0xE0,0x00,

/* 干 */
0x00,0x87,0xFC,0x0C,0x00,0xC0,0x0C,0x4F,0xFE,0x0C,0x00,0xC0,0x0C,0x00,0xC0,0x0C,0x00,0x80,

/* 甘 */
0x21,0x02,0x10,0x21,0x4F,0xFE,0x21,0x02,0x10,0x3F,0x02,0x10,0x21,0x02,0x10,0x3F,0x02,0x10,

/* 杆 */
0x60,0x06,0xFC,0x73,0x0F,0x30,0x63,0x07,0xFE,0xF3,0x0E,0x30,0x63,0x06,0x30,0x63,0x06,0x30,

/* 柑 */
0x4C,0x84,0xC8,0x7C,0x8F,0xFE,0x4C,0x8F,0xC8,0xFC,0x8C,0xC8,0x4C,0x84,0xC8,0x4F,0x84,0xC8,

/* 竿 */
0x22,0x06,0xA4,0x7F,0xCB,0x50,0x29,0x87,0xF8,0x0C,0x0F,0xFE,0x0C,0x00,0xC0,0x0C,0x00,0xC0,

/* 肝 */
0x10,0x4D,0x7C,0xD1,0x0F,0x10,0xD1,0x0D,0xFE,0xF1,0x0D,0x10,0x91,0x09,0x10,0xB1,0x00,0x10,

/* 赶 */
0x20,0x02,0x7C,0xF9,0x02,0x10,0x29,0x0F,0xFE,0x71,0x0F,0x90,0xF1,0x0F,0x10,0xBF,0xE0,0xFC,

/* 感 */
0x03,0x04,0x2C,0x7F,0xC7,0xE8,0x67,0x87,0xD0,0xFF,0xCA,0x6E,0x1C,0x65,0x5C,0xD7,0x41,0xE0,

/* 秆 */
0x30,0x0E,0xFC,0x63,0x07,0x30,0x63,0x46,0xFE,0xF3,0x0F,0x30,0x63,0x06,0x30,0x63,0x04,0x30,

/* 敢 */
0x03,0x0F,0x30,0x12,0x4F,0xFE,0x56,0x87,0x68,0x5B,0x87,0x38,0x59,0x0F,0x38,0x96,0xC1,0x84,

/* 赣 */
0x42,0x0F,0xFC,0xF7,0x87,0xBC,0xFE,0xCF,0xB4,0xFF,0xCD,0x7C,0xF7,0xCF,0x7C,0x62,0xC6,0xC4,

/* 冈 */
0x00,0x8F,0xFC,0xC2,0x8F,0x68,0xDC,0x8C,0xC8,0xCC,0x8D,0x68,0xE2,0x8C,0x08,0xC1,0x80,0x08,

/* 刚 */
0x00,0x4F,0xC4,0x95,0x4D,0xD4,0xF5,0x4B,0x54,0xB5,0x4D,0xD4,0xCD,0x48,0x44,0x9D,0xC8,0x88,

/* 钢 */
0x60,0x05,0xFE,0x7C,0x49,0xCC,0xFF,0xC4,0xD4,0xFF,0xC4,0xEC,0x4C,0xC7,0xC4,0x6C,0xC4,0x8C,

/* 缸 */
0x40,0x04,0x04,0xFF,0xCA,0x10,0xA1,0x0F,0xD0,0xA9,0x0E,0x90,0xA9,0x0A,0x90,0xFD,0x68,0x80,

/* 肛 */
0x00,0x0F,0x8C,0xD3,0x0F,0x30,0xD3,0x0D,0x30,0xF3,0x0D,0x30,0x93,0x09,0x30,0xBF,0xE1,0x00,

/* 纲 */
0x20,0x06,0xFC,0x58,0x4B,0xDC,0xEB,0x46,0xB4,0x4B,0x4E,0xFC,0x0C,0xCF,0x84,0x88,0xC0,0x8C,

/* 岗 */
0x0C,0x04,0xCC,0x4C,0x84,0x08,0xFF,0xC4,0x2C,0x56,0xC4,0xCC,0x5E,0xC7,0x3C,0xC1,0xCC,0x08,

/* 港 */
0x09,0x04,0xD4,0x5F,0xCA,0xD0,0xFF,0xE4,0x90,0x5F,0xCF,0x96,0xC9,0x04,0x94,0xC8,0xC4,0xFC,

/* 杠 */
0x60,0x06,0x04,0x7F,0x0F,0x30,0x63,0x07,0x30,0xFB,0x0E,0x30,0x63,0x06,0x30,0x7F,0xE6,0x00,

/* 篙 */
0x02,0x07,0xFC,0xFD,0x0A,0xD4,0xFF,0xC3,0xF0,0x3F,0x0F,0xFC,0xDE,0x8D,0x28,0xD2,0x8C,0x18,

/* 皋 */
0x08,0x07,0xF8,0x61,0x87,0xF8,0x7F,0x85,0x84,0xFF,0xC3,0xF0,0x6D,0xCF,0xFC,0x0C,0x00,0xC0,

/* 高 */
0x0C,0x0F,0xFC,0x21,0x03,0xF0,0x23,0x03,0x30,0x7F,0xC5,0xE8,0x52,0x85,0xE8,0xD3,0x84,0x18,

/* 膏 */
0x08,0x0F,0xFC,0x3F,0x03,0xF0,0xFF,0xCB,0xFC,0x3F,0x07,0xF0,0x7F,0x07,0xF0,0x61,0x04,0x30,

/* 羔 */
0x21,0x01,0x30,0xFF,0xC0,0xC0,0x0C,0x87,0xF8,0x0C,0x0F,0xFE,0x00,0x05,0x2C,0x5A,0x4C,0xA4,

/* 糕 */
0x60,0x87,0x58,0xFF,0x4E,0xB0,0xF2,0x06,0xFC,0x72,0x0F,0xFE,0xE0,0x86,0xDC,0x7F,0x45,0x00,

/* 搞 */
0x42,0x04,0x3C,0x59,0x8F,0xF8,0x4F,0x87,0x04,0xDF,0xCD,0x74,0x55,0x45,0x74,0xD1,0xC5,0x0C,

/* 镐 */
0x42,0x04,0xFE,0xF0,0x88,0x78,0xF7,0x84,0xC4,0xFF,0xC4,0xFC,0x4D,0x47,0xF4,0x69,0xC4,0x8C,

/* 稿 */
0x02,0x0F,0xB4,0x4C,0x85,0x78,0xF7,0x86,0x48,0xFF,0xEF,0xFC,0x4F,0xC4,0xFC,0x4D,0x44,0x8C,

/* 告 */
0x04,0x02,0x40,0x6D,0x84,0xC0,0x44,0x0F,0xFE,0x00,0x03,0xF8,0x21,0x82,0x18,0x3F,0x82,0x10,

/* 哥 */
0x00,0x8F,0xFC,0x3D,0x02,0x50,0x3D,0x0F,0xFE,0x05,0x87,0xD0,0x65,0x07,0xD0,0x07,0x00,0x30,

/* 歌 */
0x01,0x0F,0xF0,0xFA,0x46,0xAE,0xED,0x89,0xD0,0xBB,0x0F,0xB8,0xEA,0x8E,0xAC,0x3C,0x61,0x84,

/* 搁 */
0x50,0x04,0xBC,0x76,0x4F,0x74,0x5F,0x47,0xB4,0xD5,0xCD,0xF4,0x55,0x45,0x74,0xD4,0xCD,0x0C,

/* 戈 */
0x10,0x01,0xA0,0x1B,0x01,0xFC,0xF8,0x00,0x98,0x0B,0x00,0xE0,0x0C,0x43,0x24,0xE1,0xC0,0x0C,

/* 鸽 */
0x21,0x07,0x74,0x5F,0xCC,0xFC,0xF5,0xC0,0x78,0xF6,0xED,0x46,0x57,0xCF,0x04,0xD1,0xC0,0x0C,

/* 胳 */
0x06,0x0F,0x68,0xF7,0xCF,0xF8,0xFB,0x0F,0x3C,0xF4,0xEF,0xFC,0xB4,0x8B,0x48,0xF7,0xC2,0x48,

/* 疙 */
0x04,0x00,0x64,0x3F,0xCE,0xC4,0xEF,0xC3,0x00,0xFF,0x8E,0x20,0x64,0x04,0x84,0xC8,0xC0,0xFC,

/* 割 */
0x10,0x4D,0x64,0xF7,0x4B,0x54,0x3D,0x47,0xD4,0xFF,0x41,0x14,0x7D,0x44,0xC4,0x7D,0xC4,0x0C,

/* 革 */
0x12,0x0F,0xFC,0x12,0x01,0xE0,0x5E,0x86,0xD8,0x4C,0x87,0xF8,0x4C,0x6F,0xFC,0x0C,0x00,0xC0,

/* 葛 */
0x12,0x0F,0xFC,0x13,0x03,0xF8,0x3F,0x83,0xF8,0x39,0x47,0xFC,0xEC,0x47,0x2C,0x7F,0xC0,0x18,

/* 格 */
0x44,0x04,0x48,0x5F,0xCF,0xD8,0x53,0x0F,0x78,0xFC,0xE7,0xFC,0x48,0x84,0x88,0x4F,0x84,0x88,

/* 蛤 */
0x42,0x04,0x30,0x77,0x8F,0x4C,0xD8,0xED,0xF8,0xF0,0x0D,0xFC,0x74,0x87,0xC8,0xDF,0x80,0xC8,

/* 阁 */
0x40,0x02,0xFC,0x98,0x49,0xE4,0x9E,0x4A,0xC4,0x9B,0xCF,0xF4,0x92,0x49,0xE4,0x93,0xC8,0x08,

/* 隔 */
0x20,0x4F,0xFC,0xAF,0x8C,0xC8,0xCF,0x8B,0xFC,0xBD,0x4F,0xD4,0xFF,0xC9,0xA4,0x9A,0xC9,0x0C,

/* 铬 */
0x46,0x04,0x68,0xFF,0xC8,0xF8,0xFB,0x04,0x38,0xFC,0xE5,0xFC,0x4C,0x87,0xC8,0x6F,0x84,0xC8,

/* 个 */
0x0C,0x01,0xC0,0x16,0x03,0x30,0x6D,0xCC,0xCC,0x0C,0x00,0xC0,0x0C,0x00,0xC0,0x0C,0x00,0x80,

/* 各 */
0x10,0x03,0x30,0x33,0x05,0x60,0x4C,0x09,0xE0,0x33,0xEF,0xFC,0x21,0x02,0x10,0x3F,0x02,0x10,

/* 给 */
0x42,0x06,0x60,0x45,0x0B,0xD8,0xA8,0xEF,0xFC,0x40,0x8E,0xF8,0x88,0x87,0x88,0xCF,0x80,0x88,

/* 根 */
0x60,0x06,0xFC,0x68,0x8F,0xF8,0x68,0x8E,0xF8,0xFA,0xCE,0xAC,0x69,0x06,0x98,0x6E,0xC4,0x84,

/* 跟 */
0x10,0x8F,0xF8,0x9C,0x89,0xF8,0xFC,0x8A,0xF8,0xFE,0xCF,0xDC,0xED,0x0F,0xD8,0xEE,0xE0,0xC0,

/* 耕 */
0x22,0x82,0x68,0xFF,0xC3,0xFC,0xF2,0x8F,0xA8,0x6F,0xE7,0x68,0xE4,0x8A,0x48,0x28,0x83,0x08,

/* 更 */
0x00,0x4F,0xFC,0x6D,0x86,0xD8,0x7F,0x86,0xD8,0x7F,0x86,0xC8,0x18,0x01,0xC0,0x37,0xC8,0x0C,

/* 庚 */
0x04,0x07,0xFC,0x44,0x04,0x48,0x5F,0x87,0xFE,0x44,0x87,0xF8,0xCE,0x88,0xB0,0x91,0xC6,0x0C,

/* 羹 */
0x13,0x07,0xF8,0x7F,0x8F,0xFC,0xDF,0xCB,0x3C,0x7F,0x87,0xF8,0xFF,0xCF,0xFE,0x13,0x8C,0x0C,

/* 埂 */
0x40,0x45,0xFC,0x42,0x07,0xFC,0xFB,0x44,0xFC,0x4B,0xC5,0xAC,0xE6,0x08,0x60,0x0F,0xC3,0x8C,

/* 耿 */
0x01,0x0F,0xB0,0xD3,0x0F,0x34,0xD7,0xCD,0x78,0xFB,0x0D,0x38,0xF2,0x89,0x4C,0x1C,0x61,0x80,

/* 梗 */
0x40,0x45,0xFC,0x62,0x0F,0xFC,0x4B,0x4F,0xFC,0xDF,0xCC,0xA4,0x46,0x04,0x60,0x47,0xE7,0x8C,

/* 工 */
0x00,0x04,0x0C,0x0C,0x00,0xC0,0x0C,0x00,0xC0,0x0C,0x00,0xC0,0x0C,0x00,0xC4,0xFF,0xC0,0x00,

/* 攻 */
0x06,0x01,0x60,0xFF,0xC6,0xC8,0x6C,0x86,0xD8,0x67,0x07,0xB0,0xE3,0x08,0x78,0x1C,0xE3,0x04,

/* 功 */
0x03,0x00,0xB0,0xFB,0x02,0xFC,0x22,0x42,0x24,0x22,0x43,0xE4,0xE4,0x48,0xCC,0x1B,0xC2,0x08,

/* 恭 */
0x12,0x01,0x28,0xFF,0xC1,0x20,0xFF,0xE3,0x20,0x2D,0x04,0x9E,0xAF,0xC6,0xA8,0x4A,0x81,0x80,

/* 龚 */
0x0A,0x01,0xBC,0x9F,0xC1,0x7C,0x3E,0xED,0x3C,0x12,0x8F,0xFC,0x12,0x4F,0xFC,0x3B,0x8C,0x0C,

/* 供 */
0x21,0x06,0xD0,0x4D,0x05,0xFC,0xCD,0x0C,0xD0,0x4D,0x07,0xFE,0x4D,0x04,0xC8,0x50,0xC6,0x04,

/* 躬 */
0x30,0x07,0xFC,0x58,0x47,0x84,0x4B,0xC7,0xA0,0x4E,0x4F,0xFC,0x28,0xC4,0x8C,0xBB,0xC1,0x18,

/* 公 */
0x02,0x01,0x20,0x32,0x02,0x30,0x61,0x8C,0x8C,0x98,0x41,0x00,0x33,0x02,0x10,0x7F,0x80,0x00,

/* 宫 */
0x0C,0x04,0xC4,0xC0,0xEB,0xF8,0x31,0x02,0x10,0x3F,0x06,0x18,0x61,0x86,0x18,0x7F,0x86,0x08,

/* 弓 */
0x00,0x07,0xF8,0x01,0x02,0x10,0x61,0x04,0x00,0x7F,0x80,0x08,0x01,0x80,0x10,0x0F,0x00,0x60,

/* 巩 */
0x00,0x03,0xF8,0x49,0x84,0x98,0x4D,0x84,0xF8,0x4B,0x87,0x98,0xC9,0x81,0x9C,0x31,0xE0,0x00,

/* 汞 */
0x00,0x87,0xF8,0x0C,0x0F,0xFC,0x0C,0x00,0xC8,0xFD,0x83,0xE0,0x2F,0x04,0xDC,0x9C,0x40,0x80,

/* 拱 */
0x45,0x06,0x58,0x75,0x8F,0xFE,0x65,0x87,0x58,0xE5,0x8F,0xFE,0x65,0x06,0xCC,0xD8,0x47,0x00,

/* 贡 */
0x00,0x84,0xC0,0x0C,0x4F,0xFC,0x01,0x06,0xD8,0x6D,0x06,0x90,0x69,0x01,0xF0,0x71,0x88,0x08,

/* 共 */
0x12,0x01,0x20,0x12,0x4F,0xFC,0x12,0x01,0x20,0x12,0x4F,0xFE,0x12,0x03,0x18,0x60,0xC8,0x04,

/* 钩 */
0x42,0x04,0x60,0x77,0xC8,0x44,0xFA,0x46,0xA4,0xF7,0x46,0x5C,0x6F,0xC7,0x04,0x63,0xC4,0x18,

/* 勾 */
0x30,0x02,0x00,0x7F,0xC4,0x0C,0x98,0xC9,0x0C,0x34,0xC2,0x6C,0x7E,0xC0,0x0C,0x03,0x80,0x18,

/* 沟 */
0x04,0x06,0xC0,0x3F,0xC9,0x84,0xF4,0x47,0x44,0x6A,0x44,0xB4,0xDF,0xC4,0x0C,0xC3,0xC4,0x18,

/* 苟 */
0x12,0x0F,0xFC,0x13,0x03,0x20,0x7F,0xCC,0x0C,0xBE,0xC2,0x6C,0x26,0xC3,0xEC,0x23,0x80,0x18,

/* 狗 */
0x04,0x0B,0x40,0x67,0xC6,0x84,0xBD,0x43,0x54,0x65,0x4F,0x54,0xB7,0x43,0x44,0x61,0xC6,0x08,

/* 垢 */
0x40,0x84,0xF8,0x48,0x07,0x84,0xFF,0xC4,0x80,0x4F,0xC7,0xCC,0xDC,0xC1,0x4C,0x37,0xC4,0x48,

/* 构 */
0x62,0x06,0x60,0x64,0x4F,0xC4,0x6A,0x47,0x64,0xF6,0x4E,0x94,0x6F,0xC6,0x0C,0x63,0xC4,0x18,

/* 购 */
0x02,0x0F,0x60,0x96,0xCF,0x44,0xFA,0x4F,0x24,0xF6,0x4F,0x54,0xDF,0xC7,0x04,0xD1,0xC8,0x08,

/* 够 */
0x63,0x04,0x3C,0xFE,0xC8,0xE8,0xFB,0x0B,0xF0,0xBB,0xCF,0xA4,0xBE,0xC1,0xB8,0x73,0x00,0xC0,

/* 辜 */
0x0C,0x0F,0xFC,0x2D,0x02,0x18,0x3F,0x86,0xC8,0x33,0x01,0x64,0xFF,0xC7,0xF8,0x0C,0x00,0x80,

/* 菇 */
0x12,0x0F,0xFC,0x12,0x07,0x30,0x61,0x4F,0xFE,0x51,0x05,0x7C,0xF4,0xC7,0x4C,0x5F,0xC8,0x44,

/* 咕 */
0x02,0x00,0x20,0xF2,0x4B,0xFE,0xA2,0x0A,0x20,0xAF,0xCF,0x8C,0xA8,0xC8,0x8C,0x0F,0xC0,0x88,

/* 箍 */
0x42,0x07,0xBC,0xB5,0x0F,0x94,0x7F,0xCF,0xD8,0x7F,0xCE,0xDC,0xED,0xC6,0xD8,0xC9,0x44,0xFC,

/* 估 */
0x22,0x06,0x20,0x62,0x47,0xFE,0xC2,0x0C,0x20,0x5F,0xC5,0x88,0x58,0x85,0x88,0x5F,0x85,0x88,

/* 沽 */
0x02,0x0C,0x20,0x72,0x43,0xFC,0xA2,0x0E,0x20,0x4F,0x84,0x88,0xC8,0x8C,0x88,0xCF,0x84,0x88,

/* 孤 */
0x00,0x8F,0xF8,0x2F,0x04,0xF0,0x5F,0x07,0xF8,0xDE,0x85,0xE8,0x56,0xC5,0x7C,0xE7,0x6C,0x40,

/* 姑 */
0x61,0x06,0x30,0x43,0x4F,0xFE,0x53,0x05,0x30,0xF7,0xCE,0x44,0x74,0x47,0xC4,0xCF,0xC0,0x44,

/* 鼓 */
0x21,0x02,0x90,0xFF,0x62,0x90,0xF9,0x0F,0xFC,0x8A,0x8F,0xB8,0x53,0x05,0x38,0xF6,0xE1,0x84,

/* 古 */
0x0C,0x00,0xC0,0x0C,0x4F,0xFC,0x0C,0x00,0xC0,0x3F,0x82,0x18,0x21,0x82,0x18,0x3F,0x82,0x10,

/* 蛊 */
0x08,0x04,0xC8,0x7F,0x84,0xC8,0x7F,0x80,0xD8,0xFF,0xCC,0x0C,0x5F,0x85,0x68,0x56,0xEF,0xFC,

/* 骨 */
0x21,0x02,0x50,0x3D,0x02,0xD0,0xFF,0xCB,0xF8,0x23,0x03,0xF0,0x21,0x03,0xF0,0x27,0x02,0x30,

/* 谷 */
0x10,0x03,0x38,0x6C,0x8D,0xC0,0x16,0x03,0x30,0x61,0xCB,0xF4,0x23,0x02,0x30,0x3F,0x02,0x10,

/* 股 */
0x10,0x0F,0x78,0xD5,0x8D,0x5C,0xDC,0xCD,0xF8,0xF4,0x8D,0x38,0x93,0x09,0x30,0x35,0xC1,0x04,

/* 故 */
0x23,0x02,0x20,0x2A,0x4F,0xFE,0x26,0x83,0x68,0xFA,0x89,0xB0,0x91,0x0F,0x3C,0x9C,0xE8,0x80,

/* 顾 */
0x00,0x0F,0xFE,0xC1,0x0F,0xFC,0xEF,0x4E,0xF4,0xFF,0x4F,0x74,0xAF,0x4F,0x38,0xE6,0x41,0x84,

/* 固 */
0x00,0x0F,0xFC,0xCC,0xCF,0xFC,0xCC,0xCD,0xEC,0xD2,0xCD,0x2C,0xDE,0xCD,0x2C,0xFF,0xCC,0x00,

/* 雇 */
0x04,0x07,0xFC,0x40,0xC7,0xFC,0x5E,0x05,0xFC,0x72,0x07,0xFC,0x56,0xCD,0x20,0x9F,0xE1,0x00,

/* 刮 */
0x00,0x47,0xC4,0x31,0x43,0x54,0xFF,0x43,0x14,0x31,0x4F,0xD4,0xC9,0x4C,0x84,0xF9,0xCC,0x08,

/* 瓜 */
0x00,0x04,0xF8,0x7A,0x06,0x80,0x69,0x06,0x90,0x49,0x04,0x98,0x4A,0x8C,0xFC,0x89,0x60,0x00,

/* 剐 */
0x48,0x44,0xC4,0x49,0x47,0x94,0x79,0x4F,0xD4,0xA5,0x4B,0x54,0xFD,0x4C,0x44,0x9D,0xC8,0x8C,

/* 寡 */
0x08,0x0F,0xFC,0xBF,0xC2,0xD0,0x3F,0x03,0xF0,0x3F,0x4F,0xFC,0x3F,0x8D,0xBC,0x36,0x0E,0x60,

/* 挂 */
0x62,0x06,0x20,0x7F,0xCF,0x20,0x62,0x47,0xFC,0xE2,0x0E,0x24,0x6F,0xC6,0x20,0xE3,0x44,0x00,

/* 褂 */
0x04,0x84,0xC8,0x7F,0x8E,0xC8,0x5F,0x8F,0xDE,0xEC,0xE7,0xF8,0x4C,0x84,0xD8,0x5D,0x84,0x18,

/* 乖 */
0x03,0x07,0xE0,0x0C,0x4F,0xFC,0x2F,0x03,0xFC,0x3F,0x83,0xF4,0xFF,0x4A,0xDC,0x0C,0x00,0xC0,

/* 拐 */
0x20,0x02,0x7C,0x3C,0xCF,0xCC,0x2F,0xC3,0x20,0xEF,0xCE,0x24,0x26,0x42,0x4C,0xE9,0xC7,0x08,

/* 怪 */
0x40,0x04,0xF8,0x45,0x87,0x70,0xF7,0x0C,0xDE,0x72,0x46,0x20,0x4F,0xC4,0x20,0x62,0x64,0x00,

/* 棺 */
0x42,0x04,0x24,0x6F,0xEF,0x8C,0x4F,0x8E,0xC8,0xFF,0x8C,0xC8,0x4F,0xC4,0xCC,0x4F,0xC4,0x88,

/* 关 */
0x01,0x03,0x30,0x12,0x87,0xFC,0x08,0x00,0x84,0xFF,0xC0,0xC0,0x1A,0x03,0x18,0x60,0xC0,0x00,

/* 官 */
0x08,0x08,0xC4,0x80,0xEA,0x18,0x23,0x02,0x10,0x3F,0x02,0x10,0x3F,0x82,0x10,0x3F,0x02,0x10,

/* 冠 */
0x00,0x07,0xFC,0xC1,0x87,0x98,0x07,0xEF,0xD8,0x73,0x87,0x18,0x71,0x85,0x14,0xDF,0xE0,0x38,

/* 观 */
0x00,0x03,0xFC,0x3E,0xCA,0xFC,0x6E,0xC6,0xEC,0x6F,0xC7,0xF0,0x55,0x08,0xD0,0x19,0xE2,0x0C,

/* 管 */
0x22,0x07,0xFC,0xFD,0x09,0xD4,0xFF,0xEB,0xFC,0x21,0x03,0xF0,0x21,0x82,0x18,0x3F,0x82,0x10,

/* 馆 */
0x42,0x04,0x14,0xFF,0xEB,0x84,0xE7,0xC4,0x48,0x47,0x84,0x48,0x4F,0xC7,0x4C,0x67,0xC4,0x4C,

/* 罐 */
0x45,0x0D,0xFC,0xF5,0x0C,0xFC,0x4F,0xCF,0xF0,0xFF,0xCF,0xFC,0xFF,0x4F,0xFC,0xFF,0xE0,0xC0,

/* 惯 */
0x40,0x84,0xF8,0x4A,0xCF,0xE8,0xFE,0x8C,0x88,0x4F,0xC4,0xA8,0x4A,0x85,0xE8,0x4D,0xC5,0x84,

/* 灌 */
0x05,0x07,0xFE,0x15,0x8B,0xFC,0xFF,0xC2,0xE4,0x5F,0xCF,0xFC,0xEA,0x44,0xFC,0x5F,0xE5,0x80,

/* 贯 */
0x21,0x02,0xD8,0xFF,0xE6,0xD0,0x7F,0x02,0x10,0x2D,0x82,0xD8,0x29,0x83,0xF0,0x31,0x8C,0x08,

/* 光 */
0x04,0x04,0xC8,0x2D,0x83,0xD0,0x3E,0x4F,0xFC,0x16,0x01,0x60,0x16,0x42,0x64,0x47,0xC8,0x18,

/* 广 */
0x04,0x00,0x44,0x7F,0xC4,0x00,0x40,0x04,0x00,0x40,0x04,0x00,0x40,0x0C,0x00,0x80,0x00,0x00,

/* 逛 */
0x04,0x07,0xC4,0x5B,0xC1,0x90,0x29,0x4D,0xFC,0x5D,0x06,0xD0,0x4D,0x45,0xFC,0xBF,0xE0,0xFC,

/* 瑰 */
0x02,0x0F,0xE8,0x4F,0xC4,0xAC,0x6F,0xCF,0xAC,0x4F,0xC4,0x78,0x77,0xCC,0xBE,0x1B,0x62,0x1C,

/* 规 */
0x60,0x06,0x7C,0x74,0xCF,0xFC,0x67,0xCF,0xFC,0x46,0xC7,0x70,0x53,0x2D,0x52,0x89,0xE2,0x08,

/* 圭 */
0x0C,0x00,0xC0,0x7F,0x80,0xC0,0x0C,0x4F,0xFC,0x0C,0x00,0xC8,0x7F,0x80,0xC0,0x0C,0x40,0x00,

/* 硅 */
0x01,0x01,0xB0,0xFF,0xC4,0x30,0x43,0x0F,0xFE,0xD3,0x0D,0x34,0x5F,0xCF,0x30,0xD3,0x60,0xFE,

/* 归 */
0x10,0x01,0x04,0x5F,0xC5,0x04,0x50,0x45,0x7C,0x50,0x45,0x04,0x70,0x42,0xFC,0x40,0x48,0x00,

/* 龟 */
0x10,0x03,0x20,0x3F,0x04,0x48,0xFF,0x84,0x88,0x7F,0x84,0x88,0x7F,0x84,0x82,0x0C,0x60,0x7C,

/* 闺 */
0x00,0x02,0xFC,0xEC,0x48,0xF4,0x9F,0x4F,0xFC,0x8C,0x4B,0xF4,0x8C,0x4F,0xFC,0xC1,0xC8,0x08,

/* 轨 */
0x22,0x06,0x20,0xFA,0x04,0x78,0xEF,0x8B,0xE8,0xA6,0x83,0xC8,0xE4,0x82,0xC8,0x28,0xE3,0x0C,

/* 鬼 */
0x08,0x05,0x98,0x4D,0x84,0xD8,0x6D,0x84,0x98,0x7F,0x81,0xF0,0x16,0x82,0x7C,0x47,0xC8,0x00,

/* 诡 */
0x04,0x04,0x78,0x69,0x01,0xB4,0xD8,0x06,0xF8,0x4E,0x84,0xE8,0x5F,0x87,0xE0,0x56,0x62,0x3C,

/* 癸 */
0x00,0x07,0xD8,0xD6,0xC7,0x30,0x63,0x07,0xFC,0x88,0xC7,0xF8,0x18,0x01,0x60,0x31,0x0C,0x08,

/* 桂 */
0x42,0x04,0x20,0x7F,0xCF,0x20,0x42,0x4F,0xFC,0xF2,0x0C,0x24,0x4F,0xC4,0x20,0x63,0x64,0x00,

/* 柜 */
0x60,0x06,0xFC,0x7C,0x0F,0xC0,0x6F,0xC7,0xCC,0xFC,0xCE,0xFC,0x6C,0x06,0xC0,0x6F,0xE6,0x00,

/* 跪 */
0x06,0x0F,0x78,0x9D,0x89,0xFE,0xF8,0x0E,0xFC,0xFE,0x8E,0xA8,0xEB,0x8F,0xA4,0xD3,0xE2,0x3C,

/* 贵 */
0x0C,0x07,0xF8,0x6D,0x87,0xF8,0x4C,0xCF,0xFC,0x7F,0x86,0xD8,0x69,0x84,0xF0,0x13,0x8E,0x0C,

/* 刽 */
0x10,0x43,0x84,0x6D,0x44,0x54,0xF9,0x40,0x14,0xFD,0x43,0x14,0x69,0x44,0xC4,0xFD,0xC0,0x0C,

/* 辊 */
0x40,0x04,0xFC,0xFC,0xCE,0xFC,0xEC,0xCF,0xD8,0x2D,0x42,0xFC,0xED,0x8A,0xD2,0x2F,0x62,0x8C,

/* 滚 */
0x06,0x04,0x24,0x5D,0x0A,0xC8,0xFE,0xC3,0xD8,0x4F,0x84,0x6C,0xC9,0x87,0x98,0xCE,0xE4,0xC4,

/* 棍 */
0x20,0x06,0xFC,0x68,0xCF,0xFC,0x6C,0xC7,0x98,0xF9,0x4E,0xFC,0x69,0x06,0x90,0x6F,0x66,0x9C,

/* 锅 */
0x40,0x04,0x7C,0xFC,0xC8,0x4C,0xF7,0xC4,0xB4,0xFF,0xE4,0xB4,0x4D,0xC7,0xC4,0x68,0xC0,0x84,

/* 郭 */
0x30,0x03,0x7E,0xCF,0x47,0xF8,0x4F,0x84,0xF8,0xFF,0xC1,0xB4,0xFF,0x49,0x3C,0x33,0x02,0x20,

/* 国 */
0x00,0x0F,0xFC,0xC1,0xCE,0xCC,0xC8,0xCF,0xFC,0xCE,0xCC,0xBC,0xFF,0xCC,0x0C,0xFF,0xCC,0x08,

/* 果 */
0x00,0x07,0xF8,0x6D,0x87,0xF8,0x6D,0x87,0xF8,0xFF,0xC1,0xE0,0x3F,0x06,0xDC,0x8C,0xC0,0x80,

/* 裹 */
0x0C,0x0F,0xFC,0x3F,0x82,0xD8,0x2D,0x83,0xFC,0xFF,0xE3,0xD8,0xDD,0xC3,0x70,0xFF,0xC3,0x0C,

/* 过 */
0x01,0x06,0x10,0x61,0x41,0xFC,0x09,0x0E,0xD0,0x4D,0x04,0x10,0x41,0x06,0x30,0x9F,0xC0,0x7C,

/* 哈 */
0x02,0x0A,0x70,0xE5,0x0A,0xD8,0xA8,0xEB,0xFC,0xA8,0x8E,0xF8,0xA8,0x88,0x88,0x0F,0x80,0x88,

/* 骸 */
0x01,0x0D,0x94,0xFF,0xCF,0xB0,0xFE,0x8F,0xF8,0x51,0x47,0x2C,0x75,0x85,0x3C,0x76,0x45,0x80,

/* 孩 */
0x02,0x0F,0x34,0x3F,0xE6,0x68,0x65,0x87,0xF0,0xE3,0xCE,0x6C,0x69,0x86,0x3C,0xEC,0x45,0x00,

/* 海 */
0x0C,0x04,0x84,0x5F,0xCB,0xF8,0xFE,0x85,0xA8,0x7F,0xE5,0x48,0xD6,0x8D,0xFC,0xC1,0x8C,0x30,

/* 氦 */
0x60,0x07,0xFC,0x7F,0x0F,0xF8,0x11,0x8F,0xF0,0x35,0x07,0xD8,0x36,0x86,0xCA,0xB3,0xEC,0x02,

/* 亥 */
0x08,0x00,0xC4,0xFF,0xC1,0xA0,0x33,0x07,0xE0,0x6D,0x81,0xB0,0x66,0x08,0xF0,0x39,0x84,0x08,

/* 害 */
0x08,0x0F,0xFC,0xCC,0xCF,0xF8,0x0D,0x07,0xF0,0x0C,0xCC,0xD0,0x3F,0x02,0x10,0x3F,0x06,0x10,

/* 骇 */
0x02,0x0F,0x34,0x7F,0xEF,0x20,0xE4,0x8A,0xF8,0xFB,0x01,0x6C,0xFD,0x81,0x38,0x7C,0xC7,0x84,

/* 酣 */
0x00,0x8F,0xEC,0x66,0xCF,0xFE,0xFE,0xCF,0xEC,0xFF,0xC9,0xEC,0xFE,0xC9,0xEC,0xFF,0xC8,0x48,

/* 憨 */
0x02,0x05,0xA4,0xFF,0xC7,0x68,0x5B,0x87,0x90,0xFB,0xC9,0xC4,0x7D,0x8E,0x5C,0xBF,0x41,0xE0,

/* 邯 */
0x48,0x04,0xBE,0x4F,0x4F,0xF8,0x4B,0x84,0xBC,0x7B,0x44,0xB6,0x4B,0xE7,0xBC,0x4B,0x04,0x30,

/* 韩 */
0x21,0x02,0x94,0xFF,0xEF,0x90,0xDF,0xCF,0x90,0x8F,0xEF,0x94,0x29,0x4F,0x9C,0x21,0x42,0x10,

/* 含 */
0x0C,0x01,0xC0,0x12,0x02,0xDC,0xC4,0xE7,0xF0,0x02,0x00,0x60,0x3F,0x82,0x10,0x21,0x02,0x10,

/* 涵 */
0x40,0x86,0x9C,0x23,0x0E,0xA8,0x7F,0xE3,0x74,0x57,0xCD,0xAC,0xD2,0x45,0x64,0xDF,0xC0,0x04,

/* 寒 */
0x0C,0x07,0xFC,0x9A,0xCF,0xF8,0x12,0x87,0xF8,0x1A,0xC3,0x30,0x2D,0x84,0x4E,0x8C,0x00,0x60,

/* 函 */
0x00,0x87,0xF8,0x06,0x08,0xD0,0xFF,0xCD,0xC4,0xDE,0x4F,0xF4,0xED,0xCC,0xC4,0xFF,0xC0,0x00,

/* 喊 */
0x01,0x00,0x1C,0xFB,0x6B,0x30,0xBF,0x4B,0x1C,0xBF,0xCF,0xB8,0x9F,0x83,0xFA,0x22,0x64,0xC2,

/* 罕 */
0x00,0x07,0xFC,0xD3,0x8B,0x18,0x40,0x87,0xF8,0x0C,0x00,0xCC,0x8C,0x00,0xC0,0x0C,0x00,0xC0,

/* 翰 */
0x22,0x07,0xB0,0xF5,0x8F,0xCE,0x9F,0xCF,0x34,0x9F,0xCF,0xFC,0xFF,0xC7,0xF4,0x6E,0xC6,0x48,

/* 撼 */
0x41,0x04,0x1C,0x7F,0xCF,0xB4,0x59,0xC7,0xF8,0xDF,0xAD,0xFE,0x66,0x65,0xEC,0xFD,0xE4,0x78,

/* 捍 */
0x60,0x06,0xFC,0x7C,0xCF,0xFC,0x6C,0xC6,0xCC,0xEF,0xCE,0x20,0x7F,0xE6,0x20,0xE2,0x04,0x20,

/* 旱 */
0x00,0x87,0xF8,0x7F,0x86,0x18,0x7F,0x80,0x08,0x7F,0x80,0xC4,0xFF,0xE0,0xC0,0x0C,0x00,0xC0,

/* 憾 */
0x43,0x84,0x3C,0x5F,0xCF,0x30,0xFB,0xC5,0xF8,0x5F,0x86,0xBC,0x6E,0x65,0xA4,0x7D,0xC4,0x70,

/* 悍 */
0x40,0x04,0xFC,0x48,0x8E,0x88,0xFF,0x8C,0x88,0x5F,0xC4,0x24,0x7F,0xE4,0x20,0x42,0x04,0x20,

/* 焊 */
0x68,0x86,0xCC,0x7C,0x8F,0xCC,0xEF,0xCC,0x8C,0x4F,0xC4,0x20,0x7F,0xEF,0x20,0x82,0x00,0x20,

/* 汗 */
0x00,0x07,0xFC,0x22,0x0A,0x20,0xE2,0x07,0xFE,0x42,0x04,0x20,0xC2,0x04,0x20,0xC2,0x00,0x20,

/* 汉 */
0x00,0x07,0xF8,0x68,0x89,0x98,0xE9,0x82,0x50,0x67,0x04,0x60,0xC6,0x0C,0xD8,0xD8,0xC6,0x00,

/* 夯 */
0x08,0x00,0x84,0xFF,0xC1,0x20,0x39,0x86,0x8E,0x89,0x07,0xF8,0x19,0x01,0x10,0x67,0x0C,0x30,

/* 杭 */
0x42,0x04,0x20,0x7F,0xCF,0x00,0x47,0x0E,0x50,0xF5,0x0C,0x50,0x4D,0x04,0xD4,0x49,0xE7,0x08,

/* 航 */
0x22,0x0F,0x10,0xFF,0xEF,0x80,0xF7,0x8F,0x68,0xF6,0x8F,0x68,0xB6,0x89,0x4A,0xBC,0xE1,0x84,

/* 壕 */
0x42,0x05,0xFC,0x4F,0x86,0xC8,0x5F,0xC5,0x9C,0x5F,0x87,0xFC,0xFF,0x8B,0xFC,0x3F,0x40,0x60,

/* 嚎 */
0x06,0x0F,0xFC,0xEF,0x8E,0xF8,0xFF,0xCF,0xFE,0xFE,0x8F,0xFC,0x8E,0x81,0xEC,0x1A,0x60,0x60,

/* 豪 */
0x08,0x0F,0xFC,0x3F,0x03,0xF0,0x7F,0x4C,0x3C,0xBF,0x03,0xB0,0xFE,0x0F,0xD8,0x74,0xC8,0xC0,

/* 毫 */
0x0C,0x0F,0xFC,0x3F,0x03,0x10,0x3F,0x0F,0xFE,0x8F,0xC7,0x90,0x7F,0x80,0xFC,0xE8,0x40,0xFC,

/* 郝 */
0x10,0x01,0x3E,0x7F,0x41,0x1C,0xFF,0x82,0x98,0xED,0x4E,0xF6,0xEF,0x64,0xBC,0xFB,0x09,0x30,

/* 好 */
0x60,0x06,0xFC,0x50,0x8F,0x10,0x51,0x05,0x34,0xFF,0xCE,0x10,0x71,0x07,0x10,0xC7,0x00,0x20,

/* 耗 */
0x20,0x82,0x18,0xFE,0x07,0x28,0xF3,0xCF,0xE0,0x62,0x67,0xF0,0xFA,0x0A,0x24,0x23,0xE6,0x1C,

/* 号 */
0x01,0x02,0x18,0x21,0x03,0xF0,0x21,0x4F,0xFE,0x10,0x03,0xF8,0x01,0x00,0x10,0x0F,0x00,0x60,

/* 浩 */
0x02,0x04,0xA0,0x5E,0xCB,0xA0,0xF2,0x07,0xFE,0x40,0x04,0xF8,0xC8,0x8C,0x88,0xDF,0x8D,0x88,

/* 呵 */
0x00,0x0F,0xFC,0xE0,0x8E,0xE8,0xEA,0x8E,0xA8,0xEA,0x8E,0xE8,0xAA,0x88,0x08,0x03,0x80,0x18,

/* 喝 */
0x08,0x8E,0xCC,0xAF,0xCA,0x8C,0xAF,0x8A,0x44,0xAF,0xEF,0xB4,0xBD,0xC0,0xDC,0x1F,0xC0,0x0C,

/* 荷 */
0x12,0x0F,0xFC,0x12,0x03,0x24,0x7F,0xE7,0x28,0xDE,0x8D,0xA8,0x5E,0x85,0xE8,0x43,0x84,0x18,

/* 菏 */
0x12,0x0F,0xFC,0x12,0x05,0x24,0x7F,0xCB,0xE8,0xFA,0x85,0xA8,0x5E,0x8D,0xA8,0xC3,0x8C,0x18,

/* 核 */
0x62,0x06,0x34,0x7F,0xEF,0x60,0x65,0x87,0xF0,0xFB,0x4E,0x6C,0x6D,0x87,0x38,0x6C,0xC5,0x84,

/* 禾 */
0x01,0x03,0xF8,0x0C,0x00,0xCC,0xFF,0xC1,0xE0,0x3E,0x02,0xD0,0x4D,0xC8,0xCC,0x0C,0x00,0x80,

/* 和 */
0x00,0x07,0x80,0xA3,0xC2,0xE4,0xFE,0x43,0x24,0x7A,0x46,0xE4,0xA2,0xC2,0x3C,0x26,0x42,0x00,

/* 何 */
0x20,0x07,0xFC,0x40,0x85,0x28,0xDE,0x8D,0x28,0x52,0x85,0xE8,0x52,0x84,0x08,0x43,0x84,0x18,

/* 合 */
0x0C,0x01,0xC0,0x12,0x03,0x30,0x61,0xCB,0xFC,0x00,0x03,0xF0,0x21,0x02,0x10,0x3F,0x06,0x10,

/* 盒 */
0x0C,0x00,0xC0,0x13,0x07,0xFE,0xE1,0x43,0xF0,0x3F,0x02,0x10,0x7F,0x85,0xF8,0x5F,0xCF,0xFC,

/* 貉 */
0x22,0x06,0x68,0xFF,0x8F,0xF8,0xEB,0x0E,0x38,0x74,0xEB,0xFC,0x54,0x89,0x48,0x77,0x82,0x48,

/* 阂 */
0x40,0x06,0xFC,0xA8,0xCF,0xFC,0x9A,0xC9,0x6C,0xBC,0xC9,0xBC,0xB6,0xC9,0xBC,0xA1,0xC8,0x08,

/* 河 */
0x00,0x07,0xFE,0x40,0x8B,0x28,0xBE,0x83,0xA8,0x5A,0x85,0xE8,0xDA,0x84,0x08,0xC3,0x84,0x18,

/* 涸 */
0x40,0x07,0xFC,0x32,0x4F,0xFC,0xF2,0x45,0x74,0x55,0x4D,0x54,0xD7,0x4D,0x44,0xDF,0xC1,0x04,

/* 赫 */
0x21,0x02,0x14,0xFF,0xC2,0x10,0xFF,0xE7,0x38,0xFE,0xCD,0xEC,0xDE,0xE5,0xE8,0xB5,0x81,0x98,

/* 褐 */
0x40,0x06,0xFC,0x2F,0xCF,0xCC,0x7F,0xC7,0x64,0xEF,0xE7,0xB4,0x7F,0xC4,0xDC,0x49,0xC4,0x0C,

/* 鹤 */
0x21,0x02,0x34,0xFF,0xCF,0xB4,0x5A,0xCF,0xBC,0xFE,0xE5,0x3E,0x7D,0xE5,0xC6,0x79,0xC4,0x0C,

/* 贺 */
0x20,0x02,0xBC,0xEA,0x46,0xA4,0x5B,0xCE,0x28,0x3F,0x82,0xC8,0x2C,0x82,0xC8,0x13,0x8E,0x08,

/* 嘿 */
0x00,0x0B,0xFC,0xBF,0xCB,0xF4,0xBB,0x4B,0xFC,0xBF,0xCE,0x24,0x9F,0xE0,0x44,0x15,0x43,0x54,

/* 黑 */
0x00,0x87,0xF8,0x7F,0x85,0xE8,0x7F,0x84,0xC8,0x7F,0x80,0xC4,0xFF,0xC5,0x58,0xDA,0xC8,0x24,

/* 痕 */
0x04,0x04,0x64,0x70,0x8F,0xF8,0xF8,0x87,0xF8,0xF9,0x8D,0xCC,0x5B,0x85,0xB0,0x9D,0xC1,0x8C,

/* 很 */
0x20,0x02,0xF8,0x48,0x8B,0xF8,0x68,0x86,0xF8,0xEA,0xC6,0xAC,0x6B,0x06,0x98,0x6E,0xE4,0x84,

/* 狠 */
0x00,0x0B,0xF8,0x68,0x8E,0xF8,0x28,0x86,0xF8,0x6A,0xCA,0xAC,0x29,0x02,0x98,0xEE,0xE4,0x84,

/* 恨 */
0x40,0x84,0xF8,0x48,0x87,0xF8,0xF8,0x8C,0xF8,0x4A,0xC4,0xAC,0x4B,0x04,0x98,0x4C,0xE5,0x84,

/* 哼 */
0x02,0x0A,0x36,0xF8,0xCA,0xFC,0xAC,0xCA,0xFC,0xBF,0xCE,0x0C,0xA3,0x08,0x30,0x03,0x00,0x60,

/* 亨 */
0x08,0x00,0xC4,0xFF,0xC3,0xF0,0x21,0x03,0xF0,0x7F,0x80,0x38,0x0E,0x00,0xC0,0x1C,0x01,0x80,

/* 横 */
0x45,0x04,0x54,0x7F,0xCF,0x5C,0x5A,0x8F,0xFC,0xFA,0x8C,0xF8,0x4F,0xC4,0xD8,0x5C,0xC7,0x04,

/* 衡 */
0x28,0x07,0xFC,0x94,0x07,0xE4,0x7B,0xE5,0xE8,0xDE,0x8D,0xE8,0x7F,0x84,0xC8,0x53,0x86,0x08,

/* 恒 */
0x40,0x05,0xFC,0x40,0x0E,0xF8,0xE8,0x8C,0x88,0x4F,0x84,0x88,0x4F,0x84,0x80,0x40,0x44,0x00,

/* 轰 */
0x08,0x0F,0xFC,0x3C,0x06,0xD8,0x0C,0x4F,0xFC,0x08,0x8F,0xF8,0x73,0x03,0x30,0x5F,0xC1,0x84,

/* 哄 */
0x05,0x0A,0x50,0xE5,0x0B,0xFC,0xA5,0x0A,0x50,0xA5,0x0F,0xFE,0xA5,0x08,0xC8,0x18,0xC2,0x04,

/* 烘 */
0x65,0x86,0x58,0x75,0x87,0xFC,0xE5,0x8C,0x58,0x45,0x85,0xFE,0x74,0x0D,0xCC,0x98,0x42,0x04,

/* 虹 */
0x20,0x06,0x04,0xF7,0xCF,0x90,0xF1,0x0F,0x10,0xF9,0x0F,0x10,0xF1,0x07,0x90,0xCB,0x60,0x00,

/* 鸿 */
0x01,0x04,0xF4,0x3F,0xCB,0x7C,0xD5,0xC5,0x78,0x56,0xC5,0xFE,0xE1,0xE4,0x04,0xC1,0xC4,0x0C,

/* 洪 */
0x4D,0x06,0xD0,0x2D,0x0B,0xFC,0xED,0x06,0xD0,0x4D,0x07,0xFE,0xCD,0x04,0xC8,0xD0,0xCE,0x04,

/* 宏 */
0x0C,0x00,0x40,0x7F,0xEC,0xCC,0x88,0x4F,0xFE,0x14,0x03,0x60,0x2C,0x04,0x90,0x9F,0x81,0x8C,

/* 弘 */
0x00,0x0F,0x90,0x1B,0x01,0xB0,0xFA,0x08,0x20,0xF2,0x01,0x68,0x14,0x83,0x4C,0xEF,0x46,0x00,

/* 红 */
0x00,0x06,0x04,0x4F,0xCD,0x30,0xB3,0x0E,0x30,0x43,0x0F,0x30,0xC3,0x01,0x30,0xFF,0xE0,0x00,

/* 喉 */
0x08,0x0A,0xF8,0xE9,0xCB,0xFE,0xBA,0x0B,0xFC,0xAD,0x0A,0xFE,0xEB,0x88,0xA8,0x1E,0xC1,0xC6,

/* 侯 */
0x20,0x06,0xF8,0x41,0x47,0xFE,0xC8,0x8D,0xFC,0x56,0x47,0xFE,0x47,0x04,0xD0,0x58,0xE7,0x04,

/* 猴 */
0x28,0x0F,0xB8,0xD8,0xCD,0xFC,0x76,0x07,0x7C,0xFB,0x0B,0xFC,0x33,0x07,0x28,0xD4,0xC5,0x84,

/* 吼 */
0x00,0x0B,0xF8,0xE5,0x8A,0x58,0xAD,0x8A,0xF8,0xBD,0x8F,0xD8,0xAD,0x88,0xD8,0x1D,0xE0,0x8C,

/* 厚 */
0x00,0x47,0xFC,0x5F,0x85,0xF8,0x51,0x85,0xF8,0x5F,0xC4,0x30,0xFF,0xE8,0x60,0x0E,0x00,0x40,

/* 候 */
0x20,0x06,0xF8,0x61,0xC7,0xFE,0xF4,0x8D,0xFC,0x5A,0x07,0xFE,0x73,0x07,0x58,0x4C,0xC7,0x04,

/* 后 */
0x00,0x07,0xF8,0x60,0x06,0x04,0x7F,0xC4,0x00,0x5F,0x85,0x08,0x50,0x8D,0x08,0x9F,0x81,0x00,

/* 呼 */
0x00,0xCF,0xF8,0xA3,0x4A,0xBC,0xAF,0x8A,0x74,0xBF,0xEE,0x30,0xA3,0x08,0x30,0x07,0x00,0x20,

/* 乎 */
0x01,0x87,0xF8,0x0D,0x82,0xD8,0x2F,0x02,0xE4,0xFF,0xE0,0xC0,0x0C,0x00,0xC0,0x3C,0x00,0x80,

/* 忽 */
0x10,0x03,0x08,0x3F,0xC5,0xA8,0x96,0x86,0xC8,0x1B,0x86,0x90,0x3C,0x8A,0x54,0xB1,0x41,0xF0,

/* 瑚 */
0x00,0x0F,0xDC,0x49,0x45,0xF4,0x49,0xCF,0xD4,0x5F,0xC5,0x54,0x5F,0x4F,0xE4,0x12,0xC0,0xCC,

/* 壶 */
0x00,0x00,0xCC,0x7F,0xC0,0xD8,0x20,0x0F,0xFE,0x9E,0x8D,0xE8,0x3F,0x03,0xF0,0x1E,0x48,0x00,

/* 葫 */
0x12,0x0B,0x6C,0x32,0x02,0x7C,0x6E,0xC6,0x6C,0x36,0xCF,0xEC,0x97,0xCF,0xCC,0x99,0xC3,0x08,

/* 胡 */
0x20,0x02,0x7C,0x2E,0x4F,0xE4,0x27,0xC3,0x64,0xFE,0xC9,0x6C,0x94,0x4F,0xC4,0x99,0xC3,0x08,

/* 蝴 */
0x44,0x04,0x5E,0xF5,0x4F,0xF4,0xF5,0x4F,0xD4,0xFF,0xCE,0xB4,0x7F,0x4F,0xF4,0x8E,0xC0,0x04,

/* 狐 */
0x00,0x0B,0xBC,0x4F,0x0C,0xB8,0x6A,0x86,0xA8,0xEA,0x8A,0xA8,0x2B,0x87,0xBC,0xF7,0xC6,0x04,

/* 糊 */
0x64,0x07,0x5C,0xF5,0x4F,0xF4,0xFD,0xC6,0xD4,0xFF,0xCF,0xF4,0xCF,0x44,0xF4,0x42,0xC4,0x8C,

/* 湖 */
0x08,0x04,0x9C,0x69,0x4B,0xFC,0xE9,0x44,0xF4,0x5F,0xCD,0x74,0xD6,0x4D,0xE4,0xD5,0xC8,0x80,

/* 弧 */
0x00,0x8E,0xFC,0x2F,0x0A,0xB0,0xEA,0x88,0xA8,0xEA,0x82,0xA8,0x3B,0xC7,0x7C,0xF7,0x6E,0x00,

/* 虎 */
0x0C,0x00,0xF8,0x4C,0x47,0xFC,0x4F,0x87,0x8C,0x4F,0x85,0xA0,0x5A,0x4D,0xA4,0x93,0xE6,0x1C,

/* 唬 */
0x02,0x0A,0x3C,0xFE,0x4A,0xEC,0xAB,0xCA,0xE4,0xBB,0xCF,0xF8,0xB5,0x01,0x50,0x2D,0xE5,0x8C,

/* 护 */
0x22,0x06,0x10,0x7F,0xCF,0xC4,0x6C,0x47,0xFC,0xEC,0x4E,0xC0,0x68,0x06,0x80,0xF0,0x06,0x00,

/* 互 */
0x00,0x0F,0xFC,0x10,0x01,0x10,0x1F,0x01,0x10,0x33,0x03,0xF0,0x03,0x00,0x24,0xFF,0xE0,0x00,

/* 沪 */
0x02,0x06,0x30,0x3F,0xC8,0x84,0xE8,0x42,0x8C,0x68,0xC4,0x80,0x48,0x05,0x00,0x70,0x02,0x00,

/* 户 */
0x0C,0x00,0x40,0x7F,0xC6,0x08,0x60,0x86,0x08,0x60,0x84,0x00,0x40,0x04,0x00,0x80,0x00,0x00,

/* 花 */
0x12,0x01,0x24,0xFF,0xC1,0x20,0x36,0x02,0x68,0x67,0x06,0x60,0xAE,0x43,0x64,0x27,0xE2,0x00,

/* 哗 */
0x05,0x0E,0xD4,0xA9,0xCB,0x98,0xBF,0x4A,0x9E,0xAB,0xCE,0x20,0xBF,0xE0,0x20,0x02,0x00,0x20,

/* 华 */
0x14,0x03,0x6C,0x27,0xC6,0x70,0xAE,0x42,0x7E,0x27,0xC0,0xC4,0xFF,0xE0,0xC0,0x0C,0x00,0xC0,

/* 猾 */
0x00,0x8E,0xC8,0x6F,0x8E,0xA8,0x3F,0xE7,0xFC,0x68,0x8A,0xF8,0x2F,0x82,0x88,0xE9,0x84,0x88,

/* 滑 */
0x00,0x04,0xF8,0x4E,0x8B,0xA8,0xFF,0xE7,0x9C,0x59,0x8D,0xF8,0xD9,0x8D,0x98,0xDB,0x81,0x90,

/* 画 */
0x00,0x4F,0xFC,0x02,0x03,0xF0,0xFF,0xCF,0xFC,0xFF,0xCF,0xFC,0xFF,0xCE,0x2C,0xFF,0xC0,0x08,

/* 划 */
0x20,0x42,0x84,0x29,0x43,0xD4,0xE1,0x42,0xD4,0x29,0x43,0x14,0x35,0x47,0xC4,0xCD,0xC0,0x4C,

/* 化 */
0x34,0x03,0x40,0x24,0x06,0x4C,0xE5,0x8E,0x70,0x66,0x06,0xC0,0x74,0x46,0x44,0x67,0xE4,0x10,

/* 话 */
0x00,0x84,0xF8,0x42,0x00,0x20,0xFF,0xE4,0x20,0x4A,0x84,0xCC,0x58,0xC6,0x8C,0x6F,0xC4,0x88,

/* 槐 */
0x42,0x04,0xEC,0x7B,0xCF,0xAC,0x5F,0xCF,0xAC,0xFF,0xC4,0x78,0x47,0xC4,0xFC,0x5B,0x66,0x1C,

/* 徊 */
0x20,0x07,0xFC,0xD8,0x4B,0xD4,0x7F,0x45,0xD4,0xDD,0x45,0xF4,0x5D,0x45,0x84,0x5F,0xC5,0x84,

/* 怀 */
0x40,0x05,0xFC,0x43,0x06,0x20,0xF6,0x0C,0x68,0x4A,0xC5,0x24,0x72,0x04,0x20,0x42,0x04,0x20,

/* 淮 */
0x06,0x06,0xD0,0x39,0x4B,0xFC,0xF9,0x43,0xFC,0x69,0x04,0xFC,0xC9,0x04,0x90,0xCF,0xE4,0x80,

/* 坏 */
0x40,0x05,0xFE,0x42,0x07,0x20,0x66,0x04,0x68,0x4E,0xC4,0xA4,0xF2,0x4B,0x20,0x22,0x00,0x20,

/* 欢 */
0x06,0x00,0x40,0xF4,0x43,0xFC,0xAB,0x87,0x30,0x63,0x06,0x70,0x75,0x89,0x48,0x18,0xC2,0x04,

/* 环 */
0x00,0x4F,0xFE,0x63,0x06,0x20,0x77,0x0E,0x78,0x6A,0x47,0x26,0x72,0x0C,0x20,0x02,0x00,0x20,

/* 桓 */
0x40,0x05,0xFC,0x60,0x0F,0xFC,0x48,0x8E,0xC8,0xFC,0x84,0x88,0x4F,0x84,0x88,0x40,0x64,0x00,

/* 还 */
0x00,0x05,0xFC,0x43,0x00,0x60,0x46,0x0C,0xE8,0x5A,0xC5,0x24,0x42,0x04,0x20,0xBF,0xE0,0x7C,

/* 缓 */
0x00,0x86,0xFC,0x4A,0xCB,0xA8,0xEF,0xC6,0x64,0x5F,0xCE,0xF8,0x1F,0x8F,0x30,0xA7,0xC1,0x84,

/* 换 */
0x44,0x04,0x78,0x6D,0x0F,0xB0,0x7F,0xC7,0xA8,0xCA,0x8F,0xFE,0x47,0x04,0x50,0xC8,0xCF,0x04,

/* 患 */
0x0C,0x07,0xF8,0x4C,0x87,0xF8,0xCC,0x8C,0xCC,0xFF,0xC0,0xC0,0xBC,0x8A,0x54,0xBF,0x61,0xE0,

/* 唤 */
0x04,0x02,0x78,0xE9,0x0B,0xA8,0xBF,0xCA,0xA8,0xAA,0x8F,0xFE,0xA7,0x00,0x50,0x08,0xC3,0x04,

/* 痪 */
0x04,0x07,0xFC,0x6C,0x0E,0xF0,0xFB,0x87,0xF8,0xFA,0x8F,0xEC,0x7F,0xC4,0x50,0x89,0xE3,0x04,

/* 豢 */
0x08,0x02,0xB0,0x3B,0x81,0x84,0xFF,0xC3,0xFC,0xD9,0xC7,0xF0,0xFE,0x07,0xD8,0x64,0xC9,0xC0,

/* 焕 */
0x46,0x04,0x70,0x6D,0x07,0xA0,0xFF,0xCC,0xA8,0x4A,0x85,0xFE,0x67,0x0B,0x50,0x88,0xC3,0x04,

/* 涣 */
0x04,0x04,0xF0,0x7B,0x0B,0x20,0xFF,0xC7,0x28,0x52,0x87,0xFE,0xC7,0x0C,0xD0,0xC8,0xC7,0x04,

/* 宦 */
0x08,0x08,0xC4,0xC0,0xEC,0x18,0x7F,0x84,0xC0,0x7F,0x84,0x18,0x7F,0x84,0xC0,0x4C,0x47,0xFC,

/* 幻 */
0x20,0x02,0x04,0x67,0xC4,0x84,0xD8,0x4F,0x04,0x30,0x43,0x04,0x48,0x4F,0xCC,0xCF,0xC0,0x08,

/* 荒 */
0x13,0x0F,0xFC,0x1B,0x00,0x44,0xFF,0xC2,0x08,0x3F,0x82,0xD0,0x2D,0x02,0xD0,0x6D,0xE8,0xCC,

/* 慌 */
0x45,0x04,0xDC,0x7F,0x8E,0xF0,0xFF,0xEC,0x80,0x4F,0xC4,0xA8,0x4A,0x84,0xA8,0x52,0xE6,0x2C,

/* 黄 */
0x12,0x01,0x2C,0xFF,0xCF,0xFE,0x0C,0x07,0xF8,0x6D,0x87,0xF8,0x6D,0x87,0x70,0x71,0x8C,0x0C,

/* 磺 */
0x05,0x0F,0x5C,0x4F,0xC4,0x5C,0xFB,0xCE,0xFC,0xEA,0xCE,0xFC,0xEB,0xCE,0xF8,0xCC,0xC1,0x04,

/* 蝗 */
0x43,0x06,0x74,0xF4,0xCF,0x7C,0xF4,0x4F,0x7C,0xF4,0x4F,0xFC,0x71,0x47,0xFC,0x91,0x00,0xFE,

/* 簧 */
0x22,0x07,0xFC,0xFD,0x09,0xB8,0x7F,0xCF,0xFE,0x7F,0x86,0xD8,0x7F,0x87,0xF8,0x33,0x8C,0x0C,

/* 皇 */
0x08,0x02,0x98,0x61,0x87,0xF8,0x61,0x87,0xF8,0x60,0xC7,0xF8,0x0D,0x80,0xC0,0x0C,0x4F,0xFC,

/* 凰 */
0x00,0x07,0xF8,0x5E,0x85,0x38,0x5E,0x85,0x28,0x52,0x87,0xF8,0x4E,0xAD,0xCE,0xFF,0xE0,0x02,

/* 惶 */
0x42,0x04,0xEC,0x48,0xC6,0xFC,0xF8,0xCC,0xFC,0x48,0x45,0xFC,0x42,0xC4,0xF8,0x42,0x64,0x00,

/* 煌 */
0x62,0x06,0xA8,0x6C,0xC7,0xFC,0xE8,0xCE,0xFC,0xC8,0x44,0xFC,0x73,0xC7,0xF8,0x82,0x61,0xFC,

/* 晃 */
0x00,0x07,0xF8,0x7F,0x84,0x18,0x7F,0x86,0xD8,0x2F,0x0F,0xFE,0x16,0x03,0x64,0x66,0x4C,0x3C,

/* 幌 */
0x40,0x04,0xFC,0xFF,0xCF,0x8C,0xFF,0x8F,0xAC,0xF7,0xCF,0xFC,0xF5,0x04,0x54,0x49,0xE7,0x0C,

/* 恍 */
0x42,0x04,0x2C,0x4A,0xCE,0xF8,0xF3,0x4F,0xFE,0x45,0x04,0xD0,0x4D,0x04,0x94,0x51,0xE6,0x18,

/* 谎 */
0x05,0x04,0xDE,0x5F,0x80,0x70,0xFF,0xE4,0x88,0x4F,0xC4,0xF8,0x7B,0x86,0xBA,0x53,0xE2,0x2C,

/* 灰 */
0x10,0x01,0x04,0xFF,0xC3,0x40,0x24,0x03,0x58,0x77,0x07,0xE0,0x8B,0x01,0x98,0x30,0xC4,0x00,

/* 挥 */
0x40,0x04,0xFE,0x7A,0x4F,0x64,0x4F,0xC7,0xF0,0xEF,0xCC,0xB0,0x43,0x65,0x30,0xC3,0x04,0x30,

/* 辉 */
0x60,0x07,0xFE,0xFB,0x4F,0x7C,0xE7,0x0F,0x50,0x67,0xC6,0x10,0x7F,0xEB,0x10,0xA1,0x00,0x10,

/* 徽 */
0x48,0x85,0xF8,0xBF,0x07,0xFE,0x7F,0xCD,0xFC,0xDD,0x85,0xF8,0x7F,0x87,0xF8,0xFB,0xEC,0xC0,

/* 恢 */
0x44,0x04,0x44,0x5F,0xEE,0xE0,0xEB,0x0C,0xEC,0x5F,0x85,0xF0,0x67,0x84,0x48,0x48,0xE7,0x00,

/* 蛔 */
0x20,0x06,0xFC,0xFC,0x4F,0xFC,0xFF,0xCF,0xFC,0xFF,0xCF,0xFC,0x7F,0x47,0xC4,0xCF,0xC0,0xC4,

/* 回 */
0x00,0x07,0xFC,0x40,0x85,0xE8,0x52,0x85,0x28,0x52,0x85,0xA8,0x40,0x87,0xF8,0x40,0xC0,0x00,

/* 毁 */
0x00,0x0F,0xB8,0x8A,0x8F,0xEC,0x8C,0xEF,0xFC,0x8A,0xCF,0xA8,0x23,0x83,0xB8,0xE6,0xC1,0x84,

/* 悔 */
0x44,0x04,0xCC,0x68,0x0F,0xF8,0xCE,0x84,0xA8,0x7F,0xE4,0xA8,0x4A,0x85,0xFE,0x43,0x84,0x30,

/* 慧 */
0x21,0x0F,0xFC,0x21,0x4F,0xFC,0xFF,0xC6,0x38,0x40,0x87,0xF8,0x7F,0x83,0xD8,0xB3,0x49,0xE0,

/* 卉 */
0x00,0x00,0xC0,0xFF,0xC0,0xC0,0x3D,0x02,0x90,0xFF,0xE2,0x10,0x21,0x02,0x10,0x41,0x08,0x10,

/* 惠 */
0x00,0x0F,0xFC,0x4D,0x87,0xF8,0x7F,0x86,0xC8,0x7F,0x8F,0xF8,0x68,0xC3,0xDC,0xB1,0x49,0xF0,

/* 晦 */
0x04,0x0E,0x44,0xAF,0xCB,0xF8,0xBA,0xCE,0xA8,0xBF,0xEA,0xA8,0xAA,0x8B,0xFC,0x81,0x80,0x18,

/* 贿 */
0x01,0x0F,0x34,0x9F,0xEF,0x60,0xF7,0xCF,0xE4,0xFF,0xCD,0x64,0xF7,0xC7,0x64,0x96,0xC0,0x48,

/* 秽 */
0x01,0x07,0xD6,0x6D,0x67,0xD4,0xFF,0xC6,0x20,0xF7,0xCE,0x6C,0xEA,0x87,0x10,0x62,0x07,0xC0,

/* 会 */
0x0C,0x01,0xC0,0x12,0x03,0x30,0x63,0xCF,0xEC,0x00,0x8F,0xFC,0x18,0x03,0x30,0x7F,0x86,0x08,

/* 烩 */
0x42,0x06,0x70,0x75,0x07,0xCC,0xE8,0xED,0xF8,0x40,0x45,0xFC,0x66,0x07,0x48,0x9F,0xC0,0xCC,

/* 汇 */
0x00,0x04,0xFC,0x58,0x0A,0x80,0xE8,0x06,0x80,0x48,0x04,0x80,0xC8,0x0C,0x80,0xDF,0xC0,0x00,

/* 讳 */
0x02,0x04,0x20,0x7F,0xE0,0x20,0x4F,0xC4,0x20,0x5F,0xC4,0x24,0x52,0x46,0x3C,0x62,0x84,0x20,

/* 诲 */
0x04,0x06,0xC4,0x48,0x01,0xFC,0xFA,0x84,0xAC,0x7F,0xE4,0xA8,0x6A,0x87,0xFE,0xC3,0x84,0x10,

/* 绘 */
0x02,0x06,0x60,0x55,0x0B,0xD8,0xE9,0xEF,0xFC,0x40,0x0F,0xFC,0x84,0x07,0xD8,0xDF,0xC1,0x8C,

/* 荤 */
0x12,0x0F,0xFC,0x12,0x0F,0xFE,0x98,0xC7,0xF8,0x3C,0x07,0xD8,0x2C,0x4F,0xFE,0x0C,0x00,0xC0,

/* 昏 */
0x01,0x87,0xE0,0x44,0x87,0xFC,0x46,0x0F,0x34,0xFF,0xE2,0x10,0x3F,0x02,0x10,0x3F,0x02,0x10,

/* 婚 */
0x40,0x04,0xF8,0x4B,0x0F,0xFE,0x69,0x0E,0xCE,0xA8,0xEA,0xFC,0x6F,0x87,0xC8,0x9F,0x80,0x88,

/* 魂 */
0x02,0x02,0xEC,0xFA,0xC0,0xAC,0xFF,0xC4,0xAC,0xCF,0xCA,0x78,0xF7,0xC8,0xFE,0x1B,0xE2,0x1C,

/* 浑 */
0x40,0x45,0x6E,0x36,0x4B,0xFC,0xCA,0x04,0xA0,0x5F,0xC4,0x20,0xFF,0xEC,0x20,0xC2,0x04,0x20,

/* 混 */
0x00,0x05,0xFC,0x78,0x8B,0xF8,0xFF,0x87,0x98,0x59,0x45,0xFC,0xD9,0x05,0xB0,0xDD,0xE5,0x1C,

/* 豁 */
0x20,0x0B,0xAC,0xBF,0x4F,0xD0,0x33,0x8F,0xAC,0xFC,0x62,0xFC,0xFA,0x89,0x28,0xF7,0x89,0x68,

/* 活 */
0x00,0x85,0xF8,0x62,0x0A,0x24,0xFF,0xE2,0x20,0x42,0x84,0xFC,0xC8,0x84,0x88,0xDF,0x84,0x88,

/* 伙 */
0x22,0x03,0x20,0x22,0x06,0x2C,0x6A,0xCD,0xF0,0x57,0x04,0x50,0x45,0x04,0xC8,0x78,0xE6,0x00,

/* 火 */
0x08,0x00,0xC0,0x0C,0x00,0xC8,0x2D,0x86,0xF0,0x4E,0x00,0xA0,0x1B,0x03,0x18,0x60,0xC8,0x00,

/* 获 */
0x12,0x0F,0xFE,0x12,0x01,0x30,0x73,0x86,0x2C,0xBF,0xC7,0x70,0x75,0x0B,0x58,0x78,0xC3,0x00,

/* 或 */
0x04,0x00,0x58,0xFF,0xC0,0x60,0x5E,0x85,0xF8,0x53,0x87,0xB0,0x43,0x07,0xF4,0xCC,0xC1,0x04,

/* 惑 */
0x07,0x00,0x4C,0xFF,0xC4,0xE8,0x4B,0x87,0xB0,0x4F,0x4F,0x6C,0x3C,0xC7,0x5C,0xF7,0x41,0xE0,

/* 霍 */
0x01,0x87,0xFC,0xFF,0xEB,0xF8,0x3B,0x02,0x48,0x7F,0xCF,0xF8,0xC4,0x87,0xF8,0x7F,0xC4,0x00,

/* 货 */
0x04,0x03,0x5C,0x67,0x0F,0xC4,0x27,0xE2,0x10,0x3F,0x82,0xD0,0x29,0x02,0xF0,0x11,0x8E,0x0C,

/* 祸 */
0x40,0x06,0x7C,0x24,0xCF,0x4C,0x2F,0xC6,0x34,0xFF,0xEF,0xB4,0x4B,0xC4,0xCC,0x48,0xC4,0x8C,

/* 击 */
0x0C,0x00,0xC0,0x7F,0x80,0xC0,0x0C,0x0F,0xFE,0x0C,0x04,0xC8,0x4C,0x84,0xC8,0x7F,0x84,0x08,

/* 圾 */
0x40,0x05,0xF8,0x4D,0x04,0xD0,0xFF,0xC4,0xEC,0x4C,0x85,0xB8,0xFB,0x09,0x38,0x26,0xC5,0x84,

/* 基 */
0x00,0x03,0x3C,0xFF,0x83,0xF0,0x3F,0x03,0x34,0xFF,0xC2,0xD0,0x6D,0xCB,0xE4,0x0C,0x8F,0xF8,

/* 机 */
0x40,0x06,0xF8,0x7C,0x8F,0xC8,0x64,0x8F,0x48,0xF4,0x8E,0xC8,0x6C,0x86,0x8A,0x78,0xE6,0x00,

/* 畸 */
0x02,0x01,0x2C,0xF7,0xCD,0x78,0xDC,0xCF,0xFC,0xDE,0x8D,0xE8,0xFE,0x89,0xE8,0x01,0x80,0x18,

/* 稽 */
0x12,0x0F,0x2C,0x3F,0xE7,0x56,0x7D,0xC6,0xFC,0x7F,0xCF,0xF8,0xAC,0xC2,0xFC,0x2C,0xC6,0xC8,

/* 积 */
0x10,0x0F,0x7C,0x24,0x47,0xC4,0xFC,0x46,0x4C,0x7F,0xCE,0x40,0x26,0x82,0xCC,0x38,0x63,0x00,

/* 箕 */
0x22,0x07,0xFC,0x75,0x0B,0x10,0xFF,0xC3,0x30,0x33,0x03,0xF0,0xFF,0xE3,0x20,0x73,0x8C,0x08,

/* 肌 */
0x00,0x0F,0x78,0xF5,0x8F,0x58,0xF5,0x8F,0x58,0xF5,0x8B,0xD8,0xBD,0xAB,0x9A,0x78,0xE1,0x00,

/* 饥 */
0x40,0x04,0x78,0xFD,0x89,0xD8,0xE5,0x84,0x58,0x4D,0x84,0xD8,0x79,0x86,0x9A,0x50,0xE2,0x00,

/* 迹 */
0x00,0x0C,0x24,0x7F,0xE0,0x50,0x1D,0x05,0xDC,0x55,0x45,0x54,0x69,0x05,0xB0,0xF1,0x09,0xFC,

/* 激 */
0x09,0x85,0xD0,0x75,0x43,0xFE,0xF7,0xCD,0xF8,0x7F,0x8D,0xD8,0x95,0x89,0x58,0xAE,0xEC,0x40,

/* 讥 */
0x00,0x04,0xF8,0x49,0x80,0x90,0xC9,0x04,0x90,0x49,0x04,0x90,0x79,0x27,0x9A,0xD1,0xE6,0x00,

/* 鸡 */
0x02,0x01,0x6C,0xFE,0xC3,0xEC,0xAE,0x86,0xF8,0x6D,0xE6,0xFE,0x71,0xE9,0x04,0x81,0xC0,0x0C,

/* 姬 */
0x40,0x04,0xFE,0x59,0x0F,0x90,0x7F,0xCE,0xEC,0xAE,0xCA,0xFC,0x6D,0x07,0x90,0xD9,0x48,0xFC,

/* 绩 */
0x23,0x06,0xFC,0x53,0x4B,0xFC,0xFF,0xE4,0x8C,0x4F,0xCE,0xBC,0x0A,0xCE,0xE8,0x84,0xC1,0x84,

/* 缉 */
0x40,0x84,0xC8,0xFC,0x8B,0xF8,0xFF,0xC4,0x88,0xCF,0x8E,0xF8,0x18,0xCF,0xFC,0x00,0x80,0x08,

/* 吉 */
0x0C,0x00,0xC0,0x0C,0xC0,0xC0,0x0C,0x87,0xF8,0x00,0x03,0xF8,0x21,0x02,0x10,0x3F,0x02,0x10,

/* 极 */
0x60,0x05,0xF8,0x74,0x8F,0x50,0x45,0x4E,0x5C,0xFE,0x84,0xA8,0x4B,0x85,0xB8,0x76,0xE6,0x84,

/* 棘 */
0x21,0x02,0x94,0xFF,0xCA,0xFC,0xFF,0xCA,0xD4,0xBF,0xCF,0x78,0x77,0x8A,0xDC,0x29,0x62,0x10,

/* 辑 */
0x60,0x04,0x78,0xFC,0x8C,0x78,0xFF,0xCF,0xC8,0x27,0x83,0xF8,0xE4,0x83,0xFE,0x20,0x86,0x08,

/* 籍 */
0x42,0x07,0xFC,0xBD,0x03,0xBC,0xFF,0xC7,0x3C,0x7F,0xCF,0xFC,0x64,0x8F,0x78,0xA7,0x82,0x48,

/* 集 */
0x3C,0x02,0x48,0x7F,0x8F,0xF8,0xA4,0x83,0xF8,0x7F,0xC0,0xC4,0xFF,0xC3,0xF0,0x6D,0xE0,0xC0,

/* 及 */
0x00,0x0F,0xF0,0x13,0x01,0x20,0x17,0x83,0x98,0x29,0x02,0xF0,0x66,0x04,0xF0,0xB9,0xC4,0x00,

/* 急 */
0x10,0x01,0xF0,0x27,0x07,0xF8,0x80,0x83,0xF8,0x00,0x87,0xF8,0x3C,0x8A,0x54,0xB3,0x61,0xF0,

/* 疾 */
0x04,0x04,0x6C,0x7F,0xCE,0xC0,0xEF,0x87,0x60,0xF6,0x4F,0xFC,0x47,0x04,0x90,0x98,0xE6,0x04,

/* 汲 */
0x00,0x05,0xF8,0x4D,0x0A,0xD0,0xAF,0xC4,0xC8,0x4D,0x8D,0xB8,0xD3,0x0D,0x30,0xEC,0xC5,0x04,

/* 即 */
0x08,0x05,0xBC,0x4A,0x47,0xA4,0x4A,0x47,0xA4,0x4A,0x45,0x24,0x5B,0xCE,0xA8,0x82,0x00,0x20,

/* 嫉 */
0x41,0x04,0x14,0x4F,0xCF,0xF0,0xFF,0xCA,0xF0,0xBD,0x4B,0xFC,0xEB,0x86,0xA8,0xB6,0xE3,0x84,

/* 级 */
0x20,0x06,0xFC,0x54,0x8B,0x58,0xE7,0x46,0x7C,0xCE,0x8E,0xB8,0x1B,0x0F,0xB8,0xB6,0xE5,0x84,

/* 挤 */
0x42,0x04,0x24,0x7F,0xCF,0x58,0x43,0x06,0x78,0xDC,0xC4,0x48,0x44,0x84,0xC8,0xC8,0x85,0x00,

/* 几 */
0x00,0x03,0xF0,0x22,0x02,0x20,0x22,0x02,0x20,0x22,0x02,0x20,0x22,0x44,0x34,0x83,0xC0,0x00,

/* 脊 */
0x0C,0x86,0x98,0x3F,0x0F,0xFC,0xB3,0xC7,0xFE,0xA1,0x03,0xF0,0x21,0x03,0xF0,0x23,0x02,0x30,

/* 己 */
0x00,0x07,0xF8,0x01,0x80,0x18,0x01,0x87,0xF8,0x40,0x04,0x00,0x40,0x44,0x04,0x7F,0xC0,0x00,

/* 蓟 */
0x12,0x0F,0xFE,0x12,0x06,0x8C,0x79,0x4F,0xD4,0xD5,0x47,0xD4,0x7D,0x44,0x44,0xF9,0xC8,0x08,

/* 技 */
0x62,0x06,0x20,0x7F,0xCF,0x20,0x62,0x07,0xFC,0xE5,0x8E,0x58,0x67,0x06,0x30,0xCD,0xCF,0x04,

/* 冀 */
0x12,0x0F,0x3C,0x12,0x4F,0x3C,0x7F,0x87,0xF8,0x7F,0x87,0x38,0x7F,0xCF,0xFE,0x33,0x8C,0x0C,

/* 季 */
0x03,0x07,0xC0,0x0C,0x4B,0xF0,0x3F,0x06,0xDC,0xBF,0x00,0xE0,0xFF,0xC0,0xC0,0x1C,0x00,0x80,

/* 伎 */
0x22,0x02,0x20,0x7F,0xC4,0x20,0xC2,0x0D,0xF8,0x41,0x84,0x50,0x47,0x04,0x70,0x4D,0xC7,0x0C,

/* 祭 */
0x20,0x07,0xF8,0x7C,0x8F,0xB0,0xF3,0x07,0x7C,0x60,0xCF,0xF8,0x2C,0x03,0xD8,0x5C,0x80,0x80,

/* 剂 */
0x10,0x41,0x44,0xFF,0x47,0x94,0x39,0x46,0xD4,0xAD,0x42,0x94,0x29,0x46,0x84,0x48,0xC8,0x8C,

/* 悸 */
0x41,0x84,0xE0,0x42,0x4F,0xFC,0xEF,0x8D,0x2E,0x7F,0x84,0x30,0x7F,0xE4,0x20,0x42,0x04,0x60,

/* 济 */
0x06,0x04,0x24,0x5F,0xCA,0xF0,0xE6,0x0C,0xFC,0x79,0xCC,0x98,0xC9,0x0C,0x90,0xD1,0x0E,0x10,

/* 寄 */
0x08,0x0F,0xFC,0x8C,0xCF,0xF8,0x1E,0x07,0x34,0xFF,0xC7,0xD0,0x65,0x07,0xD0,0x67,0x00,0x30,

/* 寂 */
0x08,0x00,0xC4,0xFF,0xEA,0x08,0x3F,0xC2,0x28,0xFE,0x8A,0x38,0xE9,0x8A,0xB8,0x66,0xC7,0x84,

/* 计 */
0x02,0x04,0x20,0x62,0x00,0x20,0xFF,0xE6,0x20,0x42,0x04,0x20,0x52,0x06,0x20,0x62,0x04,0x20,

/* 记 */
0x40,0x06,0xFC,0x20,0xC0,0x0C,0xE8,0xC4,0xFC,0x48,0x04,0x80,0x58,0x06,0x84,0x6F,0xE0,0x78,

/* 既 */
0x90,0x4F,0xFC,0x95,0x0F,0x50,0x95,0x4F,0xFC,0x93,0x0B,0x30,0xB5,0x0D,0xD4,0x99,0xE0,0x00,

/* 忌 */
0x00,0x07,0xF8,0x01,0x87,0xF8,0x60,0x46,0x0C,0x3F,0xC2,0xC0,0x34,0xCB,0x16,0xBF,0x81,0xF0,

/* 际 */
0x00,0x0F,0xFC,0xA0,0x0A,0x00,0xDF,0xEA,0x20,0xAF,0x8B,0xA8,0xFA,0x49,0x24,0xA6,0x48,0x20,

/* 妓 */
0x63,0x06,0x30,0x4B,0x4F,0xB0,0x53,0x0F,0xFC,0xB4,0x8A,0x78,0x63,0x07,0x30,0x9F,0xC1,0x84,

/* 继 */
0x01,0x07,0x90,0x5D,0xCB,0xF8,0xB9,0x4F,0xFC,0x5B,0x8F,0xFC,0x9D,0x47,0x90,0xDB,0x60,0x80,

/* 纪 */
0x20,0x02,0xFC,0x40,0x45,0x84,0xF0,0x4A,0x7C,0x44,0x4F,0x40,0xC4,0x03,0xC0,0xE7,0xE0,0x3C,

/* 嘉 */
0x04,0x0F,0xFC,0x0C,0x87,0xF8,0x3F,0x83,0xF8,0x12,0x4F,0xFE,0xFF,0xC6,0xEC,0x5B,0xC9,0x20,

/* 枷 */
0x4C,0x04,0xC0,0x6D,0xEF,0xFC,0x4B,0xCE,0xBC,0xFB,0xCC,0xBC,0x4B,0xC5,0x7C,0x5D,0xC6,0x10,

/* 夹 */
0x0C,0x00,0xC0,0xFF,0xC0,0x90,0x49,0x82,0x90,0x2F,0x61,0xC0,0x1E,0x01,0x30,0x61,0xC8,0x04,

/* 佳 */
0x22,0x02,0x20,0x7F,0xC4,0x20,0xE2,0x4F,0xFC,0x42,0x04,0x6C,0x46,0x04,0x20,0x66,0x64,0x00,

/* 家 */
0x08,0x08,0xCC,0xFF,0xC8,0x38,0x19,0x83,0xB8,0xDE,0x03,0xF0,0x5D,0x03,0x5C,0xDC,0xC0,0x80,

/* 加 */
0x20,0x02,0x00,0x6B,0xCF,0xA4,0x6A,0x46,0xA4,0x4A,0x44,0xA4,0x4A,0x4D,0xBC,0xB2,0x40,0x20,

/* 荚 */
0x12,0x0F,0xFC,0x13,0x01,0xE0,0xFF,0xC6,0x98,0x29,0x0F,0xFC,0x0E,0x01,0x30,0x31,0xCC,0x0C,

/* 颊 */
0x20,0x02,0xFC,0xF9,0x03,0xFC,0xFD,0x4F,0x54,0xFD,0x46,0x54,0x77,0x45,0xB8,0x8E,0x40,0x84,

/* 贾 */
0x00,0x4F,0xFC,0x7F,0x85,0xE8,0x5E,0x84,0x18,0x7F,0x86,0xD0,0x69,0x06,0x90,0x33,0x8E,0x08,

/* 甲 */
0x40,0x87,0xF8,0x4C,0x84,0xC8,0x4C,0x84,0xC8,0x7F,0x84,0xC8,0x0C,0x00,0xC0,0x0C,0x00,0x80,

/* 钾 */
0x40,0x04,0xFE,0x7D,0x4C,0xD4,0xFF,0xCE,0xD4,0xFD,0x46,0xFC,0x49,0x07,0x10,0x61,0x04,0x10,

/* 假 */
0x20,0x07,0xFC,0x54,0x45,0x6C,0xD7,0xCD,0x7C,0x5E,0xC5,0x18,0x5D,0x85,0x18,0x52,0xE5,0x84,

/* 稼 */
0x02,0x07,0xB4,0x6C,0xC7,0x8C,0xFF,0xC6,0x6C,0xFF,0x8E,0xF8,0x77,0x86,0xDE,0x7B,0x44,0x20,

/* 价 */
0x22,0x02,0x60,0x65,0x04,0x98,0xD8,0xEF,0xD8,0x4D,0x84,0xD8,0x4D,0x84,0x98,0x59,0x86,0x10,

/* 架 */
0x20,0x06,0xBC,0xFE,0xC6,0xAC,0x4A,0xCF,0xAC,0x9C,0x0F,0xFC,0x1E,0x02,0xF8,0xCD,0xC0,0xC0,

/* 驾 */
0x20,0x0F,0xFC,0x2A,0x47,0xBC,0x5A,0x4F,0xF0,0x31,0x03,0x34,0x21,0xCF,0xFC,0x01,0xC0,0x08,

/* 嫁 */
0x42,0x04,0xB4,0x48,0xCF,0x8C,0xE6,0x8A,0xCC,0xB7,0x0A,0xB8,0x77,0x86,0xDE,0x93,0x40,0x60,

/* 歼 */
0x00,0xCF,0xFC,0x61,0x05,0x10,0x79,0x0D,0xFE,0xF1,0x07,0x10,0x21,0x04,0x10,0x81,0x00,0x10,

/* 监 */
0x12,0x05,0x20,0x57,0xC5,0x40,0x59,0x05,0x98,0x50,0x87,0xF8,0x56,0x85,0x68,0x56,0xCF,0xFC,

/* 坚 */
0x10,0x0D,0xF8,0xD5,0x8D,0x70,0xD3,0x0D,0x5C,0xD8,0xC1,0xC0,0x7F,0xC0,0xC0,0x0C,0x4F,0xFC,

/* 尖 */
0x04,0x00,0x40,0x35,0x02,0x48,0x4C,0xC8,0xC0,0x0C,0x4F,0xFE,0x0A,0x01,0xB0,0x31,0xEC,0x04,

/* 笺 */
0x22,0x06,0xE4,0x7F,0xCB,0xD0,0x9A,0x01,0xF8,0xF8,0xC1,0xF8,0xFB,0x00,0xE0,0x3F,0x4E,0x1E,

/* 间 */
0x00,0x02,0xFC,0xE0,0xCD,0x2C,0xD2,0xCD,0x2C,0xDE,0xCD,0x2C,0xDE,0xCD,0x2C,0xC1,0xC8,0x08,

/* 煎 */
0x12,0x01,0x24,0xFF,0xC7,0xA8,0x4A,0x87,0xA8,0x7A,0x84,0xA8,0x59,0x85,0x58,0x96,0xC9,0x24,

/* 兼 */
0x21,0x01,0x24,0xFF,0xC1,0xF8,0x7F,0x8F,0xFC,0x16,0x87,0xF8,0x37,0x07,0x78,0xD6,0xE1,0x40,

/* 肩 */
0x0C,0x04,0xC8,0x60,0xC7,0xF8,0x60,0x85,0xF8,0x50,0x85,0xF8,0x5F,0x89,0x08,0x91,0x81,0x18,

/* 艰 */
0x08,0x82,0xC8,0xB8,0x8A,0xF8,0xA8,0x86,0xF8,0x6A,0xC6,0xBC,0xFB,0x0B,0x98,0x0E,0xE0,0x84,

/* 奸 */
0x40,0x04,0xFC,0x53,0x0F,0x30,0x53,0x0D,0xFE,0xB3,0x0A,0x30,0x63,0x07,0x30,0xD3,0x08,0x30,

/* 缄 */
0x41,0x06,0x1C,0x5F,0xEB,0x10,0xFF,0x4D,0x1C,0x5F,0x8F,0xB8,0x9F,0xAF,0xBA,0x26,0x64,0x82,

/* 茧 */
0x12,0x03,0x24,0xFF,0xC3,0xE0,0x0C,0x07,0xF8,0x4C,0x86,0xD8,0x4D,0x80,0xD8,0xFF,0xCC,0x04,

/* 检 */
0x42,0x04,0x60,0x55,0x0F,0x8C,0x59,0xEF,0xF8,0xF0,0xCC,0xA8,0x4B,0x84,0xB0,0x41,0x45,0x00,

/* 柬 */
0x0C,0x00,0xCC,0x8C,0x07,0xF8,0x7F,0x85,0xF8,0x7F,0x85,0xE8,0x3F,0x02,0xDC,0xCC,0xC0,0xC0,

/* 碱 */
0x01,0x03,0x1C,0xFF,0xE4,0x90,0xCF,0x4F,0x94,0xEF,0xCF,0xF8,0xFF,0x8F,0x7A,0xF2,0x62,0x02,

/* 硷 */
0x02,0x01,0x30,0x47,0x84,0x4C,0xC8,0xEF,0xF8,0xFA,0xCF,0xA8,0xF7,0x8F,0x78,0xE1,0x41,0xFC,

/* 拣 */
0x42,0x04,0x24,0x7F,0xCE,0x40,0x4F,0x07,0xD0,0xEF,0xEC,0x50,0x4D,0xC4,0x96,0xF7,0x64,0x30,

/* 捡 */
0x42,0x04,0x60,0x45,0x0F,0x8C,0x59,0xE7,0x78,0xE6,0xCC,0xA8,0x4B,0x84,0xB0,0xC1,0x4D,0x00,

/* 简 */
0x62,0x07,0xFC,0xB5,0x0A,0x90,0x2F,0xC5,0x28,0x52,0x85,0xE8,0x52,0x85,0xE8,0x53,0x84,0x18,

/* 俭 */
0x26,0x06,0x60,0x6D,0x04,0x9C,0xD9,0xEE,0xC0,0x54,0x85,0xE8,0x4B,0x84,0x90,0x43,0xC4,0x00,

/* 剪 */
0x13,0x01,0x24,0xFF,0xC7,0xAC,0x7A,0x85,0xA8,0x5A,0x85,0x98,0xFF,0x81,0x08,0x37,0x8C,0x30,

/* 减 */
0x01,0x08,0x1C,0xF3,0xE7,0x30,0x3F,0x45,0x1C,0x5F,0x8F,0xF8,0xFF,0x8E,0xFA,0xE2,0x64,0xC2,

/* 荐 */
0x12,0x0F,0xFC,0x3A,0x01,0xA4,0xFF,0xC3,0xF8,0x23,0x06,0x24,0xBF,0xC2,0x20,0x22,0x02,0x60,

/* 槛 */
0x40,0x04,0xD8,0x4D,0xCF,0xF0,0x4E,0x8E,0xC8,0xF4,0x0D,0xFC,0x4D,0x84,0xD8,0x5F,0xE7,0xFC,

/* 鉴 */
0x12,0x05,0x64,0x5F,0x05,0x98,0x5C,0x81,0xA0,0x37,0xCC,0xCE,0x7F,0x83,0xF0,0x1F,0x40,0x00,

/* 践 */
0x06,0x0F,0x68,0x96,0xC9,0xFC,0xF2,0x4A,0x7C,0xFA,0x8B,0x38,0xA3,0x0F,0x7A,0xCC,0xE1,0x06,

/* 贱 */
0x02,0x0F,0x78,0x96,0x8F,0x7C,0xFE,0x0F,0x3C,0xFE,0x8F,0x38,0xE3,0x07,0x32,0x9C,0xE1,0x06,

/* 见 */
0x00,0x07,0xF8,0x61,0x06,0xD0,0x69,0x06,0x90,0x6D,0x86,0xD0,0x1C,0x41,0x44,0x27,0xEC,0x10,

/* 键 */
0x41,0x04,0x98,0x7F,0xC8,0xFE,0xF9,0xC5,0xF8,0x6F,0xCD,0x94,0x5F,0xC7,0x90,0x5F,0xC2,0x3C,

/* 箭 */
0x22,0x07,0xFC,0x57,0x8B,0x70,0xFF,0xE4,0x88,0x7A,0x87,0xA8,0x5A,0x84,0xA8,0x4A,0x85,0x98,

/* 件 */
0x22,0x02,0xA0,0x6A,0x05,0xFC,0xD2,0x0D,0x20,0x7F,0xE4,0x20,0x42,0x04,0x20,0x42,0x04,0x20,

/* 健 */
0x01,0x06,0x38,0x7F,0xC5,0xFE,0xD3,0x8F,0xF8,0x4F,0xC7,0xB4,0x7F,0xC5,0x30,0xFF,0xCC,0x3C,

/* 舰 */
0x20,0x07,0x7C,0x54,0x47,0x54,0x75,0x4F,0x74,0xD7,0x4F,0x7C,0xF3,0x09,0x70,0xBD,0xE1,0x8C,

/* 剑 */
0x10,0x43,0x84,0x2D,0x44,0x74,0xFD,0x48,0x14,0x5D,0x45,0xD4,0x49,0x41,0xE4,0xF0,0xC0,0x0C,

/* 饯 */
0x46,0x04,0x78,0x56,0x8D,0xFC,0xFE,0x04,0x6C,0x5E,0x84,0x38,0x53,0x06,0x72,0x5D,0xC7,0x0C,

/* 渐 */
0x08,0x04,0xBC,0x7F,0x01,0x30,0xFB,0xE7,0xFC,0x4B,0xCC,0xFC,0xFA,0xCC,0xAC,0xCE,0xC0,0x88,

/* 溅 */
0x01,0x07,0xD4,0x75,0x4B,0xFC,0xFD,0x07,0xFE,0x7D,0x4F,0xDC,0xFD,0x8D,0x7A,0xD6,0xEE,0xC6,

/* 涧 */
0x08,0x06,0xFC,0x70,0x4B,0x04,0xF7,0xC7,0x54,0x57,0x45,0x54,0xD7,0x45,0xD4,0xD0,0xC5,0x0C,

/* 建 */
0x02,0x06,0xF8,0x66,0xC5,0xFE,0x46,0x8F,0xE8,0x2F,0x8E,0x24,0x7F,0xC6,0x20,0x9F,0xC0,0x7C,

/* 僵 */
0x20,0x03,0xFC,0x5F,0xC5,0xFC,0xDA,0xCD,0xFE,0x50,0xC5,0xFC,0x5F,0xC5,0xAC,0x58,0xC5,0xFC,

/* 姜 */
0x13,0x01,0xA8,0x7F,0xC7,0xF8,0x0C,0x0F,0xFC,0x08,0x0F,0xFE,0x32,0x03,0xE0,0x1F,0x8F,0x08,

/* 将 */
0x26,0x02,0x68,0x2F,0xCA,0xD8,0xF7,0x02,0xD8,0x79,0xCF,0xFC,0xA5,0x82,0x58,0x23,0x82,0x10,

/* 浆 */
0x32,0x0F,0x7C,0x7D,0xC3,0xF0,0xF6,0x0B,0xC0,0x2D,0x8F,0xF0,0x2E,0x06,0xD8,0xDC,0xC0,0x80,

/* 江 */
0x00,0x04,0x0C,0x5F,0x80,0x60,0xA6,0x0E,0x60,0x46,0x04,0x60,0xC6,0x0C,0x64,0xFF,0xEC,0x00,

/* 疆 */
0x00,0x4B,0xCC,0xA7,0xCE,0x7C,0xFF,0xCF,0xCE,0xFF,0xCF,0xFC,0xFF,0xCA,0xFC,0x68,0x60,0x00,

/* 蒋 */
0x12,0x01,0xB4,0x13,0x03,0x68,0xAF,0x8F,0xF0,0x67,0x87,0xDE,0xED,0x8A,0x58,0x25,0x82,0x10,

/* 桨 */
0x02,0x0F,0x7C,0x74,0xC7,0xD8,0x77,0x0F,0xE0,0x3C,0x4F,0xFC,0x1E,0x02,0xF0,0xCC,0xC0,0x80,

/* 奖 */
0x12,0x0D,0x64,0x77,0xC7,0xE8,0x33,0x0F,0x60,0xBC,0x0B,0xCC,0x0C,0x01,0xA0,0x31,0xCC,0x0C,

/* 讲 */
0x45,0x06,0x58,0x45,0xC1,0xFE,0xE5,0x84,0x58,0x7F,0xE4,0xD8,0x7D,0x86,0x98,0x59,0x82,0x10,

/* 匠 */
0x00,0x8F,0xFC,0x83,0x09,0xE0,0x90,0x89,0xFC,0x92,0x09,0x20,0xB2,0x0E,0x20,0xC2,0xCC,0x00,

/* 酱 */
0x12,0x05,0x7C,0x3F,0x8F,0x30,0x9E,0x4F,0xFC,0x7F,0x85,0x68,0x73,0x87,0xF8,0x7F,0x84,0x08,

/* 降 */
0x04,0x0F,0x78,0xAD,0x8A,0xB0,0xC7,0x8A,0xFC,0xB3,0x8B,0xF0,0xEA,0x48,0xFC,0x82,0x08,0x20,

/* 蕉 */
0x12,0x0F,0xFE,0x12,0x02,0x40,0x7F,0xC7,0xF8,0xE4,0x87,0xF8,0x7F,0xC5,0x48,0xD2,0x49,0x24,

/* 椒 */
0x48,0x04,0x84,0x4F,0xCE,0x94,0x49,0xCF,0xFC,0xE9,0x8D,0xF8,0x5B,0x86,0x98,0x5A,0xC4,0xC4,

/* 礁 */
0x07,0x0F,0xD4,0x4F,0xE4,0xD4,0x7F,0xCF,0xD4,0xFF,0xCF,0xD4,0x7F,0xC7,0xD4,0xDB,0xE1,0x20,

/* 焦 */
0x24,0x02,0x60,0x7F,0xC6,0x48,0xFF,0x8E,0x48,0x7F,0x86,0x44,0x7F,0xC5,0x2C,0xD2,0x49,0x04,

/* 胶 */
0x02,0x0F,0x24,0xBF,0xEB,0x50,0xF4,0xCB,0xDC,0xF5,0x8F,0x70,0xB3,0x0B,0x70,0xFD,0xE3,0x04,

/* 交 */
0x08,0x00,0xC4,0xFF,0xC1,0x20,0x31,0x85,0x3C,0x96,0x01,0xC0,0x0C,0x01,0xE0,0x73,0xC8,0x08,

/* 郊 */
0x20,0x03,0x3C,0xFF,0x40,0x38,0x6F,0x8C,0xF8,0xDB,0x43,0x34,0x33,0x66,0xBC,0xCF,0x00,0x30,

/* 浇 */
0x04,0x04,0x48,0x7F,0xC2,0x78,0xA7,0x4C,0xFC,0x70,0xC5,0xF8,0xCB,0x0C,0xB4,0xDB,0x6E,0x1C,

/* 骄 */
0x00,0x8F,0x70,0xF2,0x4F,0xFE,0xA6,0x8A,0x4C,0xFE,0xE3,0x48,0xF4,0x83,0x48,0x68,0x81,0x08,

/* 娇 */
0x40,0x84,0xF8,0x42,0x0F,0x64,0xF7,0x0A,0xC8,0xAD,0xEB,0x58,0x65,0x87,0xD8,0x99,0x83,0x10,

/* 嚼 */
0x01,0x8F,0xE8,0xAA,0x8B,0xFC,0xB5,0x4B,0xFC,0xBE,0xCF,0xFE,0xBF,0x81,0x58,0x1C,0x81,0x18,

/* 搅 */
0x40,0x04,0xA8,0x4E,0x8F,0xFE,0x50,0xC6,0xF8,0xCA,0x8C,0xE8,0x4F,0x84,0x74,0xCB,0x47,0x1C,

/* 铰 */
0x42,0x04,0x34,0x7F,0xE8,0x78,0xF4,0xC4,0xDC,0xF5,0x84,0x70,0x43,0x07,0x70,0x6C,0xC7,0x00,

/* 矫 */
0x40,0x8C,0xF8,0xF2,0x0D,0xFC,0x45,0x07,0xDC,0x5D,0xC5,0x50,0x65,0x0B,0xD0,0x99,0x02,0x10,

/* 侥 */
0x24,0x02,0x44,0x7F,0xC4,0x78,0xC3,0x2C,0xDE,0x40,0xC5,0xFC,0x4F,0x04,0xB2,0x4B,0x67,0x1C,

/* 脚 */
0x04,0x0F,0x5C,0xBF,0x4E,0xD4,0xE5,0x4B,0xF4,0xED,0x4A,0xD4,0xBB,0xCB,0xFC,0x61,0x02,0x10,

/* 狡 */
0x02,0x03,0x30,0xFF,0xE6,0x50,0xAC,0xC6,0xDC,0x75,0x0A,0x70,0x23,0x02,0x70,0xED,0xC7,0x04,

/* 角 */
0x10,0x03,0xF0,0x26,0x07,0xF8,0xE4,0x82,0xC8,0x24,0x82,0x48,0x6C,0x84,0x48,0xC5,0x88,0x48,

/* 饺 */
0x42,0x04,0x34,0xDF,0xEF,0x50,0xA4,0xC4,0x9C,0x55,0x84,0x70,0x43,0x07,0x70,0x6D,0xC7,0x04,

/* 缴 */
0x48,0x85,0xD8,0xD7,0x0B,0xFE,0xF7,0x45,0xFC,0x9F,0x8E,0xC8,0x1E,0x8F,0x5C,0x2E,0x64,0x40,

/* 绞 */
0x02,0x06,0x30,0x5F,0xE9,0x40,0xE4,0xCE,0xDC,0x55,0x8F,0x70,0x83,0x07,0x70,0xCD,0xC3,0x04,

/* 剿 */
0x54,0x4D,0x44,0xD5,0x45,0x54,0x55,0x47,0xD4,0x7D,0x45,0x74,0xFD,0x45,0xC4,0x97,0xC1,0x0C,

/* 教 */
0x21,0x03,0x50,0xFF,0x43,0xFE,0xBE,0x8F,0xE8,0x57,0x8B,0x18,0xF1,0x0B,0x38,0x74,0xE2,0x80,

/* 酵 */
0x03,0x0F,0xBC,0x67,0xCF,0xBE,0xFF,0xCF,0xFC,0xFE,0xC9,0xD0,0xFF,0xE9,0x90,0xFB,0x08,0x30,

/* 轿 */
0x21,0x86,0x70,0xFA,0x04,0xFE,0xE7,0x0F,0xCC,0x2E,0xE3,0xC8,0xE4,0x82,0x48,0x2C,0x83,0x08,

/* 较 */
0x22,0x06,0x34,0xFF,0xE4,0x68,0xE4,0xCF,0xCC,0xAD,0x82,0xF0,0xF3,0x0A,0x30,0x24,0xE3,0x84,

/* 叫 */
0x00,0x81,0x4C,0xF4,0xCD,0x4C,0xD4,0xCD,0x4C,0xD4,0xCF,0x7C,0xD4,0xC0,0x0C,0x00,0xC0,0x08,

/* 窖 */
0x0C,0x07,0xFC,0xD2,0xCB,0xD8,0x75,0x83,0xF8,0x44,0x4F,0xFC,0x3F,0x82,0x18,0x3F,0x82,0x10,

/* 揭 */
0x40,0x04,0xFC,0x6F,0x8F,0x88,0x4F,0x87,0xC4,0xFF,0xCF,0xA4,0x7D,0xC5,0x9C,0xDF,0xC4,0x08,

/* 接 */
0x62,0x06,0x3C,0x7D,0xCF,0x58,0x65,0x47,0xFC,0xE6,0x4F,0xFE,0x6D,0x06,0xF0,0xC7,0xC5,0x84,

/* 皆 */
0x46,0x04,0x48,0x7F,0x84,0x64,0xFE,0x4D,0xBC,0x7F,0x06,0x10,0x7F,0x06,0x10,0x7F,0x04,0x10,

/* 秸 */
0x03,0x07,0x30,0x63,0x67,0x30,0xF3,0x06,0xFC,0xF0,0x0F,0xFC,0x6C,0xC6,0xCC,0x6F,0xC6,0xCC,

/* 街 */
0x28,0x06,0x9C,0xDE,0x02,0x80,0x6F,0xE5,0xE8,0xCA,0x85,0xE8,0x48,0x85,0xE8,0x51,0x84,0x18,

/* 阶 */
0x02,0x0F,0x60,0xA5,0x0A,0xD8,0xC8,0xCB,0x58,0xB5,0x0B,0x50,0xED,0x08,0x90,0x99,0x0A,0x10,

/* 截 */
0x12,0x03,0x68,0x32,0xCF,0xFC,0x72,0x07,0xFC,0xD7,0x87,0xD8,0x7D,0x05,0x3C,0x7E,0xC4,0x06,

/* 劫 */
0x21,0x02,0x10,0xFB,0x02,0x7C,0x23,0x4F,0xF4,0x23,0x47,0x24,0x5A,0x4F,0xC4,0x8D,0xC3,0x08,

/* 节 */
0x13,0x01,0x36,0xFF,0xC1,0x30,0x7F,0x81,0x88,0x18,0x81,0x88,0x1B,0x81,0x98,0x18,0x01,0x00,

/* 桔 */
0x23,0x06,0x30,0x73,0x6F,0xB0,0x63,0x07,0xFC,0xF0,0x0E,0xFC,0x6C,0xC6,0xCC,0x6F,0xC6,0x84,

/* 杰 */
0x04,0x00,0xC4,0xFF,0xC1,0xE0,0x3F,0x02,0xD8,0x4C,0xE8,0xC4,0x01,0x05,0x68,0x52,0xCD,0x24,

/* 捷 */
0x42,0x04,0x64,0x76,0x8F,0xF8,0x52,0xC7,0xFC,0xDF,0x8C,0xA8,0x5B,0xC5,0xE0,0xF7,0xCE,0x1C,

/* 睫 */
0x02,0x0F,0x24,0xA2,0x8A,0xFC,0xE2,0xCB,0xFC,0xBF,0x8A,0xA8,0xBB,0xCF,0xE0,0xB7,0xC2,0x0C,

/* 竭 */
0x40,0x86,0xCC,0x3F,0x8F,0xC8,0xBF,0x8B,0x64,0xEF,0x6F,0xF4,0x7D,0xCC,0xDC,0x0B,0xC0,0x08,

/* 洁 */
0x02,0x06,0x20,0x62,0x41,0x20,0xE2,0x07,0xFC,0x40,0x84,0xFC,0xC8,0x84,0x88,0xCF,0x84,0x88,

/* 结 */
0x23,0x06,0x30,0x43,0x45,0xFC,0xF3,0x0E,0xFC,0x40,0x0F,0xFC,0x8C,0xCF,0xCC,0x8F,0xC0,0xCC,

/* 解 */
0x20,0x07,0x7C,0x52,0x4F,0xBC,0xEC,0x8F,0xF8,0xEF,0xCF,0xD0,0xAF,0xEA,0x90,0xB9,0x00,0x10,

/* 姐 */
0x00,0x06,0x7C,0x44,0x8F,0xC8,0x57,0x85,0x48,0xF4,0x8A,0x78,0x64,0x87,0x48,0xD4,0xC1,0xFC,

/* 戒 */
0x02,0x00,0x28,0x06,0xC7,0xE0,0x7A,0x87,0xA8,0xFF,0x85,0xB0,0x5B,0x05,0xB8,0x8C,0xC8,0x84,

/* 藉 */
0x12,0x0F,0xFC,0x32,0x03,0x78,0xFF,0xCF,0x74,0x3F,0xCF,0xF8,0x74,0x8F,0x48,0x27,0x82,0x48,

/* 芥 */
0x12,0x0F,0xFC,0x33,0x03,0xE0,0x1E,0x03,0x38,0x73,0xE9,0x20,0x12,0x03,0x20,0x22,0x0C,0x20,

/* 界 */
0x00,0x07,0xF8,0x6D,0x87,0xF8,0x6D,0x87,0xF8,0x13,0x07,0x3E,0x93,0x41,0x30,0x33,0x0C,0x20,

/* 借 */
0x25,0x02,0x50,0x7F,0xC4,0x50,0xC5,0x4F,0xFE,0x4F,0x84,0x88,0x4F,0x84,0x88,0x4F,0x84,0x88,

/* 介 */
0x0C,0x00,0xC0,0x1A,0x03,0x30,0x21,0xCF,0x3C,0x92,0x01,0x20,0x32,0x02,0x20,0x62,0x0C,0x20,

/* 疥 */
0x0C,0x00,0x4C,0x66,0x0E,0x60,0xED,0x86,0x9C,0xFD,0x8E,0x90,0x49,0x04,0x90,0x91,0x06,0x10,

/* 诫 */
0x01,0x04,0x1C,0x61,0x41,0xFE,0xDD,0x45,0xDC,0x5F,0x85,0xD8,0x75,0x87,0x5A,0x76,0xE2,0x46,

/* 届 */
0x00,0x07,0xFC,0x40,0xC7,0xFC,0x46,0x05,0x6C,0x56,0xC5,0x6C,0x5F,0xC9,0x6C,0x9F,0xC1,0x0C,

/* 巾 */
0x0C,0x00,0xC0,0x7F,0x86,0xC8,0x4C,0x84,0xC8,0x4C,0x84,0xC8,0x4D,0x84,0xD8,0x0C,0x00,0xC0,

/* 筋 */
0x22,0x06,0xEC,0x75,0x89,0xB8,0x7A,0x05,0xFC,0x7A,0xC5,0xAC,0x7A,0xCD,0xEC,0xBF,0x81,0x98,

/* 斤 */
0x01,0x07,0xF0,0x60,0x06,0x00,0x7F,0xC6,0x20,0x62,0x06,0x20,0x42,0x04,0x20,0x82,0x00,0x20,

/* 金 */
0x0C,0x01,0xC0,0x12,0x03,0x30,0x63,0xEB,0xE4,0x0C,0x8F,0xF8,0x2D,0x03,0xF0,0x2E,0x4F,0xFC,

/* 今 */
0x08,0x01,0xC0,0x16,0x03,0x30,0x69,0x8C,0xCC,0x80,0x07,0xF0,0x03,0x00,0x60,0x06,0x00,0xC0,

/* 津 */
0x06,0x04,0x68,0x5F,0x8B,0xFE,0xA6,0x85,0xF8,0x46,0x8D,0xFC,0xC6,0x4F,0xFC,0xC6,0x08,0x60,

/* 襟 */
0xC5,0x04,0xD4,0xFF,0xC6,0xF8,0x5F,0xEF,0xD0,0xEF,0x87,0x04,0x4F,0xC4,0xEC,0x5A,0x44,0x20,

/* 紧 */
0x10,0x8F,0xD8,0xF7,0x0F,0x7C,0xFC,0xC1,0xB0,0x3E,0x01,0x98,0x7F,0x83,0xF0,0x6D,0x88,0x80,

/* 锦 */
0x42,0x04,0xFC,0x7C,0xCC,0xFC,0xFC,0xC4,0xFC,0xFB,0x44,0xB4,0x4B,0x47,0xB4,0x6B,0xC4,0x20,

/* 仅 */
0x20,0x06,0x08,0x49,0x84,0x98,0xC9,0x8C,0x50,0x45,0x04,0x60,0x46,0x04,0xF8,0x58,0xC6,0x00,

/* 谨 */
0x04,0x8C,0xDC,0x4D,0x80,0xF8,0x4B,0x8D,0xAC,0x5F,0xC5,0xAC,0x5F,0xC6,0xFC,0x42,0x47,0xFC,

/* 进 */
0x01,0x0C,0xD0,0x6F,0xC5,0xF0,0x0D,0x0E,0xD4,0x7F,0xC4,0x90,0x49,0x07,0x10,0xE1,0x49,0xFC,

/* 靳 */
0x50,0xCD,0xFC,0xD6,0x07,0x60,0x27,0xEF,0xE8,0xBE,0x8F,0xE8,0xFC,0x82,0x48,0x28,0x82,0x08,

/* 晋 */
0x00,0xC5,0xE8,0x5E,0x87,0xF0,0x1F,0x4F,0xFC,0x3F,0x82,0x10,0x3F,0x02,0x10,0x3F,0x02,0x10,

/* 禁 */
0x22,0x03,0xB4,0xFF,0xC7,0xF8,0xFE,0xCB,0xB4,0x3F,0x00,0x04,0xFF,0xC3,0xF8,0x5C,0x88,0x80,

/* 近 */
0x00,0x8C,0xFC,0x68,0x00,0x84,0x4F,0xEE,0x90,0x49,0x04,0x90,0x51,0x06,0x10,0xFF,0xE0,0xFC,

/* 烬 */
0x40,0x06,0xFC,0x58,0xC7,0xFC,0xE9,0x0C,0x90,0x4A,0xC5,0x2E,0x72,0x07,0x40,0x83,0x80,0x08,

/* 浸 */
0x00,0x84,0x08,0x2F,0x8A,0xF8,0xE0,0x87,0xFC,0x71,0x8C,0x98,0xC7,0x0C,0x60,0xCD,0xC7,0x0C,

/* 尽 */
0x00,0x07,0xF8,0x61,0x86,0x18,0x67,0x86,0x20,0x4B,0x04,0xD8,0xC4,0xE9,0x80,0x0C,0x00,0x60,

/* 劲 */
0x01,0x0F,0x90,0x11,0x03,0x7E,0x4D,0x48,0xD4,0xFB,0x42,0x34,0x22,0x43,0xE4,0xED,0xC1,0x88,

/* 荆 */
0x28,0x02,0xA4,0xFE,0x42,0x94,0xFF,0x42,0x94,0xFF,0x46,0x94,0x29,0x46,0x94,0x48,0x48,0x8C,

/* 兢 */
0x21,0x02,0x14,0xFF,0xC2,0x10,0xFF,0xCD,0xC4,0xFF,0xC7,0x38,0x77,0x87,0xFA,0xB5,0xE1,0x8C,

/* 茎 */
0x12,0x01,0x3C,0x93,0x01,0x30,0x7F,0x80,0x60,0x1F,0x8E,0x0C,0x3F,0x80,0xC0,0x0C,0x4F,0xFC,

/* 睛 */
0x02,0x0F,0xFC,0xB2,0x8B,0xFC,0xF3,0x6B,0x88,0xBF,0xCF,0xF8,0xBC,0x8B,0xF8,0xAC,0x80,0x98,

/* 晶 */
0x21,0x03,0x10,0x3F,0x02,0x10,0x3F,0x02,0x10,0xFF,0xC9,0xE4,0xFF,0xC9,0xE4,0xFF,0xC8,0x24,

/* 鲸 */
0x43,0x05,0x14,0xFF,0xEB,0x44,0xFE,0xCB,0xCC,0xFF,0xCB,0xD0,0xF7,0x81,0xD4,0xEF,0x60,0x30,

/* 京 */
0x08,0x00,0xC4,0xFF,0xC2,0x10,0x3F,0x82,0x10,0x3F,0x02,0xD0,0x3F,0x06,0xDC,0xCC,0xC0,0xC0,

/* 惊 */
0x42,0x04,0x24,0x5F,0xEE,0x88,0xC8,0xCC,0x8C,0x4F,0x84,0xA0,0x4A,0xC5,0x26,0x66,0x04,0x20,

/* 精 */
0x42,0x04,0x3C,0xFB,0x8E,0xF8,0xFB,0x46,0x88,0xFF,0xCD,0xF8,0xCC,0x84,0xF8,0x4D,0x84,0x98,

/* 粳 */
0x40,0x07,0xFE,0xF3,0x0E,0xFC,0xFB,0x46,0xFC,0x7F,0xCF,0xFC,0xE6,0x06,0x60,0x67,0xE7,0x8C,

/* 经 */
0x20,0x06,0xF8,0x51,0x0D,0xB0,0xF7,0xCE,0xC4,0x50,0x4F,0xFC,0xC2,0x03,0x20,0xC3,0x41,0x00,

/* 井 */
0x13,0x01,0x30,0x13,0x4F,0xFC,0x13,0x01,0x30,0xFF,0xE1,0x30,0x33,0x02,0x30,0x43,0x08,0x20,

/* 警 */
0x33,0x0F,0xFC,0x7F,0x8F,0xD8,0x7B,0xC5,0xC4,0xFF,0xC7,0xF0,0x3F,0x83,0xF0,0x21,0x02,0x10,

/* 景 */
0x00,0x07,0xF8,0x7F,0x87,0xF8,0x6C,0x4F,0xFE,0x3F,0x82,0x18,0x3F,0x03,0x58,0x6C,0xC8,0xC4,

/* 颈 */
0x00,0x4F,0x30,0x22,0x47,0x7C,0xDD,0x49,0xF4,0xFF,0x46,0x74,0x67,0x4F,0x28,0x8C,0x41,0x00,

/* 静 */
0x22,0x07,0xF8,0x75,0x8F,0xB0,0x6F,0xC9,0xBC,0xFF,0xCF,0x38,0xF7,0x8D,0x20,0xF6,0x09,0x20,

/* 境 */
0x46,0x04,0xFC,0x4D,0x86,0x54,0xFF,0xC4,0xFC,0x4F,0x85,0x88,0xEF,0x88,0x50,0x0D,0xE3,0x1C,

/* 敬 */
0x71,0x07,0xF0,0xFE,0x45,0x3E,0xFE,0x88,0xE8,0xEB,0x8E,0x98,0xE9,0x0C,0xB8,0x3E,0xE1,0x80,

/* 镜 */
0x42,0x04,0xFC,0xF5,0x88,0x54,0xFF,0xC4,0xFC,0x5F,0x8C,0x8C,0x4F,0x87,0x52,0x6D,0x65,0x9C,

/* 径 */
0x00,0x03,0xF8,0x43,0x0B,0x30,0x27,0xC6,0x84,0xF0,0xCE,0xFC,0x62,0x06,0x20,0x7F,0xE6,0x00,

/* 痉 */
0x04,0x00,0x64,0x7F,0xCE,0xF8,0xE1,0x06,0x30,0xEC,0xCF,0x0C,0x7F,0xC4,0x60,0xC6,0x43,0xFC,

/* 靖 */
0x42,0x04,0xFC,0x73,0x8F,0xFC,0xB3,0x6B,0x88,0xEF,0xCE,0xF8,0x7C,0x8C,0xC8,0x0D,0x80,0x98,

/* 竟 */
0x0C,0x07,0xFC,0x13,0x01,0x24,0xFF,0xE3,0xF8,0x3F,0x02,0x10,0x3F,0x01,0x64,0x37,0xEC,0x00,

/* 竞 */
0x0C,0x07,0xFC,0x13,0x01,0x24,0xFF,0xE3,0xF8,0x21,0x03,0xF0,0x37,0x01,0x64,0x37,0xCC,0x3C,

/* 净 */
0x0C,0x08,0xF0,0xFB,0x07,0x28,0x7F,0x84,0x4C,0xFF,0xCC,0x48,0x9F,0x8C,0x40,0x84,0x00,0xC0,

/* 炯 */
0x60,0x06,0xFE,0x78,0x47,0xF4,0xEF,0xCE,0xFC,0x4F,0xC4,0xFC,0x6F,0x47,0x84,0x88,0xC0,0x84,

/* 窘 */
0x08,0x07,0xFC,0xD7,0xCE,0x18,0x7F,0x0F,0xFE,0x11,0x0F,0xF0,0x3F,0x87,0x18,0xB1,0x83,0x18,

/* 揪 */
0x41,0x05,0xD0,0x49,0x0F,0xD4,0x7F,0xC7,0xB8,0xDD,0x8F,0xD8,0x6B,0x84,0xAC,0x4E,0x6C,0xC4,

/* 究 */
0x08,0x00,0xC4,0xFF,0xCB,0x38,0x79,0x8D,0x88,0x7F,0x01,0x20,0x12,0x03,0x24,0x63,0xEC,0x18,

/* 纠 */
0x20,0x02,0x0C,0x66,0xC5,0xEC,0xF6,0xC2,0x6C,0x66,0xCF,0x7C,0x04,0xC7,0x8C,0xC0,0xC0,0x0C,

/* 玖 */
0x02,0x01,0x60,0x67,0x84,0xD8,0x49,0x0F,0x90,0x53,0x04,0x28,0x76,0x8C,0xCC,0x18,0x62,0x04,

/* 韭 */
0x00,0x01,0xA0,0x12,0x0F,0x3C,0x12,0x07,0x38,0x12,0x01,0x24,0xF3,0xC1,0x20,0xFF,0xE0,0x00,

/* 久 */
0x10,0x01,0x80,0x12,0x03,0xE0,0x26,0x04,0x60,0x0E,0x00,0xA0,0x19,0x03,0x18,0x60,0xE8,0x04,

/* 灸 */
0x10,0x03,0xE0,0x26,0x04,0xE0,0x99,0x86,0xCC,0x2D,0x86,0xF0,0x5A,0x01,0x30,0x61,0xC8,0x04,

/* 九 */
0x18,0x01,0x80,0x18,0x07,0xF0,0x1B,0x01,0xA0,0x12,0x01,0x20,0x12,0x02,0x24,0x63,0xE8,0x18,

/* 酒 */
0x80,0x47,0xFC,0x67,0x0B,0xFC,0xF7,0x45,0x74,0x59,0xCD,0x04,0xDF,0xCD,0x04,0xDF,0xC1,0x00,

/* 厩 */
0x00,0x4F,0xFC,0xE8,0xCE,0xB8,0xFB,0x8E,0xF4,0xFF,0xCE,0x18,0xAB,0x8B,0xF8,0x25,0xE1,0x8C,

/* 救 */
0x21,0x03,0xB0,0x2A,0x4F,0xFE,0xAE,0x8F,0xE8,0x72,0x87,0xB8,0xAD,0x0A,0x38,0x64,0xC3,0x84,

/* 旧 */
0x00,0x05,0xFC,0x50,0xC5,0x0C,0x50,0xC5,0xFC,0x50,0xC5,0x0C,0x50,0xC5,0xFC,0xD0,0xC5,0x00,

/* 臼 */
0x00,0x01,0x88,0x67,0xC4,0x0C,0x40,0xC5,0x8C,0x40,0xC4,0x0C,0x40,0xC7,0xFC,0x40,0xC0,0x00,

/* 舅 */
0x18,0x87,0xA8,0x7F,0x87,0xF8,0x7F,0x86,0xD8,0x6D,0x87,0xF8,0xFF,0xC1,0x88,0x33,0x8C,0x10,

/* 咎 */
0x22,0x06,0xA0,0x7F,0x85,0xAC,0xB2,0x03,0xA0,0x6F,0xCC,0x10,0x3F,0x02,0x10,0x21,0x02,0x10,

/* 就 */
0x02,0x02,0x38,0xFE,0xC0,0x24,0xFF,0xCD,0xB0,0xFB,0x07,0x30,0xFF,0x0A,0xD0,0x6D,0xE3,0x8C,

/* 疚 */
0x0C,0x00,0x44,0x7F,0xCE,0xC0,0xED,0x06,0xB0,0xF3,0x0E,0x30,0x45,0x84,0xCC,0x98,0xE6,0x04,

/* 鞠 */
0x12,0x0D,0xE0,0xD7,0xE7,0x74,0xFF,0xCF,0xF4,0xBF,0xCF,0x34,0x27,0xCF,0xE4,0x2B,0xC2,0x28,

/* 拘 */
0x26,0x02,0x60,0x7F,0xEF,0x84,0x2F,0x43,0xD4,0xE5,0x4E,0x54,0x27,0x42,0x44,0xE1,0xC4,0x08,

/* 狙 */
0x00,0x0B,0xF8,0x6C,0x8E,0xC8,0xAF,0x86,0xC8,0x6C,0x8A,0xF8,0x2C,0x82,0xC8,0xEC,0xE5,0x00,

/* 疽 */
0x04,0x06,0x6C,0x60,0x0E,0xF8,0xE8,0x86,0x88,0xEF,0x84,0x88,0x4F,0x84,0x88,0x89,0xC0,0x00,

/* 居 */
0x00,0x07,0xFC,0x60,0x87,0xF8,0x66,0x07,0xFC,0x46,0x05,0x68,0x58,0x8D,0x08,0x9F,0x81,0x08,

/* 驹 */
0x02,0x0F,0x60,0x57,0xE5,0xC4,0x7D,0x4F,0x54,0xFD,0x41,0xD4,0xF7,0x41,0x44,0x71,0xC2,0x08,

/* 菊 */
0x12,0x0F,0xFC,0x12,0x07,0x20,0x7F,0xCE,0xAC,0xBF,0xCF,0xFC,0x3E,0xC6,0xAC,0xCB,0xC0,0x98,

/* 局 */
0x00,0x07,0xFC,0x60,0x87,0xF8,0x60,0xC7,0xFE,0x52,0x45,0xB4,0x5B,0x4D,0xA4,0x81,0xC0,0x08,

/* 咀 */
0x00,0x02,0xF8,0xE8,0x8A,0x88,0xAF,0x8A,0x88,0xA8,0x8E,0xF8,0xA8,0x88,0x88,0x08,0xC3,0xFC,

/* 矩 */
0x40,0x04,0x7C,0xFC,0x0E,0xC0,0x27,0xC3,0xCC,0xFC,0xC6,0x7C,0x74,0x85,0xC0,0x8C,0x40,0xFC,

/* 举 */
0x00,0x02,0xD8,0x35,0x0F,0xFC,0x33,0x02,0xD8,0x6D,0xEB,0xF4,0x0C,0x84,0xC0,0x0C,0x00,0xC0,

/* 沮 */
0x00,0x07,0xF8,0x78,0x8A,0x88,0xEF,0x86,0x88,0x48,0x84,0xF8,0xC8,0x8C,0x88,0xD9,0xCA,0x00,

/* 聚 */
0x04,0x04,0xFC,0x78,0xC7,0xB8,0x4F,0xCF,0xC4,0x0F,0x03,0xC8,0x7F,0x0B,0xF0,0xEC,0xC0,0x80,

/* 拒 */
0x40,0x06,0xFC,0x78,0x0F,0x80,0x6F,0xC7,0x88,0xE8,0x8E,0xF8,0x68,0x86,0x80,0xC8,0x64,0x80,

/* 据 */
0x40,0x04,0xFC,0x78,0x4F,0xFC,0x49,0x07,0xB4,0xCB,0x0C,0xB4,0x5F,0xC5,0x4C,0xF7,0xC6,0x44,

/* 巨 */
0x00,0x0F,0xFC,0xC0,0x0C,0x10,0xFF,0x8C,0x10,0xC1,0x0F,0xF0,0xC1,0x0C,0x00,0xFF,0xC0,0x00,

/* 具 */
0x00,0x03,0xF8,0x21,0x03,0xF0,0x21,0x02,0x10,0x3F,0x02,0x14,0xFF,0xE3,0x30,0x61,0x88,0x08,

/* 距 */
0x00,0x4F,0xFC,0x94,0x09,0x40,0xF7,0xCA,0x4C,0xFC,0xCB,0xFC,0xA4,0x0F,0xC0,0xEC,0x60,0x40,

/* 踞 */
0x00,0x4F,0xCC,0x9C,0xCF,0xFC,0xFD,0x0E,0xFE,0xFD,0x0E,0xFC,0xEE,0x4F,0xE4,0x97,0xC2,0x44,

/* 锯 */
0x40,0x04,0xFC,0x7C,0x48,0xFC,0xFD,0x04,0xFE,0xF9,0x04,0x94,0x7E,0x47,0xE4,0x77,0xC2,0x44,

/* 俱 */
0x20,0x06,0xF8,0x48,0x84,0x98,0xCF,0x8C,0x88,0x4F,0x84,0x88,0x7F,0xE4,0xD8,0x58,0xC6,0x04,

/* 句 */
0x20,0x02,0x00,0x7F,0xC4,0x0C,0xA4,0xCB,0xE8,0x24,0x82,0x48,0x3C,0x82,0x48,0x03,0x80,0x10,

/* 惧 */
0x40,0x04,0xF8,0x48,0x8F,0x88,0xDF,0x8C,0x88,0x4F,0x84,0x8E,0x5F,0xE4,0xD8,0x58,0xC6,0x04,

/* 炬 */
0x40,0x06,0xFC,0x7C,0x07,0xC0,0xEF,0xCE,0xCC,0x4C,0xC4,0xFC,0x6C,0x05,0xC0,0x9C,0x60,0xC0,

/* 剧 */
0x00,0x0F,0xC4,0xC5,0x4F,0xD4,0xD1,0x4F,0xF4,0xD1,0x4F,0xD4,0xED,0x4E,0x44,0xFC,0xC0,0x0C,

/* 捐 */
0x20,0x06,0xFC,0x7C,0xCF,0xFC,0x6C,0xC7,0xC4,0xEF,0xCE,0x84,0x6F,0xC6,0x84,0xE9,0xC4,0x8C,

/* 鹃 */
0x03,0x0F,0x7C,0x96,0xCF,0x7C,0x95,0xC9,0xD8,0xFC,0xC9,0xFC,0xF9,0x49,0xF4,0xB0,0xC9,0x18,

/* 娟 */
0x20,0x06,0x7C,0x54,0xCF,0x7C,0x54,0x45,0xFC,0x5F,0xCF,0xC4,0x6F,0xC7,0xC4,0x5C,0xC8,0xCC,

/* 倦 */
0x22,0x07,0xE8,0x4F,0x05,0xFC,0xC4,0x4D,0xFC,0x49,0x85,0xFE,0x6D,0x04,0xF0,0x4C,0xC4,0x78,

/* 眷 */
0x09,0x06,0xB0,0x3A,0x87,0xFC,0xFF,0xC3,0x30,0x3F,0xCE,0x1E,0x33,0x03,0xF0,0x33,0x02,0x10,

/* 卷 */
0x08,0x06,0xB0,0x2A,0x8F,0xFC,0xFF,0xC3,0x30,0x23,0x87,0xEE,0xB2,0x03,0x68,0x30,0x81,0xF8,

/* 绢 */
0x20,0x06,0xFC,0x5C,0x8D,0xF8,0xE8,0xCE,0xCC,0x4F,0xCF,0x84,0x8F,0xC7,0x84,0xC9,0xC0,0x88,

/* 撅 */
0x40,0x05,0xFC,0x5A,0x8F,0xF8,0x5F,0xE5,0xFC,0xDF,0x8D,0xF8,0x5F,0x86,0x9C,0xFA,0x4E,0xC4,

/* 攫 */
0x00,0x05,0xFC,0x7F,0xCF,0xFC,0x5E,0x47,0xFC,0xFF,0x8C,0xFC,0x4F,0x85,0xF8,0xC7,0x07,0x9C,

/* 抉 */
0x46,0x04,0x60,0x56,0x8F,0xF8,0x46,0x87,0x68,0xFF,0xEC,0x60,0x45,0x04,0xD8,0xD8,0xE6,0x04,

/* 掘 */
0x40,0x06,0xFC,0x78,0x4F,0xFC,0x6D,0x47,0xD4,0xEF,0xCF,0x94,0x75,0x47,0x54,0xE7,0xC6,0x04,

/* 倔 */
0x20,0x07,0xFC,0x58,0x45,0xFC,0xDD,0x4D,0xD4,0x5F,0x45,0x74,0x5D,0x45,0xD4,0x6F,0x46,0x84,

/* 爵 */
0x03,0x8F,0xD8,0x6D,0x87,0xF8,0x56,0x8C,0x88,0xF8,0xCF,0xE8,0xFA,0x8D,0x28,0xFB,0x8C,0x18,

/* 觉 */
0x08,0x02,0xD8,0x35,0x0F,0xFC,0x80,0xCB,0xF0,0x29,0x02,0x90,0x2F,0x03,0xC4,0x36,0xEC,0x3C,

/* 决 */
0x04,0x08,0x40,0x64,0x87,0xF8,0x24,0x84,0x48,0x7F,0xEC,0x60,0xCE,0x0C,0x98,0xD0,0xE6,0x04,

/* 诀 */
0x06,0x04,0x40,0x66,0x81,0xF8,0xC4,0x84,0x48,0x7F,0xE4,0x60,0x5D,0x06,0x98,0x58,0xC6,0x04,

/* 绝 */
0x02,0x06,0x68,0x57,0x8B,0xD0,0xFF,0xCF,0xB4,0x4B,0x4F,0xFC,0x88,0x07,0x80,0xCC,0x60,0x7C,

/* 均 */
0x62,0x06,0x20,0x67,0xC7,0x44,0xFC,0x46,0xA4,0x63,0x46,0x1C,0x7E,0x4C,0x04,0x03,0xC0,0x18,

/* 菌 */
0x12,0x0F,0xFE,0x12,0x07,0xFC,0x4E,0x87,0xC8,0x7F,0x85,0xE8,0x5F,0x86,0xC8,0x7F,0x8C,0x08,

/* 钧 */
0x42,0x04,0x60,0x77,0xCC,0x44,0x9C,0x4E,0xB4,0x73,0x4F,0x3C,0x6E,0x47,0x84,0x63,0xC4,0x18,

/* 军 */
0x00,0x07,0xFC,0xC8,0x8F,0xF8,0x14,0x03,0x40,0x7F,0x80,0x40,0xFF,0xE0,0x40,0x04,0x00,0x40,

/* 君 */
0x00,0x07,0xF8,0x19,0xEF,0xFE,0x11,0x8F,0xF8,0x30,0x83,0xF8,0x70,0x89,0x08,0x1F,0x81,0x08,

/* 峻 */
0x42,0x04,0x68,0x44,0xCF,0xF4,0xF7,0x8F,0xEC,0xFF,0x8F,0x78,0xFB,0x0F,0x30,0x07,0xC1,0x8C,

/* 俊 */
0x26,0x06,0x50,0x49,0x8D,0xFC,0xCD,0x8D,0xCC,0x7F,0xC4,0xD8,0x57,0x04,0x30,0x47,0xC5,0x8C,

/* 竣 */
0x42,0x06,0x68,0x7F,0xCF,0xF4,0xB5,0x8B,0xEC,0xE7,0x8E,0xD8,0x7B,0x0C,0x30,0x0D,0xC1,0x04,

/* 浚 */
0x02,0x06,0x60,0x2C,0xCA,0xFC,0xAD,0x8F,0xCC,0x7F,0x84,0xD8,0xD7,0x04,0x30,0xCF,0xE7,0x84,

/* 郡 */
0x08,0x46,0xF6,0x2F,0x4F,0xF8,0x6B,0x8F,0xBC,0x4B,0x4F,0xF6,0xEB,0xE6,0xB4,0x7B,0x04,0x30,

/* 骏 */
0x02,0x0F,0x68,0xAC,0xCA,0xF4,0xA5,0x8A,0xCC,0xF7,0x81,0xD8,0xFB,0x0B,0x30,0x67,0xE7,0x84,

/* 喀 */
0x02,0x0A,0xA4,0xFE,0xCB,0x78,0xAD,0x8B,0xF0,0xB7,0x8E,0xCE,0xBF,0x80,0x88,0x0F,0x80,0x88,

/* 咖 */
0x08,0x00,0x80,0xFD,0xCF,0xF4,0xFF,0x4F,0xD4,0xFD,0x4F,0x54,0xF5,0x4B,0x5C,0x2D,0x44,0x10,

/* 卡 */
0x08,0x00,0x80,0x0F,0x80,0x80,0x08,0x4F,0xFE,0x08,0x00,0xF0,0x09,0x80,0x88,0x08,0x00,0x80,

/* 咯 */
0x04,0x0A,0xC8,0xEF,0x8A,0xD0,0xB3,0x0A,0x70,0xAC,0xEF,0xFC,0x88,0x80,0x88,0x0F,0x80,0x88,

/* 开 */
0x00,0x07,0xFC,0x13,0x01,0x30,0x13,0x4F,0xFC,0x13,0x03,0x30,0x33,0x02,0x30,0xC3,0x00,0x20,

/* 揩 */
0x49,0x06,0x94,0x7F,0xCF,0x90,0x4F,0x47,0xBC,0xEE,0x8C,0xFC,0x4F,0x84,0x88,0xCF,0x84,0x88,

/* 楷 */
0x49,0x06,0x94,0x6F,0xCF,0x92,0x6F,0x6F,0xBC,0xFE,0xCE,0xCC,0x6F,0xC6,0xCC,0x6F,0xC4,0x88,

/* 凯 */
0x20,0x0A,0xF8,0xAE,0x8B,0xE8,0xFE,0x8F,0xE8,0x1E,0x8F,0xE8,0x84,0xA9,0xCA,0xE8,0xEB,0x0C,

/* 慨 */
0x40,0x05,0xFC,0x57,0x8F,0xF8,0xF7,0x8D,0xFC,0x5D,0x85,0x98,0x5F,0x85,0x68,0x44,0xE4,0x00,

/* 刊 */
0x00,0x4F,0xC4,0x33,0x42,0x24,0x22,0x4F,0xE4,0x22,0x42,0x24,0x22,0x42,0x04,0x21,0xC2,0x08,

/* 堪 */
0x40,0x84,0xDC,0x5F,0xC4,0xF8,0xFD,0x84,0xF8,0x4D,0xC7,0xFE,0x7F,0x8D,0xCC,0x1C,0x40,0x80,

/* 勘 */
0x49,0x04,0xD0,0xFD,0x07,0xFE,0x49,0x47,0x94,0x4D,0x4F,0xF4,0xEB,0x4C,0xA4,0xFF,0xC0,0x88,

/* 坎 */
0x26,0x06,0x60,0x64,0x47,0xFC,0xFA,0x86,0xB0,0x63,0x06,0x70,0xF5,0x8C,0xC8,0x18,0xC2,0x04,

/* 砍 */
0x02,0x0F,0xE0,0x66,0x44,0x7C,0x5A,0x8F,0xB0,0xD3,0x0D,0x70,0x57,0x87,0x48,0xD8,0xE3,0x04,

/* 看 */
0x01,0x8F,0xF8,0x08,0x87,0xFC,0xFF,0xE3,0x10,0x3F,0x87,0xF8,0xB1,0x83,0x18,0x3F,0x83,0x10,

/* 康 */
0x0C,0x07,0xFC,0x44,0x07,0xF8,0x45,0xC4,0x58,0x7F,0x8D,0x6C,0xDF,0x8F,0x58,0xAC,0xC0,0xC0,

/* 慷 */
0x42,0x05,0xBC,0x5B,0x0F,0xFC,0xFF,0xED,0xAC,0x5F,0x85,0xFC,0x57,0x85,0xEC,0x6A,0x44,0x20,

/* 糠 */
0x42,0x04,0xB4,0xFB,0x0E,0xFC,0xFB,0xE4,0xBC,0xEF,0x8D,0xFC,0x4F,0x85,0xE8,0x5A,0xE6,0x60,

/* 扛 */
0x20,0x06,0x04,0x7F,0xCF,0x30,0x23,0x03,0x30,0xE3,0x0E,0x30,0x23,0x02,0x30,0xFF,0xE4,0x00,

/* 抗 */
0x44,0x04,0x20,0x7F,0xCF,0x00,0x4F,0x07,0xD0,0xCD,0x0C,0xD0,0x4D,0x04,0x94,0xD9,0xEE,0x08,

/* 亢 */
0x08,0x00,0xC0,0xFF,0xC0,0x00,0x12,0x01,0xE0,0x12,0x01,0x20,0x32,0x42,0x24,0x43,0xC8,0x00,

/* 炕 */
0x22,0x06,0x30,0x6F,0xC7,0x00,0xF5,0x8E,0x58,0xE5,0x06,0x50,0x75,0x25,0xD2,0x89,0xE3,0x00,

/* 考 */
0x08,0x00,0x98,0x7F,0x00,0xA4,0xFF,0xE0,0x88,0x3F,0x86,0x80,0x9F,0x80,0x10,0x03,0x00,0x60,

/* 拷 */
0x44,0x06,0x5C,0x7F,0x8F,0x54,0x7F,0xE7,0x68,0xEF,0xCF,0xE4,0x67,0xC6,0x0C,0xE3,0x84,0x18,

/* 烤 */
0x44,0x06,0x4C,0x7F,0x87,0x54,0xFF,0xEC,0x48,0x4F,0xC7,0x60,0x77,0xCD,0x08,0x87,0x80,0x30,

/* 靠 */
0x04,0x03,0xD8,0x4C,0x4F,0xFC,0x3F,0x83,0xF0,0x3F,0x0F,0x7C,0x77,0x81,0x64,0xF6,0x01,0x60,

/* 坷 */
0x40,0x05,0xFE,0x40,0x84,0xA8,0xFE,0x84,0xA8,0x4A,0x84,0xE8,0x7A,0x8C,0x08,0x83,0x80,0x18,

/* 苛 */
0x32,0x03,0x34,0xFF,0xC3,0x24,0xFF,0xC0,0x10,0x3D,0x02,0x50,0x3D,0x06,0xD0,0x07,0x00,0x10,

/* 柯 */
0x40,0x05,0xFE,0x40,0x8F,0x88,0x4F,0x8E,0xA8,0xFA,0x8C,0xE8,0x4A,0x84,0x08,0x43,0x84,0x18,

/* 棵 */
0x40,0x04,0xFC,0x4A,0xCF,0xFC,0x4A,0xCF,0xF8,0xD3,0x4C,0x78,0x4F,0x84,0xAC,0x72,0x66,0x20,

/* 磕 */
0x02,0x01,0x28,0xFF,0x84,0x24,0x47,0x0F,0xD8,0xEF,0xCE,0xFC,0xEF,0xCE,0xDC,0xED,0xC1,0xFE,

/* 颗 */
0x88,0x4F,0xF8,0xF9,0x4E,0xFC,0xFF,0xCA,0xF4,0xFF,0x47,0x74,0x7F,0x4A,0xAC,0x24,0x42,0x04,

/* 科 */
0x00,0x07,0x98,0x27,0x82,0x38,0xF9,0x86,0x58,0x77,0xC6,0x1C,0xAF,0x82,0x18,0x21,0x82,0x18,

/* 壳 */
0x0C,0x00,0xCC,0x0D,0x02,0xF0,0x00,0x0F,0xFC,0x92,0x81,0xE0,0x12,0x03,0x24,0x23,0xCC,0x1C,

/* 咳 */
0x02,0x08,0x24,0xFF,0xEA,0x68,0xA5,0x8A,0xF0,0xA2,0xCE,0x68,0xB9,0x08,0x38,0x0C,0xC3,0x04,

/* 可 */
0x00,0x4F,0xFE,0x01,0x07,0xD0,0x6D,0x04,0xD0,0x4D,0x07,0xD0,0x49,0x00,0x10,0x07,0x00,0x10,

/* 渴 */
0x08,0x84,0xC8,0x5F,0x8A,0x88,0xEF,0x82,0xC4,0x4F,0xCD,0xE4,0xEF,0xCD,0x94,0xDF,0xC4,0x08,

/* 克 */
0x04,0x00,0xC4,0xFF,0xC0,0xC0,0x3F,0x82,0x18,0x21,0x83,0xF8,0x1E,0x01,0x64,0x36,0x4C,0x3C,

/* 刻 */
0x20,0x43,0x44,0xFF,0x43,0x94,0x69,0x4F,0x14,0x3D,0x46,0x94,0x99,0x42,0xC4,0xC5,0xC0,0x0C,

/* 客 */
0x08,0x07,0xFC,0xD8,0xC9,0xF0,0x33,0x04,0xC0,0x9E,0x03,0x3C,0xFF,0x42,0x10,0x33,0x02,0x30,

/* 课 */
0x00,0x06,0xFC,0x0A,0xC0,0xFC,0xCA,0xC5,0xAC,0x5F,0xE5,0x70,0x5F,0x86,0xAC,0x72,0x40,0x20,

/* 肯 */
0x04,0x02,0x48,0x27,0x82,0x44,0xFF,0xC3,0xF8,0x21,0x83,0xF8,0x21,0x82,0x18,0x23,0x02,0x30,

/* 啃 */
0x03,0x0A,0xF0,0xEB,0xCA,0xF4,0xBF,0xCA,0xFC,0xA8,0x8E,0xF8,0xAF,0x80,0x88,0x08,0x80,0x98,

/* 垦 */
0x01,0x06,0x18,0x7F,0x86,0x18,0x7F,0x86,0x58,0x6B,0x07,0xDC,0x0C,0x87,0xF8,0x0C,0x48,0x00,

/* 恳 */
0x61,0x06,0x10,0x7F,0x06,0x10,0x7F,0x86,0x70,0x7F,0x07,0x9C,0x2C,0x8A,0x5C,0xBF,0x61,0xE0,

/* 坑 */
0x44,0x04,0x20,0x42,0xC5,0x00,0xF9,0x04,0xD0,0x4D,0x04,0xD0,0xE9,0x08,0x90,0x11,0xE2,0x0C,

/* 吭 */
0x06,0x0A,0x20,0xFF,0xCA,0x00,0xAF,0x0A,0xD0,0xA9,0x0E,0x90,0xA9,0x09,0x94,0x31,0xE6,0x08,

/* 空 */
0x08,0x00,0xC4,0xFF,0xC9,0x08,0xB3,0x02,0x18,0xC1,0x87,0xF0,0x0C,0x00,0xC0,0x0C,0xC0,0x00,

/* 恐 */
0x00,0x0F,0xD8,0x6D,0x06,0xD0,0x7F,0x0C,0x9E,0x11,0xE6,0x80,0x74,0xC7,0x54,0x9F,0x41,0xE0,

/* 孔 */
0x00,0x0F,0xB0,0x1A,0x03,0x20,0x32,0x03,0xA0,0xF2,0x0E,0x20,0x22,0x02,0x24,0x63,0x66,0x3C,

/* 控 */
0x42,0x06,0x30,0x6F,0xEF,0x8C,0x4D,0x87,0xCC,0xF0,0xCE,0xF8,0x42,0x04,0x20,0x62,0x65,0x00,

/* 抠 */
0x40,0x04,0xFC,0x78,0x8F,0xC8,0x4B,0x87,0xB0,0xC9,0x04,0xB8,0x4E,0x84,0xC8,0xCF,0xEC,0x80,

/* 口 */
0x00,0x04,0x08,0x7F,0x84,0x18,0x41,0x84,0x18,0x41,0x84,0x18,0x41,0x87,0xF8,0x41,0x80,0x00,

/* 扣 */
0x20,0x02,0x00,0x2F,0xCF,0xC4,0x24,0x43,0xC4,0xE4,0x4E,0x44,0x24,0x42,0x7C,0xE4,0x46,0x00,

/* 寇 */
0x0C,0x07,0xFC,0xC3,0xC8,0x2C,0x7B,0xC0,0xA8,0xFF,0xC7,0x78,0x73,0x85,0x4C,0x58,0xE0,0xFC,

/* 枯 */
0x23,0x06,0x30,0x63,0x4F,0xFE,0x63,0x07,0x30,0xFF,0xCE,0xCC,0x6C,0xC6,0xCC,0x6F,0xC6,0xC0,

/* 哭 */
0x00,0x07,0xFC,0x56,0x85,0x68,0x77,0x80,0xF0,0xFF,0xC1,0xC0,0x1E,0x03,0x30,0x61,0xC8,0x08,

/* 窟 */
0x0C,0x07,0xFC,0x9F,0xCF,0x18,0xFF,0x86,0x18,0x76,0x87,0x48,0x7F,0x8E,0x4C,0xA4,0xC3,0xFC,

/* 苦 */
0x12,0x03,0x34,0x33,0x03,0xE0,0x0C,0x4F,0xFE,0x0C,0x03,0xF0,0x21,0x02,0x10,0x3F,0x02,0x10,

/* 酷 */
0x01,0x0F,0xF0,0x67,0xCF,0xD0,0xF9,0x0F,0xFE,0xF8,0x09,0x7C,0xF4,0xC9,0x4C,0xFF,0xC8,0x44,

/* 库 */
0x0C,0x04,0x4C,0x44,0x04,0xC4,0x7F,0xC5,0xE0,0x5F,0x84,0x60,0x46,0x4E,0x60,0x86,0x00,0x60,

/* 裤 */
0x42,0x04,0xB4,0x6F,0x06,0xB4,0x7F,0xC7,0xB8,0xEF,0xC7,0x90,0x49,0xE5,0x98,0x51,0x06,0x10,

/* 夸 */
0x0C,0x00,0x8C,0xFF,0x83,0x20,0x37,0x84,0x0C,0xFF,0x81,0x00,0x3F,0x00,0x30,0x1E,0x00,0xE0,

/* 垮 */
0x42,0x04,0x64,0x5F,0xC4,0xD0,0xF9,0xC5,0xC6,0x7F,0xC5,0x40,0xEF,0x88,0x08,0x05,0x80,0x30,

/* 挎 */
0x42,0x04,0x64,0x7F,0xCF,0x50,0x4D,0x87,0xCE,0xFF,0xCC,0x40,0x4F,0x84,0x18,0xC1,0x84,0x30,

/* 跨 */
0x02,0x0F,0x64,0x9F,0xC9,0x50,0xFD,0x8B,0x8E,0xFF,0xCB,0x40,0xAF,0x8F,0x08,0xC3,0x80,0x30,

/* 胯 */
0x02,0x0F,0x24,0xBF,0xCF,0x58,0xFF,0xCB,0x8E,0xFF,0x8B,0x40,0xB7,0x8B,0x08,0xF1,0x82,0x30,

/* 块 */
0x44,0x04,0x60,0x46,0x85,0xF8,0xF6,0x84,0x48,0x5F,0xE4,0x60,0xF5,0x08,0xD8,0x18,0xE6,0x04,

/* 筷 */
0x22,0x07,0xFC,0xF5,0x0F,0xF0,0x46,0x8F,0xF8,0xF4,0x8E,0x7C,0x6F,0x04,0xD0,0x59,0xC7,0x0C,

/* 侩 */
0x22,0x02,0x60,0x6D,0x04,0x8C,0xD1,0xCE,0xF0,0x40,0x45,0xFC,0x44,0x04,0x98,0x5F,0x85,0x08,

/* 快 */
0x46,0x04,0x60,0x46,0x8F,0xE8,0xD4,0x8C,0x48,0x7F,0xE4,0x60,0x4D,0x04,0x98,0x58,0xE6,0x04,

/* 宽 */
0x08,0x0F,0xFC,0x96,0xCB,0x78,0x16,0x07,0xF0,0x69,0x06,0xD0,0x7D,0x03,0x54,0x36,0x4C,0x7C,

/* 款 */
0x22,0x02,0xA0,0xFA,0x43,0xFC,0x17,0x8F,0xB0,0x0B,0x0B,0x38,0xFA,0x8A,0xEC,0x6C,0x67,0x04,

/* 匡 */
0x00,0x0F,0xFC,0xC0,0x0F,0xF8,0xC4,0x0C,0x48,0xFF,0x8C,0x40,0xFF,0xCC,0x00,0xFF,0xE0,0x00,

/* 筐 */
0x42,0x07,0xFC,0xF7,0x0B,0x94,0xFF,0xCF,0xF8,0xC4,0x0D,0xF8,0xC4,0x0F,0xF8,0xC0,0x4F,0xFC,

/* 狂 */
0x10,0x0B,0xFC,0x62,0x0E,0x20,0xA2,0x06,0x3C,0x63,0x0A,0x20,0x22,0x02,0x20,0xFF,0xE4,0x00,

/* 框 */
0x40,0x04,0xFC,0x78,0x0F,0xFC,0xCB,0x0F,0xB8,0xFB,0x04,0xB0,0x4F,0xC4,0x80,0x5F,0xE4,0x80,

/* 矿 */
0x01,0x01,0x94,0x67,0xE4,0x40,0x74,0x0D,0x40,0xD4,0x0D,0x40,0xFC,0x0D,0x80,0x98,0x02,0x00,

/* 眶 */
0x00,0x4F,0xFC,0xA8,0x0A,0xFC,0xE9,0x0A,0xBC,0xA9,0x0E,0x90,0xAF,0xCE,0x80,0xB8,0xE8,0x80,

/* 旷 */
0x02,0x08,0x10,0xFF,0xEB,0xC0,0xBC,0x0F,0xC0,0xBC,0x0B,0xC0,0xB8,0x0F,0x80,0x90,0x02,0x00,

/* 况 */
0x00,0x09,0xF8,0xF0,0x83,0x08,0x79,0x85,0xF8,0xCE,0x0C,0xE0,0x8A,0x48,0xA4,0xB3,0xE6,0x18,

/* 亏 */
0x00,0x07,0xF8,0x00,0x00,0x0C,0x98,0x01,0x00,0x3F,0x80,0x18,0x01,0x00,0x30,0x0F,0x00,0x40,

/* 盔 */
0x10,0x01,0x8C,0xB6,0x03,0x68,0x77,0x85,0xF0,0x99,0xC7,0x0C,0x7F,0x82,0xB8,0x2F,0xCF,0xFC,

/* 岿 */
0x04,0x06,0x4C,0x44,0xC7,0xFC,0x10,0x05,0xFC,0x50,0xC5,0x7C,0x50,0xC7,0x0C,0x6F,0xCC,0x08,

/* 窥 */
0x0C,0x07,0xFC,0xD7,0xCF,0x18,0x67,0x8F,0xE8,0x27,0x8F,0xE8,0x67,0x85,0x74,0xDD,0x41,0x1C,

/* 葵 */
0x12,0x0F,0xFC,0x12,0x0F,0xF0,0x5F,0xC7,0x38,0x67,0xCC,0xCC,0x7F,0x81,0xC0,0x33,0x8C,0x08,

/* 奎 */
0x08,0x00,0x8C,0xFF,0xC3,0xA0,0x2F,0xCF,0xFC,0x08,0x8F,0xF8,0x09,0x07,0xF0,0x0C,0xC8,0x00,

/* 魁 */
0x20,0x8E,0x88,0xFA,0x8B,0x88,0xFA,0x8F,0xAC,0xFB,0xC7,0xC8,0x78,0x8B,0xC8,0xB1,0xE1,0xFC,

/* 傀 */
0x26,0x02,0x48,0x7F,0xC5,0xAC,0xDF,0xCD,0xAC,0x5F,0x84,0x78,0x47,0xC4,0xBC,0x52,0x66,0x3C,

/* 馈 */
0x42,0x04,0xBC,0xFA,0xCB,0xFC,0xEA,0x45,0xFC,0x4F,0xC4,0xAC,0x5A,0xC6,0xB8,0x45,0xC1,0x84,

/* 愧 */
0x42,0x04,0x60,0x5F,0xC7,0xAC,0xFF,0xCD,0xAC,0x5F,0xC4,0x78,0x47,0xC4,0xFC,0x5B,0x66,0x1C,

/* 溃 */
0x02,0x05,0xFC,0x5A,0xCB,0xFC,0xF2,0xE7,0x88,0x5F,0xC5,0xA8,0xDE,0x8D,0x78,0xCC,0xC7,0x04,

/* 坤 */
0x42,0x04,0x30,0x4F,0xC7,0xB4,0xFB,0x44,0xFC,0x4B,0x47,0xFC,0xEB,0x48,0x30,0x03,0x00,0x20,

/* 昆 */
0x00,0x07,0xF0,0x41,0x07,0xF0,0x41,0x04,0x50,0x44,0x05,0xD8,0x46,0x04,0x44,0x77,0xE4,0x38,

/* 捆 */
0x60,0x06,0xFE,0x7B,0x4F,0xB4,0x6F,0xC7,0xB4,0xEF,0xCE,0xFC,0x6B,0x46,0xB4,0xEF,0xC4,0x84,

/* 困 */
0x00,0x0F,0xFC,0x4C,0xC4,0xDC,0x7F,0xC5,0xCC,0x5E,0xC7,0xFC,0x6D,0xCC,0xCC,0xFF,0xC4,0x08,

/* 括 */
0x20,0x86,0x78,0x72,0x0F,0x20,0x7F,0xE7,0x20,0xE2,0x0E,0xFC,0x68,0xC6,0x8C,0x6F,0xC4,0x88,

/* 扩 */
0x42,0x06,0x10,0x7F,0xCF,0xC0,0x68,0x07,0x80,0xE8,0x0E,0x80,0x68,0x06,0x80,0xF0,0x06,0x00,

/* 廓 */
0x04,0x07,0xFC,0x58,0x07,0xFC,0x7D,0x47,0x58,0x75,0x8F,0xF4,0x8F,0x4F,0x9C,0x99,0x01,0x90,

/* 阔 */
0x40,0x02,0xFC,0xA3,0x4B,0xE4,0xF7,0xCB,0xFC,0xAF,0x4E,0xB4,0xA9,0x4A,0xF4,0x89,0xC8,0x08,

/* 垃 */
0x42,0x06,0x20,0x42,0x44,0xFC,0xF0,0x84,0x88,0x45,0x84,0x50,0x75,0x0E,0x50,0x9F,0xC0,0x00,

/* 拉 */
0x00,0x06,0x20,0x72,0x4F,0xFC,0x60,0x87,0x88,0x64,0x8E,0x58,0x65,0x06,0x50,0xE3,0x44,0x00,

/* 喇 */
0x08,0x48,0xA4,0xFF,0x4B,0xFC,0xBF,0xCB,0xFC,0xBF,0xCF,0xDC,0x9F,0x42,0xA4,0x49,0xC0,0x8C,

/* 蜡 */
0x64,0x86,0x78,0xFF,0xCF,0x78,0xF7,0xCF,0xFC,0xF7,0xCF,0x4C,0x77,0x87,0x48,0xD7,0xC0,0x48,

/* 腊 */
0x05,0x8F,0x58,0xFF,0xCF,0x58,0xF7,0xEF,0x80,0xFF,0xCB,0xCC,0xBF,0x8B,0xC8,0xFF,0xC2,0xC8,

/* 辣 */
0x41,0x03,0x34,0xFF,0xCD,0x34,0x6F,0xCF,0xF4,0x6F,0xCF,0xF0,0x47,0x84,0xBC,0xD3,0x48,0x30,

/* 啦 */
0x09,0x00,0x98,0xE8,0xCB,0xFC,0xA8,0xCA,0xEC,0xBA,0x8B,0xB8,0xEB,0x88,0x88,0x18,0xE1,0x80,

/* 莱 */
0x12,0x0F,0xFC,0x1B,0x01,0xE8,0x7F,0x83,0xF0,0xBE,0xC1,0xE0,0x3F,0x06,0xDC,0xCC,0xC0,0x80,

/* 来 */
0x0C,0x00,0xC8,0xFF,0x82,0xD0,0x3F,0x03,0xEC,0xFF,0xC1,0xE0,0x2F,0x04,0xDC,0x8C,0x40,0x80,

/* 赖 */
0x22,0x02,0xB8,0xFE,0xCA,0x48,0xFF,0xCB,0xD4,0xFD,0x47,0x54,0x7F,0x4A,0xB8,0x26,0xC3,0x84,

/* 蓝 */
0x12,0x01,0x34,0xFF,0xC1,0x60,0x57,0xC5,0x70,0x59,0x07,0x18,0x7F,0x87,0xA8,0x7F,0xC0,0x00,

/* 婪 */
0x22,0x02,0x34,0xFF,0xC7,0x78,0x7F,0xCA,0xB6,0x3A,0x0F,0xFC,0x36,0x03,0x60,0x1F,0x8F,0x18,

/* 栏 */
0x20,0x86,0x48,0x77,0x0F,0x54,0x6F,0xC7,0x00,0xF0,0x8E,0xF8,0x60,0x06,0x00,0x7F,0xE6,0x00,

/* 拦 */
0x20,0x86,0xC8,0x75,0x0F,0x5C,0x6F,0xC7,0x00,0xE0,0x8E,0xF8,0x60,0x06,0x00,0xFF,0xE4,0x00,

/* 篮 */
0x02,0x06,0xA4,0x7F,0xCB,0xD0,0x16,0x45,0x7C,0x5B,0x05,0x10,0x7F,0x85,0x68,0x56,0xCF,0xFC,

/* 阑 */
0x60,0x02,0xFC,0xCC,0xCF,0xFC,0xFF,0xCF,0xF4,0xFD,0x4F,0xF4,0xDE,0x4F,0xD4,0xCD,0xC8,0x08,

/* 兰 */
0x21,0x03,0x10,0x12,0x01,0x6C,0x00,0x00,0x00,0x01,0x80,0x00,0x00,0x00,0x04,0xFF,0xC0,0x00,

/* 澜 */
0x00,0x04,0xBC,0x32,0x4B,0xFC,0xFA,0xC7,0xFC,0x7F,0xC7,0xFC,0xF7,0x4F,0xFC,0xF2,0xCB,0x0C,

/* 谰 */
0x08,0x04,0xFE,0x52,0x41,0xFC,0xDA,0xC5,0xFC,0x5F,0xC5,0xFC,0x77,0x47,0xAC,0xD2,0xC1,0x0C,

/* 揽 */
0x41,0x04,0xD0,0x7F,0xEF,0xF8,0x5C,0xC7,0xC8,0xEA,0xCC,0xA8,0x4B,0x84,0xF4,0xCD,0x47,0x9C,

/* 览 */
0x12,0x05,0x6C,0x57,0x05,0x18,0xD1,0x03,0xF8,0x2D,0x82,0xD8,0x2D,0x81,0xC4,0x37,0xEC,0x3C,

/* 懒 */
0x49,0x04,0xDC,0x7F,0xCF,0xEC,0xFF,0x4F,0xFC,0x7F,0xC5,0xBC,0x5F,0xC6,0x98,0x69,0x64,0xE0,

/* 缆 */
0x24,0x86,0xF8,0x5F,0xEB,0xF8,0xEE,0xC4,0xF8,0x4A,0x8E,0xA8,0x0A,0x8E,0xE0,0x8F,0x63,0x1C,

/* 烂 */
0x60,0x86,0x48,0x75,0x0F,0x14,0xEF,0xCC,0x00,0xC0,0x86,0xF8,0x70,0x05,0x00,0x9F,0xE0,0x00,

/* 滥 */
0x05,0x05,0x50,0x57,0xEB,0x70,0xB7,0x85,0x48,0x44,0x05,0xFC,0xD7,0x8D,0x78,0xD7,0xCF,0xFC,

/* 琅 */
0x02,0x01,0xA8,0xFF,0x84,0x88,0x4F,0x8F,0x88,0x4F,0x84,0xAC,0x7B,0x8E,0x98,0x8E,0xE0,0x84,

/* 榔 */
0x48,0x04,0x5C,0x7F,0x4F,0xB4,0x5F,0x87,0xB8,0xFF,0x4D,0x96,0x5F,0xE5,0xF4,0x59,0x04,0x10,

/* 狼 */
0x02,0x0B,0x28,0xEF,0x84,0x88,0xAF,0x86,0x88,0x6F,0x8A,0xAC,0x2B,0x82,0x90,0xEE,0xC6,0x84,

/* 廊 */
0x04,0x07,0xFC,0x58,0x05,0xFC,0x75,0xC7,0xD8,0x75,0x87,0xD4,0x7D,0x4F,0xFC,0xB1,0x40,0x10,

/* 郎 */
0x20,0x0A,0xBC,0xFE,0xC8,0xA8,0xFB,0x08,0xB0,0xFA,0x88,0x24,0x9A,0x4F,0xFC,0xCE,0x80,0x20,

/* 朗 */
0x20,0x0B,0xBC,0xFA,0x48,0xA4,0xFB,0xC8,0xA4,0xFA,0x48,0x3C,0x94,0x4F,0xC4,0xC9,0xC1,0x08,

/* 浪 */
0x06,0x04,0x28,0x6F,0x81,0x88,0xEF,0x86,0x88,0x2F,0x84,0xAC,0xCB,0x04,0x98,0x4C,0xE4,0x84,

/* 捞 */
0x44,0x04,0x5C,0x7F,0xEF,0x58,0x4F,0xC7,0xA4,0xD2,0x8D,0xFC,0x46,0x84,0x48,0xCD,0x87,0x18,

/* 劳 */
0x12,0x01,0x24,0xFF,0xC1,0x20,0xFF,0xC8,0x8C,0x89,0x87,0xF8,0x19,0x01,0x10,0x67,0x08,0x20,

/* 牢 */
0x0C,0x04,0x44,0xFF,0xEA,0x48,0x24,0x87,0xF8,0x44,0x00,0x44,0xFF,0xC0,0x40,0x0C,0x00,0xC0,

/* 老 */
0x08,0x00,0x88,0x7F,0x80,0xB0,0x1E,0x48,0xE0,0x18,0x01,0x30,0x7C,0x0D,0x00,0x1F,0xC0,0xF8,

/* 佬 */
0x24,0x06,0x4C,0x5F,0x84,0x58,0xC7,0x4D,0x60,0x44,0x84,0xD8,0x5E,0x46,0xC4,0x4C,0xC4,0x78,

/* 姥 */
0x42,0x04,0x64,0x4F,0xCF,0x68,0x57,0x47,0xFE,0xF6,0x0A,0x5C,0xEF,0x07,0x44,0x16,0xC0,0x3C,

/* 酪 */
0x02,0x0F,0xA8,0x67,0xCF,0xF8,0xFB,0x0F,0xBC,0xBC,0xE9,0xFC,0xFC,0x89,0xCC,0xFF,0xC8,0x48,

/* 烙 */
0x44,0x06,0x48,0x7F,0x87,0xD8,0xF3,0x0C,0x78,0x4C,0xE5,0xFC,0x6C,0x8B,0xC8,0x8F,0x80,0x88,

/* 涝 */
0x05,0x04,0xD4,0x7F,0xC2,0xD0,0xBF,0xEF,0x64,0x46,0x85,0xF8,0xC4,0x8C,0xC8,0xDB,0x8A,0x10,

/* 勒 */
0x41,0x05,0xD0,0xFD,0x07,0xBE,0x79,0x4F,0x94,0xE9,0x4F,0xB4,0x3A,0x43,0x64,0x25,0xC2,0x88,

/* 乐 */
0x00,0x83,0xF8,0x20,0x06,0x40,0x64,0x07,0xFC,0x44,0x03,0x50,0x24,0x84,0x4C,0x8C,0x40,0x00,

/* 雷 */
0x00,0x80,0xC0,0xFF,0xC8,0xCC,0xBC,0x03,0xF0,0x4D,0x06,0xD8,0x6D,0x86,0xD8,0x7F,0x84,0x10,

/* 镭 */
0x40,0x04,0xF8,0xFF,0xE9,0xA4,0xF7,0x84,0xF8,0x7F,0xCE,0xAC,0x5F,0xC6,0xAC,0x6F,0xC4,0x8C,

/* 蕾 */
0x13,0x0F,0xFE,0x13,0x87,0xFC,0xFF,0xEB,0xF8,0x7F,0x87,0xF8,0x6C,0x87,0xF8,0x7F,0x86,0x08,

/* 磊 */
0x00,0x4F,0xFC,0x1F,0x83,0x18,0xDF,0x83,0x14,0xFF,0xE6,0x30,0x7B,0xCD,0xE4,0x7B,0xC5,0x24,

/* 累 */
0x00,0x07,0xF8,0x7F,0x84,0xC8,0x7F,0x87,0xB0,0x3F,0x07,0xF8,0x7E,0x06,0xD8,0xDC,0xC0,0x80,

/* 儡 */
0x20,0x07,0xFC,0x5A,0x85,0xE8,0xDF,0x8D,0x08,0x7F,0xE7,0xFC,0x7F,0xC7,0xFC,0x7F,0xC6,0x40,

/* 垒 */
0x08,0x01,0xA0,0x33,0x07,0xF8,0x63,0x05,0x68,0xFF,0xC8,0xC4,0x0C,0x84,0xC0,0x0C,0x4F,0xFC,

/* 擂 */
0x40,0x84,0xFC,0x7F,0xEF,0x2C,0x52,0x06,0xF8,0xDE,0xCD,0xAC,0x5F,0xC5,0xAC,0xDF,0xC5,0x88,

/* 肋 */
0x02,0x07,0xA0,0x52,0x05,0xFC,0x72,0x45,0x24,0x72,0x4D,0x24,0xD6,0x49,0x4C,0xBD,0xC1,0x08,

/* 类 */
0x04,0x06,0xD8,0x2F,0x4F,0xFC,0x3F,0x02,0xD8,0xC8,0x88,0xC4,0x1E,0x01,0x30,0x21,0xCC,0x04,

/* 泪 */
0x40,0x06,0xFC,0x18,0xC9,0x8C,0x6F,0xC2,0x8C,0x28,0xC6,0xFC,0x48,0xC4,0x8C,0x4F,0xC0,0x80,

/* 棱 */
0x42,0x06,0x20,0x7F,0xCF,0x24,0x5F,0xCF,0xDC,0xFE,0xCF,0x78,0x4B,0x05,0x30,0x67,0xC7,0x84,

/* 楞 */
0x40,0x04,0xFC,0x6F,0x4F,0xFC,0x4B,0x4E,0x24,0xFF,0xCC,0x68,0x46,0xC4,0x48,0x4F,0x87,0x10,

/* 冷 */
0x06,0x08,0x60,0xED,0x06,0x98,0x36,0xC7,0x24,0x77,0x8C,0x18,0xC1,0x0C,0xE0,0xC6,0x00,0x30,

/* 厘 */
0x00,0x07,0xFC,0x50,0x85,0x68,0x5F,0x85,0x68,0x5F,0x85,0x68,0x5F,0x88,0x60,0x86,0x40,0x00,

/* 梨 */
0x18,0x8F,0x28,0xFE,0x87,0x28,0x7A,0x8B,0x98,0x1C,0xCF,0xFC,0x3E,0x06,0xD8,0xCC,0xE0,0x80,

/* 犁 */
0x08,0x07,0xBC,0x37,0xCF,0xBC,0x7E,0xC9,0x5C,0x24,0x87,0xF8,0x44,0x4F,0xFE,0x04,0x00,0x40,

/* 黎 */
0x32,0x0E,0x7C,0xFD,0xC7,0xBC,0xFA,0x8B,0xD8,0x3B,0x06,0xFE,0x9E,0x03,0xF0,0x6D,0x81,0x80,

/* 篱 */
0x22,0x07,0xFC,0xB5,0x0B,0xD4,0xFF,0xC6,0xF8,0x7F,0x84,0xD8,0xFF,0xCF,0xFC,0xC1,0xCC,0x18,

/* 狸 */
0x00,0x0B,0xFC,0x6A,0xCC,0xFC,0x6A,0xC6,0xAC,0x6F,0xCA,0x20,0x2F,0xC2,0x20,0xE3,0x65,0x00,

/* 离 */
0x08,0x00,0xC4,0x77,0x87,0xC8,0x7E,0x87,0xF8,0x4C,0x8F,0xFC,0xD6,0xCF,0xFC,0xC1,0xCC,0x08,

/* 漓 */
0x06,0x07,0xFE,0x7D,0xC3,0xF4,0xBF,0xCD,0xFC,0x52,0x45,0xFC,0xD5,0x4D,0xF4,0xD1,0xCD,0x0C,

/* 理 */
0x00,0x0F,0xFC,0x4A,0xC4,0xBC,0x4B,0xCF,0xAC,0x4F,0xC4,0x20,0x7F,0xCC,0x20,0x03,0x41,0xFC,

/* 李 */
0x0C,0x00,0xC4,0xFF,0xC1,0xE0,0x2D,0xC4,0x8C,0xBF,0x00,0x64,0xFF,0xC0,0x40,0x1C,0x00,0xC0,

/* 里 */
0x00,0x07,0xF8,0x6D,0x87,0xF8,0x6D,0x86,0xD8,0x7F,0x84,0xC8,0x7F,0x80,0xC0,0x0C,0xC0,0x00,

/* 鲤 */
0x40,0x05,0x7C,0xF5,0x4B,0x7C,0xFF,0xCF,0xD4,0xFF,0xCB,0x90,0xFF,0xC9,0x10,0xE1,0x40,0xFC,

/* 礼 */
0x22,0x02,0x20,0x32,0x0F,0xA0,0x32,0x03,0x20,0x7A,0x0A,0xA0,0x22,0x02,0x24,0x22,0x42,0x3C,

/* 莉 */
0x12,0x0B,0x34,0x32,0x01,0xAC,0xFA,0xC3,0x3C,0xFE,0xC7,0x2C,0x7F,0xCB,0x2C,0x30,0xC3,0x18,

/* 荔 */
0x12,0x0F,0xFE,0x1A,0x07,0xF8,0x19,0x83,0x70,0xE3,0x0F,0xFC,0x2A,0x46,0xAC,0x7F,0xC9,0x88,

/* 吏 */
0x0C,0x00,0xC4,0xFF,0xC0,0xC8,0x7F,0x84,0xC8,0x7F,0x86,0x88,0x18,0x01,0xC0,0x37,0xCC,0x0C,

/* 栗 */
0x00,0x4F,0xFC,0x7F,0x85,0xE8,0x5E,0x87,0xF8,0x0C,0x4F,0xFC,0x3F,0x06,0xDC,0xCC,0xC0,0x80,

/* 丽 */
0x00,0x4F,0xFC,0x00,0x0F,0xFC,0xDE,0xCD,0xEC,0xFF,0xCF,0xFC,0xDE,0xCD,0xEC,0xFF,0xC9,0x48,

/* 厉 */
0x00,0x07,0xFC,0x40,0x47,0xFC,0x44,0x04,0xC8,0x4C,0x84,0x88,0x48,0x89,0x18,0xA3,0x04,0x00,

/* 励 */
0x01,0x0F,0xD0,0xC1,0x0F,0xF4,0xF3,0xEF,0xD4,0xFD,0x4A,0xD4,0xAF,0x4A,0xE4,0x5F,0xC8,0x88,

/* 砾 */
0x00,0xCF,0xF8,0x6D,0x04,0xD0,0x7D,0x0F,0xFE,0xF9,0x0F,0x58,0xFD,0x4D,0x96,0x97,0x20,0x20,

/* 历 */
0x00,0x07,0xFC,0x44,0x04,0x40,0x7F,0xC4,0x48,0x44,0x84,0xC8,0x48,0x89,0x88,0xB3,0x84,0x10,

/* 利 */
0x08,0x47,0x8C,0x33,0xC3,0x2C,0xFE,0xC3,0x2C,0x7A,0xC7,0xAC,0xB2,0xC3,0x0C,0x31,0xC2,0x08,

/* 傈 */
0x20,0x07,0xFC,0x57,0xC5,0xFC,0xD7,0xCD,0xFC,0x42,0x47,0xFC,0x4F,0x04,0xB8,0x52,0xE4,0x60,

/* 例 */
0x20,0x43,0x24,0x79,0x44,0x94,0xDF,0x4D,0x54,0x5D,0x46,0xD4,0x4D,0x44,0x84,0x51,0xC6,0x0C,

/* 俐 */
0x20,0x07,0xE4,0x69,0x44,0x94,0xFF,0x4C,0xD4,0x5F,0x45,0xF4,0x69,0x46,0x84,0x49,0xC4,0x8C,

/* 痢 */
0x04,0x07,0xFC,0x66,0x4F,0xF4,0xE9,0x47,0xF4,0xF9,0x4D,0xD4,0x5F,0x46,0x94,0x88,0xC0,0x8C,

/* 立 */
0x00,0x00,0xC0,0x0C,0x8F,0xFC,0x01,0x02,0x30,0x23,0x01,0x20,0x12,0x01,0x60,0x04,0x40,0x00,

/* 粒 */
0x62,0x07,0x20,0xFA,0x4F,0xFC,0xF8,0x8F,0x58,0x75,0x8F,0x70,0xE7,0x06,0x10,0x7F,0xE4,0x00,

/* 沥 */
0x00,0x05,0xFC,0x7B,0x0B,0xA0,0xFF,0xC5,0xA4,0x52,0x4D,0x24,0xD6,0x4F,0x4C,0xE9,0xC5,0x08,

/* 隶 */
0x0C,0x00,0xD0,0x7F,0x8F,0xFE,0x0D,0x07,0xF0,0x4D,0x82,0xF8,0x3F,0x0E,0xD8,0x9C,0xC1,0x80,

/* 力 */
0x0C,0x00,0xC0,0x0C,0x07,0xFC,0x0C,0xC0,0x8C,0x08,0xC0,0x8C,0x10,0xC3,0x08,0x63,0x88,0x10,

/* 璃 */
0x02,0x03,0xFE,0x6D,0xC4,0xB4,0x6F,0xCF,0xFC,0x42,0x45,0xFE,0x7F,0xCD,0xEC,0x18,0xC1,0x8C,

/* 哩 */
0x00,0x0E,0xFC,0xAA,0xCA,0xFC,0xAA,0xCA,0xAC,0xAA,0x8E,0x20,0xBF,0xC8,0x20,0x02,0x60,0x00,

/* 俩 */
0x60,0x07,0xFE,0x45,0x0D,0x54,0xDF,0xCD,0x54,0x5F,0x45,0xFC,0x5A,0xC5,0x44,0x51,0xC5,0x0C,

/* 联 */
0x04,0x8F,0xE8,0xD3,0x4F,0xFC,0xD2,0x0F,0x24,0xFF,0xCF,0xB0,0xF7,0x89,0x4C,0x3C,0x61,0x00,

/* 莲 */
0x12,0x01,0x34,0x9B,0x05,0x68,0x7F,0xC0,0xA0,0x7F,0x84,0x20,0x7F,0xC4,0x20,0xF2,0x49,0xFC,

/* 连 */
0x02,0x04,0x64,0x7F,0xC0,0xE0,0x0A,0x0F,0xFC,0x42,0x07,0xFC,0x42,0x06,0x20,0xF2,0xC0,0xFC,

/* 镰 */
0x42,0x05,0xFC,0xFD,0x89,0xFC,0xFF,0x85,0xFC,0xFF,0xC5,0xFC,0x57,0x87,0xFC,0xF7,0x40,0x10,

/* 廉 */
0x04,0x07,0xFC,0x5B,0x04,0xBC,0x6A,0x87,0xF8,0x7F,0xE4,0xA8,0xDB,0x8B,0xB0,0xEA,0xC0,0xA0,

/* 怜 */
0x46,0x04,0x60,0x45,0x0F,0xD8,0xDA,0xCD,0x24,0x63,0x84,0x18,0x41,0x04,0x60,0x43,0x04,0x10,

/* 涟 */
0x01,0x05,0x34,0x5F,0xCA,0x30,0xC5,0x0F,0xFC,0x51,0x0D,0xFC,0xD1,0x0D,0x10,0xFF,0xCA,0x3C,

/* 帘 */
0x0C,0x00,0xC4,0xFF,0xEB,0x38,0x6D,0xCC,0xCC,0x7F,0x86,0xC8,0x6C,0x86,0xD8,0x6D,0x80,0xC0,

/* 敛 */
0x23,0x03,0x30,0x5A,0x44,0xFE,0x9E,0x86,0xE8,0xAA,0x87,0xB8,0x71,0x01,0xB8,0xE6,0xC1,0x84,

/* 脸 */
0x02,0x0F,0x70,0xB5,0x8F,0x8C,0xF9,0xCB,0x08,0xFA,0xCB,0xA8,0xBF,0x8B,0x78,0xF1,0x42,0x80,

/* 链 */
0x41,0x06,0x90,0x7F,0xEF,0xB0,0xA3,0x8F,0xFC,0x5D,0x8F,0xDE,0x4D,0x85,0xD8,0x7D,0x85,0x3E,

/* 恋 */
0x08,0x00,0xC4,0xFF,0xC7,0xB0,0x7A,0xCD,0xA4,0x92,0x02,0x80,0x74,0xCF,0x14,0xB3,0x01,0xF0,

/* 炼 */
0x42,0x06,0x24,0x5F,0xC7,0x40,0xFF,0x0C,0xD0,0xCF,0xC6,0x50,0x7D,0xCD,0x96,0x97,0x62,0x30,

/* 练 */
0x03,0x06,0x24,0x5F,0xCB,0x50,0xFF,0x06,0xD4,0xCF,0xCE,0x50,0x15,0xCE,0x96,0x93,0x60,0x30,

/* 粮 */
0x22,0x03,0xF8,0xFF,0xCF,0x4C,0xFF,0xC6,0x4C,0x77,0xCF,0xDC,0xA5,0x82,0x58,0x66,0xC2,0x40,

/* 凉 */
0x06,0x08,0x24,0xDF,0xC6,0x08,0x3F,0x86,0x88,0x5F,0x8C,0xA0,0xCE,0x8D,0xAC,0xE6,0x40,0x60,

/* 梁 */
0x40,0x83,0x78,0xCE,0x83,0xDC,0x55,0xC4,0xB0,0x7C,0x0F,0xFC,0x1E,0x02,0xF8,0xCC,0xC0,0x80,

/* 粱 */
0x40,0x07,0xF8,0xEE,0x87,0x5C,0xD7,0x45,0x90,0x7D,0x03,0xE4,0xFF,0xC3,0xF0,0x6D,0xC8,0xC0,

/* 良 */
0x08,0x04,0xD0,0x7F,0x06,0x10,0x7F,0x06,0x10,0x7F,0x06,0x98,0x67,0x06,0x60,0x73,0xC6,0x0C,

/* 两 */
0x00,0x4F,0xFC,0x12,0x0F,0xFC,0xD6,0xCD,0x2C,0xDE,0xCF,0xFC,0xED,0xCC,0x8C,0xC1,0xC4,0x08,

/* 辆 */
0x40,0x05,0xFE,0xF7,0x0E,0xF4,0xEF,0xCF,0xD4,0x6F,0x47,0xFC,0xEA,0xC6,0xA4,0x69,0xC6,0x8C,

/* 量 */
0x00,0x06,0x18,0x7F,0x87,0xF8,0xFF,0xE7,0xF8,0x6D,0x86,0xD8,0x7F,0x87,0xFC,0x0C,0x4F,0xFC,

/* 晾 */
0x02,0x0F,0x30,0xBF,0xEB,0x0C,0xBF,0xCF,0xCC,0xBF,0xCB,0x30,0xFF,0xCB,0xB4,0x97,0x60,0x20,

/* 亮 */
0x0C,0x0F,0xFC,0x21,0x03,0xF0,0x33,0x0A,0x30,0xFF,0xC9,0x28,0x16,0x01,0x24,0x33,0xCE,0x1C,

/* 谅 */
0x02,0x0C,0x24,0x5F,0xE0,0x88,0xCF,0x84,0x88,0x4F,0x84,0xA8,0x6E,0x87,0xAC,0x72,0x40,0x60,

/* 撩 */
0x42,0x04,0x64,0x5F,0xCF,0xDC,0x4F,0x87,0x9E,0xFF,0x8C,0xF8,0x4A,0x05,0xA8,0xF6,0x4E,0x60,

/* 聊 */
0x02,0x0F,0xFE,0x7B,0xE7,0xBE,0x7B,0xE7,0xBE,0x7F,0xE7,0xFE,0xFF,0xCB,0x58,0x3D,0x81,0x10,

/* 僚 */
0x26,0x06,0x64,0x7F,0xC5,0xDC,0xDF,0x8D,0x9E,0x6F,0x84,0xF8,0x4F,0x05,0xE8,0x76,0xC6,0x40,

/* 疗 */
0x04,0x02,0x64,0xBF,0xCE,0x04,0xEF,0xC6,0x30,0xE2,0x0A,0x20,0x62,0x04,0x20,0x8E,0x00,0x60,

/* 燎 */
0x42,0x04,0x64,0x57,0xC7,0xDC,0xEF,0xCD,0x8E,0x6F,0x84,0xF8,0x6A,0x0A,0xA8,0xBE,0xC0,0x60,

/* 寥 */
0x08,0x07,0xFC,0xDF,0xCF,0xF8,0x3B,0x87,0xF8,0x5E,0x07,0xFC,0xFE,0x41,0xD8,0x67,0x07,0x80,

/* 辽 */
0x00,0x05,0xFC,0x61,0x80,0x30,0x02,0x0E,0x20,0x62,0x06,0x20,0x6E,0x06,0x60,0xFF,0xE8,0xFC,

/* 潦 */
0x02,0x04,0x64,0x7F,0xCB,0xDC,0xFF,0xC5,0x8E,0x6F,0x84,0xF8,0xCA,0x0D,0xAC,0xDE,0x46,0x60,

/* 了 */
0x00,0x07,0xFC,0x01,0x80,0x60,0x0C,0x00,0xC0,0x0C,0x00,0xC0,0x0C,0x00,0xC0,0x3C,0x00,0x80,

/* 撂 */
0x40,0x04,0xAC,0x7F,0xCF,0xAC,0x4E,0xC6,0xF8,0xDF,0x04,0x7C,0x58,0xC4,0xF8,0xCC,0x8C,0xF8,

/* 镣 */
0x42,0x06,0x6C,0x7F,0xC8,0xDC,0xEF,0xC5,0x8E,0xFF,0x84,0xF8,0x4B,0x06,0xEC,0x56,0x42,0x60,

/* 廖 */
0x04,0x0F,0xFC,0xFF,0xCF,0xFC,0xDD,0xCF,0xFC,0xEE,0x09,0xFC,0xFF,0xCB,0x78,0x9F,0x03,0xC0,

/* 料 */
0x20,0x82,0x48,0xBB,0x8F,0x38,0xF8,0x86,0x68,0x72,0xCF,0x3C,0xA8,0x82,0x08,0x21,0x82,0x18,

/* 列 */
0x00,0x4F,0xCC,0x23,0xC2,0xBC,0x7F,0xC4,0xBC,0xAB,0xC3,0x3C,0x12,0xC2,0x0C,0xC1,0xC0,0x08,

/* 裂 */
0x04,0x4F,0xFC,0x7F,0xC6,0xBC,0x32,0xC6,0xDC,0xC4,0xCF,0xFC,0x37,0x87,0x30,0x9D,0xC3,0x04,

/* 烈 */
0x00,0x4F,0xC4,0x23,0x43,0xF4,0x6F,0x4E,0xB4,0xBB,0x43,0x1C,0xC0,0x85,0x28,0x5A,0x48,0x24,

/* 劣 */
0x04,0x02,0xD8,0x3C,0xC6,0xD4,0x47,0x08,0xC0,0xFC,0x07,0xFC,0x08,0x81,0x88,0x37,0x8C,0x30,

/* 猎 */
0x05,0x0B,0x50,0x6F,0xC6,0x50,0xA5,0x43,0xFC,0x6F,0x8E,0x88,0xAF,0x82,0x88,0xEF,0x84,0x88,

/* 琳 */
0x09,0x02,0x90,0x4D,0x05,0xFC,0x49,0x8F,0xF8,0x5F,0x86,0xBC,0x6D,0x6E,0xD0,0x89,0x00,0x90,

/* 林 */
0x23,0x02,0x30,0x23,0x4F,0xFC,0x67,0x07,0x78,0x7F,0x8A,0xFC,0x2B,0x43,0x34,0x23,0x02,0x30,

/* 磷 */
0x02,0x0B,0xE8,0x57,0x44,0xF8,0x6A,0xCF,0xAC,0xAC,0xCA,0xFC,0xFF,0x8E,0xFE,0x98,0x82,0x08,

/* 霖 */
0x00,0x84,0xC0,0xFF,0xEF,0xF8,0x7F,0x02,0x30,0x3F,0xC7,0x70,0x7F,0x8A,0xEC,0x3A,0x42,0x20,

/* 临 */
0x22,0x02,0x60,0xA7,0xEA,0xA0,0xAB,0x0B,0x10,0xAF,0xCA,0xA4,0xAA,0x4A,0xA4,0x2F,0xC2,0x80,

/* 邻 */
0x10,0x03,0x3C,0x2E,0x46,0x68,0xD2,0x89,0x28,0xFE,0x40,0xA6,0x73,0xC3,0x2C,0x12,0x00,0x20,

/* 鳞 */
0x42,0x06,0x78,0xE7,0xCB,0xF8,0xF6,0xEF,0xEC,0xFC,0xCF,0xFC,0x9D,0x83,0xDE,0xC8,0x81,0x08,

/* 淋 */
0x09,0x04,0x90,0x69,0x4B,0xFC,0xF9,0x85,0xF8,0x5F,0xCE,0xBC,0xED,0x6C,0x90,0xC9,0x00,0x90,

/* 凛 */
0x06,0x09,0xFE,0xDF,0xC7,0xFC,0x3F,0xC5,0xFC,0x5F,0x8D,0xF8,0xFF,0xED,0xB8,0xF6,0xC4,0x64,

/* 赁 */
0x21,0x87,0xF8,0x42,0x4F,0xFC,0x46,0xC5,0xFC,0x3F,0x82,0xD0,0x29,0x02,0xF0,0x19,0x8E,0x08,

/* 吝 */
0x08,0x00,0xCC,0xFF,0xC1,0x20,0x0C,0x01,0xF0,0x71,0xCF,0xF8,0x21,0x02,0x10,0x3F,0x02,0x10,

/* 拎 */
0x42,0x04,0x60,0x55,0x0F,0xD8,0x4A,0xC7,0x24,0xF0,0x8C,0xF8,0x41,0x04,0xF0,0xC3,0x0C,0x10,

/* 玲 */
0x02,0x0F,0x60,0x45,0x04,0x58,0x4A,0xCF,0x26,0x40,0x84,0xFC,0x71,0x8C,0xD0,0x07,0x00,0x10,

/* 菱 */
0x12,0x0F,0xFC,0x1A,0x01,0xF8,0x0C,0xCF,0xFC,0x3B,0x8D,0xFC,0x3A,0x04,0xE0,0x1F,0xCE,0x0C,

/* 零 */
0x00,0x87,0xFC,0xFF,0xCB,0xF8,0x3F,0x00,0xC0,0x1B,0x06,0xDE,0xFF,0x00,0x60,0x1C,0x00,0x60,

/* 龄 */
0x21,0x02,0x30,0xFB,0x8A,0x28,0xFE,0x6A,0xD4,0xE9,0x0F,0xFC,0xF8,0x89,0xF0,0xF9,0x08,0x18,

/* 铃 */
0x42,0x04,0x30,0x7F,0x0C,0x4C,0x9E,0xEE,0xB0,0x7F,0x8F,0x18,0x61,0x07,0x70,0x63,0x06,0x18,

/* 伶 */
0x26,0x02,0x60,0x6D,0x04,0x98,0xDE,0xEF,0x24,0x62,0x84,0x18,0x41,0x04,0x60,0x43,0x04,0x10,

/* 羚 */
0x92,0x05,0x30,0x7D,0x0F,0xC8,0x6A,0xCF,0xA4,0x7F,0x8F,0x98,0x65,0x04,0x30,0xC3,0x00,0x00,

/* 凌 */
0x02,0x08,0x68,0xDF,0xC6,0x64,0x3F,0xC5,0xD8,0x57,0xCC,0xF8,0xDF,0x0E,0x60,0xCF,0xC3,0x0C,

/* 灵 */
0x00,0x07,0xF8,0x3F,0x80,0x18,0x7F,0x80,0x88,0x0D,0x84,0xF0,0x4E,0x01,0x30,0x61,0xE8,0x04,

/* 陵 */
0x02,0x0F,0x68,0xAF,0x8E,0x64,0xCF,0x8E,0xCC,0xB4,0xCA,0xF8,0xF7,0x08,0x60,0x8F,0xCB,0x0C,

/* 岭 */
0x42,0x04,0x30,0x45,0x0F,0x48,0xDA,0xED,0xB4,0xD0,0x8D,0xF8,0xF1,0x0D,0x70,0x03,0x00,0x10,

/* 领 */
0x20,0x06,0xFC,0x52,0x05,0xFC,0xA5,0xC2,0x5C,0xFD,0xC3,0x5C,0xE7,0xC6,0x38,0x24,0xC1,0x84,

/* 另 */
0x20,0x82,0x18,0x20,0x82,0x18,0x2D,0x80,0xC0,0xFF,0xC1,0x88,0x18,0x83,0x08,0x63,0x88,0x10,

/* 令 */
0x08,0x00,0xC0,0x16,0x01,0x30,0x29,0xC4,0xCE,0x81,0x07,0xF8,0x02,0x01,0xC0,0x0C,0x00,0x60,

/* 溜 */
0x46,0x07,0xFC,0x1D,0x4B,0xF4,0xFF,0xC3,0x68,0x7F,0xC5,0xAC,0xDF,0xC5,0xAC,0x5F,0xC5,0x00,

/* 琉 */
0x02,0x03,0x24,0xFF,0xC4,0x78,0x4D,0xCF,0xE4,0x4E,0x84,0xA8,0x7A,0x8E,0xAA,0x9A,0xE3,0x2C,

/* 榴 */
0x62,0x06,0xFE,0x7D,0x4F,0xF4,0x6F,0x47,0xAC,0xFE,0xC4,0xB4,0x4F,0xC4,0xB4,0x4F,0xC4,0x84,

/* 硫 */
0x02,0x03,0x24,0x6F,0xC4,0x70,0x4F,0x8F,0xE8,0xFE,0x8F,0xA8,0xFA,0x8F,0xA8,0x9A,0xE2,0x2C,

/* 馏 */
0x40,0x05,0xFE,0x79,0x4B,0xD4,0xDF,0x45,0xAC,0x4E,0xC4,0xAC,0x5F,0xC6,0xA4,0x4F,0xC0,0x84,

/* 留 */
0x10,0x0E,0xFC,0xD2,0xCD,0x68,0xFD,0x8C,0x98,0x7F,0x84,0xC8,0x7F,0x84,0xC8,0x7F,0x84,0x08,

/* 刘 */
0x20,0x43,0x04,0x37,0x4F,0xF4,0x49,0x43,0x94,0x31,0x43,0x14,0x3B,0x44,0xC4,0x89,0xC0,0x0C,

/* 瘤 */
0x04,0x07,0xFE,0x64,0x4F,0xFE,0xF5,0x47,0xFC,0xF2,0xCD,0xFC,0x52,0x45,0xFC,0x9A,0xC1,0x8C,

/* 流 */
0x04,0x04,0x6C,0x7E,0x00,0xD0,0xB9,0x8F,0xD8,0x5F,0x85,0xD0,0xD5,0x0D,0x54,0xD5,0xEE,0x4C,

/* 柳 */
0x42,0x04,0xD4,0x7B,0xCF,0xF4,0x4F,0x4F,0xF4,0xFF,0x4D,0xD4,0x55,0xC4,0x54,0x49,0x06,0x10,

/* 六 */
0x00,0x00,0xC0,0x0C,0x00,0x44,0xFF,0xC1,0x00,0x1A,0x03,0x30,0x21,0x84,0x08,0x80,0xC0,0x00,

/* 龙 */
0x10,0x01,0xB0,0x19,0x4F,0xFC,0x16,0x81,0x78,0x17,0x01,0x70,0x36,0x03,0xE4,0x47,0xE8,0x3C,

/* 聋 */
0x0A,0x09,0xB4,0x1E,0xC3,0x7C,0x3E,0x6C,0x3C,0xFF,0xC3,0xF0,0x31,0x03,0x14,0xFF,0xC0,0x10,

/* 咙 */
0x04,0x0A,0x58,0xA4,0xCB,0xFE,0xA6,0x0A,0x6C,0xA7,0x8E,0xF0,0xAB,0x09,0xE4,0x1B,0xE4,0x1C,

/* 笼 */
0x22,0x06,0xE4,0xFD,0x8B,0xD8,0x1A,0x0F,0xFC,0x14,0x81,0x58,0x37,0x02,0xC4,0x77,0xE8,0x3C,

/* 窿 */
0x08,0x0F,0xFC,0xB3,0xCE,0xD8,0xFF,0x8F,0x70,0xFF,0xCB,0xE0,0xFF,0x8F,0xF8,0x82,0x49,0xFC,

/* 隆 */
0x04,0x0F,0xF8,0xAD,0x8F,0x70,0xCF,0xCB,0xFC,0xAA,0x0B,0xF8,0xF2,0x89,0xF8,0x82,0x4A,0x00,

/* 垄 */
0x18,0x01,0xB4,0xFF,0xC1,0x58,0x37,0x83,0xE4,0x7F,0xE8,0xF0,0x0C,0x87,0xF8,0x0C,0x4F,0xFC,

/* 拢 */
0x44,0x06,0x58,0x74,0x8F,0xFE,0x66,0x07,0x6C,0xE7,0x8E,0xF0,0x6B,0x06,0xE4,0xFB,0xE6,0x18,

/* 陇 */
0x07,0x0F,0x48,0xB4,0xCB,0xFE,0xE6,0x8A,0x6C,0xB7,0x8B,0xF0,0xFB,0x08,0xE0,0x93,0xEC,0x1C,

/* 楼 */
0x42,0x06,0xEC,0x67,0x4F,0xFC,0x66,0x8F,0xAE,0xF6,0x4F,0xFC,0x4D,0x84,0xF0,0x47,0x87,0x84,

/* 娄 */
0x04,0x02,0xD8,0x3F,0x4F,0xFC,0x3F,0x06,0xDC,0x98,0x4F,0xFC,0x32,0x03,0xE0,0x1F,0x8F,0x08,

/* 搂 */
0x42,0x04,0xA8,0x4F,0x4F,0xFC,0x4F,0x87,0xAE,0xF6,0x4F,0xFC,0x4D,0x04,0xF0,0xC7,0x8D,0x88,

/* 篓 */
0x22,0x07,0xFC,0xFD,0x0A,0xD0,0x3F,0xCB,0xF0,0x3D,0xCC,0x8C,0xFF,0xC3,0x60,0x1F,0x8F,0x18,

/* 漏 */
0x10,0x05,0x8C,0x7F,0xCB,0x04,0xFF,0xE5,0xB4,0x5F,0xCD,0xFC,0xDF,0xCE,0xFC,0xEB,0xC4,0xA4,

/* 陋 */
0x00,0x4E,0xFC,0xA1,0x0D,0xFC,0xD7,0x4B,0x7C,0xB6,0xCB,0x44,0xF4,0xC9,0x4C,0x9F,0xE8,0x00,

/* 芦 */
0x12,0x0F,0xFE,0x32,0x01,0xE0,0x7F,0x86,0x08,0x60,0x87,0xF8,0x40,0x04,0x00,0x80,0x00,0x00,

/* 卢 */
0x0C,0x00,0xCC,0x0F,0xC0,0xC0,0x7F,0x84,0x08,0x40,0x87,0xF8,0x40,0x04,0x00,0x80,0x00,0x00,

/* 颅 */
0x20,0x42,0xFC,0x39,0x0A,0x7C,0xFD,0x49,0xD4,0xFD,0x49,0x54,0x87,0x48,0x38,0x86,0x61,0x82,

/* 庐 */
0x04,0x04,0x44,0x7F,0xC4,0x60,0x5F,0xC5,0x08,0x50,0x85,0xF8,0xD0,0x8B,0x00,0xA0,0x04,0x00,

/* 炉 */
0x62,0x06,0x30,0x7F,0xC7,0xC4,0xEC,0x4E,0xC4,0x4F,0xC6,0x80,0x68,0x05,0x80,0x90,0x02,0x00,

/* 掳 */
0x42,0x04,0x3C,0x76,0x4F,0xFE,0x5B,0x87,0xE4,0xDB,0xCD,0xA0,0x5F,0xC5,0x6C,0xE5,0xCF,0x88,

/* 卤 */
0x08,0x00,0x8C,0x0F,0xC8,0xC8,0xC6,0x8C,0x68,0xDC,0x8C,0xC8,0xD6,0x8E,0x28,0xFF,0x8C,0x08,

/* 虏 */
0x08,0x00,0xF8,0x7F,0xC4,0x9C,0x7F,0xC4,0xFC,0x47,0x04,0x6C,0x6C,0xCC,0xC8,0x9B,0x86,0x18,

/* 鲁 */
0x10,0x03,0xF0,0x7F,0x8E,0xD8,0x7F,0x87,0xF8,0xFF,0xC6,0x10,0x7F,0x07,0xF0,0x61,0x06,0x10,

/* 麓 */
0x20,0x0F,0xFC,0x77,0x8B,0xFC,0x7F,0xC5,0xA8,0x7F,0xC7,0xF8,0x72,0x87,0xBC,0xBA,0x43,0x3C,

/* 碌 */
0x00,0x8F,0x48,0x47,0x84,0x08,0xFF,0xEE,0xB4,0xEF,0xCE,0x78,0xE7,0x8F,0xBE,0xC7,0x40,0x20,

/* 露 */
0x00,0x87,0xFC,0xFF,0xCF,0xF8,0x7F,0x0F,0x78,0xDF,0x8F,0xBC,0xFE,0xCB,0x48,0xF7,0x88,0x48,

/* 路 */
0x02,0x0F,0x68,0x97,0xC9,0xF8,0xFB,0x0A,0x38,0xF4,0xEB,0xFC,0xA4,0x8F,0x48,0xC7,0x80,0x48,

/* 赂 */
0x06,0x0F,0x68,0x97,0xCF,0xF8,0xFB,0x0F,0x38,0xF4,0xED,0xFC,0xE4,0x87,0x48,0x97,0x80,0x48,

/* 鹿 */
0x04,0x07,0xFC,0x5B,0x05,0xAC,0x5A,0xC7,0xFC,0x52,0x85,0x6C,0x5F,0x8D,0x64,0x9A,0x41,0x3C,

/* 潞 */
0x01,0x0F,0xD4,0x77,0xCB,0x78,0xFD,0x85,0x9C,0x7E,0x6B,0xFC,0xBA,0xCB,0xEC,0xF3,0xC8,0x28,

/* 禄 */
0x40,0x06,0xF8,0x60,0x8E,0x78,0x61,0xE6,0xB4,0xFF,0xC4,0x78,0x47,0x85,0xAC,0x46,0x44,0x60,

/* 录 */
0x01,0x04,0x30,0x03,0x00,0x10,0xFF,0xC4,0xC8,0x6D,0x82,0xE0,0x3F,0x0C,0xDC,0x9C,0xC0,0x80,

/* 陆 */
0x02,0x0F,0x20,0xBF,0xCA,0x20,0xC2,0x4F,0xFC,0xA2,0x0B,0xAC,0xFA,0xC9,0xAC,0x9F,0xC8,0x0C,

/* 戮 */
0x02,0x0F,0xEC,0xFE,0x47,0xFC,0xFF,0x03,0xBC,0x7F,0x8F,0x58,0xFD,0x07,0xBA,0x64,0xE9,0x86,

/* 驴 */
0x01,0x0F,0x90,0x57,0xE5,0x44,0x54,0x4F,0x7C,0xFC,0x41,0xC0,0xFC,0x01,0xC0,0x78,0x03,0x00,

/* 吕 */
0x00,0x03,0xF8,0x21,0x02,0x10,0x3F,0x02,0x10,0x40,0x84,0x08,0x40,0x84,0x08,0x7F,0x84,0x08,

/* 铝 */
0x60,0x04,0x7C,0x7C,0x48,0x44,0xF7,0xC6,0x44,0xFC,0x46,0x44,0x6C,0x47,0x44,0x67,0xC4,0x44,

/* 侣 */
0x20,0x06,0xF8,0x48,0x84,0x88,0xCF,0x8C,0x80,0x58,0xC5,0x8C,0x58,0x45,0x84,0x5F,0xC5,0x84,

/* 旅 */
0x42,0x06,0x64,0x37,0xCF,0x88,0x4F,0x87,0x64,0x55,0xC5,0x50,0xD5,0x8B,0x58,0xF6,0xE0,0x44,

/* 履 */
0x40,0x84,0x0C,0x7F,0xC5,0x6C,0x74,0xC7,0xEC,0x77,0xC7,0x7C,0xD7,0xC9,0x78,0x9B,0xE1,0xC4,

/* 屡 */
0x40,0x84,0x0C,0x7F,0xC5,0xF8,0x5F,0xC4,0xF0,0x56,0xE6,0x44,0x7F,0xC9,0xF0,0x0F,0x87,0x04,

/* 缕 */
0x42,0x06,0xA8,0x47,0x4B,0xFC,0xEF,0x8D,0xAE,0x66,0x4F,0xFE,0x0D,0x07,0xF0,0x87,0xC3,0x84,

/* 虑 */
0x0C,0x00,0xF8,0x7F,0xC4,0xDC,0x7F,0x84,0x8C,0x4F,0x84,0x40,0xFE,0xCF,0x94,0xF9,0x40,0xF0,

/* 氯 */
0x20,0x07,0xFC,0x7F,0x8F,0xF8,0x7D,0x82,0x58,0x25,0x8F,0xF8,0x5E,0x83,0xCA,0xFB,0xC1,0x06,

/* 律 */
0x22,0x06,0x68,0xCF,0xCB,0xFE,0x66,0xC5,0xF8,0xC2,0x85,0xFC,0x42,0x47,0xFE,0x46,0x04,0x60,

/* 率 */
0x08,0x07,0xFC,0x4C,0x85,0xB8,0x7D,0x02,0xD0,0xDE,0xC9,0xE4,0xFF,0xE0,0xC0,0x0C,0x00,0xC0,

/* 滤 */
0x06,0x04,0x78,0x56,0x49,0xFC,0xB7,0x8F,0xE4,0x53,0xC5,0x20,0xDF,0xCF,0xCC,0xFD,0xCC,0x78,

/* 绿 */
0x40,0x04,0xF8,0xF0,0x8B,0xF8,0xF1,0xE5,0x24,0xCB,0xCE,0xB8,0x07,0x8F,0xAC,0x96,0x40,0x60,

/* 峦 */
0x08,0x00,0xC4,0xFF,0xC7,0x38,0x52,0xCD,0x24,0x92,0x00,0xC0,0x4C,0x84,0xC8,0x4C,0x87,0xF8,

/* 挛 */
0x0C,0x0F,0xFC,0x3F,0x07,0x3C,0xD2,0xC9,0x78,0x7C,0x07,0xF8,0x0C,0x4F,0xFC,0x1C,0x00,0x80,

/* 孪 */
0x08,0x00,0xCC,0xBE,0x07,0x38,0x52,0xC9,0x04,0x7F,0x80,0x60,0xFF,0xE0,0xC0,0x0C,0x01,0xC0,

/* 滦 */
0x06,0x04,0x64,0x67,0x0B,0xD8,0xF5,0xC7,0x54,0x46,0x0F,0xFE,0xCF,0x09,0xFC,0xA6,0xE8,0x60,

/* 卵 */
0x08,0x0F,0x7C,0xD6,0xCD,0xE4,0xFF,0x4F,0xFC,0xDE,0xCF,0x64,0xD7,0xC3,0x68,0x66,0x08,0x40,

/* 乱 */
0x0B,0x07,0xB0,0x23,0x02,0x70,0xFF,0x02,0x30,0x3B,0x0F,0xB0,0xCB,0x0C,0xB0,0xFB,0x68,0x1C,

/* 掠 */
0x42,0x06,0x34,0x7F,0xEF,0x08,0x6F,0xC7,0x8C,0xEF,0xCE,0xB0,0x6F,0x87,0xB6,0xF7,0x66,0x20,

/* 略 */
0x06,0x0B,0x78,0xF5,0x8D,0xB8,0xDB,0x0F,0x38,0xD4,0xED,0xFC,0xF4,0x89,0x48,0x07,0x80,0x48,

/* 抡 */
0x62,0x06,0x60,0x75,0x0F,0xD8,0x78,0xE7,0xC4,0xEF,0x8E,0xE0,0x6C,0x06,0xC4,0xCC,0xC4,0x78,

/* 轮 */
0x22,0x06,0x30,0xFF,0x04,0x48,0xE8,0xEB,0xC0,0xA5,0x83,0xF0,0xE4,0x0A,0x44,0x26,0xC2,0x38,

/* 伦 */
0x26,0x02,0x60,0x6D,0x04,0x98,0xD8,0xEF,0xD4,0x6B,0x84,0xE0,0x48,0x44,0x84,0x4C,0xC4,0x78,

/* 仑 */
0x08,0x01,0xC0,0x16,0x03,0x30,0x61,0xCB,0x0C,0x33,0x03,0xE0,0x30,0x03,0x08,0x33,0x81,0xF8,

/* 沦 */
0x04,0x06,0x60,0x6F,0x02,0x90,0xB8,0xCF,0x84,0x69,0x84,0xE0,0xC8,0x0C,0x80,0xCC,0xCC,0x78,

/* 纶 */
0x02,0x06,0x60,0x45,0x0B,0xD8,0xF8,0xCF,0xC4,0x4D,0x8F,0xF0,0x8C,0x03,0xC0,0xC4,0xC0,0x78,

/* 论 */
0x02,0x06,0x70,0x25,0x00,0xD8,0xE8,0xE7,0x40,0x45,0x84,0x70,0x54,0x06,0x44,0x67,0xC4,0x78,

/* 萝 */
0x12,0x01,0x24,0x12,0x07,0xF8,0x52,0x87,0xF8,0x58,0x81,0xF8,0x31,0x8D,0xB0,0x0C,0x0F,0x00,

/* 螺 */
0x40,0x04,0xFC,0xFF,0xCF,0xB4,0xFF,0xCF,0xE8,0xFF,0x8C,0xEC,0x7F,0x47,0xDC,0xDB,0x60,0x20,

/* 罗 */
0x00,0x0F,0xFC,0xD2,0x8D,0x68,0xD8,0x81,0x88,0x31,0x87,0xB0,0xCE,0x00,0xC0,0x38,0x08,0x00,

/* 逻 */
0x10,0x0D,0xFC,0x55,0x41,0xDC,0x1E,0xCE,0x7C,0x4C,0x85,0x70,0x46,0x06,0xC0,0xBF,0xE0,0xFC,

/* 锣 */
0x60,0x04,0xFE,0x7A,0xE8,0xAE,0xFF,0xC4,0x24,0xF7,0xE4,0xEC,0x4B,0x87,0x30,0x66,0x07,0x80,

/* 箩 */
0x22,0x07,0xFC,0xF5,0x0F,0xF8,0x5A,0x87,0xF8,0x58,0x83,0xF8,0x71,0x09,0xE0,0x1C,0x0E,0x00,

/* 骡 */
0x00,0x4F,0xF4,0x7F,0xC6,0xF4,0xEF,0xCE,0x6C,0xF7,0x83,0xFC,0xD5,0x03,0xD4,0x7F,0x60,0x30,

/* 裸 */
0x40,0x06,0xFC,0x2A,0xC6,0xFC,0x6A,0xC7,0xFC,0xFF,0xE7,0x70,0x4F,0x84,0xAC,0x52,0x64,0x20,

/* 落 */
0x12,0x0F,0xFC,0x32,0x06,0xE0,0x6F,0x8B,0xF0,0xF7,0x04,0xDC,0xDF,0xCC,0x98,0xC9,0x84,0x98,

/* 洛 */
0x04,0x04,0xC8,0x6F,0x83,0xD0,0xB6,0x06,0x70,0x58,0xEF,0xF8,0xC8,0x8C,0x88,0xCF,0x80,0x88,

/* 骆 */
0x02,0x0F,0x68,0xF7,0xCF,0xF8,0xAB,0x0A,0x38,0xF6,0xE3,0xFC,0xD4,0x83,0x48,0x67,0x86,0x48,

/* 络 */
0x44,0x04,0x48,0xEF,0x8B,0xD0,0xF3,0x04,0x78,0xEC,0xEF,0xF8,0x28,0x8E,0x88,0x0F,0x80,0x88,

/* 妈 */
0x60,0x06,0xFC,0x54,0x8F,0x48,0x54,0x85,0x48,0x57,0xEF,0x04,0x7F,0xC7,0x04,0x51,0xC0,0x08,

/* 麻 */
0x0C,0x08,0x44,0xFF,0xCD,0x10,0xFF,0xCF,0x38,0xBB,0x8B,0xF8,0xF5,0xCD,0x96,0x91,0x01,0x10,

/* 玛 */
0x00,0x0F,0xF8,0x64,0x86,0x48,0x64,0x8F,0x58,0x6F,0xE6,0x04,0x7F,0xCC,0x04,0x01,0xC0,0x08,

/* 码 */
0x00,0x0F,0xFC,0x66,0x84,0x48,0x54,0x8F,0x48,0xD7,0xED,0x06,0x5F,0xC7,0x04,0xC1,0xC0,0x08,

/* 蚂 */
0x20,0x06,0xFC,0xF4,0x8F,0x48,0xF4,0x8F,0x48,0xF7,0xEF,0x04,0x7F,0xC7,0x84,0x99,0xC0,0x08,

/* 马 */
0x00,0x07,0x18,0x31,0x03,0x10,0x23,0x02,0x34,0x3F,0xC0,0x04,0xFF,0xC0,0x0C,0x03,0x80,0x18,

/* 骂 */
0x0A,0x46,0xAC,0x6A,0xC6,0xAC,0x7F,0x81,0x18,0x11,0x03,0xFC,0x00,0x4F,0xF4,0x01,0xC0,0x18,

/* 嘛 */
0x06,0x05,0x24,0xFD,0x8D,0xD0,0xDF,0xCF,0xD8,0xFF,0x8F,0xF8,0xBD,0x43,0xD4,0x4D,0x00,0x90,

/* 吗 */
0x00,0x0F,0xFC,0xA4,0x8A,0x48,0xA4,0x8A,0xD8,0xAF,0xEE,0x04,0xBF,0xC8,0x04,0x01,0xC0,0x08,

/* 埋 */
0x00,0x04,0xFC,0x4A,0xC4,0xBC,0xFB,0xC4,0xAC,0x4F,0xC4,0xA0,0x7F,0xCC,0x30,0x02,0x43,0xFE,

/* 买 */
0x00,0x07,0xFC,0x36,0x81,0x60,0x44,0x02,0x40,0x24,0x4F,0xFC,0x0E,0x01,0xB8,0x70,0xCC,0x04,

/* 麦 */
0x04,0x00,0xC4,0xFF,0xC4,0xD8,0x0C,0x4F,0xFC,0x19,0x03,0xF0,0x6A,0x0C,0xE0,0x1F,0xCE,0x0C,

/* 卖 */
0x0C,0x00,0xC8,0x7F,0x80,0xC4,0xBE,0xC1,0xE8,0x26,0x03,0x44,0xFF,0xC1,0xF0,0x31,0x8C,0x04,

/* 迈 */
0x00,0x47,0xFC,0x44,0x00,0x48,0x44,0x8E,0xC8,0x4C,0x84,0x88,0x5B,0x86,0x10,0xBF,0xE0,0x38,

/* 脉 */
0x02,0x0F,0x10,0xB2,0x0A,0xF4,0xF7,0xCB,0xF8,0xE7,0x8E,0xF8,0xAB,0xCB,0xB6,0xF7,0x42,0x20,

/* 瞒 */
0x05,0x0E,0x54,0xBF,0xCA,0x54,0xFF,0xCA,0x54,0xBF,0xCF,0xF4,0xBF,0xCB,0xAC,0xB9,0xC1,0x0C,

/* 馒 */
0x40,0x04,0xC8,0xFF,0x8B,0xF8,0xDF,0xC5,0x54,0x5F,0xC5,0x8C,0x5D,0x86,0x70,0x4F,0xC7,0x8C,

/* 蛮 */
0x08,0x00,0xC4,0xFF,0xC7,0x38,0x52,0xC9,0xE4,0x6D,0x86,0xD8,0x7F,0x86,0xD8,0xFF,0xCE,0x04,

/* 满 */
0x05,0x04,0xD4,0x7D,0x0A,0xD4,0xFF,0xC5,0xFC,0x5F,0xCD,0xFC,0xDB,0xCD,0xAC,0xD1,0xC1,0x08,

/* 蔓 */
0x12,0x0F,0xFC,0x33,0x03,0xF0,0x3F,0x03,0xF0,0xFF,0xCF,0xF8,0xFF,0x81,0xE0,0x1F,0xCE,0x0C,

/* 曼 */
0x21,0x02,0x10,0x3F,0x03,0xF0,0xFF,0xCD,0x2C,0xFF,0xCC,0x10,0x37,0x00,0xE0,0x1F,0xCE,0x0C,

/* 慢 */
0x40,0x04,0xF8,0x4F,0x8E,0xF8,0xDF,0xC5,0x54,0x5F,0xC5,0x08,0x4F,0x84,0x70,0x47,0xC7,0x8C,

/* 漫 */
0xC8,0x84,0x98,0x2F,0x8A,0xF8,0xFF,0xC5,0xDC,0x5F,0xCD,0x18,0xDF,0x8C,0x70,0xCF,0xC7,0x0C,

/* 谩 */
0x48,0x86,0xC8,0x4F,0x80,0xF8,0xDF,0xC5,0x54,0x5F,0xC5,0x08,0x6D,0x86,0x70,0x4F,0xE7,0x04,

/* 芒 */
0x12,0x03,0x24,0xFF,0xE3,0xA0,0x0E,0x00,0x44,0xFF,0xC2,0x00,0x20,0x02,0x00,0x60,0xC2,0x00,

/* 茫 */
0x12,0x03,0x34,0x33,0x07,0x20,0x72,0x0B,0xFC,0xE8,0x04,0x80,0x48,0x0C,0x80,0xC8,0xCC,0x80,

/* 盲 */
0x08,0x00,0xC4,0x60,0x06,0x18,0x7F,0x87,0xF8,0x61,0x87,0xF8,0x7F,0x86,0x18,0x7F,0x86,0x10,

/* 氓 */
0x00,0x06,0xFC,0x68,0xCF,0xFC,0xCB,0x8C,0x94,0xCF,0xCC,0x90,0xC9,0x0F,0xBA,0x8C,0xE0,0x86,

/* 忙 */
0x40,0x04,0x20,0x42,0x4F,0xFE,0xF8,0x0C,0x80,0x48,0x04,0x80,0x48,0x04,0x80,0x4F,0xC4,0x00,

/* 莽 */
0x12,0x0F,0xFE,0x1A,0x01,0xB0,0xFF,0xC3,0x30,0x53,0xC9,0x20,0x7F,0xC3,0x20,0x62,0x08,0x20,

/* 猫 */
0x04,0x0B,0x50,0x7F,0xEE,0x58,0xA5,0x06,0xFC,0x6A,0xCA,0xAC,0x2F,0xC2,0xAC,0xEF,0xC4,0x80,

/* 茅 */
0x12,0x0F,0xFC,0x12,0x07,0xF8,0x1B,0x00,0xC0,0xFF,0xC1,0xC8,0x34,0x06,0x40,0x9C,0x00,0xC0,

/* 锚 */
0x60,0x86,0x68,0x7F,0xEC,0x78,0xF6,0x84,0xFC,0x7B,0x46,0xB4,0x4F,0xC7,0xB4,0x6F,0xC4,0x84,

/* 毛 */
0x00,0x00,0xF0,0xF8,0x00,0x80,0x1F,0x84,0x80,0x09,0xCF,0xC0,0x08,0x40,0x84,0x0F,0xE0,0x78,

/* 矛 */
0x00,0x03,0xF8,0x1E,0x00,0xC0,0xFF,0xC1,0xCC,0x15,0x03,0x40,0x64,0x08,0x40,0x1C,0x00,0x80,

/* 铆 */
0x42,0x04,0xFC,0xF9,0x48,0xB4,0xFB,0x44,0xB4,0xFB,0x44,0xF4,0x5F,0xC7,0x54,0x6D,0x05,0x10,

/* 卯 */
0x08,0x07,0xEC,0x42,0xC5,0xAC,0x5A,0xC5,0xAC,0x72,0xCF,0x2C,0x53,0xC3,0x28,0x66,0x08,0x20,

/* 茂 */
0x12,0x0F,0xFC,0x13,0x01,0xF0,0x45,0xC7,0xFC,0x45,0x84,0x70,0x46,0x04,0xF0,0xB9,0xE0,0x04,

/* 冒 */
0x00,0x07,0xFC,0x7F,0x84,0x18,0x7F,0x87,0xF8,0x21,0x03,0xF0,0x3F,0x02,0x10,0x3F,0x02,0x10,

/* 帽 */
0x40,0x04,0xFC,0xFF,0xCF,0x84,0xDF,0xCD,0x8C,0xDC,0xCD,0xFC,0xFC,0xC4,0xFC,0x4F,0xC4,0xCC,

/* 貌 */
0x11,0x06,0x34,0xFF,0xC7,0xC4,0x67,0xCE,0x44,0x77,0xCB,0x78,0x73,0x89,0x7A,0x75,0xE3,0x8C,

/* 贸 */
0x18,0x0E,0x7C,0xD2,0xCF,0xEC,0xCD,0x83,0xF8,0x2D,0x82,0xD0,0x29,0x82,0xF0,0x31,0xCC,0x04,

/* 么 */
0x00,0x00,0xC0,0x0C,0x01,0x80,0x33,0x06,0x20,0xC4,0x08,0xD0,0x19,0x83,0x0C,0x7E,0xC0,0x04,

/* 玫 */
0x02,0x0F,0xE0,0x64,0x46,0x7C,0x7C,0x8F,0x98,0x6B,0x86,0x30,0x7B,0x0C,0x78,0x0C,0xE3,0x04,

/* 枚 */
0x22,0x06,0x60,0x66,0x4F,0xFC,0x64,0x87,0xD8,0xFF,0x8E,0x30,0x63,0x06,0x38,0x64,0xC7,0x84,

/* 梅 */
0x44,0x04,0x44,0x7F,0xCF,0xF8,0x7E,0x8F,0xA8,0xDF,0xE4,0xA8,0x4A,0x85,0xFC,0x43,0x84,0x10,

/* 酶 */
0x02,0x0F,0xE4,0x67,0xCF,0xCC,0xFE,0x8F,0x58,0xBF,0xE9,0x68,0xF7,0x89,0xFC,0xF1,0x80,0x18,

/* 霉 */
0x01,0x84,0xC0,0xFF,0xCB,0xF8,0x3F,0x83,0xFC,0x7F,0x0A,0xD4,0xFF,0xC6,0xDC,0x7F,0xC0,0x30,

/* 煤 */
0x4C,0x84,0xCC,0x5F,0xE7,0xD8,0xED,0x8C,0xF8,0x42,0x05,0xFE,0x67,0x0B,0xA8,0x92,0xE2,0x20,

/* 没 */
0x00,0x06,0xF0,0x29,0x0A,0x9C,0xE9,0xE7,0xF8,0x41,0x04,0x50,0xC7,0x04,0x70,0xCD,0xE7,0x0C,

/* 眉 */
0x00,0x87,0xFC,0x44,0xC7,0xFC,0x50,0x85,0xF8,0x50,0x85,0xF8,0x5F,0x89,0x08,0x9F,0x81,0x08,

/* 媒 */
0x48,0x84,0xCC,0x5F,0xCF,0xF8,0x6C,0x8E,0xF8,0xAA,0x0F,0xFE,0x6F,0x0F,0xA8,0x92,0xE2,0x20,

/* 镁 */
0x64,0x84,0x74,0x7F,0xC8,0x28,0xF7,0x84,0x36,0xF3,0x04,0x3C,0x47,0x07,0x70,0x6C,0xE3,0x04,

/* 每 */
0x30,0x03,0xFC,0x60,0x07,0xF8,0xAD,0x82,0x5C,0xFF,0xE6,0xD8,0x65,0x47,0xFC,0x07,0x00,0x20,

/* 美 */
0x23,0x01,0x20,0xFF,0xC0,0xC8,0x7F,0x80,0xC4,0x8C,0x00,0xC8,0x9E,0x01,0x20,0x33,0xCC,0x0C,

/* 昧 */
0x02,0x0A,0x20,0xBF,0xCA,0x20,0xA2,0x4F,0xFE,0xA7,0x0A,0xF0,0xBA,0x8B,0x2C,0xA2,0x40,0x20,

/* 寐 */
0x0C,0x07,0xFC,0x92,0xCD,0x20,0x5F,0xC7,0x20,0x1F,0xCF,0x70,0x57,0x85,0xAC,0x92,0x41,0x20,

/* 妹 */
0x42,0x06,0x20,0x4F,0xCF,0x20,0x72,0x4F,0xFE,0xA7,0x0A,0x78,0x6A,0x87,0xAE,0xB2,0x40,0x20,

/* 媚 */
0x60,0x06,0xFE,0x5D,0x4F,0xFC,0x5C,0x47,0xFC,0xFE,0x4E,0xFC,0x6A,0x47,0xA4,0x97,0xC2,0x64,

/* 门 */
0x00,0x02,0xFC,0x20,0xCC,0x0C,0xC0,0xCC,0x0C,0xC0,0xCC,0x0C,0xC0,0xCC,0x0C,0xC1,0xCC,0x08,

/* 闷 */
0x40,0x02,0xFC,0xA0,0x4C,0xC4,0xC4,0x4D,0xA4,0xFB,0xCF,0xBC,0xCE,0x4C,0xE4,0xC1,0xC8,0x08,

/* 们 */
0x20,0x06,0xDC,0x64,0x45,0x84,0xD8,0x4D,0x84,0x58,0x45,0x84,0x58,0x45,0x84,0x58,0xC5,0x0C,

/* 萌 */
0x12,0x01,0x24,0xB3,0x01,0x68,0xF7,0x8D,0x48,0xF7,0x8D,0x48,0xD7,0x8D,0xC8,0x9B,0x83,0x18,

/* 蒙 */
0x12,0x0F,0xFC,0x12,0x0F,0xFC,0xBF,0x88,0x08,0x19,0x87,0xF0,0xBE,0x0F,0x50,0x7C,0xC8,0x80,

/* 檬 */
0x45,0x05,0xFE,0x75,0x4F,0xFE,0x5F,0xCF,0xFC,0xF6,0xC5,0xF8,0x4F,0x85,0xFC,0x7F,0x64,0x20,

/* 盟 */
0x04,0x0F,0xEC,0xD7,0xCF,0x4C,0xD7,0xCD,0xCC,0x09,0xC7,0x08,0x5F,0x85,0x68,0x5E,0xE0,0x00,

/* 锰 */
0x40,0x04,0xFC,0xF3,0x08,0x34,0xFF,0xC4,0x30,0x56,0x0F,0xFC,0x4F,0xC6,0xFC,0x6F,0xE5,0xFE,

/* 猛 */
0x10,0x0F,0xFC,0x63,0x0F,0xFC,0x22,0x06,0x20,0x66,0x0A,0xFC,0x2D,0x82,0xD8,0xFF,0xC0,0x00,

/* 梦 */
0x20,0x03,0x30,0xFF,0xC7,0x78,0x7F,0xCA,0xB4,0x38,0x03,0xF8,0x7B,0x0C,0xE0,0x1C,0x0E,0x00,

/* 孟 */
0x00,0x07,0xF8,0x06,0x00,0xC4,0x8C,0x01,0xC0,0x0C,0x87,0xF8,0x5A,0x85,0xA8,0x7E,0xC8,0x00,

/* 眯 */
0x02,0x0F,0x24,0xAA,0xCA,0xF8,0xFF,0x6B,0x70,0xE7,0x0A,0xF8,0xBA,0xCF,0x26,0xA2,0x00,0x20,

/* 醚 */
0x00,0x0F,0xBC,0x6B,0xCF,0xFC,0xF1,0xCF,0xF8,0xB7,0x89,0x7C,0xF5,0xC9,0x58,0xFF,0xC8,0x9C,

/* 靡 */
0x04,0x0F,0xFC,0xD1,0x4F,0xFC,0xFF,0x8D,0xDC,0xCA,0x4F,0xBC,0xBB,0xC8,0xA4,0x8A,0x00,0xA0,

/* 糜 */
0x04,0x07,0xFC,0x59,0x07,0xFC,0x7B,0x87,0x5C,0x55,0x0D,0x50,0xFF,0xC9,0xD0,0xB5,0xC4,0x44,

/* 迷 */
0x02,0x05,0x2C,0x6A,0x80,0xB4,0x1F,0xCE,0x60,0x6B,0x84,0xAC,0x72,0x46,0x20,0xFF,0xE8,0xFC,

/* 谜 */
0x01,0x05,0x54,0x55,0xC1,0x78,0xC7,0x4F,0xB8,0x57,0x85,0x54,0x7D,0x4D,0x90,0xFF,0x42,0x7C,

/* 弥 */
0x06,0x0F,0x40,0x37,0xCB,0xEC,0xFB,0x89,0x30,0xF7,0x82,0xFC,0x2B,0x43,0x36,0xE7,0x04,0x20,

/* 米 */
0x00,0x04,0xC8,0x6D,0x83,0xF0,0x2E,0x4F,0xFC,0x1E,0x03,0xF0,0x6D,0x8C,0xCC,0x8C,0x40,0xC0,

/* 秘 */
0x10,0x0F,0x2C,0x63,0x83,0x68,0xFD,0x87,0x5C,0xFD,0x6E,0xF6,0xBE,0x42,0x44,0x2F,0xC3,0x38,

/* 觅 */
0x03,0x87,0xF8,0x2D,0x83,0x70,0x7F,0x86,0x98,0x69,0x86,0xD8,0x7D,0x81,0x44,0x67,0xEC,0x38,

/* 泌 */
0x00,0x06,0x2C,0x37,0xC8,0x48,0xE5,0x87,0x54,0x77,0x45,0x66,0xD6,0x64,0xCC,0xDF,0xC6,0x30,

/* 蜜 */
0x0C,0x07,0xFC,0xC9,0xCD,0xF8,0x5D,0xC5,0xF4,0x6C,0x03,0xF8,0x2C,0x83,0xF8,0xFF,0xC4,0x04,

/* 密 */
0x08,0x04,0xC4,0xCC,0xC8,0xF8,0x56,0x8D,0xDC,0xBF,0x4F,0xE0,0x6C,0x86,0xC8,0x6C,0x87,0xF8,

/* 幂 */
0x00,0x4E,0x1C,0xBF,0x83,0xF0,0x3F,0x03,0x94,0xFF,0xC6,0xD8,0xFF,0xE2,0xD0,0x2F,0x00,0x80,

/* 棉 */
0x62,0x06,0xFC,0x7C,0xCF,0xFC,0x6C,0xC7,0xF8,0xFB,0x4E,0xB4,0x6B,0x46,0xB4,0x6B,0xC4,0x20,

/* 眠 */
0x00,0x0F,0xFC,0xA8,0xCA,0xFC,0xEB,0x0A,0xB4,0xAF,0xCE,0x90,0xA9,0x0E,0xF8,0xBC,0xC0,0x84,

/* 绵 */
0x22,0x06,0xFC,0x4C,0x4D,0xFC,0xFC,0xC2,0xFC,0x4F,0xCF,0xB4,0x0B,0x47,0xB4,0xCB,0xC0,0x30,

/* 冕 */
0x40,0x84,0x38,0x7F,0x87,0xF8,0x72,0x07,0x60,0x7F,0x8E,0x88,0x7F,0x81,0xC4,0x37,0xEC,0x38,

/* 免 */
0x18,0x01,0xA0,0x36,0x06,0x48,0xFF,0x84,0xC8,0x6C,0x87,0xE8,0x1C,0x01,0x44,0x26,0x6C,0x3C,

/* 勉 */
0x21,0x06,0x90,0x79,0x0D,0xBC,0xFD,0x47,0x94,0x7F,0x47,0xAC,0x32,0xC7,0x5C,0x58,0xE8,0xFC,

/* 娩 */
0x42,0x04,0x68,0x45,0x8F,0x94,0x5F,0xCF,0xA4,0xAF,0xCA,0xB0,0x67,0x07,0x52,0x99,0xE3,0x0C,

/* 缅 */
0x40,0x45,0xFE,0xC2,0x0B,0xFC,0xFD,0x45,0xF4,0xDD,0x4F,0xD4,0x9F,0x47,0xD4,0x9F,0xC1,0x84,

/* 面 */
0x00,0x4F,0xFC,0x08,0x07,0xFC,0x52,0xC5,0xE8,0x56,0x85,0x68,0x56,0x85,0x28,0x7F,0x84,0x00,

/* 苗 */
0x12,0x01,0x24,0xFF,0xC1,0x20,0x7F,0x84,0xC8,0x4C,0x87,0xF8,0x4C,0x84,0xC8,0x7F,0x84,0x00,

/* 描 */
0x45,0x84,0x58,0x7F,0xEE,0x58,0x44,0x87,0xFC,0xCA,0x44,0xFC,0x4A,0xC4,0xA4,0xCF,0xC4,0x80,

/* 瞄 */
0x04,0x0F,0x58,0xBF,0xEB,0x58,0xF5,0x8B,0xFC,0xFA,0xCB,0xFC,0xBB,0xCF,0xAC,0xAF,0xC8,0x80,

/* 藐 */
0x12,0x0F,0xFE,0x33,0x06,0x34,0xFF,0xC7,0xFC,0xEC,0xC7,0xFC,0xF7,0x05,0x70,0xF5,0x63,0x9C,

/* 秒 */
0x13,0x0F,0x30,0x67,0x87,0xFC,0xFF,0x66,0xB0,0xFB,0xCF,0x3C,0x61,0x86,0x30,0x6E,0x07,0x80,

/* 渺 */
0x00,0x85,0xD8,0x75,0x83,0x7C,0xFF,0xEF,0x7A,0x5D,0xC5,0x5C,0xD4,0x8D,0xD8,0xD6,0x05,0xC0,

/* 庙 */
0x04,0x00,0x44,0x7F,0xC4,0x60,0x46,0x05,0xFC,0x56,0xC5,0xFC,0xD6,0xC9,0x6C,0x9F,0xC1,0x0C,

/* 妙 */
0x21,0x06,0x10,0x71,0x0F,0x7C,0x55,0x65,0xD2,0xF9,0x4F,0x1C,0x61,0x87,0x10,0xD6,0x01,0x80,

/* 蔑 */
0x12,0x0F,0xFE,0x12,0x07,0xF8,0x52,0x87,0xF8,0x45,0x44,0x58,0x67,0x85,0x30,0xDF,0xC2,0x06,

/* 灭 */
0x00,0x0F,0xFC,0x0C,0x00,0xC8,0x2D,0x82,0xD0,0x6E,0x00,0xA0,0x1B,0x01,0x18,0x60,0xC8,0x04,

/* 民 */
0x00,0x07,0xF8,0x40,0x87,0xF8,0x4D,0x84,0x44,0x7F,0xC4,0x40,0x46,0x05,0xB4,0x71,0xC4,0x04,

/* 抿 */
0x40,0x06,0xFC,0x78,0xCF,0x8C,0x6B,0xC7,0xB4,0xEF,0xEE,0x90,0x69,0x26,0xBA,0xCC,0xE4,0x86,

/* 皿 */
0x00,0x04,0x08,0x7F,0x85,0x68,0x56,0x85,0x68,0x56,0x85,0x68,0x56,0x85,0x68,0xFF,0xE0,0x00,

/* 敏 */
0x41,0x04,0x50,0xFF,0x0F,0xBE,0xEA,0x87,0xE8,0xFF,0x8E,0x98,0xA9,0x8F,0xF8,0x3A,0xE1,0xC4,

/* 悯 */
0x40,0x04,0x7C,0x5C,0x4F,0xA4,0xFF,0xCD,0xD4,0x53,0x45,0x34,0x57,0x45,0xD4,0x59,0xC5,0x0C,

/* 闽 */
0x40,0x02,0xFC,0xCC,0x4C,0xC4,0xFF,0x4F,0xF4,0xFF,0x4F,0xE4,0xCF,0x4F,0xF4,0xC1,0xC8,0x08,

/* 明 */
0x00,0x0F,0xFC,0xD4,0x4D,0x6C,0xF6,0xCD,0x44,0xD6,0xCF,0x6C,0xD4,0x48,0xC4,0x09,0xC1,0x08,

/* 螟 */
0x40,0x04,0xFE,0xF8,0xCF,0x78,0xF7,0x8F,0x48,0xF7,0x8F,0x70,0x7F,0xE7,0x78,0x8C,0xC1,0x04,

/* 鸣 */
0x02,0x0A,0xE8,0xBF,0xCA,0xE8,0xAE,0x8A,0xF8,0xAD,0xEE,0x84,0xBF,0xC8,0x04,0x01,0xC0,0x08,

/* 铭 */
0x63,0x04,0x34,0x7F,0xE8,0x6C,0xFB,0x84,0x30,0xFF,0x46,0xFC,0x5C,0x47,0x44,0x67,0xC4,0x44,

/* 名 */
0x08,0x01,0x88,0x1F,0xC3,0x10,0x6A,0x04,0xC0,0x08,0x83,0xFC,0x50,0xC1,0x0C,0x1F,0xC1,0x08,

/* 命 */
0x0C,0x01,0xC0,0x32,0x06,0x3C,0xFE,0xC5,0x78,0x54,0x85,0x48,0x54,0x87,0x78,0x55,0x00,0x40,

/* 谬 */
0x04,0x45,0x7C,0x55,0xC0,0xDC,0xD7,0xC4,0x70,0x4F,0xC5,0x64,0x7B,0x06,0xD8,0x47,0x01,0xC0,

/* 摸 */
0x45,0x04,0x54,0x5F,0xCF,0xD8,0x58,0x87,0xF8,0xCF,0x84,0xEC,0x7F,0xE4,0x50,0xC8,0xC7,0x04,

/* 摹 */
0x12,0x0F,0xFC,0x33,0x03,0xF0,0x3F,0x03,0xF4,0xFF,0xE7,0xFC,0xFF,0xC2,0xCC,0x0C,0x00,0xC0,

/* 蘑 */
0x12,0x0F,0xFE,0x16,0x47,0xFC,0x7F,0xC7,0xB8,0x7D,0xED,0xBC,0xD8,0x8B,0xF8,0xF1,0x81,0x08,

/* 模 */
0x05,0x06,0x54,0x7F,0xCF,0xD8,0x48,0x8E,0xF8,0xF8,0x8C,0xAC,0x7F,0xE4,0x50,0x4C,0xC7,0x84,

/* 膜 */
0x05,0x0F,0x5C,0xBF,0xCA,0xFC,0xE8,0x8A,0xF8,0xEF,0x8A,0xAC,0xBF,0xEA,0x50,0x6C,0xC3,0x04,

/* 磨 */
0x0C,0x0F,0xFC,0xD1,0x4F,0xFC,0xDB,0x8F,0xDE,0xD9,0x4F,0xFC,0x98,0x8B,0x88,0xDF,0x81,0x08,

/* 摩 */
0x04,0x0F,0xFC,0xD1,0x0F,0xFC,0xFF,0x8D,0xDE,0xD3,0x89,0xE8,0xBF,0xCB,0xFE,0x04,0x00,0xC0,

/* 魔 */
0x0C,0x07,0xFC,0x59,0x47,0xFC,0x7F,0xC7,0xD4,0x7F,0x87,0xF8,0xFF,0x88,0xD8,0x97,0xC6,0x3C,

/* 抹 */
0x42,0x04,0x20,0x73,0x4F,0xB0,0x42,0x07,0xFC,0xC7,0x0C,0x78,0x4A,0x85,0x2E,0xC2,0x04,0x20,

/* 末 */
0x0C,0x00,0xC4,0xFF,0xC0,0xC0,0x0C,0x87,0xF8,0x1E,0x03,0xF0,0x2D,0x84,0xCE,0x8C,0x00,0xC0,

/* 莫 */
0x12,0x01,0x2C,0x13,0x03,0xF8,0x21,0x83,0xF8,0x3F,0x82,0xD4,0xFF,0xE1,0xA0,0x31,0xCC,0x08,

/* 墨 */
0x00,0x07,0xF8,0x5F,0x87,0xF8,0x4C,0x87,0xF8,0xFF,0xC5,0x28,0x9E,0xC7,0xF8,0x08,0x4F,0xFC,

/* 默 */
0x01,0x0F,0xD8,0xF9,0x4F,0x94,0xFF,0xEA,0xB0,0xFB,0x83,0xA8,0xF2,0x8F,0xCC,0xFC,0x60,0x00,

/* 沫 */
0x02,0x04,0x20,0x5F,0xC8,0x60,0xA2,0x07,0xFC,0x4F,0x0C,0xB0,0xDA,0x8D,0x2E,0xE2,0x40,0x20,

/* 漠 */
0x05,0x07,0xFE,0x4D,0x0B,0xF8,0xF8,0x85,0xF8,0x5F,0x8D,0x6C,0xFF,0xEC,0x50,0xC9,0xC7,0x04,

/* 寞 */
0x08,0x0F,0xFC,0x92,0x8F,0xFC,0x37,0x07,0xF0,0x7F,0x07,0xF0,0x69,0xC9,0xE0,0x33,0xCC,0x18,

/* 陌 */
0x80,0x4F,0xFE,0xA2,0x0A,0xE8,0xEF,0xCA,0x8C,0xBC,0xCB,0xCC,0xE8,0xC8,0x8C,0x8F,0xC8,0x00,

/* 谋 */
0x08,0x84,0x9C,0x7F,0xE0,0xD8,0xCD,0x84,0xF8,0x4A,0x05,0xFE,0x47,0x06,0xB8,0x52,0xC2,0x20,

/* 牟 */
0x0C,0x01,0x90,0x31,0x87,0xFC,0x2C,0x06,0xC8,0x7F,0xC8,0xC0,0xFF,0xE0,0xC0,0x0C,0x00,0xC0,

/* 某 */
0x11,0x03,0x34,0xFF,0xC3,0xF0,0x33,0x03,0xF0,0x0C,0x4F,0xFC,0x1E,0x02,0xD8,0xCC,0xC0,0xC0,

/* 拇 */
0x40,0x04,0xFC,0x7E,0x8F,0xA8,0x5A,0xC7,0xFE,0xCA,0x8C,0xA8,0x4A,0xC5,0xFC,0xC3,0x84,0x18,

/* 牡 */
0x23,0x0A,0x30,0xE3,0x0F,0x30,0xEF,0xC2,0x30,0x33,0x0E,0x30,0xA3,0x02,0x30,0x3F,0xE2,0x00,

/* 亩 */
0x08,0x00,0xC4,0xFF,0xE0,0x00,0x7F,0x84,0xC8,0x4C,0x87,0xF8,0x4C,0x84,0xC8,0x7F,0x84,0x08,

/* 姆 */
0x40,0x04,0xFC,0x4E,0x8F,0xF8,0x7C,0xCF,0xFE,0xEA,0x8A,0xB8,0xE8,0xC7,0xFC,0xD0,0x80,0x18,

/* 母 */
0x00,0x03,0xF8,0x29,0x86,0xD8,0x65,0xCF,0xFC,0x49,0x84,0xD0,0x49,0xC7,0xFC,0x07,0x00,0x20,

/* 墓 */
0x12,0x0F,0xFE,0x13,0x03,0xF0,0x3F,0x03,0xF0,0x39,0x4F,0xFC,0x2D,0x8F,0xFE,0x0C,0x4F,0xFC,

/* 暮 */
0x12,0x0F,0xFC,0x33,0x07,0xF0,0x7F,0x07,0xF0,0xFF,0xC2,0x38,0xFF,0xC3,0xF0,0x23,0x02,0x30,

/* 幕 */
0x12,0x0F,0xFC,0x33,0x03,0xF8,0x3F,0x03,0xF0,0xFF,0xE2,0xD8,0xFF,0xE2,0xD0,0x2F,0x00,0x90,

/* 募 */
0x12,0x0F,0xFE,0x13,0x03,0xF8,0x3F,0x03,0xF0,0xFF,0xE3,0x90,0xE9,0xEB,0xB0,0x37,0x0E,0x20,

/* 慕 */
0x12,0x0F,0xFC,0x13,0x03,0xF8,0x3F,0x03,0xF0,0x79,0xC3,0xB0,0x69,0xCE,0xFC,0x6B,0x81,0x80,

/* 木 */
0x0C,0x00,0xC0,0x0C,0x4F,0xFC,0x1E,0x01,0xE0,0x3F,0x02,0xD8,0x4C,0xC8,0xC4,0x0C,0x00,0x80,

/* 目 */
0x00,0x07,0xF8,0x61,0x86,0x18,0x7F,0x86,0x18,0x61,0x86,0x18,0x61,0x86,0x18,0x61,0x80,0x00,

/* 睦 */
0x02,0x0F,0x28,0xBF,0xCB,0x24,0xFF,0xCB,0x58,0xFE,0xCB,0xA4,0xBF,0xCF,0x20,0xA2,0x49,0xFC,

/* 牧 */
0x22,0x0A,0x60,0xA6,0x4F,0xFC,0xA5,0x82,0xD8,0x39,0x0E,0x30,0xA3,0x02,0x38,0x24,0xC3,0x84,

/* 穆 */
0x02,0x0F,0xFC,0x6C,0xC7,0xCC,0xEF,0xC6,0x7C,0xFF,0xEF,0xB8,0x7F,0x86,0x7E,0x6B,0x87,0xC0,

/* 拿 */
0x08,0x01,0xE0,0x33,0x87,0xFC,0xBF,0x03,0xF0,0x2F,0x07,0xD0,0x3F,0x8F,0xFC,0x0C,0x00,0x80,

/* 哪 */
0x02,0x0F,0xFE,0xEB,0x4A,0xB4,0xBF,0x8A,0xBC,0xBF,0x4E,0xB6,0x93,0xE9,0x7C,0x2D,0x04,0x10,

/* 呐 */
0x03,0x0A,0x20,0xFF,0xCA,0xB4,0xAA,0x4A,0xA4,0xAB,0x4E,0xDC,0xA8,0x48,0x84,0x09,0xC0,0x8C,

/* 钠 */
0x43,0x04,0x30,0x7F,0x48,0xF4,0xFE,0x4C,0xF4,0x7F,0xC6,0xCC,0x4C,0x47,0xC4,0x6C,0xC4,0x8C,

/* 那 */
0x0A,0x4E,0xFC,0x2A,0xCF,0xA8,0x2B,0x82,0xA8,0xFA,0x46,0xA4,0x4B,0xC7,0xAC,0x9A,0x00,0x20,

/* 娜 */
0x40,0x05,0xFC,0x4F,0x4F,0xFC,0xFF,0x8E,0xF8,0xEF,0x4F,0xF6,0x77,0x67,0x7C,0xBD,0x02,0x50,

/* 纳 */
0x03,0x06,0x30,0x4B,0x4B,0xFC,0xEA,0x4E,0xA4,0x4B,0x4F,0xDC,0x8C,0x47,0x84,0xC9,0xC0,0x8C,

/* 氖 */
0x20,0x07,0xFC,0x61,0x88,0x18,0xFF,0x87,0xD8,0x3D,0x82,0xF8,0x27,0x86,0x6A,0x4C,0xE8,0xC6,

/* 乃 */
0x00,0x07,0xF8,0x11,0x01,0x30,0x12,0x41,0x2C,0x30,0xC3,0x0C,0x20,0x84,0x08,0x83,0x80,0x10,

/* 奶 */
0x20,0x06,0xFC,0x76,0x8F,0x68,0x57,0x85,0x5E,0x54,0x4E,0x44,0x7C,0x47,0x84,0xD9,0xC2,0x08,

/* 耐 */
0x00,0x8F,0xC8,0x20,0x82,0x7E,0xFC,0x8F,0x68,0xF7,0x8F,0x58,0xF4,0x8F,0x48,0x8D,0x80,0x08,

/* 奈 */
0x08,0x00,0x88,0xFF,0xC1,0x20,0x23,0x87,0xEC,0x81,0x82,0xC0,0x6F,0x04,0xD8,0x9C,0x80,0x80,

/* 南 */
0x0C,0x00,0xC4,0xFF,0xC0,0xC8,0x7F,0xC5,0xEC,0x7F,0xC4,0xDC,0x7F,0xC4,0xCC,0x4D,0xC4,0x98,

/* 男 */
0x00,0x07,0xF8,0x6C,0x87,0xF8,0x6C,0x87,0xF8,0x08,0x8F,0xFC,0x18,0x81,0x18,0x67,0x8C,0x30,

/* 难 */
0x07,0x02,0xD0,0xBF,0xCA,0x90,0xB9,0x46,0xFC,0x69,0x06,0xFC,0xA9,0x0A,0x94,0x0F,0xC0,0x80,

/* 囊 */
0x00,0x0F,0xFC,0x3F,0x03,0xF0,0xFF,0xEB,0xF8,0x77,0x87,0xF8,0x7F,0xCB,0xF8,0x67,0x03,0x9C,

/* 挠 */
0x44,0x04,0x44,0x6F,0xCF,0x38,0x43,0x07,0xFC,0xF0,0xCD,0xF8,0x4F,0x04,0xB0,0x4B,0x6F,0x1C,

/* 脑 */
0x02,0x0F,0x24,0xBF,0xEA,0x18,0xED,0x4A,0xB4,0xAB,0x4E,0xB4,0xAD,0xCA,0xD4,0x7F,0xC2,0x04,

/* 恼 */
0x42,0x06,0x20,0x7F,0xEF,0x10,0xF5,0x4E,0xB4,0x6B,0x46,0xB4,0x6D,0xC6,0x84,0x7F,0xC4,0x04,

/* 闹 */
0x00,0x02,0xFC,0xEC,0x4C,0x5C,0xFF,0xCD,0xD4,0xFF,0x4D,0x54,0xF7,0x4F,0xE4,0xCD,0xC8,0x08,

/* 淖 */
0x06,0x04,0x6C,0x56,0x0B,0xFC,0xF8,0x87,0xF8,0x58,0x85,0xF8,0xF6,0x6C,0x60,0xC2,0x0C,0x20,

/* 呢 */
0x00,0x0E,0xFC,0xA8,0x8A,0xFC,0xAA,0x8A,0xA4,0xEA,0xCA,0xB8,0x9A,0x01,0x24,0x23,0xC4,0x3C,

/* 馁 */
0x40,0x84,0xFC,0xF2,0xCB,0xAC,0xAB,0x84,0x60,0x46,0x45,0xD8,0x5D,0x06,0x70,0x47,0xC7,0x8C,

/* 内 */
0x0C,0x00,0xC0,0x88,0x8F,0xFC,0xC8,0x8C,0xC8,0xD6,0x8D,0x38,0xE0,0x8C,0x08,0xC3,0x88,0x18,

/* 嫩 */
0x48,0x84,0x98,0x5F,0x0F,0xFE,0xFF,0x4B,0xF4,0xBF,0xCF,0xD8,0x7E,0x87,0x98,0xAB,0x40,0xE4,

/* 能 */
0x22,0x07,0x6C,0xDF,0x8F,0xE4,0x9F,0xCD,0xBC,0xFE,0x0D,0xFC,0xFF,0x0D,0xE4,0xFF,0xC9,0x3C,

/* 妮 */
0x20,0x06,0x7C,0x74,0x4F,0xFC,0x56,0x45,0x74,0xF6,0xCE,0xF0,0x6A,0x07,0xA4,0x93,0xE2,0x1C,

/* 霓 */
0x00,0x82,0xC4,0xFF,0xEB,0xF8,0x3F,0x07,0xF8,0x49,0x87,0xB8,0x7F,0x85,0x44,0x37,0xCC,0x38,

/* 倪 */
0x24,0x07,0xFC,0x50,0x4D,0x4C,0xDD,0xCD,0x04,0x5F,0xC5,0x50,0x4D,0x04,0x90,0x59,0x67,0x1C,

/* 泥 */
0x00,0x05,0xFC,0x58,0xCB,0x8C,0xFE,0x87,0xEC,0x5F,0x85,0xF0,0xD6,0x0D,0x64,0xE7,0xC4,0x3C,

/* 尼 */
0x00,0x07,0xFC,0x60,0x86,0x08,0x68,0x86,0x88,0x69,0x86,0xE0,0x4C,0x44,0x84,0x8F,0xE0,0xF8,

/* 拟 */
0x40,0x04,0x4C,0x6A,0xCF,0xBC,0x48,0xC7,0x88,0xC8,0x8C,0xA8,0x4C,0x85,0x9C,0xC6,0x45,0x80,

/* 你 */
0x24,0x02,0x40,0x6C,0x44,0xFE,0xD3,0x8D,0x20,0x4E,0x84,0xAC,0x5A,0x45,0x24,0x66,0x04,0x60,

/* 匿 */
0x00,0x4F,0xFC,0xCB,0x4F,0xFC,0xCF,0x0F,0xFC,0xC8,0x0D,0xF8,0xF9,0x8D,0xF8,0xD8,0x4F,0xFC,

/* 腻 */
0x01,0x8E,0x1C,0xBF,0xEA,0xF0,0xFF,0x0A,0xF8,0xFF,0x8B,0xF8,0xBE,0xAA,0xEE,0xEB,0x63,0x02,

/* 逆 */
0x00,0x8C,0xD8,0x65,0x41,0x28,0x0A,0xCE,0xAC,0x4A,0xC5,0xFC,0x44,0x04,0x80,0xFF,0xE0,0xFC,

/* 溺 */
0x00,0x47,0xFC,0x04,0x4B,0xFC,0xF1,0x07,0xFE,0x55,0x45,0x5C,0xDD,0x47,0x64,0xDD,0xC4,0x88,

/* 蔫 */
0x12,0x0F,0xFE,0x12,0x87,0xF8,0x2F,0x8F,0xFC,0x3F,0x86,0x04,0x7F,0xCF,0xFC,0x97,0xC8,0x18,

/* 拈 */
0x02,0x06,0x20,0x62,0x4F,0xBE,0x62,0x07,0xA0,0xEF,0xCE,0x84,0x68,0x46,0x84,0xEF,0xC4,0x84,

/* 年 */
0x20,0x02,0x04,0x7F,0xC4,0x40,0xA4,0x8A,0x40,0x24,0x06,0x44,0x04,0x00,0x40,0x04,0x00,0x40,

/* 碾 */
0x00,0x0F,0xFC,0x48,0xC4,0xFC,0xEB,0xCF,0xFC,0xFB,0x8F,0xFE,0xFD,0xCF,0x58,0x97,0xC2,0x44,

/* 撵 */
0x48,0x04,0xDC,0x5F,0xCF,0xFC,0x7F,0xC5,0x66,0xDF,0xC4,0xA0,0x5F,0x85,0xFC,0xC2,0x0C,0x20,

/* 捻 */
0x42,0x04,0x60,0x55,0x0F,0xFC,0x5A,0xE7,0xF8,0xC1,0x0C,0x70,0x56,0xC5,0x6E,0xF5,0x8C,0x70,

/* 念 */
0x08,0x01,0xC0,0x12,0x02,0xDC,0xC5,0xC3,0xF0,0x02,0x00,0xC0,0x74,0xCB,0x54,0xB1,0x41,0xF0,

/* 娘 */
0x42,0x06,0x30,0x4F,0xCF,0xC8,0x5F,0x85,0xCC,0xFF,0x8E,0xEC,0xED,0x87,0xD8,0xDE,0xE0,0xC4,

/* 酿 */
0x01,0x0F,0xD4,0x67,0xCF,0xE4,0xFF,0xCF,0xE4,0xDF,0xC8,0xF6,0xFF,0x88,0xE8,0xFE,0x68,0x40,

/* 鸟 */
0x10,0x03,0xF0,0x73,0x07,0x90,0x6B,0x06,0x70,0x62,0xC6,0x0C,0x03,0xCF,0xFC,0x03,0x80,0x18,

/* 尿 */
0x00,0x07,0xFC,0x40,0xC7,0xFC,0x46,0x04,0xEC,0x5F,0x85,0xF0,0xD5,0x8B,0x4C,0xCC,0x60,0x40,

/* 捏 */
0x40,0x04,0xFC,0x78,0xCE,0xFC,0x48,0xC6,0xFC,0xCA,0x04,0x24,0x5F,0xC4,0x20,0xC2,0x6C,0x00,

/* 聂 */
0x00,0x07,0xFC,0x3F,0x03,0x30,0x3F,0x4F,0xFC,0x03,0x8F,0xF8,0x73,0x83,0x30,0x4F,0xC1,0x84,

/* 孽 */
0x12,0x0F,0xFC,0x33,0x07,0xFC,0x7B,0xC7,0xFC,0x5F,0xCF,0xB0,0x3F,0x0F,0xFE,0x04,0x01,0xC0,

/* 啮 */
0x03,0x0A,0xF4,0xEF,0xCA,0xF0,0xBF,0xEA,0xB4,0xAA,0x4E,0xB4,0xAF,0xC8,0xCC,0x08,0x40,0x84,

/* 镊 */
0x40,0x45,0xFC,0x77,0x88,0x78,0xF4,0xE5,0xF8,0xFF,0xC4,0x5C,0x5D,0x86,0xD8,0x57,0xE2,0x64,

/* 镍 */
0x42,0x04,0xFC,0xFC,0xC8,0xFC,0xFF,0xC4,0xCC,0x7F,0xC7,0xFE,0x57,0x07,0xE8,0x7A,0xE0,0x20,

/* 涅 */
0x40,0x87,0xFC,0x18,0x8A,0xF8,0xE8,0x86,0xF8,0x5A,0x8C,0x24,0xDF,0xCC,0x20,0xC2,0x44,0x00,

/* 您 */
0x24,0x02,0xC4,0x7F,0xCF,0x28,0x6E,0x85,0x2C,0x6E,0x44,0x40,0x14,0xC5,0x56,0xDF,0x01,0xF0,

/* 柠 */
0x42,0x04,0x30,0x7F,0xCF,0x8C,0x48,0x0F,0xFC,0xF3,0x0C,0x30,0x43,0x04,0x30,0x43,0x04,0x20,

/* 狞 */
0x02,0x0B,0x30,0x6F,0xE7,0x8C,0xA0,0x47,0xFE,0x63,0x0A,0x30,0x23,0x02,0x30,0xE7,0x04,0x20,

/* 凝 */
0x20,0x0A,0xFC,0xF3,0x8F,0xF0,0x7F,0xE7,0xD4,0xF3,0x0D,0xFC,0x97,0x0B,0xF0,0xAF,0xE4,0x0C,

/* 宁 */
0x08,0x00,0xC4,0xFF,0xC8,0x08,0x00,0x8F,0xFC,0x0C,0x00,0xC0,0x0C,0x00,0xC0,0x1C,0x00,0x80,

/* 拧 */
0x02,0x06,0x30,0x7F,0xEF,0x8C,0x68,0x07,0xFC,0xE3,0x0E,0x30,0x63,0x06,0x30,0xE7,0x04,0x20,

/* 泞 */
0x06,0x06,0x24,0x1F,0xEB,0x0C,0xE0,0x45,0xFC,0x42,0x04,0x20,0xC2,0x0C,0x20,0xC6,0x04,0x20,

/* 牛 */
0x04,0x02,0x40,0x64,0x07,0xFC,0x44,0x08,0x40,0x8C,0x40,0xC0,0x04,0x00,0x40,0x04,0x00,0x40,

/* 扭 */
0x60,0x04,0xFC,0x74,0xCF,0x48,0x44,0x87,0xE8,0xC4,0x8C,0x48,0x44,0x84,0x48,0xFF,0xEC,0x00,

/* 钮 */
0x60,0x04,0xFC,0x76,0xC8,0x6C,0xF6,0x84,0x68,0x7F,0x86,0x48,0x44,0x87,0x48,0x64,0xC5,0xFC,

/* 纽 */
0x20,0x06,0xFC,0x56,0xC9,0x68,0xF6,0x82,0xF8,0x46,0x8F,0x48,0x84,0x8F,0x48,0xC4,0xE0,0x00,

/* 脓 */
0x02,0x0F,0x20,0xAF,0xCF,0xEC,0xF6,0x0A,0x5C,0xED,0x8B,0xD0,0xB5,0x8A,0x4C,0x66,0x62,0x40,

/* 浓 */
0x02,0x0C,0x60,0x5F,0xCB,0x4C,0xFE,0x84,0xEC,0x4B,0x85,0xB0,0xE9,0x0C,0x9C,0xCE,0xEC,0x80,

/* 农 */
0x04,0x00,0xC0,0x7F,0xCC,0xCC,0xDC,0x01,0x58,0x37,0x03,0x20,0x53,0x09,0x5C,0x38,0xC3,0x00,

/* 弄 */
0x00,0x07,0xFC,0x0C,0x87,0xF8,0x0C,0x4F,0xFC,0x13,0x0F,0xFE,0x33,0x02,0x30,0x63,0x08,0x20,

/* 奴 */
0x20,0x06,0x0C,0x64,0xCF,0xCC,0x50,0x85,0x28,0xD3,0x8F,0x30,0x33,0x07,0x78,0xCC,0xE1,0x04,

/* 努 */
0x20,0x06,0xFC,0xFC,0x85,0x38,0x73,0x03,0xFC,0xC8,0xC1,0xD8,0x19,0x81,0x18,0x37,0x0C,0x30,

/* 怒 */
0x20,0x06,0xFC,0xFC,0x85,0x30,0x73,0x03,0x7C,0xC8,0xC0,0x80,0x74,0xCF,0x54,0xB3,0x01,0xF0,

/* 女 */
0x08,0x00,0x80,0x08,0x01,0x84,0xFF,0xC1,0x30,0x32,0x03,0x20,0x1E,0x00,0xF8,0x31,0x88,0x08,

/* 暖 */
0x00,0xCF,0xFC,0xAA,0xCA,0xB8,0xAF,0xCA,0x64,0xBF,0xCA,0x78,0xEF,0x8B,0x30,0x27,0xE1,0x84,

/* 虐 */
0x08,0x00,0xF8,0x08,0x47,0xFC,0x4F,0x87,0x88,0x4F,0x85,0xF8,0xD0,0x4F,0xFE,0x90,0x81,0xF8,

/* 疟 */
0x04,0x02,0x64,0x20,0x0E,0x00,0xEF,0xC2,0x80,0xE8,0x4F,0xFC,0x68,0x04,0x80,0x9F,0xC0,0x80,

/* 挪 */
0x40,0x05,0xFE,0x6F,0x4E,0xF4,0x5F,0x86,0xF8,0xDF,0x4D,0xF6,0x57,0x65,0x7C,0xFD,0x0E,0x10,

/* 懦 */
0x40,0x04,0xFC,0x5F,0xEF,0xF8,0xC6,0x0C,0x24,0x5F,0xC5,0xFC,0x55,0x45,0x54,0x55,0xC5,0x08,

/* 糯 */
0x40,0x47,0xB4,0xFF,0xEF,0xFC,0xF7,0x86,0x34,0xFF,0xCF,0xFC,0x4B,0x44,0xB4,0x4B,0xC4,0x8C,

/* 诺 */
0x04,0x84,0xCC,0x5F,0xC0,0xF8,0xC2,0x05,0xFE,0x44,0x04,0xFC,0x5C,0xC7,0x4C,0x67,0xC0,0x48,

/* 哦 */
0x01,0x00,0xF8,0xFD,0x4A,0xD4,0xBF,0xEA,0xD4,0xAD,0xCF,0xD8,0xAD,0x88,0xFA,0x1C,0xE0,0x86,

/* 欧 */
0x02,0x0F,0xA0,0x92,0x4D,0xFE,0xB7,0x8B,0x30,0xB3,0x0B,0x30,0xD3,0x88,0x68,0xFC,0xC1,0x06,

/* 鸥 */
0x01,0x0F,0xEC,0x97,0xCD,0x6C,0xB5,0xCB,0x58,0xB4,0x4B,0x7E,0xDF,0xC8,0x84,0xF9,0xC0,0x08,

/* 殴 */
0x00,0x8F,0xF8,0x96,0x8D,0x68,0xB4,0xEB,0xC0,0xB7,0xCD,0x28,0xD3,0x88,0xB8,0xFE,0xE1,0x84,

/* 藕 */
0x12,0x0F,0xFE,0x72,0x07,0xFC,0xFF,0xCF,0xFC,0x6F,0xCF,0xFC,0x7B,0xCF,0xFC,0x68,0xC4,0x84,

/* 呕 */
0x00,0x0B,0xFC,0xF8,0x8B,0xC8,0xBB,0x8B,0xB0,0xBB,0x0B,0xB8,0xBC,0x88,0x88,0x08,0x60,0x80,

/* 偶 */
0x20,0x07,0xFC,0x5A,0xC5,0xAC,0xDF,0xCD,0xA8,0x5F,0xC5,0x24,0x57,0xC5,0xCC,0x51,0xC5,0x0C,

/* 沤 */
0x00,0x05,0xFC,0x78,0x8B,0xC8,0xFB,0x8F,0xB0,0x5B,0x05,0xA8,0xDC,0xC5,0x80,0xDF,0xE4,0x00,

/* 啪 */
0x08,0x80,0x98,0xEF,0x4B,0xFC,0xAA,0x4A,0xE4,0xBB,0xCF,0xA4,0xAA,0x48,0xA4,0x0B,0xC1,0xA4,

/* 趴 */
0x01,0x0F,0x70,0xD7,0x0D,0x70,0xF5,0x0A,0x58,0xBD,0x8A,0x48,0xA8,0xCF,0x8C,0x90,0x62,0x00,

/* 爬 */
0x00,0x03,0xFC,0xF5,0x4F,0x54,0xF5,0x4F,0x7C,0xAC,0x0A,0xC2,0xAF,0xEA,0x60,0x23,0xE2,0x0C,

/* 帕 */
0x21,0x02,0x30,0xF7,0xCF,0xC4,0xB4,0x4B,0x44,0xB7,0xCB,0x44,0xB4,0x42,0x44,0x67,0xC6,0x44,

/* 怕 */
0x63,0x06,0x20,0x6F,0xCF,0xCC,0xFC,0x4E,0xC4,0x6F,0xC6,0xC4,0x6C,0x46,0xCC,0x6F,0xC6,0x84,

/* 琶 */
0x00,0x0F,0xFC,0x3B,0xC3,0x10,0xBF,0xC4,0x00,0x7F,0x84,0xD8,0x7F,0x84,0x04,0x7F,0xC1,0xF0,

/* 拍 */
0x21,0x06,0x30,0x7E,0x4F,0xC4,0x6C,0x47,0xC4,0xEF,0xCE,0xC4,0x6C,0x46,0xC4,0xEF,0xC4,0xC4,

/* 排 */
0x45,0x06,0x50,0x65,0x4F,0xDC,0x45,0x07,0xDC,0xE5,0x0C,0x54,0x7D,0xE4,0x50,0xC5,0x04,0x50,

/* 牌 */
0x23,0x0E,0xA4,0xAF,0xCB,0xF4,0xFF,0xC8,0xB4,0xEF,0xCA,0x70,0xBF,0x6B,0x10,0x21,0x02,0x10,

/* 徘 */
0x25,0x06,0x50,0xCD,0x4B,0xD0,0x65,0x0D,0xDC,0xC5,0x04,0x54,0x5D,0xC4,0x50,0x45,0x04,0x10,

/* 湃 */
0x84,0x07,0xBE,0x48,0x8A,0xFC,0xFC,0x84,0x9C,0x4F,0x8F,0xC8,0xDF,0xE9,0x08,0xB1,0x8C,0x18,

/* 派 */
0x00,0x87,0xF8,0x38,0x89,0xF8,0xFD,0x47,0xDC,0x55,0x0D,0x50,0xD5,0x8D,0x4C,0xE6,0xE4,0x40,

/* 攀 */
0x04,0x07,0xDC,0xFF,0x8F,0xFC,0xFD,0x45,0xD4,0xFF,0xC3,0xF8,0xFF,0xEB,0xFC,0x1C,0x00,0xC0,

/* 潘 */
0x01,0x85,0xF8,0x6B,0x82,0xF4,0xFF,0x04,0xBC,0x52,0xCF,0xF8,0xDA,0x8D,0xE8,0xDF,0x81,0x08,

/* 盘 */
0x08,0x03,0xF0,0x29,0x02,0xD4,0xFF,0xC2,0xD0,0x67,0x0C,0x38,0x7F,0x85,0xE8,0x7E,0xCF,0xFC,

/* 磐 */
0x20,0x07,0xF8,0x7C,0xEF,0xF8,0x7B,0x8F,0xB8,0x9E,0xEF,0xFC,0x31,0x87,0xF8,0xBF,0x82,0x18,

/* 盼 */
0x01,0x0F,0x50,0xA5,0x0A,0x88,0xF8,0xCB,0x0E,0xFE,0x8A,0x48,0xB4,0x8F,0xC8,0x9B,0x83,0x10,

/* 畔 */
0x03,0x09,0xB4,0xF7,0xCF,0x78,0xF7,0xCF,0x30,0xF3,0x0F,0xFE,0xF3,0x0F,0x30,0x03,0x00,0x30,

/* 判 */
0x10,0x49,0x44,0xD7,0x45,0x94,0x7F,0x43,0x34,0x15,0x4F,0xF4,0x21,0x42,0x04,0xC1,0xC0,0x0C,

/* 叛 */
0x20,0x42,0xFC,0xBC,0x0F,0x40,0xFF,0xC2,0x6C,0x7E,0x8F,0xF8,0x6D,0x04,0xB8,0xDE,0xC0,0x84,

/* 乓 */
0x01,0x83,0xF8,0x20,0x02,0x08,0x3F,0xC2,0x20,0x22,0x0F,0xFE,0x04,0x00,0x30,0x01,0x80,0x0C,

/* 庞 */
0x04,0x04,0x44,0x7F,0xC4,0x90,0x4D,0xC4,0xE0,0x4E,0x84,0xF8,0xD7,0x09,0x64,0xBE,0x6C,0x3C,

/* 旁 */
0x08,0x04,0xDC,0x33,0x01,0x20,0x7F,0xE8,0xCC,0xFF,0xC1,0x80,0x1F,0x83,0x10,0x67,0x0C,0x20,

/* 耪 */
0x42,0x07,0x3C,0xF7,0x87,0x38,0x6F,0xEF,0xB4,0x6F,0xC7,0x68,0xF7,0xC6,0x48,0x6B,0x87,0x10,

/* 胖 */
0x03,0x0F,0x34,0xDF,0xCF,0x78,0xF7,0xCD,0x30,0xF3,0x0D,0xFE,0x93,0x09,0x30,0xB3,0x02,0x30,

/* 抛 */
0x49,0x04,0x90,0x59,0x0F,0xFC,0x5D,0x47,0xD4,0xDD,0x4D,0x54,0x57,0xC5,0x6C,0xE7,0xEE,0x3C,

/* 咆 */
0x04,0x0A,0xC0,0xEF,0xCA,0x84,0xBF,0xCB,0xBC,0xAB,0xCE,0xFC,0xA9,0xC8,0x88,0x0F,0xE0,0x7C,

/* 刨 */
0x20,0x46,0x44,0x7D,0x44,0x54,0xFD,0x45,0xD4,0x5D,0x45,0xD4,0x4B,0x44,0x24,0x7F,0xC0,0x0C,

/* 炮 */
0x64,0x06,0x40,0x7F,0xCF,0x84,0xEF,0x4D,0xBC,0x6B,0xC4,0xEC,0x69,0x8F,0x80,0x8F,0xE0,0x7C,

/* 袍 */
0x46,0x02,0x40,0x3F,0xC3,0x84,0x7F,0xC7,0xFC,0xEF,0xC7,0xFC,0x7D,0x86,0xC0,0x6F,0xE4,0x7C,

/* 跑 */
0x06,0x0F,0x64,0x97,0xC9,0xC4,0xFF,0x43,0x54,0xF5,0x4B,0x74,0xA5,0xCB,0x48,0xE6,0xE8,0x7C,

/* 泡 */
0x04,0x06,0xC0,0x6F,0xCB,0x8C,0xBF,0xC7,0xBC,0x6B,0xC4,0xEC,0xCB,0xCC,0x84,0xCF,0xE4,0x78,

/* 呸 */
0x00,0x0B,0xFC,0xE3,0x0A,0x20,0xA6,0x0A,0x78,0xAA,0xCF,0xA4,0xB2,0x00,0x20,0x02,0x43,0xFC,

/* 胚 */
0x00,0x0F,0xFC,0x93,0x0D,0x20,0xF3,0x09,0x78,0xFB,0x49,0xB4,0x93,0x09,0x30,0xF3,0x62,0x00,

/* 培 */
0x42,0x04,0x24,0x4F,0xC4,0x48,0xF5,0x85,0x7E,0x40,0x04,0xF8,0x78,0x8C,0x88,0x0F,0x80,0x88,

/* 裴 */
0x12,0x0F,0x3C,0x12,0x8F,0x3C,0x16,0x4F,0xE0,0x0C,0x4F,0xFC,0x35,0x87,0x30,0x9D,0xC3,0x0C,

/* 赔 */
0x03,0x0F,0x34,0xDF,0xCF,0x48,0xF7,0x8F,0xFE,0xD0,0x0D,0x7C,0xD4,0xC6,0x4C,0x97,0xC0,0x48,

/* 陪 */
0x02,0x0F,0x34,0xFF,0xCE,0x48,0xE5,0x8F,0xFE,0xD0,0x0F,0xFC,0xEC,0x8C,0xC8,0xCF,0x88,0xC8,

/* 配 */
0x00,0x0F,0xFC,0x30,0x4F,0x84,0xFA,0xCD,0xAC,0xDA,0x0C,0xA0,0xFA,0x28,0xA2,0xFB,0xE8,0x18,

/* 佩 */
0x20,0x07,0xFC,0x51,0xC5,0xFC,0xD7,0x8D,0xFC,0x5F,0xC5,0xFC,0x5F,0xE7,0xF6,0x66,0x64,0x42,

/* 沛 */
0x02,0x04,0x20,0x5F,0xE8,0x20,0xBF,0xC3,0xA4,0x5A,0x4D,0xA4,0xDA,0xC5,0xAC,0xC2,0x04,0x20,

/* 喷 */
0x02,0x0F,0xFC,0xEB,0x8E,0xBC,0xFF,0xCE,0x98,0xFE,0x8F,0xA8,0x9E,0x80,0x78,0x0C,0xC3,0x04,

/* 盆 */
0x12,0x01,0x20,0x21,0x07,0xFE,0x91,0x41,0x30,0x26,0x0C,0x38,0x7F,0x87,0xF8,0x7F,0xCF,0xFC,

/* 砰 */
0x00,0x0F,0xFC,0x43,0x04,0xB4,0x77,0x8F,0x78,0xDF,0xED,0x30,0x53,0x07,0x30,0xC3,0x00,0x30,

/* 抨 */
0x40,0x04,0xFC,0x62,0x0F,0xAC,0x4A,0x87,0xF8,0xEF,0x4D,0x30,0x42,0x04,0x20,0xC2,0x04,0x20,

/* 烹 */
0x0C,0x0F,0xFC,0x21,0x03,0xF0,0x3F,0x02,0x18,0x0F,0xC0,0x40,0x1C,0x05,0xC8,0xD2,0xC9,0x24,

/* 澎 */
0x0C,0x0C,0xF6,0x6E,0xCB,0xF8,0xFF,0x45,0x2C,0x5F,0x85,0x66,0xD6,0x4D,0xF8,0xFB,0x00,0xC0,

/* 彭 */
0x30,0x03,0x4C,0xFD,0x8F,0xF0,0x08,0xC7,0x88,0x49,0x07,0xA4,0x58,0xC7,0xD8,0xF3,0x01,0xC0,

/* 蓬 */
0x12,0x0F,0xFC,0x16,0x05,0xF8,0x7F,0x00,0xFC,0xFF,0xC4,0xF8,0x4F,0x85,0xF8,0xF2,0x41,0xFC,

/* 棚 */
0x40,0x04,0xFE,0x7B,0x4F,0xB4,0x4F,0xCF,0xB4,0xFF,0x4C,0xF4,0x53,0x45,0x34,0x7F,0xC6,0x6C,

/* 硼 */
0x00,0x0F,0xFE,0x4B,0x44,0xFC,0xFF,0xCE,0xB4,0xEF,0xCF,0xB4,0xF3,0x4F,0x74,0xBF,0xC2,0x00,

/* 篷 */
0x22,0x07,0xFC,0xBD,0x0C,0xF8,0x6F,0x01,0x7C,0xFE,0xC4,0xF8,0x4F,0x85,0xFC,0xF2,0x01,0xFC,

/* 膨 */
0x04,0x0F,0x74,0xBE,0x8F,0xF8,0xEF,0x6A,0xAC,0xEF,0x8A,0xB6,0xAA,0xCA,0xF8,0xFB,0x02,0x40,

/* 朋 */
0x00,0x07,0xBC,0x5A,0x45,0xAC,0x5A,0xC5,0xA4,0x7B,0xCD,0xE4,0xDE,0x49,0xC4,0xBD,0xC1,0x08,

/* 鹏 */
0x00,0x8F,0xFC,0xB7,0x4F,0xFC,0xFE,0xCB,0x7C,0xFF,0x6B,0x76,0xB4,0xEB,0x46,0xFC,0x62,0x0C,

/* 捧 */
0x42,0x04,0x6C,0x7E,0x8F,0xFC,0x54,0x47,0xFC,0xCA,0x85,0xFE,0x72,0x05,0xFC,0xC2,0x04,0x20,

/* 碰 */
0x00,0x81,0x58,0xF5,0x45,0xFC,0x45,0x0F,0x54,0xFD,0x4E,0xD8,0xED,0x8E,0x50,0xE5,0x41,0xFC,

/* 坯 */
0x40,0x05,0xFC,0x43,0x05,0x20,0xF6,0x04,0xF0,0x4A,0xC7,0x24,0x72,0x4C,0x20,0x02,0x43,0xFC,

/* 砒 */
0x01,0x01,0xD0,0x6D,0x04,0xD6,0x4F,0xCF,0xD8,0xFD,0x0F,0xD0,0x7D,0x07,0xF2,0xFD,0xE0,0x0C,

/* 霹 */
0x00,0x87,0xFC,0xFF,0xEB,0xF8,0x3F,0x07,0xBC,0x56,0x87,0xBC,0xFB,0x4D,0xFC,0xF1,0x04,0x10,

/* 批 */
0x21,0x06,0xD0,0x69,0x0F,0x94,0x6F,0xC7,0x90,0xE9,0x0E,0x90,0x69,0x06,0xF0,0xED,0xE4,0x0C,

/* 披 */
0x43,0x04,0x30,0x7F,0xCF,0xB4,0x4B,0x07,0xFC,0xE8,0x8C,0xB8,0x4B,0x05,0x30,0xF6,0xC7,0x84,

/* 劈 */
0x01,0x0F,0x94,0xCA,0xCF,0xA8,0xFF,0xED,0x94,0xF9,0x04,0x10,0x7F,0x81,0x88,0x37,0x8E,0x30,

/* 琵 */
0x00,0x0F,0xFC,0x2B,0x8F,0xB8,0x2B,0x4F,0xFC,0x46,0x87,0xF8,0x47,0x04,0xE4,0x76,0x44,0x3C,

/* 毗 */
0x01,0x00,0xD0,0xF9,0x0D,0x94,0xDF,0xCF,0xD0,0xF9,0x0D,0x90,0xD9,0x0F,0xF4,0x0D,0xC0,0x8C,

/* 啤 */
0x02,0x0A,0xEC,0xAA,0xCA,0xAC,0xAF,0xCA,0xAC,0xAF,0xCE,0xF0,0xBB,0x49,0x30,0x02,0x00,0x20,

/* 脾 */
0x02,0x0F,0xA4,0xBF,0xCF,0xB4,0xFF,0xCB,0xA4,0xFF,0xCB,0x70,0xBF,0x6B,0x30,0xF1,0x02,0x10,

/* 疲 */
0x04,0x04,0x64,0x7F,0xCE,0x20,0xFF,0xC7,0x28,0xFF,0x8D,0x58,0x57,0x05,0x30,0xA7,0xC1,0x8C,

/* 皮 */
0x04,0x00,0x40,0x7F,0xC4,0x4C,0x44,0x07,0xF8,0x51,0x84,0xB0,0x4E,0x04,0x60,0x9B,0xC6,0x04,

/* 匹 */
0x00,0x0F,0xFC,0x9A,0x09,0x20,0x92,0x09,0x20,0x92,0x09,0x2C,0xE3,0x8C,0x00,0xFF,0xC0,0x00,

/* 痞 */
0x04,0x07,0xFC,0x60,0x4F,0xFC,0xE6,0x06,0xFC,0xFA,0x4F,0x28,0x5F,0xCD,0x88,0x9F,0x81,0x88,

/* 僻 */
0x21,0x07,0xCC,0x57,0xE5,0x7C,0xDD,0x8D,0x7E,0x5D,0x87,0x5C,0x77,0xC5,0xD8,0x55,0x85,0x18,

/* 屁 */
0x40,0x07,0xFC,0x40,0xC7,0xFC,0x52,0x05,0x24,0x5E,0xC5,0x30,0x52,0x0D,0x60,0xBB,0xE1,0x1C,

/* 譬 */
0x03,0x0D,0xFC,0xFA,0x8F,0xFE,0xDF,0xC5,0x90,0xFF,0xC7,0xF8,0x7F,0x83,0xF0,0x21,0x03,0xF0,

/* 篇 */
0x62,0x07,0xFE,0xFD,0x8B,0xD8,0x7F,0x87,0xF8,0x40,0x87,0xFC,0x6A,0xCA,0xAC,0xAB,0xC2,0x08,

/* 偏 */
0x22,0x06,0x20,0x5F,0xC5,0x8C,0xDF,0xCD,0x84,0x5F,0xC5,0xD4,0x7F,0xC7,0xD4,0x5D,0xC5,0x8C,

/* 片 */
0x02,0x02,0x20,0x22,0x02,0x24,0x3F,0xC2,0x00,0x3F,0x02,0x30,0x63,0x04,0x30,0x83,0x00,0x20,

/* 骗 */
0x03,0x0F,0xF4,0x7C,0xCE,0xCC,0xAC,0xCA,0xC4,0xFF,0xC1,0xFC,0xFF,0xC3,0xFC,0x6E,0xC4,0x8C,

/* 飘 */
0x00,0x0F,0xFC,0xFD,0xCF,0xFC,0xFF,0x89,0x58,0xF5,0xCF,0xFC,0xB7,0xCB,0xCE,0x68,0x61,0x02,

/* 漂 */
0x00,0x47,0xFC,0x5F,0xC3,0xFC,0xF7,0xCD,0xFC,0x5F,0x84,0x04,0xFF,0x0D,0xB8,0xF6,0xC4,0x64,

/* 瓢 */
0x08,0x07,0x7C,0xFE,0x8F,0xE8,0xFE,0x89,0xE8,0xFE,0x8F,0xE8,0xF7,0xCB,0xFC,0xEB,0xE5,0x00,

/* 票 */
0x00,0x49,0xE0,0x7F,0x85,0x68,0x7F,0x84,0x10,0x3F,0x0F,0xFC,0x2E,0x06,0xD8,0xDC,0xC0,0x80,

/* 撇 */
0x48,0x84,0xB8,0x7F,0x0F,0xDE,0x7F,0x47,0xBC,0xFF,0xCF,0xF8,0x7E,0x86,0xB8,0xEE,0x68,0x04,

/* 瞥 */
0x21,0x0E,0xB4,0xFF,0xCB,0xF8,0xF9,0x0B,0xFC,0xAF,0xC6,0x10,0x7F,0x07,0xF0,0x7F,0x06,0x10,

/* 拼 */
0x48,0x84,0x58,0x75,0x4F,0xFC,0x55,0x86,0x58,0xDF,0xEC,0x58,0x45,0x84,0xD8,0xD9,0x86,0x10,

/* 频 */
0x20,0x0E,0x7C,0xF9,0x0E,0x7C,0xFD,0x43,0x54,0x6D,0x4F,0xF4,0xB7,0x43,0x38,0x66,0x48,0x84,

/* 贫 */
0x12,0x03,0x30,0x63,0xEB,0xB4,0x13,0x06,0x60,0xFF,0x82,0xD0,0x29,0x02,0xF0,0x31,0x8C,0x08,

/* 品 */
0x00,0x03,0xF0,0x21,0x02,0x10,0x3F,0x02,0x00,0xFF,0xC9,0xE4,0x9E,0x49,0xEC,0xFF,0xC8,0x00,

/* 聘 */
0x03,0x0F,0xFC,0xAB,0xCE,0xFC,0xAA,0xCE,0xFC,0xFF,0xEB,0xE0,0xF7,0xCA,0x08,0x23,0x82,0x10,

/* 乒 */
0x01,0x03,0xF0,0x20,0x02,0x08,0x3F,0x82,0x20,0x22,0x0F,0xFC,0x10,0x03,0x80,0x60,0x08,0x00,

/* 坪 */
0x40,0x04,0xFC,0x42,0x47,0xAC,0x4E,0x84,0x78,0x5F,0xE5,0x20,0xE2,0x08,0x20,0x02,0x00,0x20,

/* 苹 */
0x12,0x03,0x34,0x33,0x01,0x28,0xFF,0x82,0xD8,0x3F,0x03,0xE4,0xFF,0xC0,0xC0,0x0C,0x00,0xC0,

/* 萍 */
0x12,0x03,0x36,0x33,0x05,0x2C,0x7F,0xCA,0xAC,0xEF,0x86,0xF6,0x66,0x0C,0x20,0x42,0x04,0x20,

/* 平 */
0x00,0x0F,0xFC,0x4C,0x82,0xD8,0x2D,0x02,0xE4,0xFF,0xE0,0xC0,0x0C,0x00,0xC0,0x0C,0x00,0xC0,

/* 凭 */
0x20,0x86,0xF8,0x46,0x0E,0x64,0xF6,0x04,0x60,0x5F,0xC1,0x20,0x12,0x03,0x24,0x23,0xCC,0x3C,

/* 瓶 */
0x10,0x05,0xFE,0x6A,0x0F,0xE8,0x57,0xC5,0xE8,0xFF,0x85,0x58,0xD4,0x89,0x5A,0xBE,0xE1,0x0C,

/* 评 */
0x00,0x07,0xFC,0x62,0x01,0xAC,0xEA,0x84,0xF0,0x4B,0x65,0x20,0x52,0x06,0x20,0x42,0x00,0x20,

/* 屏 */
0x40,0x84,0x0C,0x40,0xC5,0x98,0x4B,0x07,0xFC,0x49,0x07,0xFC,0xCB,0x09,0x90,0x33,0x04,0x00,

/* 坡 */
0x43,0x04,0x30,0x4F,0xE4,0xB4,0xFB,0x04,0xF8,0x48,0x87,0xB8,0xFB,0x09,0x38,0x36,0xC7,0x84,

/* 泼 */
0x02,0x0C,0xB8,0x5A,0xC3,0x64,0xBF,0xCC,0x40,0x4F,0x84,0xD8,0xD3,0x0F,0x30,0xCD,0xC3,0x04,

/* 颇 */
0x20,0x02,0xFE,0xF9,0x0B,0x7C,0xA5,0x4F,0xD4,0x95,0x4F,0x54,0xB7,0x4B,0x38,0x4E,0xC8,0x84,

/* 婆 */
0x42,0x07,0xFC,0xBA,0xCF,0xF8,0x55,0x85,0x30,0x7D,0xC1,0x84,0xFF,0xC3,0xE0,0x0F,0x8F,0x08,

/* 破 */
0x01,0x0F,0x30,0x4F,0xE4,0xB4,0x6B,0x0F,0xFC,0xFE,0xCF,0xA8,0xFB,0x0F,0xB0,0xD7,0xC3,0x84,

/* 魄 */
0x62,0x04,0x60,0xFF,0xCB,0xAC,0xAF,0xCF,0xAC,0xBF,0x8A,0x78,0xE7,0xC8,0xFC,0x1B,0x66,0x1C,

/* 迫 */
0x02,0x04,0x60,0x6F,0x80,0x88,0x08,0x8E,0xF8,0x68,0x86,0x88,0x6F,0x86,0x88,0xBF,0xE0,0x7C,

/* 粕 */
0x21,0x02,0x90,0xFF,0xC7,0x44,0xFC,0x46,0x44,0x77,0xCF,0xC4,0xA4,0x42,0x44,0x27,0xC2,0x44,

/* 剖 */
0x30,0x43,0x44,0xCD,0x44,0x94,0x79,0x4F,0xF4,0x49,0x47,0xD4,0x4D,0x44,0xC4,0x7C,0xC4,0x0C,

/* 扑 */
0x22,0x02,0x20,0x2A,0x0F,0xA0,0x23,0x83,0xAC,0xE2,0x6A,0x22,0x22,0x02,0x20,0xE2,0x06,0x20,

/* 铺 */
0x43,0x04,0x2C,0xFF,0xE8,0xA0,0xFF,0xC4,0xA4,0x7F,0xCE,0xA4,0x4F,0xC7,0xA4,0x6B,0xC4,0xAC,

/* 仆 */
0x12,0x03,0x20,0x22,0x06,0x20,0x63,0x0E,0x2C,0xA2,0xC2,0x24,0x22,0x02,0x20,0x22,0x02,0x20,

/* 莆 */
0x32,0x0F,0xFE,0x3F,0x00,0xFC,0xFF,0xC7,0xF8,0x4C,0x87,0xF8,0x7F,0x84,0xC8,0x4F,0x84,0x90,

/* 葡 */
0x12,0x0F,0xFC,0x32,0x07,0xFC,0xCF,0x4F,0xF4,0x7F,0x47,0xE4,0x7A,0x47,0xAC,0x4E,0xC0,0x08,

/* 菩 */
0x12,0x0F,0xFE,0x1B,0x01,0xE8,0x7F,0x81,0x20,0x1E,0x42,0x10,0x3F,0x02,0x10,0x3F,0x02,0x10,

/* 蒲 */
0x12,0x0F,0xFE,0x13,0x04,0x3C,0x7F,0xCB,0xFC,0xF2,0xC5,0xFC,0xDE,0xCD,0xEC,0xD3,0xCD,0x28,

/* 埔 */
0x43,0x84,0x2C,0x5F,0xE6,0x20,0xFF,0xC5,0xA4,0x5F,0xC5,0xA4,0x7F,0xC9,0xA4,0x1B,0xC1,0xAC,

/* 朴 */
0x23,0x02,0x30,0x2B,0x0F,0xB0,0x23,0x07,0xBC,0x6B,0x6E,0x36,0xA3,0x02,0x30,0x23,0x02,0x20,

/* 圃 */
0x80,0x4C,0xE4,0x8F,0x4F,0xFC,0xBF,0x4A,0xF4,0xAD,0x4B,0xF4,0xAD,0x4A,0xF4,0xFF,0xC8,0x04,

/* 普 */
0x12,0x01,0x28,0xFF,0xC5,0x28,0x33,0x0F,0xFE,0x01,0x03,0xF8,0x21,0x03,0xF0,0x3F,0x02,0x10,

/* 浦 */
0x03,0x84,0x2C,0x7F,0xEA,0x20,0xFF,0xC5,0xAC,0x5F,0xCD,0xAC,0xDF,0xCD,0x2C,0xD3,0xC1,0x28,

/* 谱 */
0x01,0x84,0x54,0x7F,0xC1,0x5C,0x4D,0x8E,0xFE,0x40,0x84,0xFC,0x58,0x86,0xF8,0x4F,0x80,0x88,

/* 曝 */
0x00,0x8F,0x88,0xBF,0x8B,0xF8,0xFF,0xCA,0xF4,0xBF,0xCF,0xB8,0xFF,0xE2,0xF0,0x1E,0x80,0x40,

/* 瀑 */
0x08,0x85,0x88,0x3F,0x8B,0xF8,0xFF,0xC4,0xD4,0x7F,0xCD,0xB8,0xBF,0xEC,0xF8,0x9E,0x80,0x40,

/* 期 */
0x48,0x05,0xBC,0xFE,0x44,0xA4,0x7B,0xC5,0xA4,0x7A,0x45,0xFC,0xFE,0x44,0xE4,0x8D,0xC0,0x80,

/* 欺 */
0x51,0x05,0xB0,0xFE,0x45,0x7E,0x77,0xC5,0xB0,0x53,0x0F,0xF8,0x72,0x85,0xEC,0x8C,0x61,0x00,

/* 栖 */
0x40,0x05,0xFE,0x47,0x0F,0x74,0x4F,0xCE,0xD4,0xFD,0x4C,0xDC,0x4C,0xC4,0x84,0x4F,0xC4,0x84,

/* 戚 */
0x02,0x00,0x2C,0x7F,0xE5,0x20,0x5E,0xC5,0x2C,0x7F,0x8F,0x98,0xFD,0x0F,0x7A,0xF6,0xE1,0x86,

/* 妻 */
0x08,0x0F,0xFC,0x09,0x07,0xF8,0xFF,0xE0,0x90,0x7F,0x0F,0xFC,0x32,0x03,0xE0,0x1F,0x8E,0x0C,

/* 七 */
0x00,0x00,0x80,0x08,0x00,0x84,0x0B,0xC1,0xC0,0xE8,0x00,0x80,0x08,0x40,0x84,0x0F,0xC0,0x00,

/* 凄 */
0x04,0x0B,0xFC,0xC4,0x87,0xF8,0x7F,0xE4,0x48,0x5F,0x8C,0xC6,0xFF,0xCD,0xF0,0x47,0x83,0x8C,

/* 漆 */
0x02,0x0D,0xFC,0x4E,0x0A,0xF8,0xF6,0x44,0xF0,0x5F,0xEF,0xFC,0xCE,0x0D,0xF8,0xFE,0xC8,0x40,

/* 柒 */
0x04,0x02,0x4C,0xD7,0xC7,0xE0,0x64,0x44,0x7C,0x4C,0x0F,0xFC,0x1E,0x02,0xF0,0x4C,0xE0,0xC0,

/* 沏 */
0x08,0x04,0xBC,0x69,0x4A,0xD4,0xF9,0x4C,0x94,0x4B,0x44,0xF4,0xDA,0x4D,0x64,0xCD,0xC1,0x08,

/* 其 */
0x11,0x03,0x14,0xFF,0xC3,0x10,0x3F,0x03,0x10,0x3F,0x03,0x10,0xFF,0xE3,0x30,0x61,0x8C,0x0C,

/* 棋 */
0x40,0x84,0xC8,0x5F,0xCF,0x48,0x47,0x8F,0x48,0xF7,0x8C,0x4C,0x7F,0xE4,0xD8,0x58,0xC7,0x04,

/* 奇 */
0x08,0x00,0x88,0x7F,0x81,0x70,0x61,0x4F,0xFC,0x4D,0x06,0xD0,0x6D,0x07,0xD0,0x07,0x00,0x30,

/* 歧 */
0x23,0x02,0x30,0x2F,0xEE,0x30,0xFB,0x0E,0xFC,0xE4,0x8E,0x78,0xFB,0x0F,0x30,0x8C,0xE3,0x04,

/* 畦 */
0x03,0x00,0x30,0xFF,0xCD,0x30,0xD3,0x4F,0xFE,0xF3,0x0D,0x34,0xDF,0xCF,0x30,0x83,0x41,0xFE,

/* 崎 */
0x42,0x04,0x3C,0x42,0x0F,0x78,0xFC,0x8F,0xFE,0xFF,0x8F,0xB8,0xFB,0x8F,0xF8,0x00,0x80,0x18,

/* 脐 */
0x02,0x0F,0x34,0xBF,0xCB,0x58,0xF3,0x0B,0x7C,0xFC,0xCB,0x48,0xB4,0x8B,0x48,0xFC,0x83,0x88,

/* 齐 */
0x08,0x00,0xCC,0xFF,0xC1,0x60,0x0C,0x01,0xF8,0xF3,0xC1,0x30,0x13,0x03,0x30,0x63,0x08,0x20,

/* 旗 */
0x44,0x06,0x44,0xFC,0x84,0xCC,0x5F,0xC7,0x78,0x54,0x85,0x78,0xFF,0xEB,0x78,0xEC,0xC1,0x04,

/* 祈 */
0x40,0x86,0x7C,0x34,0x03,0x40,0x27,0xE7,0x58,0xFD,0x86,0xD8,0x6D,0x86,0x98,0x79,0x86,0x18,

/* 祁 */
0x00,0x02,0x3C,0x3A,0x4F,0xA8,0x32,0x83,0x28,0x7A,0x4A,0xA6,0x22,0x62,0x2C,0x22,0x02,0x20,

/* 骑 */
0x02,0x0F,0x34,0xEA,0x0A,0x78,0xAC,0xCB,0xFE,0xFF,0x81,0xF8,0xFF,0x83,0xF8,0x71,0x82,0x08,

/* 起 */
0x20,0x02,0x0C,0xFF,0xC2,0x0C,0x2F,0xCF,0xE8,0xE6,0x0F,0xE4,0xE7,0xCE,0x3C,0xBF,0xE0,0xFC,

/* 岂 */
0x08,0x04,0xC8,0x4C,0x87,0xF8,0x01,0x8F,0xF8,0x01,0x07,0xF0,0x41,0x44,0x04,0x60,0xC3,0xFC,

/* 乞 */
0x10,0x01,0x00,0x3F,0xC6,0x00,0x42,0x0F,0xF0,0x0C,0x01,0x80,0x30,0x46,0x04,0x7F,0xC1,0xF0,

/* 企 */
0x08,0x00,0xC0,0x12,0x03,0x30,0x65,0xCC,0x4C,0x25,0x02,0x78,0x24,0x02,0x40,0x3C,0xC0,0x00,

/* 启 */
0x0C,0x04,0x48,0x7F,0xC6,0x08,0x60,0x86,0x08,0x70,0x87,0xFC,0x50,0x85,0x08,0x9F,0xC1,0x08,

/* 契 */
0x20,0x0F,0xFC,0x2B,0x4F,0xB4,0x3E,0x43,0x7C,0x38,0x80,0xC4,0xFF,0xC1,0xA0,0x31,0xCC,0x0C,

/* 砌 */
0x08,0x0F,0xFE,0x49,0x44,0xF4,0x7D,0x4E,0x94,0xE9,0x4E,0xF4,0xEF,0x4E,0xA4,0xC5,0xC1,0x88,

/* 器 */
0x52,0x85,0x28,0x56,0x87,0xF8,0x0B,0x4F,0xFC,0x31,0x07,0x5E,0xDE,0xC5,0x68,0x77,0x84,0x00,

/* 气 */
0x20,0x02,0x0C,0x7F,0xC7,0xF0,0x80,0x0F,0xF0,0x03,0x00,0x30,0x01,0x00,0x12,0x01,0xC0,0x0E,

/* 迄 */
0x0C,0x0C,0x84,0x5F,0xC1,0x00,0x2F,0x0E,0x60,0x44,0x44,0x84,0x4F,0xC6,0x78,0xBF,0xE0,0xF8,

/* 弃 */
0x0C,0x00,0xC4,0xFF,0xC1,0xB0,0x7F,0x87,0xA8,0x12,0x0F,0xFE,0x12,0x03,0x20,0x62,0x0C,0x20,

/* 汽 */
0x04,0x06,0xC4,0x3F,0xCB,0x88,0xFF,0x87,0xF8,0x41,0x84,0x10,0xC1,0xA4,0x18,0xC0,0xE4,0x06,

/* 泣 */
0x04,0x04,0x60,0x62,0xC3,0xFC,0xA1,0x8E,0x98,0x49,0x04,0x90,0xCD,0x0C,0xA0,0xFF,0xEC,0x00,

/* 讫 */
0x04,0x06,0x40,0x2C,0x40,0x80,0x70,0x06,0xF8,0x43,0x04,0x20,0x56,0x46,0x44,0x6C,0xE4,0x7C,

/* 掐 */
0x62,0x06,0x64,0x67,0xCF,0x88,0x69,0x07,0xF4,0xE8,0x4E,0xA4,0x6F,0xC6,0x84,0xEF,0xC4,0x84,

/* 恰 */
0x46,0x04,0x60,0x45,0x06,0x98,0xF9,0xCD,0xF4,0x60,0x05,0xF8,0x58,0x85,0x88,0x5F,0x85,0x88,

/* 洽 */
0x06,0x04,0x60,0x4D,0x0A,0x98,0xF9,0xE7,0xFC,0x60,0x05,0xF8,0xD8,0x8D,0x88,0xDF,0x8D,0x88,

/* 牵 */
0x0C,0x00,0xC8,0x1E,0x01,0xB0,0xF1,0xCA,0xCC,0xAD,0x87,0xF0,0x4C,0x4F,0xFC,0x0C,0x00,0xC0,

/* 扦 */
0x60,0x86,0x78,0x6B,0x0F,0xB0,0x63,0x07,0xFE,0xE3,0x0E,0x30,0x63,0x06,0x30,0xE3,0x04,0x30,

/* 钎 */
0x60,0x84,0x7C,0x71,0x08,0x10,0xF1,0x06,0xFE,0x71,0x06,0x10,0x61,0x07,0x10,0x61,0x04,0x10,

/* 铅 */
0x60,0x04,0x78,0x74,0x8C,0x48,0x94,0xCF,0x8E,0x74,0x8F,0xFC,0x64,0xC7,0xCC,0x67,0xC4,0xCC,

/* 千 */
0x01,0x81,0xF0,0x6C,0x00,0xC0,0x0C,0x4F,0xFE,0x0C,0x00,0xC0,0x0C,0x00,0xC0,0x0C,0x00,0x80,

/* 迁 */
0x00,0x84,0x78,0x62,0x00,0x20,0x02,0x4F,0xFC,0x42,0x04,0x20,0x42,0x06,0x20,0xBF,0xE0,0x78,

/* 签 */
0x22,0x06,0xB4,0x77,0x0B,0xD8,0x1C,0x03,0x30,0x7F,0xE8,0x94,0x29,0x03,0xF0,0x32,0xCF,0xFC,

/* 仟 */
0x20,0x82,0x7C,0x7A,0x04,0x20,0xE2,0x0F,0xFE,0x42,0x04,0x20,0x42,0x04,0x20,0x42,0x04,0x20,

/* 谦 */
0x09,0x0C,0x54,0x5F,0xC0,0xF8,0xDF,0x87,0xFE,0x46,0x85,0xF8,0x6F,0x8D,0xF8,0xEE,0x64,0xE0,

/* 乾 */
0x22,0x02,0xA0,0xFF,0xEA,0xE0,0xDC,0x8F,0xF8,0x89,0x8F,0x90,0x2A,0x0F,0xE0,0x26,0x62,0x3C,

/* 黔 */
0x00,0x0F,0xB0,0xFB,0x8F,0xA8,0xFE,0xCA,0xD6,0xF9,0x02,0x7C,0xF0,0x8E,0x88,0xF9,0x84,0x10,

/* 钱 */
0x42,0x04,0x38,0x7A,0x8C,0x7C,0x9E,0x0E,0x3C,0x5E,0x0F,0xAC,0x43,0x87,0xB2,0x7D,0xC5,0x06,

/* 钳 */
0x44,0x84,0x48,0xFC,0xC9,0xFE,0xF4,0x84,0x48,0x77,0x86,0x48,0x4C,0x87,0x48,0x67,0x84,0x48,

/* 前 */
0x23,0x01,0x20,0xFF,0xE0,0x08,0x7A,0xC4,0xA8,0x7A,0x84,0xA8,0x7A,0x84,0xA8,0x58,0x85,0x98,

/* 潜 */
0x09,0x84,0xDC,0x29,0x8B,0xFE,0xF9,0x85,0x6C,0x64,0xED,0xF8,0xCF,0x8D,0x88,0xDF,0x80,0x88,

/* 遣 */
0x02,0x0C,0xF8,0x4A,0x84,0xFC,0x3F,0xEE,0xF8,0x4F,0x84,0xF8,0x48,0xC4,0xF8,0xF8,0xE9,0xFC,

/* 浅 */
0x04,0x04,0x58,0x74,0x8B,0xFC,0xE4,0x06,0x7C,0x7E,0x84,0x78,0xC3,0x04,0x74,0x59,0xC4,0x0C,

/* 谴 */
0x01,0x0D,0x7C,0x55,0x40,0x7C,0x4F,0xEF,0x78,0x57,0x85,0x48,0x77,0xC5,0x7C,0xFC,0xE2,0x7C,

/* 堑 */
0x20,0x06,0xFC,0xFE,0x0F,0xE4,0xFF,0xC7,0xD8,0xF5,0x83,0x98,0x0C,0x8F,0xF8,0x0C,0x48,0x00,

/* 嵌 */
0x04,0x06,0x48,0x7F,0x85,0x38,0x5A,0x4F,0xFC,0x57,0x87,0xB0,0x53,0x05,0x68,0x74,0xC5,0x84,

/* 欠 */
0x10,0x03,0x00,0x3F,0xC2,0x0C,0x4D,0x88,0xC0,0x0C,0x00,0xA0,0x1A,0x03,0x18,0x61,0xC8,0x00,

/* 歉 */
0x49,0x05,0x50,0xFF,0x0F,0xBE,0x5F,0xCF,0xF8,0x79,0x8F,0x98,0xDB,0x8D,0x6C,0x54,0x45,0x80,

/* 枪 */
0x62,0x06,0x60,0x65,0x0F,0xD8,0x68,0xEF,0xF8,0xFD,0x8F,0xD8,0x6F,0x86,0xD4,0x6F,0xC4,0x7C,

/* 呛 */
0x06,0x00,0x60,0xE5,0x0A,0x98,0xB8,0xEB,0xFC,0xA9,0x0E,0x90,0xAB,0x08,0x84,0x0C,0xC0,0x78,

/* 腔 */
0x02,0x0F,0xB4,0xDF,0xED,0x88,0xF6,0xCD,0x84,0xF0,0x8B,0xF8,0x92,0x09,0x20,0xFB,0x62,0x00,

/* 羌 */
0x13,0x01,0xA0,0x7F,0xC0,0xC0,0x7F,0x80,0x80,0xFF,0xE1,0xC0,0x1C,0x03,0x44,0x67,0xE0,0x18,

/* 墙 */
0x42,0x04,0xFC,0x5A,0xC4,0xA8,0xFF,0xE5,0x04,0x5F,0xC5,0xFC,0xFD,0x49,0xF4,0x1F,0xC1,0x04,

/* 蔷 */
0x12,0x0F,0xFE,0x1A,0x07,0xFC,0x2D,0x03,0xF4,0xFF,0xC7,0xF8,0x5E,0x85,0xE8,0x7F,0x84,0x08,

/* 强 */
0x00,0x8F,0xCC,0x2C,0x8A,0xF8,0xE2,0x08,0xFC,0xFA,0x42,0xFC,0x2B,0x82,0x24,0xFF,0xE4,0x00,

/* 抢 */
0x42,0x04,0x60,0x55,0x0F,0xD8,0x48,0xE7,0xFC,0xE9,0x84,0x98,0x4F,0x04,0x84,0xCD,0xCC,0x78,

/* 橇 */
0x41,0x84,0xF8,0x4F,0x8F,0xFC,0x5E,0x4E,0xFC,0xFB,0xC5,0xFC,0x5D,0xE7,0xF8,0x5D,0xE5,0x8C,

/* 锹 */
0x41,0x0D,0xD8,0xE9,0x08,0xFC,0xFF,0xC4,0xB8,0x7D,0x8F,0xD8,0x79,0x86,0xBC,0x4A,0x64,0xC4,

/* 敲 */
0x21,0x0F,0xD0,0x49,0xC7,0x90,0x79,0x44,0xFC,0xFE,0x8F,0xD8,0xF5,0x8F,0x58,0x8E,0xE8,0x44,

/* 悄 */
0x42,0x04,0xA4,0x4E,0xCE,0x38,0xFF,0xCC,0x84,0x4F,0xC4,0x84,0x4F,0xC4,0x84,0x49,0xC4,0x88,

/* 桥 */
0x40,0x84,0xF8,0x46,0x0F,0xE4,0x4D,0x0E,0x88,0xFD,0xE7,0x54,0x45,0x04,0xD0,0x49,0x07,0x10,

/* 瞧 */
0x06,0x0E,0xD4,0xAF,0xCB,0x90,0xFF,0xCA,0x94,0xAF,0xCE,0x94,0xAF,0xEF,0xD4,0xB5,0x69,0x42,

/* 乔 */
0x01,0x03,0xF0,0x08,0x0F,0xFC,0x16,0x02,0x30,0x73,0xC9,0x2C,0x12,0x03,0x20,0x22,0x0C,0x20,

/* 侨 */
0x20,0x86,0xF8,0x46,0x04,0x6C,0xCD,0x0C,0x98,0x5D,0xE6,0xD0,0x4D,0x04,0x90,0x59,0x07,0x10,

/* 巧 */
0x00,0x41,0xFC,0xF2,0x06,0x60,0x66,0xC6,0x7C,0x60,0xC7,0x8C,0xC0,0x80,0x08,0x03,0x80,0x10,

/* 鞘 */
0x51,0x05,0xD4,0xFF,0x47,0x3C,0x77,0xEF,0xC4,0xAF,0xCF,0xC4,0x2F,0xCF,0xC4,0x24,0xC2,0x4C,

/* 撬 */
0x41,0x84,0xF8,0x5F,0x8F,0xFC,0x5E,0x46,0xFC,0xFB,0xC7,0xFC,0x5D,0xE7,0xFA,0x5D,0xED,0x8C,

/* 翘 */
0x40,0x05,0xFC,0xF2,0x47,0xFC,0x6F,0xCB,0xAC,0xF7,0xCF,0xA4,0x62,0xCA,0x7C,0xB4,0xE1,0xFC,

/* 峭 */
0x01,0x06,0xD6,0x67,0xCF,0x7C,0xF7,0xCF,0x44,0xF7,0xCF,0x44,0xF7,0xCF,0x44,0x85,0xC0,0x4C,

/* 俏 */
0x22,0x07,0xA4,0x4A,0x84,0xB0,0xDF,0xCD,0x84,0x5F,0xC5,0x84,0x5F,0xC5,0x84,0x59,0xC5,0x8C,

/* 窍 */
0x08,0x0F,0xFC,0x96,0xCB,0x38,0x41,0x4F,0xFC,0x64,0x06,0x7C,0x60,0x87,0x88,0xC3,0x80,0x10,

/* 切 */
0x00,0x06,0xFC,0x62,0x46,0xA4,0x7A,0x4E,0x24,0x62,0x46,0xE4,0x74,0x46,0xCC,0x1B,0xC3,0x08,

/* 茄 */
0x13,0x01,0x34,0x93,0x01,0x30,0x22,0x4F,0xBC,0x2A,0x46,0xA4,0x4A,0x44,0xBC,0xBA,0xC1,0x20,

/* 且 */
0x00,0x03,0xF8,0x21,0x02,0x10,0x3F,0x02,0x10,0x21,0x03,0xF0,0x21,0x02,0x10,0x31,0x40,0x00,

/* 怯 */
0x42,0x04,0x20,0x42,0xC7,0xFC,0xF2,0x0C,0x24,0x5F,0xC4,0x60,0x45,0x84,0x8C,0x5F,0xC4,0x04,

/* 窃 */
0x0C,0x07,0xFC,0xD2,0xCB,0x18,0xE0,0x86,0xFC,0xFA,0xC6,0x2C,0x7E,0x87,0x48,0x6B,0x83,0x10,

/* 钦 */
0x42,0x06,0x20,0x7E,0x4C,0x7E,0xFF,0x86,0xB0,0x7B,0x06,0x30,0x67,0x87,0x48,0x68,0xC7,0x04,

/* 侵 */
0x20,0x06,0xF8,0x4F,0x84,0x08,0xCF,0x8D,0xFE,0x71,0xC4,0xD8,0x47,0x04,0x60,0x4F,0xC7,0x0C,

/* 亲 */
0x08,0x00,0xCC,0x7F,0xC1,0x30,0x12,0x4F,0xFC,0x0C,0x07,0xFC,0x3F,0x06,0xDC,0xDC,0xC0,0x80,

/* 秦 */
0x08,0x00,0xC8,0x08,0x07,0xF8,0x10,0x4F,0xFC,0x7F,0x0C,0x9C,0x7F,0x03,0xB0,0x69,0x88,0x80,

/* 琴 */
0x08,0x4F,0xFC,0x7B,0xC2,0x10,0xFF,0xC0,0xC0,0x1A,0x06,0xDE,0xFF,0xC0,0x30,0x06,0x00,0x40,

/* 勤 */
0x49,0x0F,0xD0,0x59,0x07,0xBC,0xFD,0x4A,0x94,0xF9,0x4F,0xF4,0x3A,0x43,0xE4,0xFD,0xC8,0x88,

/* 芹 */
0x12,0x0F,0xFC,0x32,0x01,0x38,0x7F,0x86,0x04,0x7F,0xE6,0x20,0x42,0x04,0x20,0xC2,0x00,0x20,

/* 擒 */
0x42,0x04,0x60,0x4F,0x8F,0xBE,0x7F,0xC7,0xF8,0xDF,0x85,0x6C,0x5F,0xC5,0xF4,0xD1,0xCD,0x08,

/* 禽 */
0x08,0x01,0xE0,0x3B,0x8F,0xFC,0x7F,0x85,0xF8,0x7F,0x84,0xC8,0xFF,0xCF,0xE8,0xC1,0x8C,0x08,

/* 寝 */
0x0C,0x07,0xFC,0xC0,0xCA,0xF8,0xAF,0x8E,0xF8,0x7F,0xC7,0x1C,0xAF,0x02,0x70,0x27,0xC3,0x8C,

/* 沁 */
0x00,0x04,0x20,0x73,0x08,0xC0,0xE4,0x03,0x4C,0x74,0x45,0x46,0xF4,0x04,0x48,0x47,0x84,0x30,

/* 青 */
0x0C,0x0F,0xFC,0x0C,0x87,0xFC,0xFF,0xE2,0x10,0x21,0x03,0xF0,0x21,0x02,0x10,0x23,0x02,0x30,

/* 轻 */
0x20,0x06,0xF8,0xF9,0x86,0x10,0xE2,0xCF,0xC6,0xA8,0xC3,0xFC,0xF3,0x0A,0x30,0x2F,0xE2,0x00,

/* 氢 */
0x20,0x07,0xFC,0x61,0x08,0x10,0x7F,0x8F,0xD8,0x19,0x83,0xF8,0xE7,0x81,0x88,0x1A,0xCF,0xE4,

/* 倾 */
0x60,0x06,0xFE,0x71,0x0D,0x7C,0xDD,0x4D,0x54,0x55,0x45,0x54,0x5F,0x47,0x38,0x46,0x45,0x86,

/* 卿 */
0x20,0x0F,0xFC,0xBF,0x4B,0xF4,0xBF,0x4B,0xF4,0xFF,0x4F,0xD4,0x7F,0xC5,0xF0,0xD1,0x00,0x10,

/* 清 */
0x02,0x06,0x24,0x32,0x8B,0xFC,0xE2,0x67,0x88,0x4F,0x84,0xF8,0xC8,0x84,0xF8,0x48,0x84,0x98,

/* 擎 */
0x31,0x0F,0xF4,0x7A,0x8F,0xF8,0xF9,0x87,0xBC,0x1F,0xC7,0xD0,0x7F,0x8F,0xFC,0x0C,0x00,0x80,

/* 晴 */
0x02,0x0A,0xBC,0xA3,0x8A,0xFC,0xA2,0x6F,0x88,0xAF,0x8A,0xF8,0xEC,0x8A,0xF8,0x08,0x80,0x98,

/* 氰 */
0x20,0x07,0xFC,0x7F,0x8F,0xF8,0xFE,0x87,0xC8,0xFF,0x87,0xE8,0x7E,0x87,0xEA,0x46,0x64,0x42,

/* 情 */
0x42,0x04,0x2C,0x42,0x87,0xFC,0xF2,0x4D,0x88,0x4F,0x84,0xF8,0x48,0x84,0x88,0x49,0x84,0x98,

/* 顷 */
0xC0,0x4D,0xFC,0xC2,0x0F,0xFC,0xEA,0x8C,0xA8,0xCA,0x8C,0xA8,0xEE,0x8C,0x78,0x08,0xC3,0x04,

/* 请 */
0x02,0x04,0x24,0x62,0x80,0xFC,0x5F,0xE4,0x88,0x4F,0xC4,0xF8,0x58,0x86,0x88,0x49,0x80,0x88,

/* 庆 */
0x0C,0x04,0x44,0x7F,0xC4,0x40,0x44,0x07,0xFC,0x44,0x04,0xE0,0xCA,0x09,0x90,0xB1,0xC4,0x00,

/* 琼 */
0x02,0x0F,0x24,0x5F,0xE4,0x88,0x4F,0xCF,0x88,0x4F,0x84,0xA0,0x7E,0x8D,0xA4,0x22,0x40,0x60,

/* 穷 */
0x08,0x00,0xC4,0xFF,0xCD,0x68,0xA9,0x84,0x88,0x89,0x07,0xF8,0x19,0x03,0x10,0x67,0x0C,0x30,

/* 秋 */
0x12,0x07,0x20,0x62,0x07,0xAC,0xFE,0xC6,0xF0,0x7B,0x0F,0x30,0xE7,0x86,0x4C,0x68,0xE7,0x04,

/* 丘 */
0x01,0x83,0xF8,0x20,0x02,0x00,0x20,0xC3,0xFC,0x22,0x02,0x20,0x22,0x02,0x24,0xFF,0xE0,0x00,

/* 邱 */
0x0A,0x47,0xBE,0x42,0xC4,0x68,0x7F,0x85,0xA8,0x5A,0x45,0xA6,0x5B,0xEF,0xAC,0x82,0x00,0x20,

/* 球 */
0x02,0x03,0x38,0x42,0xC5,0xFC,0x4A,0x4F,0xFC,0x43,0x04,0x68,0x7A,0xCD,0x26,0x06,0x00,0x60,

/* 求 */
0x0C,0x00,0xF0,0x0D,0xCF,0xFC,0x4C,0x82,0xF8,0x2E,0x03,0xF0,0xED,0x88,0xCC,0x1C,0x00,0x80,

/* 囚 */
0x00,0x0F,0xFC,0x8C,0x88,0x88,0x88,0x89,0xC8,0x96,0x89,0x38,0xE1,0xCC,0x0C,0xFF,0xC8,0x08,

/* 酋 */
0x11,0x01,0xB0,0xFF,0xE0,0xA0,0x7F,0x85,0xA8,0x73,0x86,0x08,0x7F,0x84,0x08,0x7F,0x84,0x08,

/* 泅 */
0x00,0x07,0xFC,0x3B,0x4B,0xA4,0xFA,0x43,0xA4,0x5F,0x45,0xDC,0xDC,0xC5,0x84,0xDF,0xC5,0x04,

/* 趋 */
0x21,0x02,0x30,0xFB,0xC2,0x48,0x2F,0xCF,0x8C,0xE3,0xCF,0x8C,0xE0,0xCE,0x4C,0xBF,0xC0,0xFC,

/* 区 */
0x00,0x8F,0xFC,0xC1,0x0E,0x30,0xDA,0x0C,0xE0,0xCE,0x0D,0xB0,0xD1,0x8E,0x14,0xFF,0xC0,0x00,

/* 蛆 */
0x40,0x04,0x7C,0x54,0x8F,0x48,0xF7,0x8F,0x48,0xF4,0x8F,0x78,0x74,0x87,0xC8,0xDC,0xE1,0xFE,

/* 曲 */
0x16,0x01,0x60,0x96,0x8F,0xFC,0xD6,0xCD,0x6C,0xFF,0xCD,0x6C,0xD6,0xCD,0x6C,0xFF,0xCC,0x08,

/* 躯 */
0x20,0x07,0x7C,0x74,0x07,0x6C,0x55,0x87,0x58,0x55,0x8F,0x5C,0x76,0xC5,0x64,0x94,0x63,0x40,

/* 屈 */
0x00,0x07,0xFC,0x60,0x47,0xFC,0x42,0x45,0xA4,0x5A,0xC5,0xFC,0x52,0x4D,0x24,0x96,0x41,0x04,

/* 驱 */
0x00,0x0F,0x7C,0xF4,0x8F,0x6C,0xB7,0x8B,0x58,0xFD,0x81,0xEC,0xF6,0x41,0x40,0x7F,0xE2,0x00,

/* 渠 */
0x40,0x42,0x88,0xDF,0x86,0x98,0x4F,0x84,0x8C,0x4F,0xC4,0xCC,0xBE,0x02,0xF8,0xCC,0xC0,0x80,

/* 取 */
0x04,0x0D,0x80,0x5F,0xC7,0xC8,0x5A,0x85,0xA8,0x7B,0x85,0xF0,0x7B,0x0D,0xEC,0x1C,0xC1,0x80,

/* 娶 */
0x04,0x0F,0xFC,0x7A,0xC7,0xB8,0x49,0x8F,0xEC,0x88,0x4F,0xFE,0x12,0x03,0xE0,0x1F,0x8E,0x18,

/* 龋 */
0x20,0x42,0x7C,0xBD,0x4A,0x7C,0xFD,0x4F,0x7C,0xF5,0x4F,0x5E,0xF5,0xE9,0x6E,0xFC,0x40,0x4C,

/* 趣 */
0x20,0x07,0xF8,0xFB,0xC6,0xE4,0x7B,0x46,0xEC,0xFA,0xCA,0xFC,0xFB,0x4E,0x20,0x3F,0xC0,0x1C,

/* 去 */
0x0C,0x00,0xC0,0x0C,0x87,0xF8,0x0C,0x00,0xC4,0xFF,0xC1,0x80,0x33,0x02,0x18,0x7F,0x80,0x08,

/* 圈 */
0x00,0x4E,0xEC,0xFE,0x4F,0xF4,0xC9,0xCF,0xFC,0xFF,0xCF,0xCC,0xD7,0x4D,0xE4,0xFF,0xC8,0x00,

/* 颧 */
0x50,0x4F,0xFC,0x51,0x0F,0xFC,0xFF,0xCF,0x3C,0xFF,0xCF,0xBC,0xDB,0xC7,0xDC,0xFE,0x6C,0x40,

/* 权 */
0x60,0x06,0x8C,0x7C,0xCF,0x48,0x64,0x87,0x58,0xF7,0x0E,0x30,0x63,0x06,0x78,0x68,0xC7,0x04,

/* 醛 */
0x00,0x8F,0xFC,0x6F,0x8F,0xF8,0xF3,0x0F,0x4C,0xFF,0xC9,0xB0,0xFF,0xC9,0x30,0xFB,0x48,0x00,

/* 泉 */
0x0C,0x07,0xF8,0x61,0x87,0xF8,0x61,0x87,0xF8,0x1C,0x8F,0xF8,0x2F,0x06,0xD8,0xDC,0xE0,0x80,

/* 全 */
0x08,0x00,0xC0,0x1A,0x03,0x30,0x61,0xCF,0xFC,0x0C,0x00,0xD0,0x3F,0x00,0xC0,0x0C,0x4F,0xFC,

/* 痊 */
0x04,0x04,0x44,0x7F,0xCE,0x60,0xED,0x07,0x8C,0xFF,0x8E,0x60,0x5F,0x84,0x60,0x86,0x42,0x00,

/* 拳 */
0x0C,0x06,0xB0,0x7F,0x81,0x84,0xFF,0xC2,0x38,0xFE,0xE0,0xD0,0x0C,0x4F,0xFC,0x0C,0x01,0x80,

/* 犬 */
0x08,0x00,0xF0,0x09,0x00,0x94,0xFF,0xC0,0xC0,0x0A,0x01,0xA0,0x13,0x03,0x18,0x60,0xE8,0x00,

/* 券 */
0x08,0x02,0xB0,0x2A,0x8F,0xF8,0x18,0x4F,0xFC,0x23,0x07,0xFE,0x9B,0x01,0x30,0x33,0x0C,0x60,

/* 劝 */
0x03,0x00,0x30,0xFA,0x01,0xFC,0x92,0x47,0x24,0x22,0x47,0x64,0x54,0xC8,0xCC,0x1B,0xC2,0x18,

/* 缺 */
0x42,0x04,0x30,0xFA,0x0A,0x7C,0xA2,0x8F,0xAC,0xFF,0xEB,0xB0,0xBF,0x0F,0xD8,0x88,0xC1,0x04,

/* 炔 */
0x66,0x06,0x60,0x76,0x87,0xFC,0xE6,0x8E,0x68,0x7F,0xE6,0x60,0x75,0x05,0xD8,0x98,0xC2,0x04,

/* 瘸 */
0x04,0x07,0xFE,0x58,0x4F,0xFC,0xD5,0xC7,0xF4,0xFF,0xC5,0x7C,0x5F,0xC5,0xFC,0x99,0xC1,0x08,

/* 却 */
0x30,0x03,0x3C,0x7F,0x43,0x34,0x33,0x4F,0xF4,0x33,0x42,0xB4,0x4F,0xCF,0xFC,0x03,0x00,0x20,

/* 鹊 */
0x51,0x05,0x34,0xFF,0xC5,0x34,0x5F,0xCF,0xFC,0xFE,0x4D,0xBE,0xF9,0xED,0xFC,0xF9,0xC8,0x0C,

/* 榷 */
0x62,0x04,0xA4,0x6F,0x6F,0xD8,0x65,0xCF,0xD0,0xFF,0xCF,0xD0,0x6F,0xC4,0xD0,0x6F,0xE4,0x80,

/* 确 */
0x02,0x01,0xE8,0xED,0x84,0xD4,0x5F,0x4D,0xD4,0xD7,0x45,0xD4,0x5F,0x47,0x94,0x49,0x43,0x0C,

/* 雀 */
0x04,0x03,0xCC,0x2F,0xC4,0xE0,0x9E,0x07,0xFC,0xA6,0x83,0xF8,0x26,0x82,0x60,0x3F,0xE2,0x00,

/* 裙 */
0x00,0x04,0xF8,0x64,0x8F,0xFE,0x64,0x87,0xF8,0xE4,0x0F,0xFC,0x5C,0xC5,0x4C,0x47,0xC4,0x48,

/* 群 */
0x04,0xCF,0xA8,0x7A,0xCF,0xFC,0x59,0x0F,0xFC,0x41,0x0F,0x96,0xCF,0xC4,0x90,0x79,0x04,0x10,

/* 然 */
0x22,0x02,0x38,0x7A,0xC7,0xEC,0xFF,0x0F,0x70,0x24,0x84,0xCE,0x90,0x45,0x2C,0x5A,0x48,0x04,

/* 燃 */
0x49,0x84,0x9C,0x5F,0x47,0xFC,0xDD,0x8F,0x78,0x4A,0x85,0x6C,0x6C,0x4B,0x5C,0x95,0x40,0x00,

/* 冉 */
0x0C,0x00,0xC0,0x7F,0x86,0xD8,0x6C,0x87,0xF8,0x6C,0x8F,0xFE,0x61,0x86,0x08,0x63,0x84,0x10,

/* 染 */
0x44,0x03,0x50,0xFF,0x86,0xD0,0x69,0x45,0x9C,0x7C,0xCF,0xFC,0x1E,0x03,0xF0,0x6C,0xE0,0xC0,

/* 瓤 */
0x20,0xCF,0xF8,0xFF,0x8F,0xF8,0xFF,0x8F,0xF8,0xFD,0x8F,0xD8,0x5D,0xCF,0x5C,0x7B,0xE4,0x00,

/* 壤 */
0x42,0x05,0xFC,0x5D,0xC5,0x5C,0xFD,0xC5,0xFC,0x5F,0x87,0xD4,0xDF,0xC9,0x98,0x2F,0xC0,0x84,

/* 攘 */
0x42,0x05,0xFC,0x5F,0xCF,0xFC,0x5D,0x87,0xFC,0xCD,0x8C,0xD4,0x5F,0xC5,0x98,0x6F,0xCC,0xC4,

/* 嚷 */
0x04,0x01,0xFC,0xF7,0x8D,0x78,0xDF,0x8F,0xFC,0xFF,0x8F,0xF4,0xBF,0xC1,0xB0,0x2F,0xC0,0x8C,

/* 让 */
0x02,0x04,0x20,0x62,0x00,0x20,0x42,0xC6,0x20,0x42,0x04,0x20,0x52,0x07,0x20,0x66,0x64,0x00,

/* 饶 */
0x44,0x04,0x44,0x5F,0xCF,0x38,0xA3,0x04,0xFC,0x50,0xE5,0xFC,0x5F,0x06,0xF0,0x4B,0x67,0x1C,

/* 扰 */
0x66,0x04,0x58,0x64,0x8F,0x6C,0x47,0x07,0x70,0xE5,0x0C,0x50,0x4D,0x04,0x94,0xD9,0xE6,0x1C,

/* 绕 */
0x04,0x06,0x44,0x5F,0x8B,0x38,0xE3,0x0E,0xDC,0x40,0xCF,0xFC,0x85,0x0F,0xD0,0x89,0x67,0x1C,

/* 惹 */
0x02,0x01,0x34,0xFF,0xC1,0xA4,0xFF,0xC3,0xF8,0x61,0x8B,0xF8,0x3C,0x05,0x5C,0xD1,0x49,0xF0,

/* 热 */
0x22,0x02,0x20,0xFB,0x82,0xF8,0x36,0x8E,0x48,0xA6,0xA2,0xAE,0x70,0x65,0x48,0xD2,0xC9,0x24,

/* 壬 */
0x00,0x80,0xF8,0x7C,0x00,0xC0,0x0C,0x00,0xCC,0x0C,0x00,0xC0,0x0C,0x00,0xC0,0x7F,0xC0,0x00,

/* 仁 */
0x20,0x02,0x00,0x60,0xC4,0x00,0x60,0x0C,0x00,0x40,0x04,0x00,0x40,0x04,0x04,0x7F,0xC4,0x00,

/* 人 */
0x08,0x00,0xC0,0x0C,0x00,0xC0,0x0C,0x00,0xC0,0x1E,0x01,0xA0,0x13,0x02,0x18,0x40,0xE0,0x04,

/* 忍 */
0x00,0x87,0xF8,0x28,0x86,0x98,0x59,0x81,0x70,0x61,0x0A,0xC0,0x74,0xCF,0x14,0xBF,0x01,0xE0,

/* 韧 */
0x20,0x06,0x7E,0xF9,0x46,0x14,0xFD,0x46,0x74,0xFD,0x46,0xB4,0x7B,0x47,0x24,0x6D,0xC7,0x08,

/* 任 */
0x20,0x02,0x7C,0x6E,0x04,0x20,0xC2,0x0C,0x24,0x53,0x04,0x20,0x42,0x04,0x20,0x5F,0xC4,0x00,

/* 认 */
0x42,0x06,0x60,0x26,0x00,0x60,0xE6,0x04,0x60,0x47,0x05,0x50,0x7D,0x86,0x88,0x50,0xE6,0x04,

/* 刃 */
0x00,0x07,0xFC,0x04,0xC0,0x4C,0x2C,0xC6,0xCC,0x48,0xC0,0x8C,0x18,0xC3,0x08,0x63,0x88,0x10,

/* 妊 */
0x60,0x06,0x3C,0x4F,0x0F,0x10,0x51,0x0D,0x36,0xFF,0xEE,0x10,0x71,0x07,0x90,0xCB,0x40,0x00,

/* 纫 */
0x20,0x06,0xFC,0x53,0x49,0x34,0xF6,0x4E,0xE4,0x4E,0x4F,0x24,0x06,0x4F,0x44,0xC9,0xC3,0x08,

/* 扔 */
0x60,0x07,0xF8,0x74,0x8F,0x58,0x65,0xC7,0x5C,0xE4,0x4E,0xC4,0x68,0x46,0x8C,0xF3,0xC6,0x08,

/* 仍 */
0x20,0x03,0xF8,0x64,0x84,0x58,0xE5,0x0C,0x5E,0x4C,0x44,0x84,0x48,0x44,0x8C,0x51,0xC6,0x08,

/* 日 */
0x00,0x07,0xF8,0x61,0x86,0x18,0x61,0x87,0xF8,0x61,0x86,0x18,0x61,0x87,0xF8,0x61,0x86,0x00,

/* 戎 */
0x04,0x00,0x58,0x04,0xCF,0xFC,0x26,0x82,0x68,0xFB,0x82,0x30,0x63,0x24,0x7A,0xD8,0xEA,0x06,

/* 茸 */
0x12,0x0F,0xFC,0x12,0x03,0x2C,0x23,0x03,0xF0,0x21,0x03,0xF0,0x21,0x4F,0xF0,0x01,0x00,0x10,

/* 蓉 */
0x12,0x0F,0xFC,0x1A,0x07,0xEC,0xF6,0xCB,0xF8,0x5F,0x83,0x38,0x7F,0xEA,0x10,0x23,0x03,0x30,

/* 荣 */
0x12,0x01,0x24,0x93,0x01,0x20,0x7F,0xCC,0xC8,0xFF,0xC1,0xE0,0x3F,0x06,0xDC,0xCC,0xC0,0x80,

/* 融 */
0x00,0x8F,0xD8,0x79,0x84,0xBE,0x7B,0xCF,0xBC,0xDF,0xCF,0xFC,0xFD,0x8A,0xDC,0xBF,0xE8,0xA2,

/* 熔 */
0x42,0x04,0x34,0x7F,0xC7,0xD8,0xEE,0x8D,0xF0,0x45,0x84,0xCE,0x7C,0x8B,0xC8,0x8F,0x80,0xC8,

/* 溶 */
0x02,0x05,0xE4,0x78,0xCB,0xD8,0xFE,0xC7,0x70,0x48,0xCD,0xFE,0xE9,0x8C,0x88,0xCF,0x84,0x88,

/* 容 */
0x0C,0x07,0xFC,0xD0,0xCB,0x38,0x6D,0x8D,0xE8,0x33,0x86,0x1E,0xB3,0x02,0x10,0x3F,0x02,0x10,

/* 绒 */
0x43,0x04,0x3C,0xC3,0x4B,0xFE,0xEB,0x0C,0xB4,0x5F,0xCE,0x98,0x89,0x87,0xBA,0xD6,0xE2,0x06,

/* 冗 */
0x00,0x07,0xFC,0xC0,0xC8,0x28,0x1E,0x01,0x20,0x32,0x03,0x20,0x32,0x42,0x24,0x43,0xC8,0x18,

/* 揉 */
0x40,0x04,0xFC,0x63,0x0F,0xFE,0x47,0x87,0xF0,0xD2,0x0D,0xFE,0x47,0x04,0xA8,0xD2,0xE6,0x20,

/* 柔 */
0x01,0x81,0xB8,0x0C,0x4F,0xFC,0x35,0x87,0xC0,0x88,0x0F,0xFC,0x1E,0x02,0xF8,0xCC,0xC0,0x80,

/* 肉 */
0x0C,0x00,0xC0,0x7F,0xC4,0x8C,0x5E,0xC5,0x3C,0x4C,0xC4,0xCC,0x53,0xC6,0x1C,0x41,0xC4,0x08,

/* 茹 */
0x12,0x03,0x24,0xFF,0xC3,0x20,0x22,0x4F,0xFC,0x4A,0xC5,0xAC,0x72,0xC3,0x3C,0x6A,0xC8,0x00,

/* 蠕 */
0x40,0x04,0xFC,0x4F,0xEF,0xBC,0xF7,0x8F,0x24,0xFF,0xEE,0xFC,0x6F,0x47,0xF4,0xDF,0x40,0x8C,

/* 儒 */
0x20,0x07,0xFC,0x7F,0xE7,0xFC,0xCF,0x8C,0x20,0x7F,0xE5,0xFC,0x55,0x45,0x54,0x55,0xC5,0x0C,

/* 孺 */
0x00,0x0F,0xFC,0x3F,0xE5,0xEC,0x43,0x86,0x24,0xDF,0xE5,0xFC,0x5D,0x45,0xD4,0xDD,0xCD,0x0C,

/* 如 */
0x20,0x02,0x00,0x6B,0xCF,0xA4,0x5A,0x45,0xA4,0x52,0x4D,0x24,0x72,0x43,0xBC,0x4A,0x40,0x00,

/* 辱 */
0x40,0x87,0xF8,0x7F,0x84,0x0C,0x55,0x85,0x30,0xDF,0xC9,0x34,0xFF,0xC1,0x30,0x17,0x00,0x20,

/* 乳 */
0x08,0x0F,0xF0,0xAF,0x0F,0xB0,0x7F,0x0F,0xF0,0x33,0x03,0xF0,0xF3,0x03,0x34,0x73,0x42,0x1C,

/* 汝 */
0x06,0x06,0x60,0x34,0x0B,0x46,0xED,0x86,0x90,0x49,0x04,0x90,0xCF,0x04,0x78,0x4C,0xC7,0x04,

/* 入 */
0x00,0x03,0x80,0x08,0x00,0xC0,0x1C,0x01,0x40,0x12,0x02,0x30,0x23,0x04,0x1C,0x80,0xE0,0x04,

/* 褥 */
0x40,0x06,0xFC,0x7F,0x87,0x84,0x7F,0xC7,0xD8,0xFF,0xE7,0xDC,0x5F,0xE5,0x78,0x63,0x84,0x10,

/* 软 */
0x22,0x06,0x20,0xFE,0x44,0x7C,0xEA,0x8F,0xB0,0xA3,0x03,0xB0,0xE7,0x02,0x48,0x2C,0xC3,0x00,

/* 阮 */
0x00,0x0F,0xFC,0xA0,0x0A,0x00,0xFF,0xCA,0x50,0xB5,0x0B,0x50,0xED,0x08,0x94,0x91,0xEE,0x0C,

/* 蕊 */
0x12,0x0F,0xFC,0x32,0x01,0xA0,0x54,0xCD,0xF4,0x9E,0x07,0x30,0xEF,0xCD,0x6E,0xFF,0xC2,0x18,

/* 瑞 */
0x02,0x03,0xAC,0x4A,0xC4,0xFC,0x40,0x4F,0x60,0x4F,0xC4,0xF4,0x7F,0x4C,0xF4,0x0F,0xC0,0x8C,

/* 锐 */
0x40,0x85,0x78,0xFD,0x09,0xFC,0xFC,0xC4,0xCC,0xFF,0xC4,0xF0,0x57,0x06,0x54,0x6D,0xE1,0x0C,

/* 闰 */
0x40,0x02,0xFC,0xE0,0x4F,0xFC,0xCC,0x4C,0xD4,0xDF,0x4C,0xC4,0xCD,0x4F,0xFC,0xC1,0xC8,0x0C,

/* 润 */
0x08,0x04,0xFC,0x58,0x4B,0x5C,0xF2,0x45,0x24,0x5F,0x4D,0x24,0xD2,0xCD,0xFC,0xD1,0xC1,0x0C,

/* 若 */
0x32,0x03,0x34,0xFF,0xC3,0xA0,0x18,0x4F,0xFE,0x30,0x03,0xF8,0xE1,0x0A,0x10,0x3F,0x02,0x10,

/* 弱 */
0x00,0x8F,0xCC,0x18,0x87,0xF8,0xC6,0x0F,0xFC,0x5A,0x47,0xBC,0x7B,0xCD,0xEC,0x31,0xC3,0x08,

/* 撒 */
0x5D,0x85,0xD0,0x7F,0x0F,0x5E,0x7F,0xC7,0xFC,0xD5,0x8D,0xD8,0x5D,0x85,0x58,0xDE,0xC9,0x44,

/* 洒 */
0x00,0x47,0xFC,0x65,0x0B,0x7C,0xF5,0x45,0x54,0x55,0x4D,0x9C,0xD8,0x4D,0x04,0xDF,0xC1,0x00,

/* 萨 */
0x12,0x0F,0xFC,0x16,0x0F,0x24,0xFF,0xCE,0x70,0xEF,0xCF,0x80,0xF8,0x0E,0x80,0xD0,0x0E,0x00,

/* 腮 */
0x00,0x0F,0xFC,0xBB,0x4F,0xFC,0xBB,0x4B,0xFC,0xF8,0x4B,0x74,0xBF,0x6B,0xEA,0xF7,0xC2,0x00,

/* 鳃 */
0x40,0x07,0x7C,0xB5,0x4B,0x7C,0xFD,0x4F,0x7C,0xF7,0xCF,0x74,0xFF,0x43,0xEE,0xCE,0x80,0x38,

/* 塞 */
0x08,0x07,0xFC,0xD2,0xCD,0xF8,0x12,0x87,0xF8,0x12,0x4B,0xF0,0x2D,0x8F,0xFE,0x0C,0x87,0xF8,

/* 赛 */
0x0C,0x07,0xFC,0xD2,0x83,0xF8,0x3F,0x8F,0xFC,0x33,0x07,0xFC,0xAF,0x02,0xB0,0x13,0x06,0x10,

/* 三 */
0x00,0x00,0x08,0x7F,0x80,0x00,0x00,0x00,0x18,0x7F,0x80,0x00,0x00,0x00,0x04,0xFF,0xE0,0x00,

/* 叁 */
0x08,0x01,0xA0,0x73,0x87,0xD8,0x18,0xCB,0x30,0x21,0x07,0xFE,0x81,0x43,0xF0,0x00,0xC0,0x00,

/* 伞 */
0x0C,0x01,0xC0,0x12,0x02,0xD8,0x4C,0xEA,0xD4,0x3F,0x01,0xE0,0xFF,0xC0,0xC0,0x0C,0x00,0xC0,

/* 散 */
0x51,0x05,0x30,0xFF,0x45,0x3E,0xFE,0x8F,0xE8,0xCE,0x8F,0x98,0xF9,0x0C,0xB8,0xDE,0xE1,0x80,

/* 桑 */
0x01,0x03,0xF0,0x1F,0x07,0xB4,0xFF,0xC7,0x38,0xCC,0xC0,0xC4,0x3E,0x02,0xF8,0xCC,0xE0,0x80,

/* 嗓 */
0x00,0x0A,0xF8,0xE7,0x8B,0xC8,0xBF,0xCA,0xD8,0xBF,0x4F,0xFC,0xA7,0x00,0xA8,0x32,0xE0,0x20,

/* 丧 */
0x04,0x00,0xC4,0x7F,0xC2,0xD8,0x3F,0x03,0xE4,0xFF,0xC2,0x58,0x26,0x02,0x30,0x39,0xC6,0x04,

/* 搔 */
0x40,0x05,0xFC,0x57,0x8F,0x70,0x47,0x87,0xFC,0xFA,0x8D,0xAC,0x5A,0x84,0xA8,0xCF,0xCD,0xC4,

/* 骚 */
0x00,0x0F,0x7C,0xE7,0x8E,0x30,0xA7,0xCB,0xBC,0xFF,0xC3,0xBC,0xFF,0xC2,0xB8,0x7F,0xC0,0x84,

/* 扫 */
0x20,0x02,0x04,0x2F,0xCF,0x84,0x20,0x43,0x84,0xE7,0xCA,0x04,0x20,0x42,0x04,0xEF,0xC6,0x04,

/* 嫂 */
0x42,0x04,0xFC,0x4A,0xCF,0xFC,0xEA,0xCA,0xFC,0xAA,0x0E,0xF8,0x65,0x87,0x70,0x8F,0xC3,0x8C,

/* 瑟 */
0x00,0x4F,0xF8,0x33,0x8F,0x78,0x29,0x4F,0xFC,0x0B,0x07,0xE8,0xFC,0xCB,0x94,0x7F,0x08,0xE0,

/* 色 */
0x10,0x01,0xB0,0x33,0x06,0x40,0xFF,0x8E,0xD8,0x6D,0x87,0xF8,0x60,0x46,0x04,0x7D,0xE3,0xFC,

/* 涩 */
0x00,0x06,0xFC,0x6A,0x4A,0xAC,0xEF,0xC6,0xC8,0x5B,0x04,0xBC,0xCB,0x0C,0xA0,0xEB,0x60,0x00,

/* 森 */
0x00,0x00,0xC8,0x5E,0x03,0xF0,0x6D,0xCA,0x30,0x3F,0xC6,0x70,0x7F,0x8A,0xFC,0xAB,0x42,0x30,

/* 僧 */
0x28,0x82,0x58,0x7F,0xE7,0xBC,0xDF,0x4D,0xFC,0x50,0x44,0xFC,0x48,0xC4,0x8C,0x4F,0xC4,0x88,

/* 莎 */
0x12,0x0F,0xFC,0x32,0x0D,0x20,0x62,0x0A,0xAC,0xFA,0x65,0x28,0x63,0x8C,0x30,0xCE,0x0F,0x00,

/* 砂 */
0x01,0x0F,0x90,0x61,0x04,0x7C,0x45,0x6F,0x90,0xD9,0x45,0x1C,0x51,0x87,0x30,0x46,0x01,0x80,

/* 杀 */
0x01,0x03,0x30,0x0E,0x01,0xB0,0x21,0x80,0xC4,0xFF,0xE3,0xE0,0x7D,0x8C,0xCC,0x9C,0x40,0x80,

/* 刹 */
0x08,0x47,0x84,0x39,0x46,0xD4,0xB5,0x43,0x54,0xFF,0x47,0x94,0x5D,0x49,0x44,0x31,0xC2,0x0C,

/* 沙 */
0x02,0x06,0x20,0x32,0x0D,0xEC,0xEA,0x63,0xA2,0x72,0xCE,0x3C,0x41,0x84,0x30,0x4C,0x07,0x00,

/* 纱 */
0x23,0x06,0x30,0x53,0x09,0x7C,0xEF,0x6E,0xB0,0x53,0xCF,0x3C,0x01,0x8F,0x30,0x8E,0x03,0x80,

/* 傻 */
0x22,0x07,0x6C,0x5F,0xC5,0x7C,0xDD,0xCD,0xFC,0x4D,0xC5,0xFC,0x4D,0x85,0x30,0x47,0x85,0x8C,

/* 啥 */
0x02,0x0A,0x60,0xED,0x0A,0x9E,0xBF,0xCA,0x24,0xBF,0xCE,0x28,0xAF,0x88,0x88,0x0F,0x80,0x88,

/* 煞 */
0x21,0x06,0x30,0x7A,0x4D,0x3C,0xFE,0x80,0x98,0x59,0x8F,0xBC,0x0C,0x45,0x48,0xD6,0xC9,0x24,

/* 筛 */
0x62,0x07,0xFE,0xF5,0x0B,0x94,0xBF,0xCE,0xA0,0xAF,0xCA,0xAC,0xEA,0xC6,0xBC,0x4A,0x88,0x20,

/* 晒 */
0x00,0x4F,0xFC,0xA7,0x0A,0x74,0xBF,0xCF,0xD4,0xBD,0x4B,0xDC,0xF8,0xCB,0x84,0x9F,0xC0,0x80,

/* 珊 */
0x15,0x8F,0xFC,0x55,0xC5,0x5C,0xF5,0xC7,0xFE,0x55,0xC5,0x7C,0xD6,0xC1,0x6C,0x2F,0xC0,0x48,

/* 苫 */
0x32,0x03,0x34,0xBB,0x03,0xE0,0x0C,0xC0,0xFC,0x0C,0x07,0xF8,0x61,0x86,0x18,0x7F,0x84,0x18,

/* 杉 */
0x20,0x82,0x1C,0x2B,0x0F,0xE0,0x60,0xC7,0x98,0x7A,0x0A,0x46,0x20,0xC2,0x18,0x26,0x02,0x80,

/* 山 */
0x04,0x00,0xC0,0x0C,0x04,0xCC,0x4C,0xC4,0xCC,0x4C,0xC4,0xCC,0x4C,0xC4,0xCC,0xFF,0xC0,0x0C,

/* 删 */
0x00,0x47,0xE4,0x7D,0xC7,0xDC,0x7F,0xCF,0xFC,0x7D,0xC7,0xDC,0xFD,0xCB,0x44,0xBC,0xC0,0x0C,

/* 煽 */
0x42,0x04,0xFC,0x48,0x47,0xFC,0xE8,0x4C,0xFE,0x4F,0xC4,0xEC,0x7F,0xCB,0xB4,0xA7,0xC0,0x24,

/* 衫 */
0x40,0x86,0x1C,0x33,0x0F,0x44,0x20,0xC7,0x98,0x76,0x4B,0x8E,0x28,0x82,0x18,0x26,0x02,0x80,

/* 闪 */
0x40,0x02,0xFC,0xE0,0xC8,0xCC,0x8C,0xC8,0x8C,0x9C,0xC9,0x2C,0xB3,0xCE,0x1C,0x81,0xC8,0x08,

/* 陕 */
0x02,0x0F,0x24,0xBF,0xCE,0x28,0xCA,0x8E,0xB0,0xAF,0xCA,0x70,0xE5,0x08,0xD8,0x98,0xCA,0x00,

/* 擅 */
0x42,0x05,0xFC,0x7F,0xCF,0xFC,0x4F,0x47,0xF4,0xCF,0xCC,0xF8,0x4F,0x84,0xF8,0xC8,0xC4,0x00,

/* 赡 */
0x02,0x0F,0x78,0xB9,0x4F,0xFC,0xFF,0xCF,0xFE,0xFB,0xCF,0x8C,0xEC,0x47,0xFC,0x96,0xC2,0x4C,

/* 膳 */
0x04,0x8F,0x7C,0xBF,0xCF,0xFC,0xF3,0x4B,0xF8,0xF7,0xAB,0xFE,0xBF,0xCB,0x8C,0xFF,0xC2,0x88,

/* 善 */
0x02,0x01,0x28,0xFF,0x87,0xF8,0x0C,0xCB,0xF0,0x3F,0x4F,0xFC,0x3F,0x02,0x10,0x3F,0x02,0x10,

/* 汕 */
0x02,0x06,0x20,0x72,0x0B,0xA4,0xFA,0x43,0xA4,0x5A,0x45,0xA4,0xDA,0x45,0xA4,0x5F,0xC4,0x04,

/* 扇 */
0x0C,0x07,0xFC,0x40,0xC7,0xFC,0x40,0x87,0xFC,0x46,0x45,0x54,0x5D,0xCF,0x64,0x8C,0xC0,0x8C,

/* 缮 */
0x24,0x86,0x54,0x5F,0xCB,0xFC,0xE2,0x45,0xFC,0xCF,0x8F,0xFE,0x0F,0xCE,0x88,0x0F,0x80,0x88,

/* 墒 */
0x02,0x04,0x24,0x4D,0x84,0x50,0xFF,0xC5,0xDC,0x5C,0xC5,0xFC,0x7D,0x4D,0xF4,0x18,0xC1,0x0C,

/* 伤 */
0x24,0x02,0xC4,0x6F,0xE5,0x20,0xF6,0x0F,0xFC,0x46,0xC4,0x4C,0x44,0xC4,0xC8,0x53,0x86,0x00,

/* 商 */
0x0C,0x0F,0xFC,0x13,0x05,0x28,0x7F,0xC5,0xA8,0x73,0x87,0xE8,0x52,0x85,0xE8,0x53,0x84,0x08,

/* 赏 */
0x0C,0x03,0xD0,0xFF,0xEB,0x3C,0xB3,0x03,0xF0,0x73,0x86,0xD8,0x6D,0x86,0xD0,0x33,0x8E,0x0C,

/* 晌 */
0x03,0x08,0x20,0xFF,0xCB,0x84,0xBD,0xCF,0xFC,0xBF,0xCB,0xFC,0xFF,0xCF,0x84,0x88,0xC0,0x8C,

/* 上 */
0x08,0x00,0xC0,0x08,0x00,0x80,0x0F,0x80,0xC0,0x08,0x00,0x80,0x08,0x00,0x80,0xFF,0xE0,0x00,

/* 尚 */
0x04,0x06,0xC8,0x3D,0x01,0xE0,0xFF,0xCD,0x2C,0xDE,0xCD,0x2C,0xDE,0xCD,0x2C,0xC1,0xCC,0x08,

/* 裳 */
0x00,0x03,0x50,0x7F,0x4E,0x16,0xBF,0x83,0xF0,0x3D,0x4F,0xFC,0x15,0x83,0x30,0xDD,0xC3,0x0C,

/* 梢 */
0x21,0x06,0xB4,0x67,0xCF,0xBC,0x6F,0xC7,0xC4,0xFF,0xCE,0xC4,0x6F,0xC6,0xC4,0x6D,0xC6,0x8C,

/* 捎 */
0x21,0x06,0xB6,0x37,0xCF,0xDC,0x2F,0xC7,0xC4,0xEF,0xCE,0xC4,0x2F,0xC2,0xC4,0xED,0xC4,0x8C,

/* 稍 */
0x01,0x0F,0x94,0x25,0x47,0xDC,0xE7,0xC7,0x44,0x7F,0xCA,0x44,0x27,0xC2,0x44,0x24,0xC2,0x4C,

/* 烧 */
0x44,0x04,0x44,0x5F,0xC7,0x38,0xE3,0x4C,0xFC,0x40,0xC5,0xFC,0x6F,0x0F,0xF2,0x9B,0x63,0x1C,

/* 芍 */
0x12,0x01,0x24,0xFF,0xC3,0x20,0x7F,0xC4,0x08,0x90,0x81,0x88,0x0C,0x80,0x08,0x07,0x80,0x10,

/* 勺 */
0x10,0x03,0x00,0x3F,0xC6,0x0C,0x40,0xC9,0x8C,0x08,0xC0,0xCC,0x00,0x80,0x08,0x03,0x80,0x10,

/* 韶 */
0x20,0x02,0xFC,0xFB,0x45,0xA4,0x5A,0x4F,0xEC,0xFC,0x4D,0xBC,0xFA,0x4D,0xA4,0xFF,0xCC,0x64,

/* 少 */
0x04,0x00,0xC0,0x2D,0x02,0xD8,0x6C,0xE4,0xC6,0xCD,0x88,0xD8,0x07,0x00,0xC0,0x38,0x0C,0x00,

/* 哨 */
0x01,0x00,0x96,0xF5,0x4F,0x58,0xFF,0xEF,0xC4,0xFF,0xCF,0xC4,0xFF,0xC0,0xC4,0x0C,0xC0,0xCC,

/* 邵 */
0x00,0x0F,0xFE,0x27,0x42,0xF8,0x7B,0x8C,0xBC,0x7F,0x44,0xB6,0x4B,0xE4,0xBC,0x4B,0x04,0x20,

/* 绍 */
0x20,0x06,0xFE,0x52,0x4D,0x24,0xF7,0xCE,0xCC,0x4C,0x4F,0x4C,0x04,0x47,0xC4,0xC7,0xC0,0x44,

/* 奢 */
0x08,0x0F,0xFC,0x3A,0x06,0x98,0xFF,0xE0,0xE4,0xFF,0xC3,0xF0,0x61,0x0B,0xF0,0x3F,0x02,0x10,

/* 赊 */
0x02,0x0F,0x30,0x95,0x8F,0xCE,0xFF,0xCF,0x00,0xFF,0xCD,0x30,0xEF,0x87,0xB4,0x93,0x40,0x60,

/* 蛇 */
0x00,0x06,0x10,0x77,0xEF,0xCC,0xFE,0x0F,0x6C,0xF6,0xCF,0x70,0x76,0x07,0x60,0xFE,0x60,0x3C,

/* 舌 */
0x03,0x87,0xF8,0x0C,0x00,0xC4,0xFF,0xE0,0xC0,0x2D,0x02,0x18,0x21,0x02,0x10,0x3F,0x82,0x10,

/* 舍 */
0x0C,0x00,0xE0,0x13,0x02,0x3C,0x7E,0xE8,0xC8,0x7F,0x82,0xD0,0x3F,0x02,0x10,0x3F,0x02,0x10,

/* 赦 */
0x21,0x02,0x30,0xFA,0x02,0x3E,0xFE,0x87,0x68,0xFA,0x8F,0xD8,0xDD,0x05,0x38,0xF6,0xC9,0x84,

/* 摄 */
0x40,0x45,0xFC,0x7F,0x8E,0xF8,0x4D,0xC7,0xF8,0xDF,0xC5,0x5C,0x4D,0x84,0xD8,0xD7,0xE4,0x40,

/* 射 */
0x20,0x87,0x08,0xD8,0x87,0xFC,0x59,0x87,0xC8,0x5E,0x8F,0xA8,0x38,0x85,0x88,0xBB,0x81,0x10,

/* 慑 */
0x40,0x45,0xFC,0x4F,0x8E,0xD8,0xFD,0xCD,0xFC,0x45,0xC5,0xEC,0x49,0x84,0xD8,0x57,0xC4,0xC4,

/* 涉 */
0x02,0x06,0xA0,0x2B,0xCA,0xA0,0xEB,0x47,0x30,0x5A,0xCD,0xAC,0xD3,0x8E,0x30,0xCC,0x03,0x00,

/* 社 */
0x43,0x06,0x30,0x33,0x0F,0x34,0x2F,0xC6,0x30,0xF3,0x0F,0x30,0x63,0x06,0x30,0x7F,0xE6,0x00,

/* 设 */
0x00,0x06,0xF8,0x29,0x00,0x9C,0xE8,0xC7,0xF8,0x45,0x84,0x50,0x57,0x06,0x70,0x4D,0xE7,0x04,

/* 砷 */
0x01,0x0F,0x10,0x4F,0xE4,0x96,0xD9,0x4F,0xFC,0xF9,0x4F,0xFC,0xFF,0x4F,0x10,0xC1,0x00,0x10,

/* 申 */
0x0C,0x00,0xC0,0x7F,0xC4,0xC8,0x4C,0x87,0xF8,0x4C,0x87,0xF8,0x4C,0x80,0xC0,0x0C,0x00,0xC0,

/* 呻 */
0x01,0x00,0x10,0xFF,0xEF,0x96,0xF9,0x6F,0xFE,0xF9,0x6F,0xFE,0xC9,0x40,0x10,0x01,0x00,0x30,

/* 伸 */
0x22,0x02,0x20,0x5F,0xC5,0xA4,0xDA,0x4D,0xFC,0x5A,0x45,0xFC,0x5A,0x44,0x20,0x42,0x04,0x20,

/* 身 */
0x04,0x03,0xF8,0x21,0x03,0xF0,0x21,0x43,0xFC,0x21,0x8F,0xF0,0x0F,0x01,0x90,0x73,0x08,0x30,

/* 深 */
0x40,0x07,0xFC,0x1D,0x8A,0xC8,0xFA,0xC5,0x24,0x5F,0xC4,0xF0,0xCA,0x8D,0x2C,0xE2,0x44,0x20,

/* 娠 */
0x40,0x04,0xFC,0x48,0x0F,0xF8,0xE8,0x0A,0xFC,0xAF,0x4A,0xDC,0x6D,0x07,0x78,0xB6,0xE2,0x44,

/* 绅 */
0x63,0x04,0x30,0x5F,0xCB,0xB4,0xEB,0x44,0xFC,0xCB,0x4F,0xFC,0x0B,0x4E,0x30,0x83,0x00,0x20,

/* 神 */
0x41,0x02,0x10,0x3F,0xCF,0xF4,0x2D,0x47,0xFC,0xFD,0x4A,0xFC,0x29,0x42,0x10,0x21,0x06,0x10,

/* 沈 */
0x02,0x06,0x20,0x3F,0xCB,0xEC,0xF6,0x86,0x70,0x46,0x04,0x60,0xCE,0x04,0xA4,0x53,0xE6,0x08,

/* 审 */
0x0C,0x04,0xC4,0xCC,0x68,0x40,0x7F,0x86,0x48,0x7F,0x86,0x48,0x7F,0x84,0x48,0x04,0x00,0x40,

/* 婶 */
0x42,0x04,0xB4,0x4F,0xEF,0xB4,0x7F,0xCE,0xB4,0xAF,0xCA,0xB4,0x6F,0xC7,0xB0,0x93,0x00,0x30,

/* 甚 */
0x11,0x03,0x34,0xFF,0xC3,0x30,0x33,0x03,0xF0,0x33,0x4F,0xFE,0x4E,0x05,0x90,0x71,0xC7,0xFC,

/* 肾 */
0x10,0x0F,0xFC,0xF5,0x8F,0x30,0xF7,0xC3,0x94,0x3F,0x83,0xF0,0x21,0x03,0xF0,0x21,0x02,0x30,

/* 慎 */
0x42,0x05,0xFC,0x42,0x8E,0xF8,0xFF,0x8C,0x88,0x4F,0x84,0xF8,0x58,0xE4,0xD8,0x4C,0xC7,0x04,

/* 渗 */
0x06,0x04,0x50,0x7F,0x80,0xE8,0xFF,0xCA,0xD0,0x5A,0xC7,0x5E,0xDB,0x0C,0xDC,0xD7,0x03,0xC0,

/* 声 */
0x04,0x00,0xC4,0xFF,0xC0,0xCC,0x40,0x87,0xFC,0x64,0x86,0xC8,0x60,0x84,0x00,0xC0,0x08,0x00,

/* 生 */
0x04,0x02,0xC0,0x6C,0x07,0xFC,0x4C,0x0C,0xC0,0x8C,0x87,0xF8,0x0C,0x00,0xC0,0xFF,0xC0,0x00,

/* 甥 */
0x20,0x02,0x7C,0xED,0x4F,0xFC,0xAD,0x43,0xFC,0xF3,0x02,0xFC,0x2A,0x4F,0x64,0x8D,0xC3,0x08,

/* 牲 */
0x23,0x0E,0x70,0xEF,0x0F,0xFC,0xAB,0x02,0xB0,0x7B,0xCE,0x7C,0x23,0x02,0x30,0x3F,0xE2,0x00,

/* 升 */
0x09,0x03,0xF0,0xF3,0x03,0x30,0x33,0x4F,0xFE,0x33,0x03,0x30,0x23,0x02,0x30,0xC3,0x00,0x00,

/* 绳 */
0x00,0x06,0xF8,0x48,0x8B,0xF8,0xFA,0xCD,0xAC,0x5F,0xCF,0xAC,0x9F,0xC7,0x20,0xC2,0x60,0x3C,

/* 省 */
0x0C,0x03,0xD8,0x6D,0xC4,0xF6,0x8C,0x03,0xF8,0x70,0x8B,0xF8,0x31,0x83,0xF8,0x3F,0x83,0x18,

/* 盛 */
0x04,0x00,0x58,0x7F,0xC4,0x48,0x7F,0x85,0x30,0x77,0x49,0x9C,0x7F,0x87,0xF8,0x7F,0xCF,0xFC,

/* 剩 */
0x04,0x47,0xC4,0xFF,0xC7,0x9C,0x7F,0xC7,0xFC,0xFF,0xC3,0x1C,0x7D,0x4D,0x44,0x11,0xC1,0x08,

/* 胜 */
0x01,0x0F,0x30,0xB7,0x0B,0xF4,0xFF,0xCB,0xB0,0xF3,0x4F,0xFC,0xB3,0x0B,0x30,0xF3,0x42,0x90,

/* 圣 */
0x01,0x07,0xF8,0x13,0x00,0xE0,0x0F,0x03,0x1E,0xCC,0x00,0xC8,0x7F,0x80,0xC0,0xFF,0xE0,0x00,

/* 师 */
0x20,0x03,0xFE,0xE3,0x0A,0xFC,0xAB,0x4A,0xB4,0xAB,0x4A,0xB4,0xAB,0xC6,0xBC,0x43,0x08,0x20,

/* 失 */
0x04,0x02,0xC0,0x6C,0x07,0xFC,0x4C,0x08,0xC4,0xFF,0xE0,0xA0,0x0B,0x01,0x18,0x20,0xEC,0x04,

/* 狮 */
0x28,0x0F,0xFE,0xD9,0x0D,0xFC,0x5F,0xC5,0xF4,0xDB,0x4F,0xB4,0x7B,0xC4,0xBC,0xD1,0x0E,0x10,

/* 施 */
0x42,0x02,0x64,0x3F,0xC4,0xB0,0x5F,0xC7,0x7C,0x5F,0xC5,0x7C,0xF7,0x8B,0x62,0xE7,0xE0,0x38,

/* 湿 */
0x00,0x05,0xFC,0x78,0xCB,0x8C,0xF8,0xC5,0xDC,0x45,0x4D,0x54,0xDD,0x8D,0x50,0xFF,0xE0,0x00,

/* 诗 */
0x02,0x06,0x20,0x6F,0xC0,0x20,0xE6,0x65,0x18,0x41,0xC5,0xFC,0x5D,0x86,0x58,0x41,0x80,0x30,

/* 尸 */
0x00,0x07,0xFC,0x60,0xC6,0x0C,0x7F,0xC6,0x08,0x60,0x06,0x00,0x40,0x0C,0x00,0x80,0x00,0x00,

/* 虱 */
0x00,0x0F,0xF8,0x0F,0x0F,0xD0,0x55,0x07,0xF0,0x55,0x87,0xD8,0x54,0xA1,0x6C,0xFE,0x68,0x22,

/* 十 */
0x04,0x00,0xC0,0x0C,0x00,0xC0,0x0C,0x4F,0xFC,0x0C,0x00,0xC0,0x0C,0x00,0xC0,0x0C,0x00,0xC0,

/* 石 */
0x00,0x0F,0xFC,0x18,0x01,0x00,0x30,0x03,0xF8,0x71,0x8B,0x18,0x31,0x83,0x18,0x31,0x82,0x00,

/* 拾 */
0x02,0x06,0x70,0x75,0x0F,0xD8,0x48,0xE7,0xFC,0xE0,0x8C,0xF8,0x48,0x84,0x88,0xCF,0x8C,0x88,

/* 时 */
0x00,0x8B,0x18,0xF1,0xC9,0xFE,0x91,0x8F,0x58,0x95,0x89,0x58,0xF1,0x8B,0x18,0x83,0x80,0x10,

/* 什 */
0x32,0x03,0x20,0x22,0x06,0x20,0x63,0x6E,0x20,0x62,0x06,0x20,0x62,0x06,0x20,0x62,0x06,0x20,

/* 食 */
0x08,0x01,0xE0,0x3B,0x06,0xDE,0xFF,0x42,0x10,0x3F,0x03,0xF0,0x29,0x82,0x70,0x3D,0x82,0x08,

/* 蚀 */
0x43,0x04,0x30,0xFB,0x4B,0xFC,0xEB,0x44,0xB4,0x4F,0xC4,0xB4,0x53,0x86,0x34,0x5F,0xE4,0x00,

/* 实 */
0x08,0x00,0xC0,0x7F,0xCD,0x68,0x9E,0x02,0x40,0x34,0x0B,0x6C,0x0C,0x00,0xF0,0x31,0x8C,0x08,

/* 识 */
0x00,0x06,0xFC,0x6C,0xC0,0xCC,0xEC,0xC6,0xCC,0x6F,0xC6,0xD0,0x76,0x86,0xC4,0x78,0x62,0x00,

/* 史 */
0x0C,0x00,0xC0,0x7F,0x84,0xC8,0x4C,0x84,0xC8,0x7F,0x81,0x80,0x18,0x01,0xC0,0x37,0xCC,0x08,

/* 矢 */
0x20,0x02,0x08,0x7F,0xC4,0x80,0x88,0x08,0x8C,0x9C,0x01,0xC0,0x12,0x03,0x30,0x61,0xE8,0x0C,

/* 使 */
0x22,0x02,0x24,0x7F,0xE4,0x28,0xDF,0xCD,0x2C,0x5F,0xC5,0xA8,0x4E,0x04,0x60,0x4F,0xC7,0x0C,

/* 屎 */
0x00,0x07,0xFC,0x40,0xC7,0xFC,0x44,0x85,0x58,0x5F,0xC4,0xE0,0x5D,0x09,0x5C,0xE4,0xE0,0x40,

/* 驶 */
0x01,0x0F,0x10,0xFF,0xCF,0xF4,0xA9,0x4A,0xF4,0xFF,0xC1,0x60,0xF6,0x03,0x70,0x6D,0xE7,0x04,

/* 始 */
0x21,0x06,0x30,0x42,0x8F,0xCC,0x5F,0xE5,0x40,0xD4,0x4F,0x7C,0x64,0x47,0x44,0xD7,0xC0,0x44,

/* 式 */
0x05,0x00,0x58,0x06,0xCF,0xFC,0x06,0x0F,0xE0,0x22,0x02,0x20,0x23,0x03,0x90,0xE1,0xC0,0x04,

/* 示 */
0x00,0x87,0xF8,0x00,0x00,0x00,0xFF,0xE0,0xC0,0x3D,0x06,0xD8,0x4C,0xCC,0xC4,0x9C,0x40,0x80,

/* 士 */
0x00,0x00,0xC0,0x0C,0x00,0xC0,0x0C,0x4F,0xFC,0x0C,0x00,0xC0,0x0C,0x00,0xC0,0x0C,0xC0,0x00,

/* 世 */
0x09,0x06,0x90,0x69,0x06,0x94,0xFF,0xE6,0x90,0x69,0x06,0x90,0x6F,0x06,0x80,0x60,0xC6,0x00,

/* 柿 */
0x62,0x06,0x30,0x7F,0xEF,0x30,0x6F,0x47,0xF4,0xFB,0x4E,0xB4,0x6B,0x46,0xBC,0x63,0x04,0x30,

/* 事 */
0x0C,0x0F,0xFC,0x0D,0x87,0xF8,0x7F,0x86,0xD8,0x4D,0xCF,0xFE,0x0D,0x80,0xD8,0x1C,0x00,0x80,

/* 拭 */
0x61,0x06,0x1C,0x61,0x4F,0xFC,0x61,0x07,0xF0,0xE5,0x0E,0x58,0x65,0x86,0xEA,0xF8,0x64,0x02,

/* 誓 */
0x20,0x8F,0xF0,0x3F,0xEE,0x58,0x69,0x87,0xDC,0xFF,0xC3,0xF8,0x7F,0x83,0xF8,0x3F,0x02,0x10,

/* 逝 */
0x08,0x0C,0xBC,0x4A,0x01,0xE4,0x0B,0xCE,0xE8,0x7A,0x84,0xA8,0x4E,0x85,0xC8,0xF9,0xE0,0xFC,

/* 势 */
0x22,0x02,0x20,0xFF,0x83,0xE8,0xE6,0x82,0xEC,0x78,0xC7,0x90,0x19,0x81,0x10,0x67,0x08,0x20,

/* 是 */
0x01,0x03,0xF0,0x3F,0x03,0x10,0x3F,0x02,0x14,0xFF,0xC3,0x48,0x27,0x87,0x40,0xDF,0xE8,0x3C,

/* 嗜 */
0x02,0x00,0xFC,0xE3,0x8B,0xFE,0xA6,0x8A,0xF2,0xA7,0xEE,0xB8,0x8C,0xC8,0xFC,0x0C,0xC0,0xCC,

/* 噬 */
0x09,0x8E,0x94,0xBF,0xCB,0x68,0xB2,0x4B,0xFC,0xAA,0x8A,0xB8,0xFF,0xC9,0x34,0x22,0x40,0x00,

/* 适 */
0x00,0x85,0xF8,0x62,0x01,0x6C,0x02,0x0E,0xA8,0x4F,0x84,0x88,0x48,0x86,0x88,0xFF,0xE0,0xFC,

/* 仕 */
0x22,0x02,0x20,0x62,0x06,0x20,0xFF,0xEE,0x20,0x62,0x06,0x20,0x62,0x06,0x20,0x7F,0xC4,0x00,

/* 侍 */
0x22,0x02,0x60,0x7F,0xC4,0x60,0xC6,0x4D,0xFC,0x41,0x45,0xFC,0x49,0x04,0xD0,0x43,0x04,0x30,

/* 释 */
0x10,0x8F,0x7C,0xFB,0x8F,0x30,0xFF,0xC6,0xBC,0x77,0x8F,0x30,0xEF,0xC6,0x30,0x63,0x04,0x20,

/* 饰 */
0x44,0x04,0x40,0x7F,0xE9,0xB0,0xFB,0x45,0xFC,0x4B,0x44,0xB4,0x5B,0x46,0xBC,0x4B,0x00,0x30,

/* 氏 */
0x01,0x07,0xF8,0x4C,0x04,0x40,0x44,0xC7,0xFC,0x44,0x04,0x40,0x46,0x07,0x34,0xE1,0xC0,0x04,

/* 市 */
0x08,0x00,0xC4,0xFF,0xE0,0xC0,0x7F,0x86,0xC8,0x4C,0x84,0xC8,0x4C,0x84,0xF8,0x0C,0x00,0xC0,

/* 恃 */
0x42,0x04,0x20,0x5F,0xC7,0x20,0xD6,0x6C,0x18,0x41,0xC5,0xFC,0x49,0x04,0xD0,0x43,0x04,0x30,

/* 室 */
0x08,0x00,0xC4,0xFF,0xE8,0x18,0x7F,0x81,0x20,0x7F,0x86,0xC8,0x0D,0x87,0xF8,0x0C,0x4F,0xFC,

/* 视 */
0x40,0x06,0xFC,0x6A,0x8F,0xA8,0x2A,0x86,0xA8,0xFF,0x85,0xF8,0x47,0x04,0x54,0x49,0xE7,0x00,

/* 试 */
0x03,0x0C,0x3C,0x43,0x43,0xFC,0x41,0x0D,0xF0,0x4D,0x04,0xD0,0x6D,0x86,0xE8,0xF8,0xC0,0x04,

/* 收 */
0x24,0x02,0x40,0xA4,0x4A,0xFC,0xAD,0x0B,0xD0,0xB5,0x0E,0x70,0xE2,0x0A,0x70,0x2D,0xC3,0x04,

/* 手 */
0x01,0x87,0xF8,0x0C,0x00,0xC8,0x7F,0x80,0xC0,0xFF,0xE0,0xC0,0x0C,0x00,0xC0,0x1C,0x00,0x80,

/* 首 */
0x01,0x01,0x30,0xFF,0xE0,0xC0,0x3F,0x82,0x10,0x3F,0x02,0x10,0x3F,0x02,0x10,0x3F,0x06,0x10,

/* 守 */
0x0C,0x00,0x40,0x7F,0xC8,0x28,0x82,0x0F,0xFE,0x02,0x02,0x20,0x32,0x01,0x20,0x06,0x00,0x60,

/* 寿 */
0x08,0x00,0xCC,0x58,0x87,0xF8,0x18,0x4F,0xFC,0x11,0x03,0xFC,0x69,0x0C,0x90,0x07,0x00,0x30,

/* 授 */
0x40,0x86,0xFC,0x6A,0xCF,0xF8,0x7F,0xC7,0x04,0xEF,0x8C,0x58,0x47,0x04,0x70,0xCD,0xC7,0x04,

/* 售 */
0x2C,0x06,0x4C,0x64,0x8F,0xF8,0xE4,0x87,0xF8,0x6C,0xC6,0x00,0x3F,0x82,0x18,0x3F,0x82,0x08,

/* 受 */
0x01,0x07,0xF8,0x29,0x83,0x70,0x7F,0xC8,0x0C,0xBF,0x81,0x20,0x0C,0x00,0xC0,0x3B,0xCC,0x08,

/* 瘦 */
0x04,0x06,0x6C,0x6E,0x8D,0xFC,0xD6,0xC5,0x7C,0xDF,0xC5,0x68,0x5F,0x84,0x70,0x8F,0xC7,0x0C,

/* 兽 */
0x12,0x01,0xA0,0x7F,0x86,0xD8,0x6D,0x87,0xF8,0x40,0xCF,0xFC,0x3F,0x82,0x10,0x3F,0x82,0x10,

/* 蔬 */
0x12,0x0F,0xFC,0x32,0x01,0x24,0xBF,0xC6,0x58,0xEF,0xCF,0xF8,0xEB,0x8F,0xBC,0xCB,0xC3,0x2C,

/* 枢 */
0x40,0x04,0xFE,0x48,0x8F,0xCC,0x4B,0x86,0x90,0xF9,0x8C,0xA8,0x4C,0xC4,0xC0,0x4F,0xE4,0x80,

/* 梳 */
0x42,0x04,0x24,0x5F,0xCF,0x60,0x4C,0xCF,0xF4,0xFB,0x8C,0xA8,0x4A,0x84,0xA8,0x5A,0xE7,0x2C,

/* 殊 */
0x02,0x03,0xE0,0x4F,0xC4,0xFC,0xFA,0x0B,0xFC,0xE7,0x06,0x78,0x6A,0x85,0xAC,0xA2,0x60,0x20,

/* 抒 */
0x60,0x06,0xFC,0x71,0x8F,0x30,0x61,0x47,0xFE,0xE1,0x8E,0x10,0x61,0x06,0x10,0xE7,0x04,0x30,

/* 输 */
0x42,0x04,0x70,0xF5,0x8C,0xFE,0xF0,0x0F,0xFC,0xFF,0xC7,0xFC,0xFF,0xC6,0xFC,0x7F,0xC4,0xC8,

/* 叔 */
0x20,0x02,0x0C,0x3E,0xC2,0x2C,0x22,0x8F,0xE8,0x33,0x8E,0x90,0xAD,0x0A,0x78,0x64,0xE7,0x84,

/* 舒 */
0x20,0x07,0x7C,0x5A,0x8D,0xB0,0xE1,0x02,0xFE,0xA1,0x4F,0x90,0xD9,0x0D,0x90,0xFB,0x08,0x30,

/* 淑 */
0x08,0x05,0x84,0x6F,0x4A,0x94,0xC9,0x47,0xFC,0x49,0x8F,0xD8,0xAF,0x8E,0xB8,0xDE,0xE9,0xC4,

/* 疏 */
0x02,0x01,0x2C,0xB7,0xC2,0x78,0xEF,0xCF,0xE4,0xEE,0x8E,0xE8,0xFA,0x8E,0xA8,0x9A,0xE2,0x24,

/* 书 */
0x08,0x00,0x8C,0x08,0xC7,0xF8,0x09,0x80,0x94,0xFF,0xC0,0x84,0x08,0x40,0x9C,0x08,0x80,0x80,

/* 赎 */
0x02,0x0F,0x38,0x9F,0xCF,0x34,0xFF,0xEF,0x78,0xFD,0x0F,0x54,0xDF,0xE7,0x30,0x96,0xC1,0x84,

/* 孰 */
0x22,0x02,0xA0,0xFA,0x0F,0xFC,0xFA,0x8D,0xA8,0xFE,0x83,0xF8,0xE7,0x82,0x4E,0x68,0x63,0x00,

/* 熟 */
0x22,0x0B,0xA0,0xFF,0x85,0xA8,0x7A,0x8F,0xE8,0x3F,0xAF,0x5E,0x68,0x67,0x48,0x96,0xC9,0x24,

/* 薯 */
0x12,0x0F,0xFE,0x73,0x87,0xE8,0x7F,0x84,0xE8,0x0F,0xCF,0xFC,0x3F,0x8F,0xF8,0x31,0x83,0x18,

/* 暑 */
0x21,0x02,0x18,0x21,0x03,0xFC,0x2F,0xC0,0xB0,0xFF,0xE3,0xF8,0x71,0x8B,0xF8,0x3F,0x82,0x00,

/* 曙 */
0x00,0x0F,0xFC,0xAF,0x4A,0xE4,0xEF,0xCA,0x3C,0xBF,0xEA,0x7C,0xFC,0xCA,0x7C,0x07,0xC0,0x44,

/* 署 */
0x40,0x85,0xAC,0x7E,0xC4,0xC8,0x3F,0x80,0xF4,0xFF,0xC3,0xF8,0x71,0x8B,0xF8,0x3F,0x80,0x00,

/* 蜀 */
0x40,0xC5,0xAC,0x5A,0xC7,0xFC,0x38,0xC6,0xAC,0xFF,0x42,0xA4,0x3E,0x47,0xFC,0x43,0xC0,0x18,

/* 黍 */
0x03,0x07,0xF0,0xFF,0xC1,0xE0,0x2D,0x8D,0xE4,0x2F,0xCF,0xFC,0x1E,0x03,0xF8,0x5C,0x80,0x80,

/* 鼠 */
0x10,0x06,0x78,0x5F,0x84,0x18,0x7F,0x84,0xD0,0x7F,0x04,0xF0,0x7F,0x85,0xA8,0xEC,0xCC,0x86,

/* 属 */
0x40,0x04,0x0C,0x7F,0xC4,0x38,0x5E,0x85,0xF8,0x5F,0x87,0x6C,0xF7,0x4B,0xFC,0xB1,0xC2,0x0C,

/* 术 */
0x0C,0x00,0xF0,0x0D,0x8F,0xFC,0x1E,0x01,0xE0,0x3F,0x02,0xD0,0x4D,0xC8,0xCC,0x0C,0x00,0x80,

/* 述 */
0x02,0x04,0x38,0x62,0xC3,0xFC,0x0E,0x0E,0xF0,0x4A,0x85,0x2C,0x62,0x46,0x60,0xBF,0xE0,0xFC,

/* 树 */
0x40,0x84,0x08,0x5E,0x8F,0x7E,0x54,0x8E,0xE8,0xFF,0x8D,0xD8,0x54,0x87,0x08,0x43,0x84,0x18,

/* 束 */
0x0C,0x00,0xC4,0x8C,0x04,0xC8,0x6D,0x84,0xC8,0x7F,0x85,0xE8,0x3F,0x06,0xDC,0xCC,0xC0,0x80,

/* 戍 */
0x04,0x00,0x58,0x04,0xC7,0xFC,0x44,0x86,0x78,0x77,0x85,0xB0,0x43,0x2C,0x72,0x98,0xE0,0x06,

/* 竖 */
0x30,0x0F,0xF8,0xF5,0x8F,0x70,0xF7,0x0F,0x9C,0x3C,0x0F,0xF8,0x23,0x01,0x20,0x14,0x4F,0xFC,

/* 墅 */
0x00,0x0F,0xFC,0xF9,0x8E,0x9C,0xFB,0xEF,0xDC,0x31,0x8F,0xF0,0x0C,0x87,0xF8,0x0C,0x4F,0xFE,

/* 庶 */
0x04,0x04,0x44,0x7F,0xC4,0x90,0x49,0x46,0x90,0x49,0x04,0xF0,0x49,0x0E,0xAC,0xAF,0x46,0x04,

/* 数 */
0x21,0x0E,0xB0,0xFA,0x4F,0xFC,0x7E,0x8A,0xE8,0x23,0x8F,0xB0,0x5B,0x07,0x38,0x7C,0xC9,0x80,

/* 漱 */
0x09,0x8C,0x98,0x7F,0x03,0xDE,0xFF,0xC7,0xF8,0x7D,0x8D,0xD8,0xDF,0xCA,0x94,0xCA,0x68,0xC4,

/* 恕 */
0x20,0x02,0x24,0xFE,0xC6,0xA4,0x5A,0x47,0xBC,0x3E,0x4C,0x20,0x3C,0x85,0x54,0xD1,0x49,0xF0,

/* 刷 */
0x00,0x47,0xC4,0x45,0x47,0xD4,0x59,0x47,0xD4,0xFD,0x4F,0x54,0xF5,0x4F,0xC4,0x1D,0xC1,0x0C,

/* 耍 */
0x00,0x4F,0xFC,0x7F,0x85,0xE8,0x56,0x85,0xB8,0x58,0x4F,0xFE,0x36,0x01,0xE0,0x3B,0x8C,0x08,

/* 摔 */
0x42,0x04,0x34,0x76,0xCF,0x7C,0x4F,0x86,0x68,0xDF,0xCF,0x78,0x7F,0xE4,0x20,0xC2,0x04,0x20,

/* 衰 */
0x08,0x00,0xC4,0x21,0x03,0xF8,0x21,0xCF,0xFC,0x3F,0x03,0xD8,0x33,0x07,0x30,0x9D,0xE1,0x04,

/* 甩 */
0x40,0x86,0xD8,0x4C,0x87,0xF8,0x4C,0x84,0xC8,0x7F,0x84,0xC8,0x4F,0x88,0xD4,0x0F,0xE0,0x00,

/* 帅 */
0x01,0x03,0x30,0xF3,0x4F,0xFC,0xFF,0x4F,0xF4,0xFF,0x4F,0xF4,0xEF,0xC2,0xBC,0x43,0x08,0x30,

/* 栓 */
0x42,0x04,0x70,0x55,0x0F,0xD8,0x48,0xEF,0xFC,0xF2,0x0C,0x2C,0x4B,0x04,0x20,0x62,0x44,0x00,

/* 拴 */
0x42,0x04,0x60,0x55,0x0F,0xC8,0x58,0xE7,0xF0,0xE2,0x0C,0xF8,0x42,0x04,0x20,0xDF,0xCC,0x00,

/* 霜 */
0x01,0x86,0xCC,0xFF,0xCB,0xF8,0x7F,0x02,0x78,0xFC,0x86,0x78,0x7C,0x8A,0xC8,0x27,0x82,0x40,

/* 双 */
0x00,0x0F,0xFC,0x14,0xC9,0x48,0x54,0x87,0x38,0x23,0x07,0x30,0x53,0x89,0x4C,0x18,0xE0,0x00,

/* 爽 */
0x0C,0x00,0xCC,0xFF,0xC7,0xF8,0x7B,0x89,0xCC,0x6F,0x86,0xF8,0x9A,0x41,0x30,0x61,0xCC,0x04,

/* 谁 */
0x04,0x04,0xD0,0x4B,0xC1,0xB0,0xFB,0x46,0xFC,0x49,0x05,0xFC,0x69,0x06,0x94,0x4F,0xE0,0x80,

/* 水 */
0x0C,0x00,0xC0,0x0C,0x81,0xD8,0xFF,0x03,0xE0,0x2E,0x02,0xD0,0x4D,0x8C,0xCE,0x1C,0x40,0x80,

/* 睡 */
0x00,0x8E,0xF8,0xA2,0x0B,0xFC,0xEA,0x8A,0xFC,0xBF,0x8E,0xA8,0xBF,0xCE,0x20,0xA2,0xC8,0x00,

/* 税 */
0x00,0x8F,0x48,0x67,0x07,0xFC,0xFC,0xC6,0xCC,0x7F,0xCF,0xF0,0x67,0x06,0x50,0x6D,0x67,0x1C,

/* 吮 */
0x02,0x0A,0x70,0xF4,0x8B,0x8C,0xBF,0xCB,0x50,0xB5,0x0F,0x50,0x8D,0x00,0x94,0x11,0xE6,0x1C,

/* 瞬 */
0x00,0x8E,0xF8,0xAA,0x8A,0xF8,0xFF,0xEB,0x8C,0xAF,0xCB,0x78,0xBF,0xCE,0xA8,0xB0,0x8A,0x08,

/* 顺 */
0x00,0x0F,0xFC,0xFF,0x4F,0xFC,0xFD,0x4F,0xD4,0xFD,0x4F,0xD4,0xBF,0x49,0xAC,0x1C,0x40,0x80,

/* 舜 */
0x03,0x87,0xF8,0x25,0x07,0x74,0xE1,0xCA,0x14,0x7F,0xC7,0xD0,0xB7,0xC3,0x50,0x61,0x08,0x10,

/* 说 */
0x08,0x86,0xD8,0x65,0x00,0xFC,0xC8,0x84,0x88,0x4F,0x84,0xF0,0x57,0x06,0xF4,0x4B,0xE3,0x1C,

/* 硕 */
0x10,0x4F,0xFC,0x42,0x04,0x7C,0xF7,0xCD,0x7C,0xD7,0xC5,0x6C,0x7F,0x47,0x68,0x4C,0xC1,0x00,

/* 朔 */
0x08,0x05,0x3C,0x5E,0x4F,0xE4,0xAB,0xCA,0xA4,0xAA,0x4F,0xBC,0x22,0x46,0x44,0xCC,0xC1,0x04,

/* 烁 */
0x40,0x06,0xFC,0x7E,0x07,0xB0,0xEB,0x0E,0xB4,0x4B,0x06,0x78,0x7F,0xC5,0xB6,0x97,0x40,0x30,

/* 斯 */
0x58,0x05,0xBC,0xFE,0x05,0xA0,0x5B,0xE7,0xAC,0x5A,0x8F,0xE8,0x72,0x84,0xC8,0x8C,0x80,0x08,

/* 撕 */
0x54,0x05,0x5C,0x7F,0x0F,0x50,0x5D,0xE7,0x5C,0xD5,0xC7,0xFC,0x5F,0xC5,0x6C,0xE6,0xCC,0x04,

/* 嘶 */
0x14,0x01,0x5C,0xFF,0x0D,0x50,0xDD,0x4D,0xDC,0xDD,0x8F,0xF8,0xDA,0x83,0x68,0x26,0x84,0x88,

/* 思 */
0x00,0x07,0xF8,0x4C,0x87,0xF8,0x4C,0x86,0xC8,0x7F,0x82,0xC8,0x74,0xCB,0x56,0xB3,0x01,0xF0,

/* 私 */
0x18,0x0F,0x98,0x21,0x02,0xD0,0xFF,0x07,0x20,0x7A,0x0E,0xA8,0xA4,0xC2,0x7C,0x26,0x42,0x00,

/* 司 */
0x00,0x07,0xFC,0x00,0xCF,0xFC,0x00,0xC7,0xEC,0x64,0xC6,0x4C,0x7C,0xC6,0x4C,0x03,0xC0,0x08,

/* 丝 */
0x01,0x03,0x10,0x23,0x05,0xAC,0xDF,0x8F,0x70,0x23,0x04,0x20,0xFF,0x80,0x00,0x00,0xC0,0x00,

/* 死 */
0x00,0x4F,0xFC,0x22,0x02,0x20,0x7E,0xC4,0xB8,0xFA,0x0B,0x20,0x32,0x42,0x24,0xC3,0xE0,0x00,

/* 肆 */
0x02,0x0F,0x3C,0x87,0xCF,0xFE,0x93,0xCF,0xFC,0xD2,0x0C,0xFC,0xE2,0x4B,0xFC,0xF2,0x00,0x20,

/* 寺 */
0x0C,0x00,0xC0,0x7F,0x80,0xC0,0x0C,0x40,0x30,0x03,0x4F,0xFC,0x33,0x01,0x30,0x03,0x00,0x20,

/* 嗣 */
0x00,0x4D,0xA4,0xC8,0xCF,0xFC,0xC8,0x4F,0xFC,0xDF,0xCF,0xFC,0xFF,0xCF,0xC4,0xD8,0xC8,0x8C,

/* 四 */
0x00,0x0F,0xFC,0xD6,0xCD,0x6C,0xD6,0xCD,0x6C,0xD6,0xCE,0x3C,0xC0,0xCF,0xFC,0xC0,0xC0,0x00,

/* 伺 */
0x20,0x02,0xFC,0x60,0x45,0xF4,0xC0,0x4D,0xF4,0x5A,0x45,0xA4,0x5E,0x45,0x84,0x41,0xC4,0x08,

/* 似 */
0x20,0x02,0x0C,0x7E,0xC5,0xAC,0xDA,0xCD,0x88,0x58,0x85,0xA8,0x5D,0x85,0x9C,0x56,0x45,0x84,

/* 饲 */
0x40,0x04,0xFC,0x70,0x4F,0xFC,0xE0,0x4C,0xF4,0x49,0x44,0xB4,0x4F,0x47,0x84,0x61,0xC4,0x0C,

/* 巳 */
0x00,0x07,0xF8,0x41,0x84,0x18,0x41,0x87,0xF8,0x40,0x04,0x04,0x40,0x46,0x04,0x7F,0xC0,0x00,

/* 松 */
0x40,0x06,0x50,0x65,0x0F,0xD0,0x68,0x87,0xAC,0xF2,0x4F,0x60,0x65,0x06,0xC8,0x7F,0xC4,0x08,

/* 耸 */
0x22,0x02,0x30,0x7D,0x04,0xCC,0x98,0xC7,0xF8,0x3F,0x02,0x30,0x3F,0x02,0x3C,0xFB,0x00,0x30,

/* 怂 */
0x22,0x03,0x20,0x22,0x02,0x30,0x33,0x05,0xD8,0x4C,0xC9,0x84,0x2C,0x8A,0x54,0xB3,0x43,0xF0,

/* 颂 */
0x00,0x66,0x30,0x52,0x09,0x7C,0xBD,0x46,0x54,0x65,0x47,0x54,0xF7,0x4F,0x38,0x04,0xC1,0x84,

/* 送 */
0x00,0x04,0xD8,0x6D,0x01,0xFC,0x06,0x0E,0x64,0x5F,0xC4,0x70,0x45,0x87,0x88,0xBF,0xE0,0xFC,

/* 宋 */
0x08,0x04,0xC4,0xFF,0xC8,0xC8,0x0C,0x4F,0xFC,0x1E,0x03,0xE0,0x6D,0x84,0xCC,0x8C,0x00,0x80,

/* 讼 */
0x00,0x06,0x50,0x6D,0x00,0xD8,0x48,0xC5,0x2E,0x52,0x44,0x60,0x55,0x06,0xC8,0xCF,0xC4,0x88,

/* 诵 */
0x00,0xC5,0xFC,0x43,0x01,0xFC,0xDA,0x45,0xBC,0x5A,0x45,0xB4,0x5A,0x47,0xA4,0x5B,0xC0,0x28,

/* 搜 */
0x42,0x04,0xFC,0x5A,0xCF,0xEC,0x5A,0xC7,0xFC,0xCA,0x85,0xF8,0x45,0x84,0x70,0xC7,0xCF,0x0C,

/* 艘 */
0x21,0x06,0xF4,0xF9,0x4F,0xFC,0xFF,0x4F,0xF4,0xDB,0x4F,0xFC,0xF2,0x89,0x38,0xF3,0xC3,0xC4,

/* 擞 */
0x48,0x85,0xF8,0x5F,0x0F,0xFE,0x5F,0xC7,0xBC,0xE9,0x87,0xF8,0x55,0x85,0xDC,0xDE,0x66,0x40,

/* 嗽 */
0x08,0x80,0x98,0xFD,0x0F,0xFE,0xFF,0xCF,0xF8,0xFD,0x8D,0xD8,0x9F,0x82,0xBC,0x4A,0x40,0xC4,

/* 苏 */
0x33,0x03,0x36,0x33,0x03,0xA0,0x0D,0x01,0xB0,0x49,0x85,0x94,0xDB,0x63,0x34,0x6E,0x08,0x40,

/* 酥 */
0x08,0xCF,0xF8,0x79,0x0F,0x94,0xFF,0xCF,0xB8,0xDB,0x89,0xDC,0xFD,0x69,0x90,0xF9,0x08,0x10,

/* 俗 */
0x24,0x02,0xC8,0x6A,0xC5,0x60,0xE5,0x0C,0x8C,0x58,0xC6,0xF8,0x48,0x84,0x88,0x4F,0x84,0x88,

/* 素 */
0x0C,0x07,0xFC,0x0C,0x87,0xF8,0xFF,0xE1,0xB0,0x3E,0x03,0xB8,0x7E,0x83,0xD8,0x5C,0x88,0x80,

/* 速 */
0x02,0x04,0x64,0x7F,0xC1,0xE8,0x1E,0x8D,0xE8,0x5E,0x84,0xF0,0x5A,0xC6,0x60,0xBF,0xE0,0xFC,

/* 粟 */
0x00,0x4F,0xFC,0x7F,0x85,0xA8,0x7F,0x84,0xD8,0x3F,0x0F,0xFE,0x1E,0x02,0xF8,0xCC,0xE0,0xC0,

/* 僳 */
0x20,0x47,0xFC,0x5F,0xC5,0x7C,0xD7,0xCD,0xFC,0x4B,0x84,0xF4,0x7F,0xC4,0xF8,0x52,0xE4,0x20,

/* 塑 */
0x48,0x05,0x3C,0xFE,0x4E,0xBC,0xEA,0x4F,0xFC,0x24,0xC4,0xDC,0x9C,0x87,0xF8,0x0C,0x4F,0xFC,

/* 溯 */
0x04,0x05,0xDC,0x7F,0x4B,0xD4,0xFD,0xC7,0xD4,0x7D,0xCF,0xF4,0xDB,0x4D,0x24,0xE6,0xC4,0x84,

/* 宿 */
0x0C,0x07,0xFC,0xE0,0xCB,0x0C,0x66,0x06,0xE8,0xEF,0x8E,0x88,0x6F,0x86,0x88,0x6F,0x86,0x88,

/* 诉 */
0x00,0x86,0xFC,0x28,0x00,0x84,0xEF,0xC4,0x90,0x4B,0x05,0x9C,0x69,0x47,0x10,0x71,0x02,0x10,

/* 肃 */
0x08,0x07,0xF8,0x0D,0xCF,0xFC,0x0D,0x86,0xD8,0x4C,0x85,0xE8,0x7A,0x86,0xB8,0xA8,0x80,0x88,

/* 酸 */
0x03,0x0F,0x28,0x66,0xCF,0xF4,0xF6,0xCF,0xE4,0xBB,0xC9,0x6C,0xFF,0x89,0xB0,0xF6,0xE9,0x84,

/* 蒜 */
0x12,0x0F,0xFE,0x12,0x01,0x28,0x7F,0x80,0x04,0xFF,0xE7,0x78,0xFD,0xCA,0xD6,0x6B,0x06,0x30,

/* 算 */
0x22,0x06,0xFC,0xF5,0x0B,0xD0,0x3F,0x02,0x10,0x3F,0x07,0xF0,0xFB,0xE3,0x30,0x23,0x0C,0x20,

/* 虽 */
0x00,0x03,0xF8,0x21,0x83,0xF8,0x2C,0x07,0xF8,0x4C,0x84,0xC8,0x7F,0x80,0xD8,0xFF,0xCE,0x04,

/* 隋 */
0x04,0x0F,0x44,0xAF,0xCA,0xF8,0xDB,0x4B,0x8C,0xBF,0xCF,0xFC,0xEC,0xC8,0xCC,0x8D,0xC8,0x88,

/* 随 */
0x01,0x0F,0x34,0xBF,0xCC,0xA0,0xC7,0xCF,0xBC,0xAA,0xCA,0xBC,0xEA,0xC9,0xAC,0xBE,0xCA,0x3C,

/* 绥 */
0x00,0x86,0x7C,0x4A,0x4B,0xAC,0xEA,0x8E,0x20,0x46,0x4F,0x58,0xCD,0x07,0x70,0xC7,0x83,0x84,

/* 髓 */
0x01,0x0F,0xFE,0xFF,0x4F,0x3C,0xFF,0xEF,0x3C,0xDF,0xCF,0xFC,0xFE,0x4D,0xEC,0xFF,0xEA,0x1C,

/* 碎 */
0x02,0x0F,0x34,0x4F,0xC4,0x48,0xED,0x8F,0xF4,0xFB,0x4F,0x34,0xFF,0xCF,0x30,0xC3,0x00,0x20,

/* 岁 */
0x04,0x04,0x4C,0x44,0xC7,0xFC,0x48,0x01,0x88,0x3F,0x83,0x90,0x4A,0x08,0xE0,0x18,0x0E,0x00,

/* 穗 */
0x03,0x0F,0xFE,0x6B,0x47,0xFC,0x6F,0xC6,0xFC,0xFF,0xCF,0xFC,0xEA,0x06,0xFC,0x74,0xE6,0x78,

/* 遂 */
0x09,0x0C,0xD0,0x5F,0xC0,0x60,0x0C,0xCF,0x70,0x4B,0x87,0x7C,0x4B,0x45,0x70,0xBF,0xC0,0xFC,

/* 隧 */
0x04,0x8E,0x68,0xBF,0xCD,0x20,0xC6,0xCF,0xB8,0xBD,0x8F,0xBC,0xD5,0x49,0xB0,0xBF,0xC8,0x1C,

/* 祟 */
0x0C,0x04,0xC8,0x7F,0x84,0xC8,0xCC,0xC4,0x18,0x7F,0x80,0x04,0xAF,0x06,0xD8,0xDC,0xC0,0x80,

/* 孙 */
0x01,0x0F,0x90,0x11,0x02,0x10,0x27,0x87,0x5C,0xED,0x4A,0x94,0x39,0x63,0x10,0xE7,0x04,0x20,

/* 损 */
0x20,0x02,0x7C,0x34,0x4F,0xFC,0x2C,0x43,0xFC,0xED,0x4A,0xD4,0x2F,0x42,0xBC,0xE6,0xC7,0x86,

/* 笋 */
0x62,0x07,0xFC,0xE5,0x0B,0x90,0x7F,0x01,0x94,0xFF,0xC1,0x10,0xFF,0x03,0x00,0x60,0x08,0x00,

/* 蓑 */
0x12,0x0F,0xFE,0x1E,0x0F,0xFC,0x3F,0x02,0x14,0xFF,0xC3,0xF0,0x35,0x87,0x30,0x9D,0xC1,0x04,

/* 梭 */
0x42,0x04,0x60,0x4D,0xCF,0xF4,0x65,0x8F,0xCC,0xDF,0xC4,0xD8,0x5B,0x05,0x30,0x47,0xC5,0x84,

/* 唆 */
0x02,0x08,0x70,0xEC,0xCB,0xFC,0xAD,0x8A,0xCC,0xBF,0xCE,0xD8,0xBB,0x0B,0x30,0x07,0xE3,0x84,

/* 缩 */
0x42,0x04,0xFC,0xF8,0x4B,0xCC,0xE9,0x05,0x94,0xFF,0xCF,0xE4,0x0F,0xCF,0xE4,0x8F,0xC0,0xC4,

/* 琐 */
0x01,0x01,0xF4,0xE7,0x84,0x7C,0x4F,0xCF,0xF4,0x4F,0x44,0xF4,0x7E,0x4E,0x78,0x8C,0xE1,0x82,

/* 索 */
0x0C,0x04,0xD8,0x0C,0x0F,0xFC,0x98,0x4B,0x70,0x3E,0x03,0xB0,0x7F,0x83,0xD0,0xCC,0x80,0x80,

/* 锁 */
0x61,0x05,0xD4,0xF5,0x88,0x7C,0xFF,0xC4,0x54,0xFF,0x44,0x74,0x4F,0x47,0x78,0x66,0xC5,0x84,

/* 所 */
0x00,0x07,0xFC,0x46,0x05,0x60,0x5F,0xE5,0x78,0x74,0x85,0x48,0xC4,0x88,0xC8,0x98,0x82,0x08,

/* 塌 */
0x40,0x04,0xCC,0x4F,0xC7,0xCC,0xFF,0xC5,0xFC,0x57,0x47,0xFC,0xEE,0xC9,0xF4,0x0E,0xC0,0x4C,

/* 他 */
0x22,0x02,0x20,0x6A,0x05,0xBC,0xDE,0xCF,0xAC,0x5A,0xC5,0xB8,0x5A,0x85,0xA4,0x4F,0xE4,0xF8,

/* 它 */
0x08,0x00,0xC0,0xFF,0xC8,0x08,0xB0,0x02,0x30,0x27,0x03,0x80,0x20,0x02,0x08,0x31,0xC1,0xF8,

/* 她 */
0x40,0x06,0x30,0x4F,0x0F,0xFC,0x5F,0xC7,0xFC,0xFF,0xCE,0xFC,0xEF,0xC6,0xE4,0x5E,0xE0,0x7C,

/* 塔 */
0x45,0x04,0xDC,0x5F,0xC4,0x70,0xF7,0x04,0xDC,0x5F,0xE4,0x08,0x6F,0x8C,0x88,0x0F,0x80,0x88,

/* 獭 */
0x29,0x0E,0xDC,0xFF,0xCC,0xEC,0xDF,0xC7,0xFC,0xFF,0xCD,0xBC,0x5F,0xC6,0x9C,0xCB,0x64,0xC0,

/* 挞 */
0x41,0x04,0x90,0x79,0x0F,0xFC,0x61,0x07,0x90,0xC9,0x0C,0xAC,0x4A,0x44,0xC4,0xF7,0xCC,0x1C,

/* 蹋 */
0x14,0x4F,0x4C,0xD7,0xCD,0x4C,0xF7,0xCA,0xFC,0xFB,0x4E,0x6C,0xF7,0xCF,0xB4,0xC6,0xC0,0x6C,

/* 踏 */
0x01,0x0F,0x34,0xBF,0xCB,0x58,0xFD,0xCE,0xB6,0xFA,0x4E,0xFC,0xEF,0xCF,0x84,0xCF,0xC0,0x84,

/* 胎 */
0x01,0x0F,0x30,0xD2,0x8D,0x4C,0xFF,0xED,0xC6,0xF4,0xCF,0x4C,0x94,0x49,0x44,0xB7,0xC3,0x44,

/* 苔 */
0x12,0x03,0x34,0xBB,0x03,0xE0,0x1B,0x06,0x38,0xF8,0xC7,0xF8,0x61,0x86,0x10,0x7F,0x82,0x10,

/* 抬 */
0x23,0x06,0x20,0x66,0x8F,0xCC,0x6F,0xE7,0xC2,0xE8,0xCE,0xCC,0x6C,0xC6,0xCC,0xEF,0xC4,0xC8,

/* 台 */
0x0C,0x01,0x80,0x13,0x02,0x18,0xFF,0xCE,0x04,0x01,0x87,0xF8,0x61,0x86,0x18,0x7F,0x86,0x10,

/* 泰 */
0x08,0x00,0xC8,0xFF,0x87,0xF8,0x10,0x4F,0xFC,0x2D,0x06,0xFC,0x9E,0x43,0xF0,0x6D,0x81,0x80,

/* 酞 */
0x03,0x0F,0xB0,0x73,0x0F,0xFE,0xFB,0x0F,0xB0,0xDA,0x88,0xA8,0xFA,0x88,0xDC,0xF8,0x68,0x00,

/* 太 */
0x0C,0x00,0x80,0x08,0x0F,0xFC,0x0C,0x00,0xA0,0x1A,0x01,0x30,0x39,0x06,0x5C,0xC4,0xE0,0x00,

/* 态 */
0x08,0x00,0x80,0xFF,0xC1,0xA0,0x12,0x02,0xD8,0xC4,0xE2,0x80,0x74,0xCF,0x54,0xB1,0x41,0xF0,

/* 汰 */
0x06,0x06,0x60,0x26,0x09,0xFC,0xE6,0x06,0x60,0x45,0x04,0xD0,0xCD,0x8D,0xE8,0xF2,0xE4,0x04,

/* 坍 */
0x40,0x04,0xFC,0x48,0x87,0xA8,0xFB,0x84,0xEE,0x4C,0xC4,0x88,0xE8,0x89,0x88,0x13,0x82,0x18,

/* 摊 */
0x42,0x04,0x38,0x5E,0xCE,0xF8,0x5E,0x87,0xFC,0xDA,0x8D,0xFC,0x6E,0x86,0x28,0xC3,0xE4,0x60,

/* 贪 */
0x0C,0x01,0xE0,0x3B,0xC6,0xDE,0xBF,0x00,0x70,0x3F,0x02,0xD0,0x29,0x02,0xD0,0x33,0x8E,0x08,

/* 瘫 */
0x04,0x07,0xFE,0x43,0x0F,0xFC,0xEF,0xC7,0xFC,0xDF,0xC5,0xBC,0x5B,0xC6,0xF8,0x87,0xE0,0x60,

/* 滩 */
0x03,0x0C,0x28,0x7E,0xE2,0xF8,0xBE,0x85,0xFE,0x5E,0x85,0xFE,0xEE,0x8E,0xE8,0xC7,0xE0,0x60,

/* 坛 */
0x40,0x04,0xF8,0x40,0x04,0x00,0xF0,0x45,0xFC,0x46,0x04,0x60,0x7D,0x0E,0x88,0x9F,0xC1,0x8C,

/* 檀 */
0x42,0x05,0xFE,0x7F,0xCF,0xFC,0x4D,0xCF,0xFC,0xDF,0xC4,0xF8,0x4F,0x84,0xF8,0x48,0xC5,0x00,

/* 痰 */
0x04,0x03,0xFC,0x66,0x0E,0xF8,0xF7,0x06,0xDC,0xFE,0xCC,0x68,0x57,0x04,0xD0,0x99,0xE6,0x04,

/* 潭 */
0x00,0x47,0x74,0x7F,0xCB,0x54,0xF0,0xC5,0xF8,0x4F,0x8D,0xF8,0xCA,0xCF,0xFE,0xC2,0x00,0x20,

/* 谭 */
0x00,0x45,0xFC,0x5F,0xC1,0x54,0xDF,0xC4,0xFC,0x4F,0x85,0x88,0x6A,0xC7,0xFE,0x42,0x00,0x20,

/* 谈 */
0x02,0x04,0x2C,0x6B,0x81,0xA0,0x47,0x84,0xEC,0x52,0xC4,0xB8,0x5F,0x06,0x58,0x48,0xC3,0x04,

/* 坦 */
0x40,0x04,0xFC,0x48,0x84,0x88,0xFF,0x84,0x88,0x48,0x84,0x88,0x7F,0x8C,0x80,0x80,0x60,0x00,

/* 毯 */
0x12,0x07,0x2C,0xC7,0x04,0xF0,0x76,0xCC,0xB0,0x53,0x8F,0xE0,0x4B,0x84,0x4C,0x7F,0xE3,0xF8,

/* 袒 */
0x40,0x06,0xFC,0x7C,0xC3,0xCC,0x7F,0xC7,0xCC,0xEC,0xC7,0xCC,0x5C,0xC4,0xC0,0x40,0x64,0x00,

/* 碳 */
0x02,0x0F,0xBC,0x4B,0xC4,0xFC,0xE6,0x4F,0xF0,0xEF,0x4E,0xFC,0xFF,0x8F,0x28,0xA4,0xC1,0x84,

/* 探 */
0x40,0x04,0xFE,0x5D,0x4F,0x48,0x4A,0xC7,0x24,0xDF,0xEC,0x70,0x4A,0x85,0xAC,0xF2,0x44,0x20,

/* 叹 */
0x00,0x0F,0xFC,0xB8,0x8B,0x48,0xB5,0x8B,0x50,0xB7,0x0F,0x20,0x87,0x00,0xD8,0x30,0xC4,0x00,

/* 炭 */
0x04,0x06,0xC8,0x6C,0x87,0xF8,0x30,0x4B,0x60,0x24,0x87,0x78,0x7F,0x08,0x90,0x10,0xC6,0x04,

/* 汤 */
0x40,0x86,0xF8,0x13,0x09,0x60,0xEC,0x42,0xFC,0x45,0x44,0xB4,0xDA,0x46,0x4C,0xDB,0xC4,0x18,

/* 塘 */
0x42,0x05,0xBC,0x5B,0x05,0xF8,0xFA,0xC5,0xFC,0x5F,0x85,0xB8,0xFF,0x89,0xC8,0x2F,0x84,0xC8,

/* 搪 */
0x42,0x04,0x2C,0x5F,0x8F,0xFC,0x4A,0xC7,0xFC,0xDF,0x8D,0x28,0x5F,0xC5,0xC8,0xEF,0x8C,0xC8,

/* 堂 */
0x08,0x02,0xD8,0x3F,0x0F,0xFC,0xA3,0x8B,0x30,0x21,0x03,0xF0,0x0C,0x87,0xF8,0x0C,0x4F,0xFC,

/* 棠 */
0x08,0x02,0xD8,0x2F,0x4F,0xFC,0xBF,0x82,0x30,0x3F,0x0F,0xFC,0x1E,0x02,0xF8,0xCC,0xC0,0x80,

/* 膛 */
0x02,0x0F,0xAC,0xBF,0x0B,0xFE,0xF8,0xCB,0xD8,0xEC,0x8E,0xE8,0xB2,0xCA,0xA0,0xF2,0x42,0xFC,

/* 唐 */
0x04,0x04,0x4C,0x7F,0xC5,0xF8,0x44,0xC7,0xFE,0x7F,0x84,0x48,0x5F,0x89,0x08,0x9F,0x81,0x08,

/* 糖 */
0x42,0x04,0xB4,0xFF,0xCE,0xF8,0xFB,0xC5,0xFC,0x6F,0x8F,0xB8,0xDF,0x85,0x48,0x54,0x86,0x48,

/* 倘 */
0x22,0x06,0x24,0x4A,0xC4,0xB8,0xDF,0xCD,0x04,0x57,0x45,0x54,0x55,0x45,0x54,0x51,0xC5,0x0C,

/* 躺 */
0x21,0x06,0xB4,0xF7,0xCF,0x78,0xFF,0xEF,0x84,0x9F,0xCF,0xFC,0x7F,0xCD,0xF4,0xB8,0xC2,0x8C,

/* 淌 */
0x02,0x04,0x2C,0x4A,0x8A,0xF0,0xFF,0xC7,0x04,0x57,0x45,0x54,0xD5,0x4D,0x54,0xD1,0xC5,0x0C,

/* 趟 */
0x22,0x06,0xBC,0xF7,0x86,0x70,0x7F,0xCF,0xFC,0xEF,0x4F,0xF4,0xEF,0x4E,0x8C,0x3F,0xE0,0xFC,

/* 烫 */
0x00,0x86,0xB8,0xD6,0x06,0xFC,0x2F,0x4D,0xEC,0x5D,0x86,0xD8,0x2D,0x85,0xA0,0x33,0xCC,0x0C,

/* 掏 */
0x44,0x04,0xC4,0x6F,0xEF,0xC4,0x5F,0x46,0xAC,0xDF,0xCC,0xBC,0x4B,0xC4,0xF4,0xC1,0xC4,0x08,

/* 涛 */
0x02,0x04,0x64,0x7F,0xCA,0x6C,0xE4,0x07,0xFE,0x49,0x8D,0xFE,0xD9,0x8E,0x58,0xC7,0x80,0x10,

/* 滔 */
0x00,0xC7,0xF4,0x3A,0x4A,0xA8,0xE4,0x03,0xDC,0x58,0x4D,0xFC,0x58,0x45,0x84,0x5F,0xC1,0x04,

/* 绦 */
0x04,0x06,0x48,0x4D,0x8B,0xF0,0xF3,0x04,0xDC,0xDA,0xCF,0xFC,0x0A,0x0F,0xA8,0x92,0x40,0x60,

/* 萄 */
0x12,0x0F,0xFC,0x32,0x07,0x6C,0x72,0xCB,0xEC,0x49,0xCF,0xFC,0x6A,0xC7,0xAC,0x07,0x80,0x18,

/* 桃 */
0x45,0x04,0x50,0x45,0x0F,0x5C,0x4D,0x8E,0xD0,0xE5,0x85,0xDC,0x4D,0x04,0x94,0x59,0xE6,0x08,

/* 逃 */
0x00,0x04,0x70,0x67,0x41,0xFC,0x1F,0x0E,0xF8,0x7F,0xC6,0xF4,0x4B,0x47,0x1C,0xFF,0xE8,0xFC,

/* 淘 */
0x08,0x04,0x84,0x7F,0xC3,0xC4,0xBF,0x4F,0x44,0x5F,0xC5,0x54,0xD5,0x45,0xF4,0xC1,0xC4,0x18,

/* 陶 */
0x04,0x0F,0xC4,0xEF,0xEF,0xC4,0xDF,0x4E,0xAC,0xFF,0xCF,0xBC,0xEB,0xCC,0xF4,0xC1,0xC8,0x08,

/* 讨 */
0x00,0x86,0x18,0x61,0x81,0xFE,0xE1,0x84,0x98,0x45,0x84,0x58,0x51,0x86,0x18,0x43,0x80,0x10,

/* 套 */
0x08,0x01,0x8C,0x1A,0x03,0x30,0x7F,0xCF,0x34,0x31,0x03,0xF0,0xFF,0xC1,0x20,0x7F,0x82,0x08,

/* 特 */
0x22,0x0E,0x20,0xEF,0xCF,0x20,0xF2,0x47,0x18,0x61,0xCE,0xFC,0x6D,0x06,0x50,0x63,0x06,0x10,

/* 藤 */
0x12,0x0F,0xFC,0x12,0x0F,0xB8,0xFF,0x8F,0x64,0xFF,0xCE,0xAC,0xFF,0xEA,0xF8,0xAA,0x82,0x60,

/* 腾 */
0x02,0x0F,0xA8,0xAF,0x0E,0xFC,0xBF,0xCA,0xD8,0xFD,0xEB,0xD0,0xAF,0xCB,0xFC,0xE0,0x82,0x18,

/* 疼 */
0x04,0x06,0xEC,0x6C,0x0E,0xF8,0xFD,0x87,0x70,0xE7,0x0D,0xDE,0x66,0x04,0x20,0x8F,0x00,0x30,

/* 誊 */
0x08,0x02,0xB0,0xFF,0x8F,0xFC,0x3B,0x06,0xDE,0xFF,0x43,0xF0,0x7F,0x07,0xF0,0x61,0x06,0x10,

/* 梯 */
0x60,0x86,0x58,0x7F,0xCF,0x34,0x6F,0xC7,0xB4,0xFF,0xEE,0xF6,0x67,0x46,0xBC,0x73,0x06,0x30,

/* 剔 */
0x00,0x47,0xD4,0x7D,0x44,0xD4,0x7D,0x46,0x14,0xFF,0x4F,0xD4,0x55,0x4A,0x44,0x5D,0xC0,0x8C,

/* 踢 */
0x04,0x0F,0x4C,0x97,0xCF,0x4C,0xF7,0xCA,0x60,0xBF,0xEA,0xF4,0xA5,0x4F,0xB4,0x87,0xC1,0x08,

/* 锑 */
0x64,0x85,0x78,0x7F,0xC8,0x14,0xFF,0xC4,0xD0,0xFF,0xE4,0x36,0x47,0x47,0xFC,0x73,0x00,0x10,

/* 提 */
0x40,0x84,0xF8,0x5F,0x8F,0xC8,0x4F,0x87,0x84,0xFF,0xCC,0xA0,0x4B,0xC5,0xE0,0xF7,0xCE,0x1C,

/* 题 */
0x10,0x4D,0x70,0xF3,0x4D,0x7C,0xF5,0x40,0xD4,0xFD,0x4E,0xF4,0xBA,0xCE,0x44,0x3F,0xE0,0xFC,

/* 蹄 */
0x02,0x0F,0x3C,0xB5,0x8B,0x70,0xFF,0xE5,0xB4,0xFF,0xCC,0xBC,0xCA,0xCF,0xBC,0xCA,0x80,0x20,

/* 啼 */
0x06,0x01,0x6C,0xED,0x8A,0x50,0xBF,0xEB,0x24,0xAF,0xCE,0xAC,0xAA,0x80,0xB8,0x0A,0x80,0x20,

/* 体 */
0x22,0x06,0x20,0x42,0x47,0xFC,0xC7,0x0C,0xF0,0x4B,0x85,0x2C,0x7F,0xE4,0x20,0x42,0x04,0x20,

/* 替 */
0x22,0x03,0xB4,0x7F,0xC3,0xB4,0x67,0x07,0xD8,0xCD,0xEB,0xF0,0x21,0x03,0xF0,0x3F,0x02,0x10,

/* 嚏 */
0x02,0x00,0xFC,0xFF,0xCB,0xFC,0xBA,0x8A,0xF8,0xEF,0x8F,0xFC,0x8A,0xC0,0xB8,0x1E,0x03,0x1C,

/* 惕 */
0x40,0x04,0xFC,0x6F,0x8F,0x88,0xFF,0x8C,0xE0,0x4F,0xE5,0xD4,0x6F,0x47,0xA4,0x6D,0xC7,0x08,

/* 涕 */
0x08,0x86,0x58,0x3F,0xCA,0x2C,0xEF,0xC7,0xA8,0x5A,0x45,0x64,0xCE,0x44,0xAC,0x52,0x06,0x20,

/* 剃 */
0x08,0x42,0x84,0x7D,0x41,0x54,0x7D,0x45,0x54,0xF5,0x47,0x74,0x75,0x45,0xC4,0x90,0xC1,0x0C,

/* 屉 */
0x00,0x07,0xFC,0x40,0xC6,0x5C,0x55,0x0F,0x54,0xFF,0xCD,0x50,0xD7,0x09,0x50,0xBF,0xC0,0x00,

/* 天 */
0x00,0x87,0xF8,0x08,0x00,0x80,0x0C,0xC0,0xC0,0x0C,0x01,0xE0,0x13,0x03,0x18,0x40,0xC0,0x00,

/* 添 */
0x00,0x85,0xFC,0x64,0x4B,0xFC,0xED,0x04,0xDC,0x56,0xEE,0x68,0xD7,0xCF,0x54,0xCC,0x00,0x40,

/* 填 */
0x42,0x05,0xFC,0x42,0x87,0xF8,0xFF,0x84,0x88,0x4F,0x84,0xF8,0xFC,0xC8,0xD8,0x0C,0xC3,0x04,

/* 田 */
0x00,0x07,0xFC,0x4C,0x84,0xC8,0x4C,0x87,0xF8,0x4C,0x84,0xC8,0x4C,0x87,0xF8,0x40,0x80,0x00,

/* 甜 */
0x04,0x8F,0x48,0x64,0x86,0xFE,0xF4,0x86,0x48,0xF7,0x89,0x48,0x94,0x89,0x48,0xF7,0x89,0x48,

/* 恬 */
0x40,0x84,0xF8,0x42,0x0F,0x20,0xDF,0xEC,0x20,0x42,0x84,0xFC,0x48,0xC4,0x8C,0x4F,0xC4,0x88,

/* 舔 */
0x30,0x4E,0xFC,0x42,0x07,0xFC,0x65,0x06,0x68,0xFA,0xEB,0x38,0xAB,0xCF,0xA4,0xA6,0x00,0x20,

/* 腆 */
0x05,0x0E,0x50,0xAF,0xCE,0xD4,0xED,0x4A,0xFC,0xED,0x4B,0xD6,0xBF,0xCA,0x58,0xF8,0xC3,0x04,

/* 挑 */
0x41,0x04,0x70,0x55,0x0F,0x54,0x5D,0x87,0xD0,0xED,0xC7,0xD4,0x5D,0x04,0x90,0xD9,0x66,0x1C,

/* 条 */
0x10,0x03,0xF0,0x33,0x04,0xE0,0x1E,0x07,0xBC,0xCC,0xCF,0xF8,0x2E,0x06,0xD8,0x9C,0x80,0x80,

/* 迢 */
0x00,0x05,0xFC,0x64,0xC0,0xC8,0x09,0x8F,0xFC,0x68,0xC4,0x88,0x4F,0x86,0x88,0xFF,0xC0,0xFC,

/* 眺 */
0x01,0x0F,0x70,0xB5,0x4B,0xDC,0xED,0x8A,0x50,0xE5,0x8B,0xD4,0xB5,0x0E,0xD0,0x89,0x6B,0x1C,

/* 跳 */
0x01,0x0F,0x70,0x9F,0x4D,0xFC,0xFF,0x8F,0x78,0xFD,0xCF,0x54,0xE5,0x0F,0xD2,0x99,0xE0,0x00,

/* 贴 */
0x01,0x0F,0xB0,0xB3,0x4F,0x3E,0xF3,0x0F,0x30,0xFF,0xCF,0x4C,0x64,0xC7,0x4C,0x9C,0xC0,0x40,

/* 铁 */
0x41,0x04,0x70,0xFF,0x48,0xFC,0xFB,0x04,0xA4,0x7F,0xC6,0x30,0x47,0x87,0x48,0x78,0xE7,0x04,

/* 帖 */
0x42,0x06,0x30,0xF3,0x4F,0x3E,0xF3,0x0F,0x30,0xFF,0xCF,0xCC,0xFC,0xC6,0xCC,0x6F,0xC6,0xC8,

/* 厅 */
0x00,0x47,0xFC,0x40,0x04,0x04,0x7F,0xE4,0x20,0x42,0x04,0x20,0xC2,0x08,0x20,0x0E,0x00,0x40,

/* 听 */
0x00,0x8A,0xFC,0xFC,0x0B,0xC0,0xBF,0xCB,0xD8,0xBD,0x8F,0x98,0xA9,0x89,0x98,0x31,0x80,0x10,

/* 烃 */
0x40,0x06,0xF8,0x71,0x07,0x30,0xE7,0xCE,0x84,0x70,0xC6,0xFC,0x72,0x05,0x20,0x93,0x60,0x00,

/* 汀 */
0x40,0x07,0xFC,0x23,0x0A,0x30,0xE3,0x04,0x30,0x43,0x0C,0x30,0xC3,0x0C,0x30,0xC7,0x00,0x20,

/* 廷 */
0x00,0x8F,0xF8,0x22,0x06,0x20,0x5F,0xC7,0x20,0x32,0x06,0x24,0x6F,0xC7,0x00,0xDF,0xE0,0x0C,

/* 停 */
0x66,0x07,0xFC,0x48,0x8C,0xF8,0xCF,0x8C,0x8C,0x7F,0xC7,0x0C,0x42,0x04,0x20,0x46,0x04,0x60,

/* 亭 */
0x08,0x0F,0xFC,0x21,0x03,0xF0,0x23,0x02,0x10,0xFF,0xC8,0x18,0x6C,0x00,0xC0,0x0C,0x00,0x80,

/* 庭 */
0x04,0x04,0x6C,0x40,0x87,0xBC,0x5F,0x05,0x14,0x7F,0xC6,0x90,0x59,0x49,0xFC,0xAF,0xEC,0x1C,

/* 挺 */
0x40,0x05,0x9C,0x4F,0x0E,0x90,0x59,0xC7,0xF8,0xDD,0x0D,0x90,0x5F,0xE5,0xC0,0xD7,0xCE,0x0C,

/* 艇 */
0x20,0x07,0x7C,0xF6,0x8D,0x48,0xF5,0xCF,0xF8,0xD2,0x8F,0xE8,0xF7,0xE9,0x40,0xFF,0xC1,0x0C,

/* 通 */
0x00,0x05,0xFC,0x67,0x01,0xFC,0x12,0xCF,0xFC,0x5A,0xC5,0xFC,0x52,0xC7,0x28,0xBF,0xE0,0x78,

/* 桐 */
0x40,0x06,0xFE,0x48,0x4F,0xFC,0x48,0x4E,0xFC,0xFD,0xCC,0xDC,0x4F,0xC4,0xC4,0x48,0xC4,0x8C,

/* 酮 */
0x08,0x4F,0xC6,0xFC,0xCF,0xFC,0xFC,0x4F,0xFC,0xDE,0xC9,0xFC,0x9E,0xC9,0xC4,0xFC,0xC8,0x04,

/* 瞳 */
0x02,0x0A,0xFC,0xA5,0x8A,0x5C,0xFF,0xCA,0xFC,0xAF,0x8E,0xA8,0xAF,0x8E,0xFC,0xA2,0x49,0xFE,

/* 同 */
0x00,0x0F,0xFC,0xC0,0xCF,0xFC,0xC0,0xCD,0xEC,0xD2,0xCD,0x2C,0xDE,0xCD,0x0C,0xC1,0xCC,0x08,

/* 铜 */
0x40,0x04,0xFE,0x78,0x48,0xFC,0xF8,0x44,0xBC,0xFB,0xC4,0xBC,0x4B,0xC7,0x84,0x68,0xC0,0x8C,

/* 彤 */
0x08,0x84,0x88,0x69,0x07,0xA4,0x78,0xCC,0xE8,0xCB,0x04,0xA6,0x48,0xC8,0x98,0x9F,0x00,0xC0,

/* 童 */
0x08,0x07,0xFC,0x13,0x01,0x24,0xFF,0xC3,0xF8,0x3F,0x02,0xD0,0x7F,0x87,0xF8,0x0C,0x4F,0xFC,

/* 桶 */
0x60,0x06,0xFC,0x73,0x0F,0xB4,0x6B,0x46,0xB4,0xFB,0x4E,0xB4,0x6F,0xC6,0xB4,0x6B,0xC4,0xAC,

/* 捅 */
0x60,0x06,0xFC,0x63,0x8F,0xB4,0x6F,0xC7,0xB4,0xEF,0xCE,0xB4,0x6F,0xC6,0xB4,0xEB,0xC4,0xBC,

/* 筒 */
0x22,0x06,0xE4,0xF7,0x09,0x58,0x7F,0xC7,0xF8,0x52,0x85,0xE8,0x52,0x85,0xE8,0x41,0x84,0x08,

/* 统 */
0x02,0x06,0x24,0x5F,0xCB,0x60,0xED,0x87,0xFC,0x47,0x0E,0x50,0x05,0x0E,0xD4,0x99,0xE7,0x1C,

/* 痛 */
0x04,0x07,0xFC,0x60,0x8E,0xF8,0xE6,0x07,0xFC,0xFE,0xCF,0x2C,0x5F,0xC5,0x24,0x93,0xC1,0x28,

/* 偷 */
0x24,0x06,0x60,0x69,0x05,0x9C,0xFC,0x4D,0xFC,0x55,0xC5,0x5C,0x5D,0xC5,0x5C,0x5D,0xC5,0xC8,

/* 投 */
0x60,0x06,0x78,0x75,0x8F,0xDC,0x78,0xE7,0xF8,0xE5,0x8E,0x50,0x63,0x06,0x30,0xED,0xC7,0x04,

/* 头 */
0x00,0x02,0x60,0x16,0x01,0x60,0x64,0x03,0x40,0x24,0xC0,0xC0,0x0E,0x01,0x98,0x60,0xC8,0x04,

/* 透 */
0x01,0x85,0xF0,0x7F,0xC0,0xF0,0x0A,0xCF,0xF4,0x6F,0x04,0xFC,0x48,0x85,0x38,0xF1,0xE8,0xFC,

/* 凸 */
0x02,0x01,0xE0,0x12,0x01,0x20,0x12,0x0F,0x3C,0xC0,0xCC,0x0C,0xC0,0xCC,0x0C,0xFF,0xC8,0x00,

/* 秃 */
0x03,0x07,0xF0,0x0C,0x4F,0xFC,0x1F,0x02,0xDC,0xDA,0xC1,0xE0,0x12,0x03,0x24,0x63,0xC8,0x00,

/* 突 */
0x0C,0x04,0xC4,0xFF,0xEB,0x38,0x2D,0x84,0xB8,0x09,0x41,0xE0,0x1A,0x01,0x30,0x61,0xC8,0x00,

/* 图 */
0x00,0x0D,0x8C,0xDE,0xCD,0xEC,0xEC,0xCC,0xEC,0xFB,0xCC,0x4C,0xDC,0xCC,0xEC,0xFF,0xC8,0x00,

/* 徒 */
0x22,0x06,0x20,0xCF,0xCA,0x20,0x62,0x47,0xFC,0xCA,0x04,0xBC,0x5A,0x05,0xE0,0x77,0xC6,0x0C,

/* 途 */
0x02,0x04,0x70,0x6D,0x80,0x9E,0x1F,0x0E,0x24,0x7F,0xC6,0xA8,0x72,0xC6,0x64,0xF6,0x68,0xFC,

/* 涂 */
0x02,0x04,0x60,0x5D,0x0A,0x8C,0xFF,0xE6,0x20,0x7F,0xC4,0xA0,0xDA,0x8D,0x2C,0xFE,0x44,0x60,

/* 屠 */
0x40,0x84,0x0C,0x7F,0xC4,0x40,0x5F,0x84,0x74,0x7F,0xC5,0xF8,0xF8,0x8D,0xF8,0x9F,0x80,0x08,

/* 土 */
0x00,0x00,0xC0,0x0C,0x00,0xC0,0x0C,0x87,0xFC,0x0C,0x00,0xC0,0x0C,0x00,0xC0,0x0C,0x40,0x00,

/* 吐 */
0x02,0x00,0x20,0xF2,0x0B,0x20,0xB2,0xCB,0xFC,0xB2,0x0B,0x20,0xF2,0x08,0x20,0x03,0x60,0x00,

/* 兔 */
0x18,0x01,0xF0,0x33,0x06,0x48,0xFF,0x86,0xC8,0x7F,0x84,0xC8,0x1D,0x81,0x4C,0x67,0xEC,0x3C,

/* 湍 */
0x02,0x07,0xA4,0x3A,0x4B,0xFC,0xE0,0x67,0x60,0x5F,0xC5,0x54,0xD5,0x4D,0x54,0xD5,0x49,0x4C,

/* 团 */
0x00,0x0F,0xFC,0x84,0x8C,0x58,0xEE,0x88,0xC8,0x94,0x8B,0x48,0xC4,0xC8,0xCC,0xFF,0xC8,0x08,

/* 推 */
0x44,0x04,0xF0,0x4D,0x4F,0xB0,0x7B,0x07,0xFC,0xEB,0x0C,0xFC,0x4B,0x04,0xB4,0xCF,0xE4,0x80,

/* 颓 */
0x00,0x4F,0xFC,0x29,0x0F,0xFC,0x7F,0x4A,0xF4,0xF7,0x47,0x74,0x57,0x45,0xBC,0x96,0x40,0xC0,

/* 腿 */
0x20,0x0F,0x3C,0xAA,0x8E,0xB8,0xE2,0x8B,0xAC,0xEB,0xCA,0xA8,0xAB,0xCA,0xE4,0xFF,0xC2,0x0C,

/* 蜕 */
0x60,0x86,0x68,0xF7,0x0F,0xFC,0xFC,0xCF,0xCC,0xFF,0xCF,0xF0,0x77,0x0F,0xD2,0x8D,0xE1,0x1C,

/* 褪 */
0x40,0x06,0xBC,0xEA,0xC6,0x3C,0x6A,0xC7,0xBC,0xEB,0xC7,0xA8,0x4B,0xC4,0xE4,0x57,0xE4,0x1C,

/* 退 */
0x00,0x06,0xF8,0x68,0x80,0xF8,0x08,0x8E,0x8C,0x6B,0x86,0x98,0x6E,0xC6,0xC4,0xFF,0xE0,0xFC,

/* 吞 */
0x00,0x87,0xF8,0x08,0x01,0x8C,0x9E,0x03,0x30,0x7F,0xCE,0x3C,0x21,0x02,0x10,0x3F,0x02,0x10,

/* 屯 */
0x08,0x00,0x80,0xFF,0xC4,0x80,0x49,0x84,0x88,0x48,0x8F,0xF8,0x08,0x00,0x84,0x0D,0xE0,0x7C,

/* 臀 */
0x0A,0x8C,0xA8,0xFA,0xEF,0xF8,0xAD,0x8F,0x98,0xEF,0xC3,0xF8,0x3F,0x03,0xF0,0x23,0x02,0x10,

/* 拖 */
0x44,0x04,0x44,0x5F,0xEF,0xA0,0x5A,0xC6,0xBC,0xEE,0xCD,0xA8,0x4B,0x84,0xA2,0xCE,0xE4,0x7C,

/* 托 */
0x60,0x86,0x78,0x7E,0x0F,0x20,0x62,0x07,0x7E,0xFE,0x0E,0x20,0x62,0x06,0x24,0xE3,0xE4,0x3C,

/* 脱 */
0x04,0xCF,0x68,0xD3,0x8D,0xFC,0xF8,0xCD,0x8C,0xFF,0xCF,0x70,0x97,0x09,0x50,0xBD,0xE3,0x1C,

/* 鸵 */
0x20,0x06,0x10,0xFF,0xEF,0xC4,0xBE,0x0F,0x60,0xFF,0xC9,0xF0,0x7E,0x0D,0xE4,0x36,0x61,0x3C,

/* 陀 */
0x02,0x0F,0x30,0xAF,0xEB,0x8C,0xC4,0x0A,0x4C,0xB5,0x8B,0x60,0xE4,0x48,0x44,0x87,0xC8,0x38,

/* 驮 */
0x03,0x0F,0x30,0x53,0x0D,0xFE,0x93,0x0B,0x30,0xFB,0x03,0xA8,0xD6,0x81,0x4C,0x78,0xE3,0x06,

/* 驼 */
0x02,0x0F,0x10,0x57,0xEF,0xCC,0xFE,0x0F,0x6C,0xFF,0x81,0xE0,0xD6,0x01,0x64,0x77,0xE3,0x3C,

/* 椭 */
0x41,0x05,0xD0,0x57,0xEF,0xA0,0x5B,0xCF,0xE4,0xF7,0xCD,0xE4,0x53,0xC5,0x24,0x53,0x45,0x2C,

/* 妥 */
0x01,0x87,0xF8,0x48,0x86,0xD8,0x2D,0x00,0x80,0xFF,0xE1,0x30,0x32,0x01,0xE0,0x1F,0x8E,0x08,

/* 拓 */
0x00,0x06,0x04,0x66,0x0F,0x60,0x64,0x07,0x40,0xEF,0xCE,0xCC,0x74,0xC6,0x4C,0x67,0xCC,0x4C,

/* 唾 */
0x00,0x8A,0xF8,0xE2,0x0B,0xFC,0xAA,0x8A,0xAC,0xBF,0xCE,0xA8,0xBF,0xC0,0x20,0x02,0x41,0xFC,

/* 挖 */
0x42,0x04,0x30,0x6F,0xEF,0xD8,0x4C,0x87,0x8C,0xFF,0x8C,0x30,0x46,0x04,0xC4,0xCC,0x64,0x7C,

/* 哇 */
0x02,0x00,0x20,0xFF,0xCA,0x20,0xA2,0x0B,0xFE,0xA2,0x0A,0x24,0xEF,0xCA,0x20,0x02,0x41,0xFC,

/* 蛙 */
0x00,0x06,0x30,0x63,0x4F,0xFC,0xF3,0x0F,0xFE,0xF3,0x0F,0x34,0x77,0xC7,0xB0,0xFB,0x41,0xFC,

/* 洼 */
0x02,0x04,0x20,0x72,0xC1,0xFC,0xA2,0x0F,0xFC,0x62,0x04,0x20,0xDF,0xCC,0x20,0xC2,0x4F,0xFE,

/* 娃 */
0x43,0x06,0x30,0x47,0xCF,0x30,0x53,0x4D,0xFE,0xB3,0x0A,0x34,0x6F,0xC7,0x30,0xD3,0x41,0xFC,

/* 瓦 */
0x00,0x0F,0xFC,0x30,0x03,0x30,0x3F,0x03,0x20,0x2A,0x02,0xE0,0x62,0x07,0xA4,0x63,0xE4,0x08,

/* 袜 */
0x42,0x06,0x20,0x3F,0xCE,0x20,0x72,0x47,0xFC,0xF7,0x05,0xF8,0x4A,0x85,0x2C,0x42,0x04,0x20,

/* 歪 */
0x00,0x4F,0xFC,0x1C,0x03,0xDC,0x64,0x48,0xC8,0x7F,0x82,0xC8,0x2F,0x82,0xC0,0xFF,0xC0,0x00,

/* 外 */
0x33,0x02,0x30,0x23,0x07,0xF0,0x4B,0x8F,0xBC,0xBB,0x41,0x34,0x33,0x06,0x30,0xC3,0x00,0x30,

/* 豌 */
0x02,0x0F,0x24,0x1F,0xCF,0xC8,0xAF,0xCA,0xF4,0xEF,0x4B,0xDC,0xAD,0xCE,0xD0,0x99,0x62,0x1C,

/* 弯 */
0x0C,0x0F,0xFE,0x3B,0x07,0xAC,0xDA,0x47,0xF8,0x01,0x83,0xF8,0x7F,0x80,0x08,0x05,0x80,0x30,

/* 湾 */
0x02,0x04,0x24,0x5F,0x8B,0xDC,0xF5,0x67,0xFC,0x40,0x84,0xF8,0xDF,0xCC,0x0C,0xC2,0x88,0x18,

/* 玩 */
0x00,0x0F,0xFC,0x40,0x04,0x00,0x7F,0xEE,0x50,0x45,0x04,0x50,0x7D,0x0C,0x94,0x11,0xE2,0x00,

/* 顽 */
0x00,0x4F,0xFC,0x01,0x00,0xFC,0xFD,0x46,0x54,0x65,0x46,0x54,0xFF,0x4B,0x28,0x8C,0x41,0x04,

/* 丸 */
0x18,0x01,0x80,0x19,0x0F,0xF0,0x1B,0x01,0x30,0x33,0x01,0xA0,0x2E,0x02,0x24,0x43,0xE0,0x1C,

/* 烷 */
0x42,0x04,0x30,0x7F,0xE7,0x84,0xEF,0x8C,0x00,0x5F,0xC4,0x50,0x65,0x0F,0x54,0x99,0xE3,0x1C,

/* 完 */
0x08,0x04,0x44,0x7F,0xCC,0x18,0x3F,0x00,0x00,0xFF,0xC1,0x60,0x16,0x01,0x64,0x26,0xCC,0x3C,

/* 碗 */
0x02,0x01,0x20,0xFF,0xE4,0xC8,0x4F,0xCF,0xF4,0xFF,0x4F,0xD4,0xE5,0xCE,0x90,0xD9,0x62,0x1C,

/* 挽 */
0x46,0x04,0x48,0x6F,0x8F,0x94,0x5F,0xC6,0xAC,0xCE,0xCC,0xFC,0x47,0x04,0xD4,0xD9,0x66,0x1C,

/* 晚 */
0x06,0x0A,0x78,0xAD,0x8B,0xB4,0xBF,0xCE,0xAC,0xAE,0xCA,0xF8,0xE7,0x0A,0xD2,0x19,0x63,0x1C,

/* 皖 */
0x02,0x06,0x24,0xFF,0xCF,0x88,0xBF,0x8A,0x00,0xBF,0xCA,0x50,0xB5,0x0E,0xD4,0x19,0xE3,0x1C,

/* 惋 */
0x42,0x04,0x24,0x5F,0xC7,0xC8,0xEF,0xCC,0xFC,0x5F,0xC5,0xDC,0x6D,0xC4,0x90,0x59,0x66,0x1C,

/* 宛 */
0x0C,0x04,0x44,0x7F,0xCF,0x08,0xAF,0x87,0xE8,0x5E,0x8F,0x68,0xB7,0x83,0x64,0x66,0x68,0x3C,

/* 婉 */
0x42,0x04,0x24,0x4F,0xEF,0xC8,0x6D,0xCE,0xF4,0xAF,0x4B,0xD4,0xE5,0xC6,0x92,0x99,0x62,0x0C,

/* 万 */
0x00,0x0F,0xFC,0x18,0x01,0x80,0x1F,0x81,0x18,0x11,0x81,0x18,0x31,0x86,0x70,0xC3,0x00,0x00,

/* 腕 */
0x02,0x0E,0x24,0xBF,0xCB,0xC8,0xED,0xCA,0xF4,0xFF,0x4B,0xDC,0xA5,0xCA,0xD0,0xF9,0x63,0x1C,

/* 汪 */
0x00,0x06,0xFC,0x62,0x08,0x20,0xE2,0x06,0x2C,0x46,0x04,0x20,0xC2,0x04,0x20,0xFF,0xE4,0x00,

/* 王 */
0x00,0x04,0x0C,0x0C,0x00,0xC0,0x0C,0x00,0xC8,0x7F,0x80,0xC0,0x0C,0x00,0xC0,0xFF,0xE0,0x00,

/* 亡 */
0x08,0x00,0xC0,0x04,0x4F,0xFE,0x20,0x02,0x00,0x20,0x02,0x00,0x20,0x06,0x00,0x7F,0xC0,0x00,

/* 枉 */
0x60,0x06,0x04,0x7B,0x0F,0x30,0x63,0x0E,0x34,0xFF,0xCE,0x30,0x63,0x06,0x30,0x7F,0xE4,0x00,

/* 网 */
0x00,0x0F,0xFC,0xC0,0xCC,0x9C,0xFF,0xCD,0x2C,0xDB,0xCE,0xFC,0xED,0xCC,0x8C,0xC1,0xCC,0x08,

/* 往 */
0x24,0x06,0x60,0xC2,0x4B,0xFC,0x62,0x06,0x20,0xDF,0xC4,0x20,0x42,0x04,0x20,0x7F,0xE4,0x00,

/* 旺 */
0x00,0x0F,0xFC,0xB2,0x0B,0x20,0xB2,0x0F,0xFC,0xB2,0x0B,0x20,0xF2,0x0E,0x24,0x9F,0xE0,0x00,

/* 望 */
0x20,0x02,0x7C,0xFF,0x84,0x48,0x5F,0x86,0x58,0x58,0x87,0xFC,0x0C,0x87,0xF8,0x0C,0x4F,0xFC,

/* 忘 */
0x08,0x00,0x44,0xFF,0xC2,0x00,0x20,0x07,0xF8,0x00,0x03,0x48,0xB4,0x4B,0x14,0xBF,0x01,0xF0,

/* 妄 */
0x08,0x00,0x44,0xFF,0xC2,0x00,0x31,0x83,0x80,0x18,0x4F,0xFC,0x32,0x03,0xE0,0x1F,0x8F,0x08,

/* 威 */
0x02,0x00,0x28,0x42,0xC4,0x60,0x7E,0xC5,0x28,0x7F,0x85,0x58,0xF9,0x89,0xDA,0xB6,0xE4,0xC6,

/* 巍 */
0x08,0x04,0xC8,0x7F,0x8F,0xF8,0x3F,0x87,0xF8,0xBE,0x87,0xF8,0xD3,0x87,0x7C,0x7F,0x49,0x1C,

/* 微 */
0x48,0x84,0xB8,0x9B,0x07,0xBE,0x5F,0xCF,0xFC,0xC5,0x85,0xD8,0x55,0x85,0x78,0x66,0x64,0xC0,

/* 危 */
0x10,0x03,0xF0,0x62,0x0F,0xFC,0xC0,0x05,0xF0,0x51,0x05,0x10,0x57,0x05,0x04,0x9F,0xC0,0xF8,

/* 韦 */
0x0C,0x00,0xC4,0xFF,0xC0,0xC0,0x7F,0x80,0xC0,0xFF,0xC0,0xCC,0x0C,0xC0,0xDC,0x0D,0x80,0x80,

/* 违 */
0x00,0x04,0x60,0x7F,0xC0,0x68,0x1F,0x8E,0x60,0x7F,0xC4,0x6C,0x47,0xC6,0x68,0xF6,0xC8,0xFC,

/* 桅 */
0x44,0x06,0x78,0x6D,0x8F,0xFE,0x78,0x0E,0xBC,0xFA,0x8E,0xA8,0x6B,0x86,0xA4,0x72,0xE6,0x3C,

/* 围 */
0x00,0x0C,0xDC,0xEF,0xCC,0xAC,0xFF,0xCC,0x8C,0xFF,0xCC,0x9C,0xCB,0xCC,0x8C,0xFF,0xC8,0x08,

/* 唯 */
0x07,0x0E,0xD0,0xAF,0xEA,0x90,0xB9,0x4B,0xFC,0xA9,0x0E,0xFC,0xA9,0x08,0x94,0x0F,0xC0,0x80,

/* 惟 */
0x44,0x04,0xD0,0x6F,0xEF,0x90,0xD9,0x4D,0xFC,0x69,0x04,0xFC,0x49,0x04,0x90,0x4F,0xE4,0x80,

/* 为 */
0x04,0x02,0x40,0x34,0x01,0xC4,0xFF,0xC0,0x84,0x0E,0x41,0xAC,0x12,0xC2,0x0C,0x43,0x88,0x10,

/* 潍 */
0x00,0x0D,0xB8,0x5A,0xC3,0xFC,0xFE,0xCF,0xFC,0x52,0x87,0xFC,0xE6,0x8F,0xE8,0xE7,0xE8,0x60,

/* 维 */
0x24,0x06,0x50,0x5D,0xCB,0xD0,0xFD,0x45,0xFC,0x4D,0x0E,0xFC,0x0D,0x0F,0xD0,0x8F,0xE0,0x80,

/* 苇 */
0x32,0x0F,0xFE,0x3A,0x00,0x88,0xFF,0x80,0xD0,0x7F,0x0F,0xFC,0x0C,0xC0,0x88,0x09,0x80,0x80,

/* 萎 */
0x12,0x0F,0xFE,0x13,0x07,0xF0,0x0C,0xC3,0xF0,0x69,0xC9,0x8C,0xFF,0x83,0xE0,0x1F,0x8F,0x18,

/* 委 */
0x07,0x07,0xC0,0x0C,0xC9,0xE0,0x3F,0x06,0xDC,0x98,0x4F,0xFC,0x32,0x03,0xE0,0x1F,0x8E,0x08,

/* 伟 */
0x22,0x02,0x24,0x7F,0xE4,0x20,0xFF,0xCC,0x20,0x7F,0xC4,0x24,0x42,0x44,0x3C,0x42,0x84,0x20,

/* 伪 */
0x22,0x03,0xB0,0x6E,0x04,0xE4,0xFF,0xCC,0x64,0x46,0x44,0x74,0x49,0xC4,0x8C,0x53,0x86,0x18,

/* 尾 */
0x40,0x84,0x0C,0x40,0x87,0xF8,0x4F,0x06,0xD8,0x5F,0x04,0x5C,0x7E,0x08,0x44,0x87,0xE0,0x30,

/* 纬 */
0x22,0x06,0x20,0x5F,0xCB,0x20,0xEF,0x86,0x20,0x5F,0xCE,0x24,0x02,0x4F,0x2C,0x82,0x80,0x20,

/* 未 */
0x0C,0x00,0xC0,0x7F,0xC0,0xC0,0x0C,0x0F,0xFE,0x1E,0x03,0xE0,0x2D,0x84,0xCE,0x8C,0x40,0xC0,

/* 蔚 */
0x12,0x0F,0xFE,0x12,0x87,0xC8,0x44,0x87,0xFE,0x7C,0x84,0xE8,0xFB,0x8F,0xC8,0xFF,0x81,0x18,

/* 味 */
0x02,0x02,0x60,0xFF,0xCA,0x60,0xA6,0x4B,0xFE,0xAF,0x0E,0xF0,0xB6,0x8B,0x6E,0x46,0x40,0x60,

/* 畏 */
0x01,0x06,0xD8,0x6D,0x86,0xD8,0x6D,0x87,0xF8,0xFF,0xE2,0x58,0x27,0x02,0x70,0x79,0xC6,0x00,

/* 胃 */
0x40,0x84,0xC8,0x7F,0x84,0xC8,0x7F,0x86,0x18,0x3F,0x83,0xF8,0x21,0x83,0xF8,0x23,0x82,0x10,

/* 喂 */
0x00,0x0E,0xFC,0xAA,0xCA,0xFC,0xAA,0xCB,0x8C,0xBF,0xEE,0xAC,0xAB,0x80,0x98,0x0C,0xE1,0x80,

/* 魏 */
0x12,0x0F,0xFC,0x3F,0xCE,0xFC,0xFF,0xCB,0xEC,0x7F,0xCF,0x38,0xF7,0xC7,0x5C,0xD9,0xE1,0x1C,

/* 位 */
0x24,0x02,0x20,0x62,0x45,0xFC,0xE8,0x8C,0x98,0x4D,0x84,0xD0,0x45,0x04,0x50,0x7F,0xE4,0x00,

/* 渭 */
0x00,0x05,0xFC,0x7F,0xCB,0xA4,0xFF,0xC7,0x8C,0x4F,0xC4,0xFC,0xC8,0xC4,0xFC,0xC9,0xC4,0x88,

/* 谓 */
0x00,0x04,0xFC,0x4F,0xC0,0xB4,0xFF,0xC6,0x8C,0x4C,0xC4,0xFC,0x7C,0xC6,0xCC,0x69,0xC0,0x88,

/* 尉 */
0x00,0x8F,0xC8,0xCC,0x8F,0xFE,0xCC,0x8E,0x28,0xFF,0x8D,0xB8,0xFC,0x8D,0x48,0xF1,0x81,0x18,

/* 慰 */
0x00,0x87,0xC8,0x7C,0xE7,0xAC,0xFE,0x8F,0x98,0xFC,0x8F,0x58,0x1C,0x87,0x54,0xF7,0x69,0xF0,

/* 卫 */
0x00,0x07,0xF8,0x08,0x80,0x88,0x08,0x80,0x88,0x08,0x80,0xB8,0x09,0x00,0x84,0xFF,0xC0,0x00,

/* 瘟 */
0x04,0x04,0x4C,0x71,0x8D,0xF8,0xDF,0x85,0x98,0xDF,0x0D,0xF8,0x56,0x85,0x68,0x9F,0xC3,0xFC,

/* 温 */
0x00,0x05,0xF8,0x78,0x8B,0xF8,0xF9,0x85,0x98,0x5F,0xCD,0xFC,0xD7,0x8D,0x7C,0xFF,0xE0,0x00,

/* 蚊 */
0x22,0x02,0x30,0xFF,0xEF,0x48,0xB4,0x8B,0x58,0xF3,0x8B,0x30,0x3B,0x0F,0xF8,0x8C,0xE1,0x00,

/* 文 */
0x08,0x00,0xC0,0xFF,0xC2,0x30,0x13,0x01,0x20,0x12,0x00,0xC0,0x0C,0x01,0xF0,0x33,0xC8,0x0C,

/* 闻 */
0x20,0x03,0x7C,0xD0,0x4F,0xFC,0xD2,0x4D,0xE4,0xDE,0x4D,0x24,0xFF,0xCC,0x24,0xC3,0xCC,0x0C,

/* 纹 */
0x00,0x06,0x20,0x42,0x4B,0xFC,0xE5,0x8E,0x50,0x45,0x0F,0x70,0x82,0x0F,0x70,0x99,0xE6,0x04,

/* 吻 */
0x06,0x0A,0x40,0xFF,0xEA,0xFC,0xBF,0x4B,0x54,0xA5,0x4F,0xB4,0x92,0x40,0x44,0x1B,0xC2,0x18,

/* 稳 */
0x12,0x0F,0x78,0x65,0x87,0x94,0x60,0xC6,0xFC,0xF0,0xCF,0x24,0x67,0x07,0xCE,0x77,0xE4,0x70,

/* 紊 */
0x08,0x0F,0xFC,0x36,0x01,0xE0,0x3F,0xCD,0xB0,0x3E,0x03,0xB0,0x7F,0x87,0xF8,0xFC,0x80,0x80,

/* 问 */
0x00,0x03,0xFC,0x70,0xC4,0x04,0x5F,0x45,0x24,0x52,0x45,0x24,0x52,0x44,0x04,0xC1,0xC4,0x08,

/* 嗡 */
0x01,0x00,0xD0,0xEA,0xCB,0x5C,0xAF,0x8A,0x00,0xBF,0xCF,0x7C,0x9D,0xC1,0xFC,0x2D,0xC0,0xC8,

/* 翁 */
0x12,0x03,0x30,0x2D,0xCD,0xAC,0x3F,0x00,0x98,0x7E,0x82,0xA8,0x3B,0x8E,0xE8,0xB9,0x81,0x08,

/* 瓮 */
0x02,0x03,0x20,0x69,0x8D,0x6E,0x3F,0x03,0x14,0x32,0x03,0xF0,0x3A,0x02,0xE0,0x7E,0x46,0x3C,

/* 挝 */
0x40,0x85,0x88,0x48,0x8E,0xFC,0x40,0x87,0xE8,0xCA,0x8C,0x88,0x48,0x84,0x98,0xFF,0xCC,0x3C,

/* 蜗 */
0x40,0x06,0x7C,0xF4,0xCF,0x4C,0xF7,0xCF,0x10,0xFF,0xEF,0xB4,0x7F,0xCF,0xCC,0x98,0x40,0x8C,

/* 涡 */
0x00,0x06,0xFC,0x58,0x8A,0xC8,0xEE,0x87,0xA4,0x5E,0x45,0x74,0xD5,0xC5,0x84,0xD1,0xC5,0x0C,

/* 窝 */
0x0C,0x07,0xFC,0xD6,0xCB,0x38,0x7F,0xCA,0x10,0x3F,0x07,0xF8,0x4C,0x85,0x28,0x63,0x84,0x08,

/* 我 */
0x02,0x03,0xF8,0xF6,0x83,0x64,0xFF,0xC3,0x68,0x3F,0x8F,0x30,0xB3,0x03,0x70,0x70,0xC2,0x06,

/* 斡 */
0x21,0x02,0xB0,0xFA,0x8F,0x4C,0xDF,0xEF,0xB0,0x95,0x0F,0x74,0xFB,0xC2,0xD0,0x21,0x02,0x10,

/* 卧 */
0x01,0x0F,0xD0,0xB1,0x0B,0x10,0xFD,0x88,0xDC,0x8D,0x6F,0xD0,0xB1,0x0B,0x50,0xFD,0x00,0x10,

/* 握 */
0x40,0x05,0xFC,0x58,0xCF,0xFC,0x5F,0xC7,0xA8,0xDF,0xCD,0xF4,0x53,0x45,0x7C,0xF3,0x44,0x00,

/* 沃 */
0x00,0x87,0xF8,0x06,0x0A,0x60,0xE6,0x47,0x70,0x47,0x0C,0x50,0xCD,0x84,0x8C,0xF0,0xE2,0x00,

/* 巫 */
0x00,0x0F,0xFC,0x2C,0x03,0xD8,0x2D,0x06,0xD0,0x7F,0x85,0xEC,0x8C,0x00,0xC0,0xFF,0xE0,0x00,

/* 呜 */
0x02,0x00,0xE8,0xFF,0x8B,0x88,0xBB,0x8B,0x98,0xBF,0xCF,0x84,0xB1,0xC0,0x0C,0x01,0xC0,0x18,

/* 钨 */
0x43,0x06,0x28,0x7F,0xCC,0x48,0xFD,0x86,0x58,0x7F,0xE6,0x44,0x61,0xC7,0x04,0x61,0xC4,0x0C,

/* 乌 */
0x08,0x00,0x90,0x3F,0x02,0x10,0x23,0x02,0x70,0x22,0x42,0x04,0x01,0x48,0x0C,0x01,0xC0,0x18,

/* 污 */
0x00,0x86,0xF8,0x20,0x0A,0x04,0xFF,0xC6,0x40,0x4F,0xC4,0x08,0xC0,0x8C,0x08,0xC7,0x80,0x30,

/* 诬 */
0x00,0x05,0xFC,0x62,0x00,0xA8,0xCA,0x84,0xA8,0x4F,0xC5,0x74,0x73,0x06,0x20,0x7F,0xE0,0x00,

/* 屋 */
0x00,0x87,0xFC,0x7F,0x84,0x08,0x7F,0xC4,0xF0,0x5F,0x85,0xE8,0xC6,0x89,0x60,0x84,0x40,0x00,

/* 无 */
0x00,0x07,0xF8,0x08,0x00,0x80,0xFF,0xC1,0xE0,0x1C,0x01,0x40,0x34,0x42,0x44,0xC7,0xE0,0x00,

/* 芜 */
0x12,0x0F,0xFC,0x33,0x01,0x38,0x7F,0x80,0x80,0xFF,0xC1,0xC0,0x1C,0x03,0x44,0x67,0xE8,0x00,

/* 梧 */
0x40,0x44,0xFC,0x56,0x0F,0xF8,0x44,0x8E,0x4C,0xF8,0x8C,0xFC,0x4C,0xC4,0xCC,0x4F,0xC4,0x88,

/* 吾 */
0x00,0x8F,0xFC,0x18,0x07,0xF0,0x13,0x03,0x34,0x00,0x03,0xF8,0x21,0x02,0x10,0x3F,0x02,0x10,

/* 吴 */
0x01,0x02,0x10,0x21,0x03,0xF0,0x20,0x8F,0xF8,0x08,0x4F,0xFE,0x1A,0x01,0x30,0x61,0xC8,0x04,

/* 毋 */
0x00,0x03,0xF8,0x6D,0x86,0xD8,0x6D,0xCE,0xD8,0x49,0x04,0x90,0x7F,0xC1,0x10,0x67,0x08,0x20,

/* 武 */
0x02,0x00,0xA8,0x42,0x80,0x24,0xFF,0xC1,0x20,0x52,0x05,0xF0,0x51,0x05,0xDC,0xF0,0xC0,0x04,

/* 五 */
0x00,0x0F,0xFC,0x18,0x01,0x80,0x19,0x07,0xF0,0x11,0x01,0x10,0x11,0x01,0x14,0xFF,0xE0,0x00,

/* 捂 */
0x40,0x05,0xFC,0x64,0x0F,0xF8,0x44,0x87,0xDC,0xDF,0xCC,0xF8,0x48,0x84,0x88,0xCF,0x84,0x88,

/* 午 */
0x30,0x02,0x08,0x7F,0x84,0x40,0x84,0x08,0x44,0xFF,0xE0,0x40,0x04,0x00,0x40,0x04,0x00,0x40,

/* 舞 */
0x20,0x07,0xFC,0x6F,0x0F,0xFC,0x2F,0x0F,0xFE,0x21,0x47,0xFC,0xFD,0x4B,0x7C,0x61,0x08,0x10,

/* 伍 */
0x20,0x07,0xFC,0x44,0x04,0x40,0xC4,0x0D,0xF8,0x44,0x84,0xC8,0x4C,0x84,0xC8,0x7F,0xE4,0x00,

/* 侮 */
0x24,0x06,0xCC,0x58,0x85,0xF8,0xEA,0x8C,0xA8,0x7F,0xE5,0xE8,0x5A,0x85,0xFC,0x43,0x84,0x10,

/* 坞 */
0x23,0x06,0x2C,0x6F,0xC7,0xCC,0xFD,0x86,0xD8,0x6F,0xE7,0x86,0x71,0xCC,0x04,0x01,0xC0,0x0C,

/* 戊 */
0x0C,0x00,0xD8,0x0C,0xC7,0xFC,0x44,0x84,0x58,0x45,0x04,0x70,0x46,0x0C,0x72,0x99,0xC2,0x06,

/* 雾 */
0x01,0x80,0xC4,0xFF,0xCB,0xF8,0x3B,0x03,0xF0,0x4E,0x0B,0xFC,0xF9,0xC3,0xB0,0x37,0x0C,0x20,

/* 晤 */
0x00,0x4F,0xFC,0xA6,0x0A,0xF8,0xA4,0x8F,0x4E,0xB8,0x0A,0xFC,0xEC,0x8A,0xC8,0x8F,0xC0,0x80,

/* 物 */
0x26,0x0E,0x40,0xE4,0x4F,0xFC,0xEF,0x43,0x54,0x3D,0x4E,0xB4,0xB2,0x42,0x44,0x2B,0xC2,0x18,

/* 勿 */
0x10,0x03,0x00,0x3F,0xC2,0xBC,0x4A,0x49,0xA4,0x16,0xC3,0x4C,0x4C,0xC9,0x88,0x33,0x80,0x10,

/* 务 */
0x10,0x03,0xF0,0x33,0x05,0xE0,0x8C,0x03,0xBC,0xE8,0xCF,0xF0,0x11,0x03,0x30,0x67,0x08,0x20,

/* 悟 */
0x40,0x05,0xFC,0x44,0x0F,0xF8,0xF4,0x8C,0x4E,0x50,0x04,0xF8,0x48,0x84,0x88,0x4F,0x84,0x88,

/* 误 */
0x00,0x04,0xF8,0x68,0x80,0xF8,0xC8,0x85,0xFC,0x42,0x05,0xFC,0x57,0x06,0x50,0x4C,0xC3,0x04,

/* 昔 */
0x13,0x03,0x30,0xFF,0xC3,0x30,0x33,0x4F,0xFC,0x3F,0x82,0x10,0x3F,0x02,0x10,0x3F,0x02,0x10,

/* 熙 */
0x00,0x0F,0xFC,0xD2,0xCF,0xAC,0xEB,0xCF,0xA0,0xD2,0x4D,0xFE,0xF9,0x85,0x48,0x96,0xC9,0x04,

/* 析 */
0x60,0x04,0xFC,0x5C,0x0F,0xC0,0x4F,0xCF,0xD8,0xFD,0x8C,0xD8,0x49,0x84,0x98,0x71,0x86,0x10,

/* 西 */
0x00,0x4F,0xFC,0x1A,0x07,0xFC,0x5E,0xC5,0x2C,0x52,0xC7,0x3C,0x60,0xC4,0x0C,0x40,0xC0,0x00,

/* 硒 */
0x00,0x0F,0xFC,0x47,0x04,0xF4,0xFF,0xCE,0xD4,0xED,0x4E,0xDC,0xE8,0x4E,0x84,0xCF,0xC0,0x80,

/* 矽 */
0x03,0x0F,0xA0,0x62,0x44,0x66,0x54,0x4F,0xEC,0xDB,0x85,0x18,0x51,0x07,0x20,0x4C,0x01,0x00,

/* 晰 */
0x08,0x0A,0x9C,0xEB,0x0B,0xF0,0xBB,0xEF,0xF8,0xBE,0x8B,0xA8,0xEA,0x8E,0xA8,0x8E,0x80,0xC8,

/* 嘻 */
0x02,0x0B,0xFC,0xA2,0x4A,0xFC,0xAF,0x8A,0xF8,0xAD,0x8E,0x5E,0xB8,0xC8,0xFC,0x0F,0xC0,0x88,

/* 吸 */
0x00,0x8B,0xD8,0xAD,0x0A,0xD0,0xAF,0xCA,0xC8,0xAD,0x8E,0xB0,0x9B,0x01,0x38,0x2C,0xE5,0x04,

/* 锡 */
0x60,0x04,0x7C,0x74,0xCC,0x4C,0xF7,0xCC,0x60,0x7F,0xE7,0xBE,0x57,0x47,0xF4,0x67,0xC4,0x88,

/* 牺 */
0x40,0x0F,0xFE,0xC7,0x0F,0x74,0xFF,0xC4,0xD4,0x7D,0x4C,0xDC,0x48,0xC4,0x84,0x6F,0xC4,0x84,

/* 稀 */
0x00,0x8F,0x78,0x67,0x87,0xA8,0xFF,0xE6,0x70,0xFF,0xCF,0xBC,0x6B,0x46,0xBC,0x6B,0xC4,0x20,

/* 息 */
0x08,0x03,0xF0,0x21,0x03,0xF0,0x21,0x03,0xF0,0x21,0x02,0x90,0x3C,0x86,0x54,0xB1,0x41,0xF0,

/* 希 */
0x03,0x03,0xE0,0x1F,0x07,0x98,0xD8,0xC3,0xC0,0x3C,0x86,0xD8,0xE4,0x82,0x58,0x25,0x80,0x40,

/* 悉 */
0x01,0x07,0xF0,0x2F,0x03,0xE8,0xFF,0xC3,0xF0,0x6D,0xCC,0x84,0x3C,0x8F,0x54,0xBF,0x41,0xE0,

/* 膝 */
0x02,0x0F,0xFC,0xA7,0x8E,0xEC,0xFA,0x4A,0x58,0xFA,0xEB,0xF8,0xA7,0x0B,0xFC,0xFA,0x42,0x20,

/* 夕 */
0x08,0x00,0x80,0x1F,0xC1,0x8C,0x10,0x82,0xD8,0x6D,0x0C,0x70,0x86,0x00,0xC0,0x30,0x0C,0x00,

/* 惜 */
0x45,0x04,0x50,0x5F,0xCF,0x50,0xCD,0x4D,0xFC,0x4F,0x84,0x88,0x4F,0x84,0x88,0x4F,0x84,0x88,

/* 熄 */
0x42,0x06,0xAC,0x5F,0xC7,0xFC,0xE8,0xCC,0xFC,0xCF,0xC4,0xA0,0x7F,0xC5,0xD6,0x94,0x81,0x78,

/* 烯 */
0x40,0x84,0xF8,0x53,0x87,0xC8,0xFE,0x6C,0xF0,0x4B,0xC5,0xBC,0x6A,0xCE,0xBC,0x8A,0x80,0x20,

/* 溪 */
0x43,0xC7,0x64,0x1A,0xCA,0xF8,0xED,0x84,0xF0,0x5F,0xCD,0xE4,0xFF,0xEC,0x50,0xD8,0xE2,0x04,

/* 汐 */
0x02,0x04,0x60,0x74,0x49,0xFC,0xE8,0xC7,0xC8,0x76,0x86,0x30,0xC3,0x0C,0x60,0xCC,0x07,0x00,

/* 犀 */
0x00,0x07,0xFC,0x40,0xC7,0xE8,0x5F,0x85,0xF8,0x74,0x45,0x68,0x7F,0xCF,0xFE,0x86,0x00,0x40,

/* 檄 */
0x48,0x84,0x98,0x5F,0x0F,0xFE,0x57,0xCF,0xF8,0xFF,0x8D,0xD8,0x5D,0x85,0x58,0x5E,0x46,0x44,

/* 袭 */
0x06,0x01,0xBC,0x1D,0x81,0x7C,0x3C,0x44,0xFC,0x0C,0x4F,0xFC,0x37,0x87,0x20,0x9D,0xC1,0x0C,

/* 席 */
0x04,0x07,0xFC,0x5B,0x05,0xB4,0x7B,0x0C,0xB0,0xCE,0x0F,0xF8,0xB4,0x8B,0x48,0x35,0x80,0x40,

/* 习 */
0x00,0x07,0xFC,0x00,0x81,0x88,0x08,0x80,0x88,0x0E,0x83,0x88,0xE0,0x80,0x18,0x03,0x80,0x00,

/* 媳 */
0x42,0x04,0xBC,0x4C,0xCF,0xFC,0x7C,0xCF,0xFC,0xEF,0xCA,0xA0,0xEF,0xC7,0xCE,0x94,0x80,0x78,

/* 喜 */
0x00,0x00,0xCC,0x0D,0x87,0xF8,0x3F,0x82,0x10,0x3F,0x01,0xF4,0x7F,0x83,0xF8,0x3F,0x82,0x10,

/* 铣 */
0x40,0x04,0x70,0x7F,0x8C,0xFC,0xFB,0x07,0xB4,0x7F,0x8F,0x50,0x55,0x07,0x50,0x69,0xE7,0x1C,

/* 洗 */
0x02,0x04,0xA0,0x6A,0xCB,0xFC,0xF2,0x07,0x26,0x4F,0x04,0x50,0xCD,0x04,0x92,0xD9,0xE6,0x1C,

/* 系 */
0x01,0x87,0xF8,0x09,0x01,0x30,0x3E,0x00,0x90,0x33,0x87,0xE8,0x35,0x02,0x4C,0xDC,0x40,0x80,

/* 隙 */
0x02,0x0F,0xE8,0xBA,0x4F,0xFC,0xE8,0x8E,0xF8,0xA8,0x8E,0xF8,0xEB,0x89,0xAC,0xB6,0x6C,0x20,

/* 戏 */
0x04,0x00,0x58,0xF6,0x83,0x64,0xBF,0x86,0x28,0x63,0x83,0x30,0x53,0x0D,0x7C,0x88,0xC0,0x06,

/* 细 */
0x00,0x06,0x84,0x4F,0x4D,0x94,0xF9,0x4E,0x94,0x4F,0xCF,0x94,0x89,0x47,0x94,0xCF,0xC0,0x84,

/* 瞎 */
0x02,0x0F,0xFC,0xB2,0xCB,0xF8,0xE2,0x8A,0xF8,0xFF,0xCE,0x68,0xAF,0x8E,0x88,0xAF,0x80,0x88,

/* 虾 */
0x60,0x06,0xFE,0x73,0x0F,0x30,0xD3,0x0D,0x3C,0xF3,0x4F,0x34,0x53,0x0F,0xB0,0x83,0x00,0x20,

/* 匣 */
0x00,0x0F,0xFC,0xC0,0x8F,0xF8,0xF4,0x8F,0xF8,0xF4,0x8F,0xF8,0xC4,0x0C,0x40,0xC6,0x48,0x00,

/* 霞 */
0x01,0x07,0xF4,0xFF,0xCF,0xF8,0x7F,0x8F,0xF8,0xDF,0x8D,0x08,0xFF,0x8F,0xB0,0xC7,0xC9,0x0C,

/* 辖 */
0x62,0x04,0xB4,0xFB,0xCC,0xBC,0xE3,0x8F,0x7C,0xAB,0x62,0xFC,0xE7,0xC2,0x4C,0x27,0xC2,0x44,

/* 暇 */
0x00,0x0F,0xFC,0xB4,0xCB,0xFC,0xF4,0x0B,0xFC,0xBA,0xCB,0x78,0xFD,0x89,0x18,0x12,0xC1,0x84,

/* 峡 */
0x02,0x04,0x20,0x7F,0xCF,0x20,0xFA,0xCF,0xF8,0xFF,0x4F,0xF0,0xF7,0x08,0x58,0x18,0xE3,0x04,

/* 侠 */
0x22,0x06,0x20,0x7F,0xC5,0x28,0xDA,0x8C,0xF0,0x4F,0x44,0x70,0x45,0x04,0x58,0x48,0xE7,0x04,

/* 狭 */
0x02,0x0B,0x20,0x7F,0xCE,0x28,0xBA,0x86,0xF8,0x6F,0x4B,0xFC,0x25,0x02,0xD8,0xE8,0xC6,0x04,

/* 下 */
0x00,0x0F,0xFC,0x08,0x00,0x80,0x0C,0x00,0xF0,0x09,0x80,0x80,0x08,0x00,0x80,0x08,0x00,0x80,

/* 厦 */
0x40,0x47,0xFC,0x7F,0xC5,0xF8,0x5F,0x85,0xF8,0x5F,0x85,0xC8,0xDF,0x8A,0x70,0x0F,0xC7,0x0C,

/* 夏 */
0x00,0x4F,0xFC,0x7F,0x86,0x10,0x61,0x07,0xF0,0x7F,0x03,0xF0,0x33,0x04,0xE0,0x9F,0xCE,0x0C,

/* 吓 */
0x00,0x4B,0xFE,0xB2,0x0A,0x20,0xA3,0x0A,0x2C,0xA2,0x4F,0x24,0xA2,0x00,0x20,0x02,0x00,0x20,

/* 掀 */
0x41,0x05,0xF8,0x71,0x0F,0x1E,0x5F,0x47,0x78,0xD5,0x8D,0x58,0x55,0x85,0x7C,0xE6,0x4C,0x44,

/* 锨 */
0x41,0x8D,0xF0,0xF9,0x49,0x36,0xFF,0xC5,0xD8,0xFD,0x85,0x58,0x55,0x87,0x6C,0xE4,0x60,0x84,

/* 先 */
0x0C,0x02,0xC0,0x6C,0x86,0xC0,0x4C,0x0F,0xFC,0x16,0x01,0x60,0x36,0x42,0x64,0x67,0xE8,0x38,

/* 仙 */
0x22,0x02,0x20,0x62,0x05,0xA4,0xFA,0x4D,0xA4,0x5A,0x45,0xA4,0x5A,0x45,0xA4,0x5F,0xC4,0x04,

/* 鲜 */
0x60,0x87,0x68,0xF3,0xCB,0xFC,0xF9,0x0F,0xFC,0xF9,0x0F,0x94,0xDF,0xC3,0x90,0xE1,0x00,0x10,

/* 纤 */
0x20,0x86,0x7C,0x53,0x09,0x30,0xE3,0x07,0xFE,0xC3,0x0F,0x30,0x03,0x0F,0x30,0x83,0x00,0x30,

/* 咸 */
0x03,0x00,0x28,0x7F,0xC4,0x20,0x7E,0xC4,0x28,0x7E,0x86,0xF8,0xED,0x0B,0xFA,0x84,0xE1,0x86,

/* 贤 */
0x10,0x0D,0xF8,0xD5,0x0D,0x30,0xD7,0xCF,0x9C,0x7F,0x86,0xD0,0x69,0x06,0xD0,0x3B,0x8E,0x0C,

/* 衔 */
0x28,0x06,0x9C,0xCE,0x0B,0x00,0x7F,0xE6,0x88,0xDE,0x84,0x88,0x4A,0x84,0xE8,0x4D,0x84,0x08,

/* 舷 */
0x22,0x07,0x14,0xFF,0xEF,0x30,0xF2,0xCF,0x48,0xFF,0x8F,0x10,0xF2,0x89,0x6C,0xBF,0x41,0x04,

/* 闲 */
0x00,0x02,0xFC,0xEC,0xCC,0xCC,0xFF,0xCC,0xCC,0xDC,0xCD,0xFC,0xED,0xCC,0xCC,0xC9,0xC8,0x08,

/* 涎 */
0x00,0x4F,0xBC,0x59,0x8B,0x38,0xF3,0xC7,0xF8,0x4B,0x8D,0xB8,0x9F,0xC9,0x80,0xE7,0xE4,0x0C,

/* 弦 */
0x02,0x0F,0x24,0x3F,0xC2,0x60,0xE4,0x88,0xD8,0xAF,0x0A,0x20,0x27,0x02,0x48,0xEF,0xCC,0x04,

/* 嫌 */
0x41,0x04,0x54,0x5F,0xCF,0x78,0xE7,0xCB,0xFE,0xA5,0x8F,0xF8,0x6D,0x87,0x5C,0xA7,0x40,0x40,

/* 显 */
0x00,0x07,0xF8,0x61,0x87,0xF8,0x61,0x87,0xF8,0x1E,0xC5,0xE8,0x7F,0x07,0xF0,0x1E,0x60,0x00,

/* 险 */
0x06,0x0F,0x60,0xAF,0x0E,0x98,0xD1,0xCE,0xF0,0xA5,0x8B,0xF8,0xEF,0x08,0xB0,0x83,0xC8,0x00,

/* 现 */
0x00,0x0F,0xFC,0x6E,0xC6,0xFC,0x7E,0xCF,0xEC,0x6E,0xC6,0xF0,0x77,0x2C,0x52,0x19,0xE2,0x0C,

/* 献 */
0x21,0x02,0x18,0xFD,0x42,0x14,0xFF,0xCF,0x98,0xF9,0x8A,0xB8,0xFA,0x8A,0xAC,0xBE,0x68,0x84,

/* 县 */
0x01,0x03,0xF0,0x21,0x03,0xF0,0x21,0x03,0xF0,0x21,0x4F,0xFE,0x1A,0x03,0x18,0x7F,0x86,0x08,

/* 腺 */
0x02,0x0F,0xEC,0xBC,0xCB,0xFC,0xFC,0xCB,0xFC,0xF7,0x4B,0xFC,0xB7,0x8B,0xBC,0x77,0x62,0x20,

/* 馅 */
0x42,0x04,0x24,0x77,0xCD,0xC8,0xE9,0x04,0xFC,0x48,0x44,0xA4,0x5F,0xC6,0x84,0x6F,0xC4,0x84,

/* 羡 */
0x13,0x01,0x24,0x7F,0xC7,0xF8,0x0C,0x4F,0xFC,0x5C,0xC7,0xEC,0x76,0x04,0x50,0x4D,0xC7,0x04,

/* 宪 */
0x08,0x04,0xC4,0x7F,0xCF,0xC8,0x3D,0x86,0xC0,0x4C,0x4F,0xFC,0x16,0x01,0x64,0x26,0xCC,0x3C,

/* 陷 */
0x02,0x0F,0x68,0xA7,0xCA,0x98,0xD1,0x0B,0xFC,0xB8,0x4B,0x84,0xEF,0xC8,0x84,0x8F,0xC8,0x84,

/* 限 */
0x00,0x8F,0xF8,0xA8,0x8A,0xF8,0xE8,0x8A,0xF8,0x9A,0xCB,0xB8,0xEB,0x08,0x98,0x8E,0xE8,0x80,

/* 线 */
0x05,0x06,0x68,0x54,0x8B,0x7C,0xEE,0x06,0x7C,0x5E,0x8E,0x38,0x93,0x06,0x74,0x8D,0xC1,0x06,

/* 相 */
0x20,0x02,0x7C,0x24,0x4F,0xC4,0x67,0xC7,0x44,0x7C,0x4A,0x7C,0xA4,0x42,0x44,0x27,0xC2,0x44,

/* 厢 */
0x00,0x4F,0xFC,0xDA,0x0D,0x3C,0xFE,0x4D,0x3C,0xFE,0x4F,0x7C,0xD2,0xC9,0x24,0x93,0xC1,0x20,

/* 镶 */
0x42,0x05,0xFC,0xFF,0xC8,0xF4,0xFD,0xC5,0xFC,0x7F,0xCF,0xDC,0x5F,0xC7,0xD8,0xFE,0xC4,0xC4,

/* 香 */
0x03,0x07,0xE0,0x0C,0x4F,0xFC,0x3F,0x06,0xDC,0xFF,0xC2,0x10,0x3F,0x02,0x10,0x3F,0x02,0x10,

/* 箱 */
0x22,0x07,0xFC,0xD5,0x0B,0x90,0x27,0xCF,0xCC,0x67,0xC7,0xCC,0xA7,0xCA,0x4C,0x27,0xC2,0x48,

/* 襄 */
0x0C,0x0F,0xFC,0x7F,0x87,0xE8,0x76,0x87,0xFC,0x7F,0x87,0x24,0xBD,0x83,0x38,0xDF,0xC3,0x0C,

/* 湘 */
0x08,0x04,0xBC,0x6B,0x43,0xE4,0xDB,0xCD,0xA4,0x5E,0x4F,0xBC,0xEA,0x4C,0xA4,0xCB,0xCC,0xA4,

/* 乡 */
0x04,0x00,0xC0,0x19,0x83,0x30,0x3E,0x00,0xC8,0x11,0x83,0xF0,0x03,0x00,0x60,0x1C,0x0E,0x00,

/* 翔 */
0x10,0x07,0xFC,0xFA,0x46,0xB4,0x3F,0xCF,0xE4,0x22,0xCF,0xFC,0x4A,0x44,0x24,0xCE,0xC0,0x04,

/* 祥 */
0x40,0x86,0x58,0x25,0x4F,0xFC,0x22,0x06,0xFC,0xF2,0x0D,0x34,0x5F,0xC4,0x20,0x42,0x04,0x20,

/* 详 */
0x08,0x86,0x58,0x45,0x41,0xFC,0xE2,0x05,0xFC,0x42,0x04,0x24,0x5A,0x07,0x20,0x62,0x00,0x20,

/* 想 */
0x20,0x02,0x7C,0xFC,0xC6,0x7C,0x77,0xCF,0xCC,0xA7,0xC2,0x40,0x7C,0x87,0x54,0xB3,0x61,0xF0,

/* 响 */
0x02,0x00,0x20,0xFF,0xCB,0x84,0xB9,0x4B,0xFC,0xBD,0x4F,0xFC,0xBF,0x48,0x84,0x09,0xC0,0x8C,

/* 享 */
0x08,0x00,0xC4,0xFF,0xC3,0xF8,0x21,0x03,0xF0,0x7F,0x80,0x60,0xFF,0xE0,0xC0,0x1C,0x00,0x80,

/* 项 */
0x00,0x41,0xB0,0xFA,0x04,0xFC,0x4F,0x44,0xF4,0x4E,0x47,0xE4,0xCE,0x40,0x78,0x0C,0xC3,0x04,

/* 巷 */
0x12,0x01,0x28,0xFF,0xC1,0x24,0xFF,0xC3,0x30,0x3F,0x8E,0x2E,0xBE,0x02,0x28,0x31,0x81,0xF8,

/* 橡 */
0x44,0x04,0x78,0x49,0x8F,0xFC,0x4E,0xCF,0xC8,0xFF,0x87,0xF0,0x57,0x84,0xFC,0x7E,0x44,0x60,

/* 像 */
0x24,0x06,0xF8,0x5B,0x87,0xFC,0xDA,0xCD,0xF8,0x4C,0xC5,0x70,0x5F,0x84,0xFC,0x52,0x44,0x60,

/* 向 */
0x08,0x01,0x80,0x7F,0xC4,0x0C,0x52,0xC5,0xEC,0x52,0xC5,0x2C,0x5E,0xC5,0x0C,0xC1,0xC4,0x08,

/* 象 */
0x10,0x03,0xF0,0x64,0x8F,0xF8,0x6C,0x87,0xF8,0x39,0x8F,0xE0,0x6D,0x09,0x5C,0x7C,0xC0,0xC0,

/* 萧 */
0x12,0x0F,0xFC,0x1E,0x07,0xF8,0x0D,0xC8,0xD8,0x7F,0x87,0xC8,0x7E,0x86,0xF8,0x6C,0x88,0x88,

/* 硝 */
0x01,0x01,0x96,0x67,0xC6,0x58,0x47,0xCF,0xC4,0xD7,0xCD,0x44,0x57,0xC7,0x44,0x54,0xC0,0x44,

/* 霄 */
0x00,0x87,0xFC,0xFF,0xEB,0xF8,0x7F,0x82,0xD8,0x7F,0x86,0x18,0x7F,0x87,0xF8,0x63,0x84,0x10,

/* 削 */
0x30,0x4B,0x44,0xFB,0x47,0xB4,0xFF,0x4C,0xB4,0xFB,0x4C,0xB4,0xFB,0x4C,0x84,0xD9,0xC8,0x88,

/* 哮 */
0x06,0x0A,0x7C,0xFF,0x8A,0x7C,0xBF,0xEA,0x78,0xAD,0x8F,0xB0,0xBF,0xE4,0x20,0x02,0x00,0x20,

/* 嚣 */
0x40,0x85,0xE8,0x7F,0x8F,0xFC,0x59,0x86,0xD8,0x7D,0x87,0x1C,0xF7,0xC5,0xE8,0x7F,0x84,0x48,

/* 销 */
0x41,0x04,0xB4,0xFF,0xC8,0x7C,0xFF,0xC4,0xC4,0x5F,0xCF,0xC4,0x4F,0xC7,0xC4,0x6D,0xC4,0x88,

/* 消 */
0x02,0x06,0xAC,0x2E,0x89,0xB0,0xEF,0xC2,0x84,0x2F,0xC4,0x84,0x4F,0xC4,0x84,0x49,0xC4,0x88,

/* 宵 */
0x08,0x08,0xC4,0x8D,0xCA,0xF8,0x3E,0x07,0xF8,0x61,0x87,0xF8,0x61,0x86,0x18,0x63,0x84,0x10,

/* 淆 */
0x00,0x84,0x70,0x67,0x83,0x6C,0xFF,0xC4,0xC8,0x5F,0x8F,0xF8,0xEC,0x8C,0xC8,0xC9,0x88,0x98,

/* 晓 */
0x04,0x0E,0x4C,0xBF,0x8A,0x38,0xA3,0x4F,0xFC,0xB0,0xCB,0xFC,0xA7,0x0E,0xF0,0x1B,0xE2,0x1C,

/* 小 */
0x04,0x00,0xC0,0x0C,0x00,0xC0,0x3D,0x06,0xC8,0x4C,0xCC,0xC6,0x8C,0x60,0xC0,0x1C,0x00,0x80,

/* 孝 */
0x08,0x00,0x98,0x7F,0x00,0xA4,0xFF,0xC0,0xD0,0x3B,0x02,0x60,0xFF,0xC0,0x40,0x0C,0x00,0xC0,

/* 校 */
0x62,0x06,0x30,0x7F,0xEF,0x50,0x64,0x8F,0xDC,0xFD,0x8E,0x50,0x63,0x06,0x30,0x65,0xE7,0x04,

/* 肖 */
0x0C,0x06,0xCC,0x2D,0x02,0xE8,0x7F,0x86,0x08,0x7F,0x86,0x08,0x7F,0x86,0x08,0x63,0x84,0x10,

/* 啸 */
0x02,0x08,0xF8,0xE2,0xCB,0xFE,0xAF,0x8B,0x28,0xBF,0xCF,0xFC,0x9B,0xC1,0xAC,0x22,0xC4,0x24,

/* 笑 */
0x23,0x06,0xA4,0x7F,0xCB,0xD8,0x1F,0x07,0xE0,0x08,0x4F,0xFC,0x1A,0x01,0x30,0x31,0xEC,0x04,

/* 效 */
0x21,0x02,0x30,0xFE,0x45,0x3E,0x5C,0x89,0xE8,0xDA,0x83,0x38,0x33,0x05,0xB8,0x8C,0xC1,0x04,

/* 楔 */
0x48,0x04,0xFC,0x5D,0x4F,0xD4,0x4D,0x4F,0xFC,0xEE,0xC4,0x64,0x5F,0xE4,0x50,0x4D,0xC7,0x04,

/* 些 */
0x12,0x01,0x20,0x52,0xC5,0xF0,0x52,0x45,0xE4,0xF3,0xCC,0x00,0x7F,0x80,0x00,0xFF,0xC0,0x00,

/* 歇 */
0x01,0x0F,0xB0,0xFB,0x4C,0xB6,0xFD,0xC7,0xD0,0xAD,0x0E,0xB8,0xDA,0x8F,0xAC,0x3C,0x61,0x84,

/* 蝎 */
0x60,0x06,0xCC,0xFF,0xCF,0xCC,0xFF,0xCF,0x64,0xFF,0xEF,0xF4,0x7F,0xCF,0xDC,0x81,0xC0,0x0C,

/* 鞋 */
0x51,0x0D,0x90,0xFF,0xC7,0x10,0xF1,0x4F,0xFC,0xB9,0x0F,0xFC,0xF9,0x02,0x10,0x2F,0xE2,0x00,

/* 协 */
0x42,0x04,0x20,0x42,0x07,0xF8,0xE6,0x85,0x68,0x54,0xC5,0x5E,0x45,0x84,0x98,0x5B,0x06,0x10,

/* 挟 */
0x42,0x04,0x20,0x7F,0xCF,0x28,0x4A,0xC7,0xF8,0xEF,0x44,0x70,0x47,0x04,0x58,0xC8,0xC7,0x04,

/* 携 */
0x46,0x04,0xD4,0x6F,0xCF,0xFC,0x6F,0xC6,0xB4,0xCF,0xE5,0xF8,0x45,0xC4,0xD4,0xC9,0xC7,0x08,

/* 邪 */
0x00,0x0F,0xFE,0x53,0x45,0x3C,0xFF,0x83,0xB8,0x33,0x47,0x34,0x53,0x69,0x3C,0x33,0x01,0x20,

/* 斜 */
0x20,0x87,0x08,0x5E,0x8C,0xA8,0xF8,0x82,0x28,0xFA,0xE2,0x1E,0xEE,0x8A,0x88,0x60,0x86,0x08,

/* 胁 */
0x02,0x0F,0x20,0xB2,0x0F,0xFC,0xF2,0x8B,0xEC,0xFE,0xEB,0xCA,0xB4,0x8B,0x48,0xFB,0x83,0x10,

/* 谐 */
0x01,0x05,0xB4,0x5F,0xC1,0xB0,0xFF,0x65,0xFC,0x4E,0x85,0x88,0x6F,0x86,0x88,0x4F,0x80,0x88,

/* 写 */
0x00,0x07,0xFC,0xF0,0x8B,0x08,0x3F,0x82,0x00,0x3F,0xC0,0x08,0xFE,0x80,0x18,0x07,0x80,0x30,

/* 械 */
0x41,0x04,0x1C,0x61,0x4F,0xFC,0x4F,0x4E,0xDC,0xDF,0xC4,0xD8,0x4D,0x85,0xFA,0x56,0xE6,0xC6,

/* 卸 */
0x60,0x04,0xA4,0x7F,0x49,0x24,0xB6,0x4F,0x24,0x52,0x45,0xE4,0x53,0xCF,0xEC,0xC2,0x00,0x20,

/* 蟹 */
0x60,0x07,0xBC,0xFB,0x87,0xF8,0x7F,0xC7,0xD4,0xB9,0x08,0xD0,0x7F,0x87,0xF8,0x6F,0x8C,0x0C,

/* 懈 */
0x00,0x0D,0xBC,0xDD,0x4E,0x9C,0xFE,0x8F,0xF8,0xFF,0xCF,0xE8,0xEF,0xEE,0xC8,0xEC,0x8C,0x48,

/* 泄 */
0x04,0x8D,0xD8,0x75,0x83,0x5C,0xFF,0xE5,0x58,0x55,0x8D,0x58,0xD7,0x8D,0x40,0xDF,0xC0,0x00,

/* 泻 */
0x00,0x45,0xFC,0x5C,0x8A,0x40,0xEF,0xC2,0xC0,0x4F,0xCC,0x1C,0x7F,0xC4,0x0C,0x41,0x80,0x00,

/* 谢 */
0x08,0x8C,0x8C,0x5E,0xC1,0x6E,0xD6,0xCD,0xEC,0xD7,0xCF,0xDC,0xEC,0xCD,0x4C,0xED,0xC0,0x48,

/* 屑 */
0x40,0x84,0x0C,0x7F,0xC4,0x68,0x5E,0xC5,0xFC,0x50,0xC5,0xFC,0x50,0xCD,0xFC,0x91,0xC1,0x08,

/* 薪 */
0x12,0x0F,0xFE,0x32,0x02,0xFC,0xFA,0x07,0xE4,0xFF,0xEF,0xE8,0x7A,0x8E,0xE8,0x64,0x82,0x88,

/* 芯 */
0x02,0x01,0x34,0xFF,0xE1,0x30,0x1A,0x00,0x40,0x34,0x87,0x4C,0xF1,0x4B,0x14,0x9F,0x01,0xE0,

/* 锌 */
0x42,0x04,0x34,0xFF,0xC8,0x48,0xF7,0x84,0xFC,0x73,0x06,0x34,0x4F,0xC7,0x30,0x63,0x04,0x30,

/* 欣 */
0x02,0x0F,0xA0,0xC2,0x4C,0x7C,0xFF,0x8F,0x30,0xF3,0x0F,0x30,0xB6,0x8B,0x48,0x38,0xE1,0x00,

/* 辛 */
0x08,0x00,0xCC,0x7F,0x81,0x30,0x12,0x0F,0xFE,0x0C,0x00,0xC8,0xFF,0xC0,0xC0,0x0C,0x00,0xC0,

/* 新 */
0x20,0x03,0xBC,0xDA,0x05,0xA0,0x7F,0xE3,0x28,0xBA,0x87,0x28,0x7E,0x8A,0xC8,0x6C,0x82,0x08,

/* 忻 */
0x40,0x84,0xFC,0x48,0x0F,0x80,0xFF,0xEC,0xD8,0x49,0x84,0x98,0x49,0x85,0x98,0x51,0x86,0x10,

/* 心 */
0x00,0x00,0xC0,0x04,0x03,0x40,0x30,0x03,0x08,0xB0,0xCB,0x04,0xB1,0x03,0x10,0x1F,0x00,0x00,

/* 信 */
0x22,0x02,0x20,0x7F,0xE4,0x00,0xDF,0xCC,0x08,0x4F,0x84,0xF8,0x48,0xC4,0x88,0x4F,0x84,0x88,

/* 衅 */
0x21,0x02,0x54,0xFD,0x4F,0xF8,0xF9,0xCF,0x90,0xF9,0x0F,0xFE,0xF9,0x0E,0x10,0x01,0x00,0x10,

/* 星 */
0x00,0x86,0x18,0x7F,0x86,0x08,0x7F,0x86,0xC0,0x7F,0xC4,0xC0,0xCD,0x88,0xC0,0x0C,0x4F,0xFC,

/* 腥 */
0x00,0x0F,0xFC,0xBF,0xCF,0xCC,0xFF,0xCB,0xB0,0xFF,0xCB,0xB0,0xBF,0xCB,0x30,0x73,0x62,0x00,

/* 猩 */
0x00,0x0F,0xFC,0x6F,0xCE,0xCC,0x2F,0xC6,0xB0,0x6F,0xCB,0xB0,0x3F,0xC2,0x30,0xE3,0x64,0x00,

/* 惺 */
0x40,0x04,0xFC,0x48,0x86,0x88,0xFF,0x8C,0xA0,0x4F,0xC5,0xB0,0x5F,0xC4,0x20,0x42,0x45,0xFC,

/* 兴 */
0x00,0x04,0x8C,0x6D,0x82,0xD0,0x35,0x02,0x24,0xFF,0xE1,0x00,0x33,0x02,0x18,0x40,0xC8,0x00,

/* 刑 */
0x00,0x4F,0xF4,0x29,0x42,0x94,0x2F,0x4F,0xF4,0x69,0x46,0x94,0x49,0x44,0x84,0x89,0xC0,0x88,

/* 型 */
0x04,0x4F,0xF4,0x2B,0x4F,0xF4,0x7B,0x44,0x84,0xC9,0xC8,0xC8,0x0D,0x80,0xC0,0x0C,0x4F,0xFC,

/* 形 */
0x00,0x8F,0xEC,0x69,0x06,0xA0,0x6E,0xCF,0xC8,0x6B,0x06,0xE6,0x48,0xC4,0x98,0x8E,0x00,0x80,

/* 邢 */
0x00,0x0F,0xFE,0x6B,0x46,0xB8,0x7F,0x8F,0xF8,0x4B,0x44,0xB6,0x4B,0xE4,0xBC,0x9B,0x00,0x20,

/* 行 */
0x20,0x06,0xFC,0xC0,0x0B,0x00,0x30,0x46,0x18,0xE1,0x06,0x10,0x61,0x06,0x10,0x67,0x06,0x30,

/* 醒 */
0x04,0x0F,0xFC,0x67,0xCF,0xEC,0xFF,0xCF,0xD0,0xFF,0x49,0xD0,0xFF,0xC9,0x90,0xF9,0x48,0x00,

/* 幸 */
0x0C,0x00,0xC8,0x7F,0x80,0xC4,0xFF,0xC1,0x30,0x57,0x80,0xC0,0x8C,0xC0,0xC0,0x0C,0x00,0xC0,

/* 杏 */
0x0C,0x00,0xC4,0xFF,0xC1,0xE0,0x3D,0x86,0xCE,0x8C,0x43,0xF8,0x21,0x02,0x10,0x3F,0x02,0x10,

/* 性 */
0x42,0x04,0xA0,0x4A,0x0F,0xBC,0xDB,0x0D,0x20,0x52,0x84,0xFC,0x42,0x04,0x20,0x43,0x64,0x00,

/* 姓 */
0x43,0x04,0xB0,0x4F,0x0F,0xF4,0xFB,0x0F,0xB0,0xB3,0x4A,0xFC,0xE3,0x07,0x30,0xD3,0x49,0x80,

/* 兄 */
0x00,0x07,0xF8,0x61,0x86,0x18,0x61,0x87,0xF8,0x76,0x01,0x60,0x16,0x43,0x64,0x63,0xEC,0x18,

/* 凶 */
0x00,0x00,0x30,0xE2,0xCD,0x6C,0xCC,0xCC,0xCC,0xDE,0xCD,0x3C,0xE3,0xCC,0x0C,0xFF,0xC0,0x08,

/* 胸 */
0x04,0x0F,0x44,0xEF,0xEF,0x94,0xF7,0x4F,0xFC,0xEF,0xCE,0xFC,0xA9,0xCB,0xF4,0xE1,0xC2,0x0C,

/* 匈 */
0x20,0x02,0x00,0x7F,0xC4,0x44,0xEC,0x4F,0xBC,0x5A,0xC5,0xEC,0x66,0xC7,0xEC,0x02,0x80,0x18,

/* 汹 */
0x00,0x04,0x18,0x59,0x4B,0xD4,0xF7,0x43,0x24,0x53,0x45,0x54,0xDD,0xC5,0x84,0xDF,0xC4,0x04,

/* 雄 */
0x27,0x06,0x78,0x7F,0xEE,0xD0,0x7D,0x47,0xFC,0x75,0x0A,0x7C,0xD5,0x0F,0xD0,0x07,0xE0,0x40,

/* 熊 */
0x22,0x07,0x7C,0xFF,0x4C,0xFC,0xFB,0x87,0xEC,0x7F,0xCD,0xE4,0xDB,0xC0,0x48,0x96,0xC9,0x04,

/* 休 */
0x22,0x02,0x20,0x62,0x07,0xFC,0x67,0x0C,0xF0,0x4B,0x04,0xA8,0x52,0xC6,0x24,0x42,0x04,0x20,

/* 修 */
0x26,0x06,0x68,0x7F,0xCF,0xB8,0xF3,0x8D,0xFE,0x53,0x05,0x58,0x73,0xC4,0xD8,0x4E,0x03,0x80,

/* 羞 */
0x13,0x01,0xA0,0x7F,0xC0,0x90,0x3F,0x0F,0xFC,0x10,0x03,0xF8,0x6D,0x8B,0xF0,0x09,0xC0,0x00,

/* 朽 */
0x20,0x02,0xFE,0x76,0x0F,0x60,0x64,0x07,0x7C,0xF0,0x4A,0x04,0x20,0xC2,0x0C,0x63,0x82,0x18,

/* 嗅 */
0x02,0x0A,0xFC,0xE8,0xCA,0xFC,0xAF,0xCA,0x8C,0xAF,0x8E,0x3C,0xBF,0xE8,0x50,0x0D,0xC3,0x0C,

/* 锈 */
0x41,0x84,0xF0,0x72,0x49,0xFC,0xFF,0x84,0xAE,0xFF,0x84,0x50,0x55,0xC6,0xC4,0x69,0xC1,0x08,

/* 秀 */
0x03,0x07,0xF0,0x0C,0x4F,0xFC,0x3F,0x06,0xDE,0xFF,0x01,0x28,0x17,0xC3,0x08,0x67,0x88,0x30,

/* 袖 */
0x43,0x06,0x30,0x23,0x4F,0xFC,0x6B,0x47,0xB4,0xEF,0xCF,0xB4,0x7B,0x44,0xB4,0x6F,0xC4,0x84,

/* 绣 */
0x00,0x86,0xF8,0x42,0x4B,0xFC,0xEF,0x86,0xAE,0xFF,0xCC,0x50,0x25,0xCC,0x8C,0x1A,0x82,0x18,

/* 墟 */
0x42,0x04,0x3C,0x4A,0x67,0xBE,0xFF,0xC4,0xAC,0x5B,0xC7,0xBC,0xFF,0xC9,0xF8,0x27,0xE5,0xFC,

/* 戌 */
0x04,0x00,0x50,0x05,0xC7,0xFC,0x44,0x84,0x58,0x7F,0x04,0x30,0x43,0x0C,0x72,0x99,0xC2,0x06,

/* 需 */
0x00,0x80,0xC4,0xFF,0xEB,0xF8,0x3F,0x00,0x84,0xFF,0xC7,0xFC,0x5E,0x85,0xE8,0x5F,0x84,0x08,

/* 虚 */
0x0C,0x00,0xF8,0x4C,0x47,0xFC,0x4F,0x87,0xCC,0x4F,0x86,0xA8,0x6B,0x8F,0xB0,0x8A,0x47,0xFC,

/* 嘘 */
0x02,0x00,0x3C,0xFA,0x4B,0xEC,0xBF,0xCB,0xEC,0xBB,0x8F,0xB4,0xBF,0xC1,0xF8,0x23,0x45,0xFE,

/* 须 */
0x20,0x42,0xFC,0x42,0x0A,0xFC,0x3B,0xC6,0xBC,0x8A,0xC3,0xAC,0x6F,0xC4,0x6C,0x8C,0x40,0x00,

/* 徐 */
0x22,0x06,0x60,0xCD,0x03,0x9C,0x7F,0xEE,0x60,0xDF,0xC4,0xE0,0x4F,0x85,0x2C,0x6E,0x44,0x60,

/* 许 */
0x44,0x06,0xC0,0x2F,0xC0,0xB0,0xFB,0x07,0x34,0x7F,0xE6,0x30,0x73,0x06,0x30,0x63,0x00,0x20,

/* 蓄 */
0x12,0x0F,0xFC,0x1E,0x4F,0xFC,0x3B,0x03,0xE0,0x7F,0x87,0xDC,0x7F,0x87,0xF8,0x7F,0x86,0x10,

/* 酗 */
0x08,0x8F,0xA8,0xF6,0xCF,0xFC,0xDD,0x4D,0xD4,0x9D,0xC9,0xFC,0x9E,0xC9,0xC4,0x8F,0xC8,0x04,

/* 叙 */
0x30,0x03,0x84,0x6F,0xC4,0xAC,0xFA,0xC3,0x28,0xFF,0x87,0x18,0xF9,0x8B,0x7C,0x64,0xE3,0x80,

/* 旭 */
0x40,0x04,0x78,0x44,0x8F,0xC8,0x56,0x85,0x68,0x54,0x85,0x48,0x57,0xC9,0x44,0x9F,0xC0,0xF8,

/* 序 */
0x04,0x04,0x64,0x40,0x85,0xFC,0x4D,0x04,0x60,0x7F,0xE4,0x6C,0xC6,0x08,0x60,0x8E,0x00,0x40,

/* 畜 */
0x08,0x00,0xCC,0x19,0x03,0xF0,0x3F,0x07,0xF8,0x70,0xC7,0xF8,0x6D,0x86,0xD8,0x7F,0x86,0x18,

/* 恤 */
0x42,0x04,0x60,0x54,0xCF,0xFC,0xF7,0xCD,0x7C,0x57,0xC5,0x7C,0x57,0xC5,0x7C,0x7F,0xE4,0x00,

/* 絮 */
0x10,0x03,0xBC,0xEE,0x47,0xA4,0x3F,0xCD,0x90,0x3F,0x01,0xD8,0x7F,0x83,0x70,0x6C,0xC8,0xC0,

/* 婿 */
0x40,0x04,0xFE,0x4F,0xCF,0xF8,0x7F,0xEF,0x1C,0xAF,0xCE,0xF8,0x6C,0x87,0xF8,0x9D,0x80,0xC8,

/* 绪 */
0x06,0x06,0x6C,0x5F,0xCB,0x78,0xFF,0xEE,0x20,0x4F,0x8F,0xC8,0x9F,0x87,0xC8,0xCF,0x80,0xC8,

/* 续 */
0x02,0x06,0x28,0x4F,0x8B,0x24,0xEF,0xC4,0x50,0x4B,0x0E,0xB4,0x1F,0xCF,0x70,0x8C,0xC3,0x04,

/* 轩 */
0x20,0x06,0xFC,0xF9,0x06,0x10,0xA1,0x0F,0x94,0xA7,0x02,0x90,0xF1,0x0A,0x10,0x21,0x02,0x10,

/* 喧 */
0x02,0x0A,0xB4,0xF8,0xCB,0x8C,0xA8,0x8A,0xF8,0xA8,0x8E,0xF8,0xA8,0x88,0xF8,0x08,0x43,0xFC,

/* 宣 */
0x08,0x08,0xC4,0xFF,0xCA,0x18,0x00,0x03,0xF0,0x21,0x03,0xF0,0x21,0x03,0xF0,0x20,0x4F,0xFC,

/* 悬 */
0x21,0x02,0x10,0x3F,0x02,0x10,0x21,0x4F,0xFE,0x33,0x07,0xF8,0x2C,0x8A,0x5C,0xB3,0x41,0xE0,

/* 旋 */
0x42,0x06,0x64,0xFF,0xC4,0x80,0x5F,0xC5,0x1C,0x55,0x05,0x5C,0x5D,0x09,0xF0,0xFB,0xC3,0x0C,

/* 玄 */
0x08,0x00,0xC0,0xFF,0xC1,0x80,0x11,0x03,0x30,0x7E,0x00,0xC0,0x1A,0x03,0x10,0x7F,0x86,0x08,

/* 选 */
0x02,0x04,0xA0,0x7F,0xC1,0x20,0x12,0x4F,0xFC,0x4F,0x04,0xF4,0x4B,0x47,0x1C,0xFF,0xE0,0xFC,

/* 癣 */
0x04,0x07,0xFC,0x5A,0x4D,0xD4,0xFF,0xC7,0xF8,0xFF,0xC7,0xC8,0x7F,0xEE,0x48,0xB8,0x80,0x08,

/* 眩 */
0x02,0x0A,0x20,0xBF,0xEA,0x20,0xE6,0x8A,0x58,0xAF,0x0E,0x30,0xA2,0x0A,0x48,0xAF,0xC8,0x84,

/* 绚 */
0x44,0x04,0x40,0x5F,0xCB,0x84,0xFF,0x44,0x94,0x4F,0x4F,0x94,0x0F,0x4E,0x94,0x81,0xC0,0x08,

/* 靴 */
0x51,0x0F,0xF0,0xF5,0x07,0x54,0xF5,0xCF,0xD8,0xFD,0x0F,0x70,0x7D,0x06,0x54,0x25,0xE2,0x4C,

/* 薛 */
0x12,0x0F,0xFE,0x32,0x03,0x34,0xFF,0xCD,0x78,0xFF,0xED,0x30,0xDF,0xCD,0x30,0xF3,0x08,0x30,

/* 学 */
0x09,0x82,0xD0,0x2F,0x0F,0xFC,0x80,0xCF,0xF8,0x02,0x00,0xC4,0xFF,0xC0,0x40,0x1C,0x00,0x80,

/* 穴 */
0x08,0x00,0xC0,0x7F,0xCC,0x0C,0x86,0x01,0xA0,0x12,0x03,0x20,0x23,0x06,0x18,0xC0,0xC8,0x04,

/* 雪 */
0x01,0x07,0xF8,0xFF,0xC8,0xC4,0xBF,0x07,0xF0,0x08,0x07,0xF8,0x01,0x83,0xF8,0x7F,0x80,0x18,

/* 血 */
0x0C,0x00,0x80,0x48,0x87,0xF8,0x5E,0x85,0xE8,0x5E,0x85,0xE8,0x5E,0x85,0xE8,0xFF,0xE0,0x00,

/* 勋 */
0x01,0x0F,0x90,0xC9,0x0F,0xFC,0xF9,0x4A,0x94,0xAB,0x4A,0xB4,0xAA,0x4F,0xEC,0xCD,0xC9,0x18,

/* 熏 */
0x03,0x07,0xE0,0xFF,0xC7,0xF8,0x7F,0x85,0xE8,0x7F,0x87,0xF8,0x0C,0x4F,0xFC,0xD2,0xC9,0x24,

/* 循 */
0x20,0x87,0xF0,0xD9,0x0F,0xFE,0x79,0x0D,0x7C,0xD4,0xC5,0x7C,0x57,0xC5,0x44,0x67,0xC4,0x44,

/* 旬 */
0x20,0x02,0x00,0x7F,0xC4,0x0C,0xBE,0xC2,0x6C,0x3E,0xC2,0x6C,0x26,0xC2,0x68,0x03,0x80,0x18,

/* 询 */
0x04,0x04,0xC0,0x4F,0xC1,0x04,0xEF,0x44,0x94,0x4F,0x44,0x94,0x4B,0x46,0xB4,0x41,0xC0,0x18,

/* 寻 */
0x00,0x07,0xF8,0x01,0x87,0xF8,0x01,0x87,0xF8,0x03,0x4F,0xFE,0x33,0x03,0x30,0x0F,0x00,0x20,

/* 驯 */
0x04,0x4F,0x54,0xD5,0x4F,0x54,0xB5,0x4F,0x54,0x9D,0x41,0x54,0xD5,0x41,0xD4,0x78,0x43,0x04,

/* 巡 */
0x00,0x06,0xBC,0x6A,0x81,0x68,0x55,0x0F,0x50,0x5A,0x84,0xAC,0x4A,0x46,0x80,0xBF,0xE8,0xFC,

/* 殉 */
0x04,0x03,0x40,0x4F,0xC4,0x84,0xFF,0x4B,0x94,0xEF,0x46,0x94,0x6F,0x44,0xD4,0x81,0xC0,0x18,

/* 汛 */
0xC0,0x87,0xF8,0x0D,0x8A,0xD8,0xEF,0x87,0xF8,0x4C,0x8C,0xC8,0xCC,0xAC,0xCC,0xCC,0x40,0x00,

/* 训 */
0x08,0x46,0xA4,0x6B,0x40,0xB4,0xEB,0x44,0xB4,0x4B,0x44,0xB4,0x7B,0x47,0xA4,0x50,0x42,0x04,

/* 讯 */
0x00,0x0D,0xF8,0x44,0x80,0x48,0x44,0x85,0xF8,0x44,0x84,0x48,0x44,0xA6,0x4E,0x4C,0xE4,0xC6,

/* 逊 */
0x01,0x05,0xF8,0x4D,0x80,0xB8,0x0B,0xCD,0xFC,0x7D,0xE4,0xD8,0x49,0x07,0xB0,0xBF,0xE0,0xFC,

/* 迅 */
0x00,0x05,0xF8,0x65,0x80,0x58,0x0F,0x0F,0xF8,0x45,0x84,0xCC,0x4C,0xC4,0xC4,0xF9,0xE8,0xFC,

/* 压 */
0x00,0x07,0xFC,0x44,0x04,0x40,0x44,0x07,0xFC,0x44,0x04,0x50,0x45,0x8C,0x48,0xFF,0xE0,0x00,

/* 押 */
0x40,0x06,0xFC,0x7B,0x4F,0xB4,0x6F,0xC7,0xB4,0xEB,0x4E,0xFC,0x63,0x06,0x30,0xE3,0x04,0x30,

/* 鸦 */
0x01,0x0F,0xF0,0x77,0xCF,0x7C,0xFD,0xCF,0xD8,0x76,0xC7,0x7C,0xB1,0xCB,0x84,0x71,0xC2,0x0C,

/* 鸭 */
0x01,0x0F,0xF8,0xF6,0xCF,0x58,0xF4,0x8F,0x58,0xFD,0x4F,0x44,0x61,0xC6,0x84,0x60,0xC6,0x1C,

/* 呀 */
0x00,0x0B,0xFC,0xED,0x8A,0xD8,0xA9,0xCA,0xFC,0xA3,0x8E,0x58,0xAD,0x81,0x98,0x33,0x84,0x10,

/* 丫 */
0x00,0x86,0x18,0x33,0x01,0x60,0x0C,0x00,0xC0,0x0C,0x00,0xC0,0x0C,0x00,0xC0,0x0C,0x00,0xC0,

/* 芽 */
0x02,0x03,0x34,0x33,0x02,0x28,0x7F,0x82,0x20,0x62,0xC4,0xE0,0x1A,0x03,0x20,0xCE,0x00,0x60,

/* 牙 */
0x00,0x07,0xFC,0x22,0x02,0x20,0x62,0x47,0xFC,0x0E,0x01,0xA0,0x32,0x06,0x20,0x8E,0x00,0x60,

/* 蚜 */
0x20,0x06,0x7C,0xF0,0x8F,0x68,0xF4,0x8F,0x7E,0xF3,0x8F,0x28,0x76,0x8F,0xC8,0x9B,0x80,0x18,

/* 崖 */
0x04,0x06,0x48,0x7F,0x86,0x0C,0x46,0x05,0xF8,0x44,0x47,0xFC,0x44,0x85,0xF8,0x86,0x40,0x00,

/* 衙 */
0x20,0x07,0xE4,0xC9,0x07,0xE0,0x4F,0xED,0xFC,0xD2,0x85,0xE8,0x52,0x85,0xE8,0x52,0x84,0x18,

/* 涯 */
0x00,0x45,0xFC,0x7B,0x0B,0xFC,0xFB,0x05,0xB4,0x5B,0x0D,0x34,0xDF,0xCF,0x30,0xE3,0x44,0x00,

/* 雅 */
0x07,0x0F,0xD8,0xA7,0xCA,0xD0,0xFD,0x4F,0xFC,0x65,0x06,0x7C,0xA5,0x02,0x54,0x6F,0xE2,0x40,

/* 哑 */
0x00,0x4F,0xFC,0xA5,0x0A,0x54,0xB5,0x4B,0x5C,0xBD,0x8F,0xD8,0xA5,0x00,0x50,0x3F,0xE0,0x00,

/* 亚 */
0x00,0x0F,0xFC,0x16,0x01,0x68,0x56,0xC5,0x68,0x77,0x87,0x70,0x16,0x01,0x60,0xFF,0xE0,0x00,

/* 讶 */
0x00,0x05,0xFC,0x45,0x80,0xD8,0xE9,0xC4,0xFC,0x43,0x84,0x78,0x75,0x87,0x98,0x73,0x80,0x10,

/* 焉 */
0x00,0x87,0xF8,0x2F,0x82,0xC4,0xFF,0xC3,0xF8,0x20,0x03,0xFC,0x2A,0x4A,0xFC,0xA1,0x80,0x08,

/* 咽 */
0x00,0x4B,0xFC,0xFB,0x4B,0xA4,0xBF,0xCB,0xA4,0xBB,0x4F,0xBC,0xBC,0xC8,0x84,0x0F,0xC0,0x84,

/* 阉 */
0x00,0x02,0xFC,0xED,0x4F,0xFC,0x9E,0x4F,0xFC,0xFF,0xCB,0xE4,0xBF,0x48,0xFC,0x87,0xC8,0x08,

/* 烟 */
0x40,0x04,0xFC,0x6B,0x47,0xB4,0xEF,0xCC,0xA4,0x4B,0x44,0xBC,0x6E,0xCF,0xC4,0x9F,0xC0,0x84,

/* 淹 */
0x04,0x04,0x44,0x5F,0xC2,0xD0,0xFF,0x87,0xFE,0x74,0x85,0xF8,0xD7,0x8D,0xF4,0xC6,0x44,0x3C,

/* 盐 */
0x22,0x02,0x20,0x3A,0x02,0x38,0x22,0xC3,0xA4,0xC2,0x07,0xF8,0x5F,0x85,0x68,0x7F,0xC0,0x00,

/* 严 */
0x00,0x45,0xE8,0x5A,0x87,0xB8,0x3B,0x47,0xFC,0x40,0x04,0x00,0x40,0x0C,0x00,0x80,0x00,0x00,

/* 研 */
0x00,0x0F,0xFC,0x66,0x84,0x68,0x56,0x8F,0xFC,0xD7,0x8D,0x48,0x54,0x87,0x48,0xD8,0x83,0x08,

/* 蜒 */
0x40,0x44,0xFC,0x44,0x8F,0x88,0xFF,0xCF,0xE8,0xF6,0x8E,0xE8,0x7F,0xEF,0xC0,0x93,0xE2,0x04,

/* 岩 */
0x04,0x06,0xC8,0x4C,0x87,0xF8,0x00,0xCF,0xFE,0x10,0x03,0xF8,0x61,0x8A,0x18,0x3F,0x82,0x18,

/* 延 */
0x00,0x8E,0x3C,0x2F,0x04,0x30,0x4F,0xCF,0xB8,0xAB,0x0A,0xB0,0x6F,0xC7,0x00,0x5F,0xE0,0x3C,

/* 言 */
0x08,0x00,0xC4,0xFF,0xC0,0x10,0x7F,0x00,0x10,0x3F,0x02,0x10,0x61,0x86,0x10,0x7F,0x06,0x10,

/* 颜 */
0x20,0x02,0xFC,0x59,0x07,0x7C,0xFF,0x49,0x7C,0xB7,0x4D,0xF4,0xBF,0x4D,0xB8,0xE6,0x48,0xC4,

/* 阎 */
0x00,0x02,0xFC,0xE8,0x4D,0xE4,0xF6,0x4F,0xF4,0xF3,0x4F,0xF4,0xF3,0x4F,0xF4,0xC1,0xC8,0x08,

/* 炎 */
0x08,0x00,0x98,0x2B,0x06,0xE0,0x1B,0x86,0xCC,0x8D,0x86,0xF0,0x5E,0x01,0x30,0x31,0xCC,0x0C,

/* 沿 */
0x00,0x04,0xF8,0x59,0x0A,0x90,0xE9,0xE7,0x0C,0x68,0x8C,0x88,0xC8,0x8C,0x88,0xCF,0x80,0x88,

/* 奄 */
0x08,0x00,0x8C,0xFF,0xC3,0x30,0x6D,0xEF,0xFC,0x69,0x07,0xF0,0x69,0x07,0xF4,0x0C,0x40,0x7C,

/* 掩 */
0x42,0x04,0x64,0x7F,0xCE,0xD0,0x5E,0xC7,0xFE,0xFE,0x8D,0xF8,0x5E,0x84,0xE8,0xC2,0x64,0x3C,

/* 眼 */
0x00,0x8F,0xFC,0xBC,0x8B,0xF8,0xFC,0x8B,0xC8,0xFE,0xCB,0xFC,0xBD,0x0F,0xD8,0x9E,0xC0,0x84,

/* 衍 */
0x20,0x06,0xFC,0xC4,0x0B,0x20,0x6B,0xE4,0xC8,0xC4,0x84,0x88,0x48,0x84,0x88,0x49,0x84,0x18,

/* 演 */
0x02,0x05,0x24,0x70,0xE1,0xF8,0xA2,0x0B,0xFC,0x5E,0xC5,0xEC,0xDF,0xC5,0x00,0xDD,0xCF,0x04,

/* 艳 */
0x42,0x04,0x68,0xF7,0x86,0x90,0xFF,0xC7,0xF4,0x7F,0x4F,0xFC,0x4C,0x04,0xC4,0x4F,0xE4,0x7C,

/* 堰 */
0x40,0x05,0xFC,0x5F,0xC5,0xEC,0xFC,0xC5,0xF8,0x5F,0xC5,0xE8,0xFF,0x89,0xBC,0x1F,0xE1,0x00,

/* 燕 */
0x12,0x01,0x24,0xFF,0xC1,0xF0,0x71,0x4F,0xFC,0x73,0x8F,0xF4,0xF3,0xC5,0x48,0x56,0xC9,0x24,

/* 厌 */
0x00,0x07,0xFC,0x46,0x04,0x58,0x44,0x87,0xFC,0x46,0x04,0xE0,0xCB,0x09,0x98,0xB0,0xE4,0x04,

/* 砚 */
0x00,0x0F,0xFC,0x4E,0xC4,0xEC,0x7E,0xCD,0xEC,0xDF,0xCD,0xF0,0x75,0x2D,0xD2,0x19,0xE2,0x00,

/* 雁 */
0x00,0x47,0xFE,0x5F,0x05,0x5C,0x7D,0x07,0xD4,0x7F,0xC7,0x54,0xF7,0xCB,0x50,0xB7,0xE3,0x40,

/* 唁 */
0x02,0x00,0x24,0xFF,0xEA,0x0C,0xAF,0xCA,0x0C,0xA8,0x0E,0xFC,0xAC,0xC8,0x8C,0x0F,0xC0,0x88,

/* 彦 */
0x0C,0x07,0xFC,0x13,0x01,0x24,0x7F,0xC4,0x70,0x5C,0x06,0x38,0x4E,0x0F,0x1C,0x8F,0x03,0x80,

/* 焰 */
0x42,0x06,0x6C,0x57,0xC7,0x98,0xE1,0x0C,0xFC,0x48,0x44,0xA4,0x6E,0xCF,0x84,0x8F,0xC0,0x84,

/* 宴 */
0x08,0x04,0xCC,0x81,0xCB,0xF0,0x3F,0x02,0x10,0x3F,0x01,0x84,0xB3,0x03,0xE0,0x1F,0x8F,0x08,

/* 谚 */
0x02,0x04,0x34,0x4D,0x80,0x58,0xDF,0xE5,0x98,0x5E,0x85,0x98,0x7B,0x47,0x8C,0x77,0x02,0x80,

/* 验 */
0x02,0x0F,0x60,0xA5,0x0E,0xC8,0xA9,0xCB,0xF0,0xFA,0x81,0xA8,0xFF,0x83,0xF0,0xE1,0x44,0x80,

/* 殃 */
0x02,0x01,0x20,0x4F,0x84,0xE8,0xFA,0x8B,0xA8,0xFE,0xC6,0x70,0x67,0x04,0x58,0x98,0xC2,0x04,

/* 央 */
0x04,0x00,0xC0,0x4C,0x87,0xF8,0x6D,0x86,0xD8,0x6D,0xC0,0xE0,0x1A,0x01,0x30,0x61,0xC8,0x0C,

/* 鸯 */
0x0C,0x07,0xF0,0x69,0x4F,0xFC,0x3B,0x0F,0x9C,0x3B,0x02,0xF0,0x3F,0xC2,0x2C,0x83,0x80,0x18,

/* 秧 */
0x02,0x0F,0x30,0x6B,0x87,0xFC,0xEA,0x87,0xA8,0x7E,0xCE,0x70,0xE7,0x06,0x58,0x68,0xC7,0x04,

/* 杨 */
0x60,0x06,0xF8,0x73,0x0F,0x20,0x64,0x07,0xFE,0xF5,0x4E,0x54,0x6B,0x47,0x64,0x6D,0xC7,0x18,

/* 扬 */
0x60,0x06,0xF8,0x71,0x0F,0x20,0x64,0x07,0xFE,0xE5,0x4E,0x54,0x6B,0x47,0x64,0xED,0xC7,0x18,

/* 佯 */
0x29,0x82,0xD0,0x65,0x45,0xFC,0xC2,0x0D,0xFC,0x42,0x04,0x64,0x46,0x04,0x20,0x42,0x04,0x20,

/* 疡 */
0x04,0x02,0x64,0x60,0x8F,0xF8,0xE3,0x06,0x60,0xFF,0xEE,0x54,0x4B,0x45,0xEC,0xAD,0xC3,0x18,

/* 羊 */
0x21,0x01,0x30,0x16,0xC0,0xC0,0x0C,0x07,0xF8,0x0C,0x00,0xC4,0x0C,0x00,0xC0,0x0C,0x00,0x80,

/* 洋 */
0x08,0x86,0x58,0x35,0x4B,0xFC,0xE2,0x07,0xFC,0x42,0x04,0x24,0xC6,0x04,0x20,0xC2,0x04,0x20,

/* 阳 */
0x00,0x0F,0xFC,0xDC,0xCE,0xCC,0xEC,0xCE,0xFC,0xDC,0xCD,0xCC,0xFC,0xCC,0xFC,0xCC,0xC8,0x80,

/* 氧 */
0x20,0x07,0xFC,0x7F,0x8C,0x18,0xFF,0x82,0xF8,0xFF,0x87,0xD8,0x13,0x8F,0xF8,0x10,0xC1,0x06,

/* 仰 */
0x22,0x03,0xE4,0x5B,0xC5,0xB4,0xDB,0x45,0xB4,0x5B,0x45,0xF4,0x5B,0xC5,0x30,0x43,0x04,0x20,

/* 痒 */
0x04,0x04,0x64,0x7F,0xCE,0x98,0xFF,0xC6,0x60,0xFF,0x8C,0x60,0x7F,0xE4,0x60,0x86,0x00,0x60,

/* 养 */
0x12,0x01,0x28,0xFF,0xC7,0xF8,0x08,0x0F,0xFC,0x33,0x07,0x3C,0xD2,0x41,0x20,0x32,0x04,0x20,

/* 样 */
0x60,0x86,0x68,0x65,0x4F,0xFC,0x62,0x0F,0xFC,0xF2,0x0F,0x36,0x63,0x06,0x20,0x63,0x04,0x20,

/* 漾 */
0x09,0x06,0xF4,0x56,0x8B,0xF8,0xE6,0x42,0x60,0x4E,0xC4,0xB8,0xFB,0x05,0xAC,0xF6,0x60,0x40,

/* 邀 */
0x08,0x8D,0xD8,0x55,0x41,0xFE,0x1E,0xCC,0xB8,0x7E,0x85,0xE8,0x55,0xC6,0xE4,0xFF,0xC9,0xFC,

/* 腰 */
0x00,0x4F,0xFC,0xAF,0xCE,0xD4,0xAD,0x4B,0xFC,0xE6,0x4B,0xFE,0xAD,0x0A,0xF0,0xE6,0xC3,0x00,

/* 妖 */
0x40,0x04,0x3C,0x4E,0x0F,0x20,0x52,0x4F,0xFE,0xF3,0x0A,0x70,0xE5,0x87,0x48,0x18,0xE3,0x04,

/* 瑶 */
0x00,0x8F,0xF8,0x4A,0xC4,0xA8,0x4D,0x0E,0xFC,0x52,0x45,0xFE,0x7A,0x4C,0xA4,0x1B,0xC0,0x8C,

/* 摇 */
0x40,0x84,0xF8,0x6A,0xCF,0xA8,0x4A,0x87,0xFC,0xDA,0x4F,0xFC,0x5A,0x85,0xAC,0x5A,0x8D,0x88,

/* 尧 */
0x10,0x01,0x8C,0xFF,0x00,0xB0,0x0E,0x47,0xBC,0x00,0x8F,0xF8,0x16,0x01,0x64,0x26,0x6C,0x3C,

/* 遥 */
0x00,0x8D,0xF8,0x56,0xC1,0xB0,0x4D,0x8D,0x60,0x7F,0xC5,0x28,0x5A,0x85,0xF8,0xF9,0xE0,0xFC,

/* 窑 */
0x0C,0x04,0xC4,0xD6,0xEB,0x38,0xF1,0x83,0xF8,0x4C,0x0F,0xFC,0x4C,0x84,0xD8,0x6D,0x84,0x18,

/* 谣 */
0x00,0x84,0xFC,0x52,0x41,0xAC,0x4E,0x8C,0xFC,0x52,0x05,0xFE,0x5A,0xC7,0xAC,0x5A,0xC4,0x8C,

/* 姚 */
0x41,0x06,0x70,0x47,0x0F,0xFC,0x7F,0x8F,0xF0,0xA7,0x8B,0xDC,0x65,0x07,0x50,0x99,0xE1,0x0C,

/* 咬 */
0x02,0x00,0x24,0xFF,0xCA,0x50,0xAC,0xCA,0x9C,0xB5,0x0A,0x70,0xE3,0x08,0x70,0x0D,0xC3,0x04,

/* 舀 */
0x01,0x8F,0xF8,0x48,0x86,0xD8,0x37,0x07,0x7C,0x40,0x87,0xF8,0x40,0x84,0x08,0x7F,0x84,0x08,

/* 药 */
0x12,0x0F,0xFE,0x32,0x02,0x20,0x5E,0xCF,0x4C,0xEC,0xC4,0xAC,0xF2,0xC0,0x08,0xF3,0x88,0x18,

/* 要 */
0x00,0x4F,0xFC,0x5E,0x85,0xE8,0x5A,0x87,0xF8,0x18,0x4F,0xFC,0x32,0x01,0xE0,0x1B,0x8E,0x08,

/* 耀 */
0x42,0x45,0xB4,0xFE,0xCE,0xFC,0x7F,0x4F,0xD4,0x6F,0xCF,0xFC,0xBD,0x4B,0xFC,0x2F,0xE0,0x00,

/* 椰 */
0x40,0x05,0xFE,0x7F,0x4F,0xF4,0x5F,0x8F,0xF4,0xDF,0x65,0xF2,0x5F,0xE5,0x74,0x47,0x04,0x10,

/* 噎 */
0x02,0x0B,0xFC,0xE2,0x8A,0xFC,0xBF,0xEB,0xF8,0xA8,0x8E,0xC8,0x8F,0x80,0xD8,0x05,0x40,0x00,

/* 耶 */
0x06,0x45,0xBC,0x4A,0xC7,0xA8,0x4B,0x87,0xA8,0x4A,0x45,0xE6,0xFB,0xC8,0xAC,0x0A,0x00,0xA0,

/* 爷 */
0x02,0x03,0x38,0x56,0x88,0xC0,0x1E,0x02,0x3C,0xFF,0x81,0x98,0x19,0x81,0xB0,0x19,0x01,0x80,

/* 野 */
0x88,0x0F,0xBC,0xAB,0x8F,0x90,0xA9,0xCF,0x96,0xA1,0x4F,0x90,0x21,0x03,0x90,0xC7,0x00,0x30,

/* 冶 */
0x02,0x08,0x60,0xC4,0x06,0x8C,0x3F,0xC7,0x84,0x48,0x8C,0xFC,0xC8,0x8C,0x88,0x4F,0x80,0x88,

/* 也 */
0x00,0x00,0xC0,0x6D,0x86,0xF8,0x6D,0x87,0xD8,0xED,0x86,0xF8,0x6D,0x06,0xC4,0x61,0xE3,0xFC,

/* 页 */
0x00,0x4F,0xFC,0x08,0x07,0xF8,0x61,0x86,0xD8,0x6D,0x86,0x98,0x6D,0x81,0xB0,0x31,0x88,0x08,

/* 掖 */
0x42,0x04,0x24,0x5F,0xCF,0xF0,0x5B,0xC7,0xBC,0xDF,0x8E,0xB8,0x49,0x04,0xB8,0xCE,0xE4,0xC4,

/* 业 */
0x00,0x01,0xA0,0x1A,0x01,0xAC,0x5A,0xC5,0xA8,0x7B,0x87,0xB0,0x7B,0x01,0xA0,0x1E,0xC0,0x00,

/* 叶 */
0x03,0x08,0x30,0xF3,0x0B,0x34,0xBF,0xCB,0x30,0xB3,0x0F,0x30,0xB3,0x08,0x30,0x03,0x00,0x20,

/* 曳 */
0x08,0x00,0x80,0x7F,0x84,0x88,0x7F,0x84,0x88,0x7F,0x84,0xD0,0x07,0x00,0xE0,0x3B,0xCC,0x0E,

/* 腋 */
0x02,0x0F,0x24,0xBF,0xCA,0xF0,0xEB,0xCB,0xBC,0xFF,0x8A,0xE8,0xA9,0x8A,0x98,0x6A,0xC2,0xC4,

/* 夜 */
0x08,0x00,0xC4,0xFF,0xC3,0x60,0x6F,0x86,0xC8,0xFB,0x07,0x70,0x66,0x06,0x60,0x6B,0xC6,0x0C,

/* 液 */
0x02,0x04,0x34,0x7F,0x0A,0xF0,0xEB,0xC5,0xBC,0x5F,0x8E,0xB8,0xC9,0x0C,0xB8,0xCE,0xE0,0x84,

/* 一 */
0x00,0x00,0x00,0x00,0x00,0x00,0x00,0x4F,0xFE,0x00,0x00,0x00,0x00,0x00,0x00,0x00,0x00,0x00,

/* 壹 */
0x08,0x00,0xCC,0x0D,0x03,0xF8,0xFF,0xC8,0x1C,0xBF,0x03,0xF0,0x21,0x03,0xF0,0x12,0x4F,0xFC,

/* 医 */
0x00,0x0F,0xFC,0xD8,0x0D,0xF8,0xD4,0x0E,0x44,0xFF,0xCC,0xC0,0xCB,0x0D,0x18,0xE0,0xC8,0x00,

/* 揖 */
0x40,0x04,0xF8,0x48,0x8F,0xF8,0x5F,0xC7,0xC8,0xEF,0x8C,0xD8,0x4D,0x87,0xFE,0xC0,0x8C,0x08,

/* 铱 */
0x42,0x04,0x30,0x7F,0xC8,0x20,0xF7,0x44,0x5C,0x7D,0x8F,0xD0,0x45,0x87,0x5C,0x66,0x64,0x40,

/* 依 */
0x24,0x06,0x60,0x66,0xC4,0x60,0xCE,0x8C,0xA8,0x5B,0x06,0x90,0x49,0x84,0xAC,0x4C,0xE4,0x80,

/* 伊 */
0x20,0x02,0xF8,0x66,0x84,0x6C,0xFF,0xEC,0x48,0x46,0x84,0x48,0x44,0x04,0x80,0x58,0x06,0x00,

/* 衣 */
0x08,0x00,0xC0,0x0C,0xC0,0xC0,0x1C,0x81,0x58,0x36,0x07,0x20,0xB3,0x03,0x5C,0x38,0xE3,0x00,

/* 颐 */
0x08,0x4F,0xFC,0xB1,0x4F,0xFC,0xFF,0x4C,0xF4,0xFF,0x4F,0xF4,0xB7,0x4B,0xB8,0xFE,0x40,0x84,

/* 夷 */
0x04,0x00,0xC4,0xFF,0xC7,0xF8,0x0C,0x87,0xF8,0x48,0x47,0xFC,0x0F,0xC1,0x38,0x31,0xCC,0x0C,

/* 遗 */
0x02,0x04,0xF8,0x6A,0x80,0xF8,0x1F,0xEE,0x88,0x4A,0x84,0xE8,0x4F,0x86,0xD8,0xF8,0xE8,0xFC,

/* 移 */
0x12,0x0F,0x64,0x27,0xC2,0xF8,0xFB,0x06,0x60,0x7B,0x4F,0x6C,0xAE,0xC2,0x38,0x23,0x03,0xC0,

/* 仪 */
0x20,0x02,0x68,0x66,0x84,0x98,0xE9,0x8C,0x90,0x47,0x04,0x70,0x46,0x04,0x70,0x49,0xC7,0x04,

/* 胰 */
0x02,0x0F,0x24,0xBF,0xCF,0xFC,0xE2,0xCA,0xFC,0xFA,0x4B,0xFE,0xA5,0xCA,0x58,0xF8,0xC3,0x04,

/* 疑 */
0x00,0x0F,0x7C,0xD3,0x0F,0x94,0x6F,0xEF,0x50,0xE5,0xCF,0xD0,0x6D,0x07,0xF0,0x9B,0xE2,0x0C,

/* 沂 */
0x00,0x86,0xFC,0x68,0x02,0x80,0xEF,0xC6,0x98,0x49,0x04,0x90,0xD9,0x0D,0x90,0xF1,0x06,0x10,

/* 宜 */
0x08,0x00,0xC4,0xFF,0xEA,0x1C,0xBF,0x02,0x10,0x3F,0x02,0x10,0x3F,0x02,0x10,0x33,0x40,0x00,

/* 姨 */
0x42,0x04,0x34,0x5F,0xCF,0xFC,0x72,0xCF,0xFC,0xBA,0x4E,0xFC,0x67,0xC7,0x58,0x98,0xC3,0x04,

/* 彝 */
0x10,0x03,0xF0,0x3F,0x4F,0xFC,0x7F,0x8F,0xFC,0x77,0xCA,0xD4,0x1B,0x4F,0xFC,0x33,0x0C,0x20,

/* 椅 */
0x42,0x04,0x28,0x5F,0x8F,0x70,0xCC,0x8F,0xFE,0xFA,0x84,0xA8,0x4A,0x84,0xE8,0x43,0x84,0x18,

/* 蚁 */
0x22,0x06,0x2C,0xA7,0xCF,0xC8,0xB4,0x8B,0x58,0xF3,0x0F,0x30,0x33,0x07,0xF8,0xC8,0xE1,0x04,

/* 倚 */
0x22,0x02,0x64,0x7F,0xC4,0x70,0xC9,0x8F,0xFE,0x5E,0x85,0xA8,0x5A,0x85,0xA8,0x40,0x84,0x18,

/* 已 */
0x00,0x0F,0xF8,0x01,0x84,0x18,0x41,0x87,0xF8,0x40,0x04,0x00,0x40,0x44,0x04,0x7F,0xC0,0x00,

/* 乙 */
0x00,0x07,0xF0,0x06,0x00,0xC0,0x08,0x01,0x00,0x30,0x06,0x04,0x40,0x4C,0x0C,0x7F,0xC0,0x00,

/* 矣 */
0x0C,0x01,0xA0,0x31,0x87,0xF8,0x31,0x07,0xF8,0x48,0x0F,0xFC,0x1E,0x01,0x30,0x61,0xCC,0x0C,

/* 以 */
0x00,0x84,0x88,0x4C,0x84,0xC8,0x41,0x84,0x18,0x45,0x84,0x90,0x73,0x86,0x2C,0x4C,0x43,0x00,

/* 艺 */
0x12,0x03,0x24,0xFF,0xE3,0x20,0x02,0x07,0xF0,0x0C,0x01,0x80,0x20,0x46,0x04,0x7D,0xC3,0xF8,

/* 抑 */
0x63,0x04,0xE4,0x79,0xCF,0x94,0x49,0x47,0x94,0xE9,0x4C,0xF4,0x4D,0xC4,0x90,0xC1,0x04,0x10,

/* 易 */
0x01,0x03,0xF0,0x3F,0x02,0x10,0x3F,0x03,0x00,0x3F,0xC5,0xAC,0xB6,0x86,0xC8,0x1B,0x86,0x10,

/* 邑 */
0x01,0x03,0xF0,0x21,0x03,0xF0,0x7F,0x84,0xD8,0x4C,0x87,0xF8,0x40,0x44,0x04,0x7F,0xC3,0xF8,

/* 屹 */
0x22,0x06,0x60,0x67,0xEF,0x40,0xF8,0x8F,0xF8,0xF1,0x0F,0x20,0xF6,0x2F,0x42,0x17,0xE0,0x1C,

/* 亿 */
0x20,0x02,0x18,0x61,0x84,0x30,0xE2,0x0C,0x60,0x44,0x04,0xC0,0x48,0x45,0x84,0x4F,0xC4,0x00,

/* 役 */
0x20,0x06,0xF8,0xCD,0x03,0xDC,0x68,0xC7,0xF8,0xC5,0x84,0x50,0x47,0x04,0x70,0x4D,0xC7,0x04,

/* 臆 */
0x02,0x0F,0xFC,0xA7,0x8B,0x76,0xFF,0xCA,0xFC,0xEF,0xCA,0xFC,0xAE,0x0A,0xFC,0xFC,0xA2,0x78,

/* 逸 */
0x04,0x04,0xF0,0x5B,0x03,0xF8,0x34,0x8F,0xF8,0x57,0x84,0xEC,0x4A,0x47,0x3C,0xFB,0xE8,0xFC,

/* 肄 */
0x02,0x0F,0x28,0xE7,0xCD,0xFE,0xF2,0xCD,0xFC,0xF2,0x87,0xFC,0x62,0x47,0xFC,0x92,0x00,0x20,

/* 疫 */
0x04,0x04,0x44,0x79,0x0E,0xF0,0xE9,0x07,0x9C,0xF1,0x0C,0xB0,0x47,0x04,0x60,0x8F,0xE7,0x0C,

/* 亦 */
0x08,0x00,0xC4,0xFF,0xE1,0xA0,0x5A,0x07,0x28,0x52,0xCD,0x24,0x92,0x43,0x20,0x6E,0x08,0x60,

/* 裔 */
0x08,0x0F,0xFC,0x35,0x87,0x30,0xBD,0xC7,0x9C,0x5E,0x85,0x38,0x7E,0x85,0xE8,0x53,0x84,0x18,

/* 意 */
0x0C,0x07,0xF8,0x13,0x0F,0xFE,0x21,0x83,0xF8,0x3F,0x83,0xF8,0x3C,0x87,0x5C,0xBF,0x61,0xE0,

/* 毅 */
0x20,0x03,0xB8,0xDA,0x85,0x2C,0xFE,0xE6,0x7C,0xEA,0xC7,0x38,0xBD,0x85,0x58,0xF6,0xE2,0x84,

/* 忆 */
0x60,0x06,0xFC,0x61,0x8F,0x10,0xF2,0x0E,0x60,0x64,0x06,0xC0,0x68,0x06,0x84,0x6F,0xE4,0x00,

/* 义 */
0x10,0x00,0xD8,0x2D,0x82,0x10,0x23,0x01,0x20,0x16,0x00,0xC0,0x0C,0x01,0xF0,0x61,0xC8,0x0C,

/* 益 */
0x01,0x01,0x30,0x12,0x4F,0xFC,0x12,0x07,0x18,0xE0,0xCF,0xF8,0x7F,0x87,0xF8,0x7F,0xCF,0xFC,

/* 溢 */
0x09,0x84,0xD0,0x6D,0x4B,0xFC,0xED,0x85,0x8C,0x7F,0xCD,0xE8,0x96,0x89,0x68,0xFF,0xE8,0x00,

/* 诣 */
0x08,0x06,0x9C,0x6E,0x40,0x84,0xEF,0xE4,0x00,0x4F,0xC4,0x8C,0x7F,0xC6,0x8C,0x6F,0xC0,0x88,

/* 议 */
0x04,0x06,0x68,0x6E,0x80,0x98,0xE9,0x84,0x90,0x45,0x04,0x70,0x56,0x06,0x70,0x59,0xC6,0x04,

/* 谊 */
0x02,0x0C,0x24,0x5F,0xE1,0x08,0x4F,0x84,0x88,0x4F,0x84,0x88,0x5F,0x86,0x88,0x48,0xC3,0xFC,

/* 译 */
0x00,0x05,0xF8,0x45,0x00,0x70,0xCF,0xC5,0xAC,0x4F,0xC5,0x20,0x7F,0xE4,0x20,0x42,0x00,0x20,

/* 异 */
0x00,0x07,0xF8,0x61,0x07,0xFC,0x60,0x43,0xFC,0x13,0x01,0x34,0xFF,0xC3,0x30,0x23,0x0C,0x30,

/* 翼 */
0x08,0x87,0xAC,0x7F,0xCC,0xC8,0x3F,0x83,0xF8,0x7F,0x87,0xFC,0x12,0x4F,0xFC,0x71,0x8C,0x08,

/* 翌 */
0x00,0x0F,0xFC,0x5A,0x87,0xB8,0x7E,0x8D,0xC8,0x0C,0xCF,0xFC,0x13,0x01,0x20,0x16,0x40,0x00,

/* 绎 */
0x00,0x06,0xF8,0x55,0x8B,0x70,0xE7,0xC5,0xAC,0xC2,0x8E,0x20,0x1F,0xCE,0x20,0x82,0x00,0x20,

/* 茵 */
0x12,0x0F,0xFE,0x13,0x07,0x28,0x4C,0x84,0xD8,0x7F,0x84,0xC8,0x5A,0x87,0x18,0x7F,0x84,0x08,

/* 荫 */
0x12,0x0F,0xFC,0x12,0x0F,0x78,0xF4,0x8E,0x78,0xE4,0x8D,0x48,0xF4,0x8E,0xC8,0xD9,0x8B,0x08,

/* 因 */
0x00,0x07,0xFC,0x4C,0xC4,0xCC,0x7F,0xC4,0x8C,0x4C,0xC5,0xAC,0x53,0xC6,0x1C,0x7F,0xC4,0x08,

/* 殷 */
0x10,0x0F,0x38,0xDA,0x8D,0xAC,0x7C,0xE5,0xFC,0xFA,0xCF,0xA8,0xDB,0x89,0x38,0xB6,0xE1,0x84,

/* 音 */
0x08,0x00,0xC8,0xFF,0x83,0x30,0x12,0x4F,0xFC,0x3F,0x02,0x10,0x3F,0x02,0x10,0x3F,0x02,0x10,

/* 阴 */
0x00,0x0F,0xFC,0xD4,0xCE,0x4C,0xE7,0xCD,0x4C,0xD4,0xCF,0x4C,0xE4,0xCC,0x8C,0xD9,0xCE,0x08,

/* 姻 */
0x40,0x04,0xFC,0x4B,0x4F,0xB4,0x7F,0xCE,0xA4,0xAA,0x4A,0xB4,0xEE,0xC6,0xCC,0x9F,0xC0,0x84,

/* 吟 */
0x02,0x02,0x70,0xE5,0x0A,0xD8,0xAE,0xEB,0x24,0xA2,0x8E,0xF8,0xA1,0x88,0x10,0x03,0x00,0x20,

/* 银 */
0x40,0x04,0xFC,0x7C,0x88,0xF8,0xFC,0x84,0xF8,0x5E,0xCF,0xFC,0x4D,0x07,0xD8,0x6E,0xE4,0xC4,

/* 淫 */
0x00,0xC7,0xFC,0x52,0xCB,0xA8,0xEA,0x86,0xFC,0x42,0x04,0x24,0xD6,0x04,0x20,0xC6,0xC4,0x00,

/* 寅 */
0x08,0x00,0xC4,0xC1,0xEF,0xF8,0x0C,0x07,0xF8,0x6D,0x87,0xF8,0x6D,0x87,0x70,0x73,0x8C,0x0C,

/* 饮 */
0x22,0x06,0x60,0x46,0x4F,0xFC,0xDF,0x86,0xB0,0x43,0x04,0x30,0x4F,0x87,0x48,0x68,0xC3,0x04,

/* 尹 */
0x00,0x0F,0xF8,0x19,0x81,0x9C,0xFF,0xE1,0x18,0xFF,0x81,0x18,0x30,0x02,0x00,0x60,0x08,0x00,

/* 引 */
0x00,0x8F,0xC8,0x08,0x84,0xC8,0x48,0x8C,0x08,0xFC,0x80,0xC8,0x08,0x80,0x88,0x78,0x81,0x08,

/* 隐 */
0x02,0x0F,0x78,0xBD,0x8A,0xFC,0xF0,0x4A,0xFC,0xBF,0xCF,0x2C,0xB7,0x49,0x4E,0xB5,0xA8,0x70,

/* 印 */
0x08,0x07,0xEC,0x46,0xC4,0x6C,0x56,0xC7,0x6C,0x46,0xC4,0x6C,0xF7,0xCC,0x68,0x06,0x00,0x60,

/* 英 */
0x12,0x0F,0xFC,0x1A,0x01,0xE0,0x7F,0x86,0xD8,0x69,0x8F,0xFE,0x1C,0x01,0x30,0x61,0xC8,0x04,

/* 樱 */
0x40,0x05,0xFC,0x7F,0xCF,0xFC,0x5F,0xCE,0xDC,0xF7,0x47,0xFE,0x4D,0x04,0xF0,0x47,0x87,0x08,

/* 婴 */
0x00,0x07,0xFC,0x7F,0x86,0xF8,0x6F,0x87,0x38,0xCC,0xCF,0xFC,0x13,0x03,0xE0,0x0F,0x8F,0x08,

/* 鹰 */
0x04,0x07,0xFC,0x5F,0xC7,0xF8,0x7F,0x87,0xFC,0x5F,0x8D,0x78,0x95,0x49,0x1C,0x3F,0xC0,0x08,

/* 应 */
0x08,0x00,0x44,0x7F,0xC4,0x00,0x44,0x87,0x58,0x57,0x85,0x50,0x53,0x08,0x20,0xFF,0xE0,0x00,

/* 缨 */
0x40,0x05,0xFC,0xDF,0xCB,0xFC,0xFF,0xC4,0xDC,0x93,0x4F,0x64,0x0D,0x8E,0xF0,0x87,0x83,0x8C,

/* 莹 */
0x12,0x01,0x24,0xFF,0xC1,0x20,0xFF,0xC8,0x18,0xFF,0x00,0x90,0x7F,0x00,0xB0,0x09,0x48,0x00,

/* 萤 */
0x12,0x03,0x34,0xB3,0x01,0x24,0xFF,0xEC,0xC8,0x3F,0x82,0xD0,0x3F,0x82,0xD0,0x7F,0xCF,0x04,

/* 营 */
0x12,0x0F,0xFE,0x12,0x07,0xFC,0xA1,0xCB,0xF0,0x21,0x02,0x10,0x7F,0x84,0x18,0x7F,0x84,0x10,

/* 荧 */
0x12,0x0F,0xFC,0x12,0x01,0x20,0x7F,0xCC,0xC8,0xAD,0x82,0xF0,0x4A,0x01,0x30,0x61,0xC8,0x00,

/* 蝇 */
0x40,0x84,0xFC,0x4C,0x8F,0xF8,0xFF,0xCF,0xBC,0xFF,0xCC,0xA4,0x6F,0xC7,0xA2,0x93,0x60,0x1C,

/* 迎 */
0x04,0x05,0xFC,0x72,0xC1,0x24,0x12,0x4F,0x24,0x5E,0x45,0xBC,0x42,0x86,0x20,0xFF,0xE0,0xFC,

/* 赢 */
0x08,0x0F,0xFC,0x7F,0x87,0xF8,0x7F,0x86,0x18,0xFF,0xCF,0xF8,0xFF,0x8B,0xFC,0xAE,0xE3,0x44,

/* 盈 */
0x00,0x07,0xF0,0x33,0xC3,0xFC,0x3C,0x86,0xE8,0xD3,0x8E,0x18,0x7F,0x85,0xE8,0x7F,0xE8,0x00,

/* 影 */
0x44,0xC4,0xC8,0x4D,0x07,0xE4,0x36,0xCF,0xC8,0x7D,0x07,0xE6,0x78,0xCF,0xD8,0xF7,0x02,0xC0,

/* 颖 */
0x80,0x4F,0xFE,0xC3,0x0F,0xFC,0x35,0x4F,0x54,0x2D,0x4F,0x54,0x77,0x4E,0x38,0x24,0xC3,0x84,

/* 硬 */
0x00,0x4F,0xB0,0x4B,0x44,0xFC,0xFB,0xCF,0xFC,0xFF,0xCF,0xFC,0xF6,0x0F,0x60,0xCF,0xE3,0x04,

/* 映 */
0x02,0x08,0x20,0xFB,0xCA,0xBC,0xAA,0x8E,0xA8,0xBA,0xEB,0x70,0xA7,0x0E,0x58,0x88,0xC3,0x04,

/* 哟 */
0x08,0x00,0xD8,0xE9,0x4B,0x76,0xBE,0x4A,0xE4,0xA9,0x4F,0xD4,0xA0,0x49,0xE4,0x11,0xC0,0x08,

/* 拥 */
0x40,0x04,0xFC,0x4A,0x4F,0xA4,0x4F,0xC7,0xA4,0xEB,0x4C,0xBC,0x5A,0x45,0x24,0xF3,0xC6,0x2C,

/* 佣 */
0x20,0x02,0xFC,0x6A,0x44,0xA4,0xCF,0xCC,0xA4,0x4B,0x44,0xFC,0x5A,0x45,0x24,0x73,0xC6,0x2C,

/* 臃 */
0x02,0x0F,0x36,0xAB,0x8A,0xB8,0xFF,0xCB,0xE8,0xEF,0xCB,0xEC,0xA7,0xCA,0xA8,0xBB,0xE6,0x20,

/* 痈 */
0x04,0x07,0xFC,0x60,0x0F,0xFC,0xF2,0xC7,0xFC,0xF2,0xC5,0xEC,0x52,0xC5,0x2C,0xB3,0xC2,0x28,

/* 庸 */
0x04,0x04,0xCC,0x46,0x87,0xF8,0x7F,0xE7,0xF8,0x7F,0x8F,0x68,0xFF,0x8B,0xF8,0xB5,0x82,0x48,

/* 雍 */
0x0C,0x0F,0xFC,0x67,0x04,0xD0,0xBF,0xCF,0x90,0x7F,0xCF,0x90,0xEF,0xC2,0x90,0x4F,0xE8,0x80,

/* 踊 */
0x00,0x4F,0xFC,0x93,0x0F,0xFC,0xFB,0x4E,0xF4,0xFB,0x4E,0xB4,0xEF,0x4F,0xB4,0xEB,0xC0,0x8C,

/* 蛹 */
0x20,0x06,0xFC,0xF3,0x8F,0x94,0xFF,0x4F,0xD4,0xFF,0xCF,0xD4,0x7F,0xC7,0xD4,0x9D,0xC0,0x8C,

/* 咏 */
0x06,0x00,0x20,0xEE,0x0A,0x2C,0xA3,0xCB,0xF0,0xAF,0x0E,0xB0,0xBA,0x83,0x2C,0x4E,0x40,0x40,

/* 泳 */
0x06,0x04,0x20,0x62,0x0A,0xE4,0xE2,0xC7,0xF0,0x4F,0x04,0xB0,0xDA,0x8D,0x2C,0xEE,0x4C,0x60,

/* 涌 */
0x00,0x07,0xFC,0x37,0x0B,0xB4,0xFA,0x43,0xA4,0x5B,0xC5,0xA4,0xDB,0xCD,0xA4,0xDB,0xC5,0x2C,

/* 永 */
0x08,0x00,0x40,0x04,0x03,0xC8,0x0C,0xCF,0xF0,0x3E,0x02,0xF0,0x6D,0x04,0xCC,0x9C,0xC0,0x80,

/* 恿 */
0x00,0x87,0xF8,0x4E,0x87,0xF8,0x7F,0x87,0xF8,0x4C,0x84,0xD8,0x2C,0x8A,0x54,0xBF,0x41,0xF0,

/* 勇 */
0x00,0x85,0xF8,0x0C,0x87,0xF8,0x7F,0x84,0xC8,0x4C,0x84,0x88,0xFF,0xC1,0x08,0x37,0x8C,0x30,

/* 用 */
0x00,0x87,0xFC,0x44,0x86,0xC8,0x6C,0x84,0x48,0x7F,0x84,0x48,0x44,0x8C,0x48,0x85,0x80,0x08,

/* 幽 */
0x00,0x00,0xC0,0xBD,0x4A,0xF4,0xBE,0xCF,0xF4,0xAD,0x4B,0xF4,0xFF,0xCC,0xCC,0xFF,0xC8,0x04,

/* 优 */
0x26,0x02,0x78,0x64,0x84,0x64,0xE7,0x0C,0x70,0x47,0x04,0xF0,0x4B,0x44,0xB4,0x53,0xE6,0x18,

/* 悠 */
0x22,0x06,0x64,0x77,0xCF,0xD8,0xDB,0x07,0x30,0x77,0xC5,0x8C,0x6C,0x8B,0x5C,0xB3,0x41,0xF0,

/* 忧 */
0x46,0x04,0x78,0x46,0x8F,0x6C,0xD7,0x0C,0x70,0x47,0x04,0x50,0x4D,0x04,0x90,0x51,0xE6,0x1C,

/* 尤 */
0x08,0x00,0xB0,0x09,0x0F,0xFC,0x1E,0x01,0xE0,0x16,0x01,0x60,0x36,0x42,0x64,0x47,0xE8,0x38,

/* 由 */
0x04,0x00,0xC0,0x0C,0x07,0xFC,0x4C,0xC4,0xC8,0x4C,0x84,0xC8,0x4C,0x84,0xCC,0x7F,0xC4,0x08,

/* 邮 */
0x30,0x03,0x3E,0xFF,0x4F,0xFC,0xFF,0x8F,0xF8,0xFF,0x4F,0xF4,0xFF,0x6F,0xFC,0xCF,0x00,0x20,

/* 铀 */
0x41,0x04,0x10,0x79,0x4C,0xFC,0xF9,0x4C,0x94,0x7F,0xCF,0xB4,0x49,0x47,0x94,0x6F,0xC4,0x84,

/* 犹 */
0x16,0x0B,0x78,0x66,0x8E,0x64,0x27,0x06,0x70,0x67,0x0A,0x50,0x2D,0x02,0x94,0xF1,0xC6,0x1C,

/* 油 */
0x02,0x04,0x20,0x72,0x03,0xFC,0xBA,0xCF,0xAC,0x5F,0xC5,0xAC,0xDA,0xCD,0xAC,0xDF,0xC5,0x04,

/* 游 */
0x01,0x0D,0x90,0x6B,0xE3,0xE0,0xD3,0xCD,0xC8,0x54,0x8D,0x7E,0x9C,0x8A,0xC8,0xFD,0x8C,0x98,

/* 酉 */
0x00,0x4F,0xFC,0x1E,0x07,0xFC,0x56,0x85,0x68,0x53,0x86,0x08,0x7F,0x84,0x08,0x7F,0x84,0x08,

/* 有 */
0x0C,0x00,0x84,0xFF,0xE1,0x00,0x3F,0x83,0x18,0x7F,0x89,0x18,0x1F,0x81,0x18,0x13,0x81,0x10,

/* 友 */
0x18,0x01,0x80,0xFF,0xC1,0x00,0x11,0x03,0xF8,0x2B,0x02,0xF0,0x46,0x04,0xF0,0xB9,0xC4,0x00,

/* 右 */
0x08,0x00,0x80,0x18,0xC9,0x80,0x10,0x03,0x00,0x3F,0x87,0x08,0xB0,0x83,0x08,0x3F,0x83,0x08,

/* 佑 */
0x22,0x06,0x60,0x46,0x47,0xFC,0xCC,0x0C,0x88,0x4F,0xC5,0xC8,0x6C,0x84,0xC8,0x4F,0x84,0x88,

/* 釉 */
0x11,0x0F,0x10,0xB9,0x0F,0xFE,0xFD,0x4F,0xD4,0x7F,0xCF,0xD4,0xAD,0x42,0xD4,0x6F,0xC6,0xC4,

/* 诱 */
0x01,0x85,0xF8,0x42,0x41,0xFC,0xCF,0x84,0xAC,0x7F,0xC4,0x50,0x55,0xC6,0xCC,0xC9,0x83,0x18,

/* 又 */
0x00,0x07,0xF8,0x21,0x01,0x30,0x13,0x01,0x20,0x0E,0x00,0xC0,0x1E,0x03,0x38,0x61,0xC0,0x00,

/* 幼 */
0x23,0x02,0x30,0x63,0x05,0xFC,0x92,0x4F,0x24,0x22,0x45,0x24,0xDE,0x4F,0xCC,0x09,0xC3,0x08,

/* 迂 */
0x00,0x05,0xFC,0x62,0x00,0x20,0x1F,0xEE,0x20,0x42,0x04,0x20,0x42,0x06,0x60,0xFF,0xE8,0x7C,

/* 淤 */
0x08,0x04,0x98,0x4F,0x8B,0x98,0x9E,0x4D,0xE6,0x55,0x8D,0x48,0xD4,0x0A,0xF0,0xF8,0xC4,0x80,

/* 于 */
0x00,0x07,0xFC,0x0C,0x00,0xC0,0x0C,0x4F,0xFC,0x0C,0x00,0xC0,0x0C,0x00,0xC0,0x1C,0x00,0x80,

/* 盂 */
0x00,0x84,0xC0,0x04,0x4F,0xFC,0x04,0x01,0xC0,0x4C,0x87,0xF8,0x56,0x85,0x68,0xFF,0xE0,0x00,

/* 榆 */
0x46,0x04,0x60,0x4D,0x8F,0xFC,0x74,0x4F,0xFC,0xFD,0xC5,0x5C,0x5D,0xC5,0x5C,0x5D,0xC5,0x48,

/* 虞 */
0x08,0x00,0xF8,0x7F,0xE5,0xFC,0x6F,0x85,0xF8,0x5F,0x85,0xF8,0xFF,0xCF,0xFC,0x99,0xC7,0x0C,

/* 愚 */
0x00,0x07,0xF8,0x7F,0x86,0xD8,0x6D,0x87,0xFC,0x4F,0x47,0x1C,0x68,0x83,0x5C,0xB1,0x69,0xF0,

/* 舆 */
0x0C,0x07,0xBC,0x5E,0xC7,0xD8,0x5E,0x86,0xC8,0x7F,0x84,0xCC,0xFF,0xE3,0x38,0x60,0xC8,0x04,

/* 余 */
0x0C,0x01,0xC0,0x12,0x02,0x18,0x63,0xE8,0xC0,0x0C,0x87,0xF8,0x3F,0x06,0xD8,0xDC,0xC0,0x80,

/* 俞 */
0x0C,0x01,0xE0,0x33,0x86,0x3E,0x88,0x47,0xA8,0x4A,0x87,0xA8,0x5A,0x85,0xA8,0x5B,0x85,0x98,

/* 逾 */
0x06,0x0C,0xF0,0x59,0xC3,0xFC,0x34,0x8D,0x78,0x5F,0x85,0xF8,0x57,0x85,0xD8,0xFD,0xC0,0xFC,

/* 鱼 */
0x18,0x01,0x20,0x36,0x06,0x40,0xFF,0x86,0x48,0x7F,0x86,0x48,0x6D,0x87,0xF8,0x00,0x40,0x00,

/* 愉 */
0x42,0x04,0x60,0x4D,0x0E,0x9E,0xD4,0x4D,0xDC,0x55,0xC5,0xDC,0x5D,0xC5,0x5C,0x5D,0xC5,0x48,

/* 渝 */
0x06,0x04,0x60,0x6D,0x8B,0xBE,0xF4,0x47,0xDC,0x55,0xCD,0x5C,0xDD,0xCD,0x5C,0xDD,0xC1,0x48,

/* 渔 */
0x04,0x04,0x78,0x7D,0x8A,0x90,0xFF,0xC7,0xA4,0x4F,0xC4,0xA4,0xCA,0xCC,0xFC,0xC0,0x65,0x00,

/* 隅 */
0x00,0x0F,0xFC,0xAF,0xCA,0xFC,0xCF,0xCA,0xBC,0xBF,0xCF,0xB4,0xAF,0xC8,0xCC,0x98,0xC8,0x84,

/* 予 */
0x00,0x07,0xF8,0x16,0x00,0xC0,0x04,0x4F,0xFC,0x0C,0x80,0xC0,0x0C,0x00,0xC0,0x3C,0x00,0x80,

/* 娱 */
0x40,0x04,0xFC,0x4C,0x8F,0xF8,0x7C,0x8F,0xFC,0xA2,0x0B,0xFE,0x63,0x07,0x78,0x8C,0xC1,0x04,

/* 雨 */
0x00,0x0F,0xFE,0x0C,0x0F,0xFC,0xCC,0xCE,0xEC,0xDF,0xCE,0xEC,0xDF,0xCC,0xCC,0xCD,0xC0,0x08,

/* 与 */
0x30,0x03,0x00,0x3F,0xC3,0x00,0x20,0x03,0xFC,0x00,0x80,0x28,0xFE,0x80,0x08,0x07,0x80,0x10,

/* 屿 */
0x22,0x02,0x60,0x26,0x6F,0xE0,0xBE,0x0B,0xFC,0xB8,0x4B,0x9C,0xBF,0xCF,0x84,0x01,0xC0,0x08,

/* 禹 */
0x01,0x87,0xF8,0x2D,0x03,0xF8,0x2D,0x83,0xF8,0x7F,0xCC,0xC4,0xCF,0x4F,0x9C,0xC1,0xC4,0x08,

/* 宇 */
0x0C,0x04,0xC4,0x7F,0xC8,0x08,0x7F,0x80,0xC0,0x0C,0x4F,0xFC,0x0C,0x00,0xC0,0x0C,0x00,0xC0,

/* 语 */
0x00,0x0D,0xFC,0x42,0x00,0xF8,0x44,0x84,0x4C,0x5F,0xC4,0xF8,0x48,0x86,0x88,0x4F,0x84,0x88,

/* 羽 */
0x00,0x0F,0xFC,0x0C,0xC4,0xAC,0x6B,0xC3,0x8C,0x3B,0xCC,0xEC,0x8C,0xC0,0x8C,0x39,0xC1,0x08,

/* 玉 */
0x00,0x0F,0xFC,0x0C,0x00,0xC0,0x0C,0x07,0xFC,0x0C,0x00,0xD0,0x0D,0x80,0xC4,0xFF,0xC0,0x00,

/* 域 */
0x43,0x04,0x3C,0x43,0x47,0x30,0xFF,0x45,0xFC,0x5D,0x85,0xD8,0x71,0x8D,0xFA,0x36,0xE0,0x86,

/* 芋 */
0x13,0x0F,0xFC,0x33,0x01,0x20,0x7F,0x80,0xC0,0x0C,0x4F,0xFC,0x0C,0x00,0xC0,0x1C,0x00,0x80,

/* 郁 */
0x30,0x02,0x7E,0xFF,0x44,0xBC,0x7F,0x8C,0xB8,0xFB,0x44,0xB6,0x6B,0x64,0xBC,0x5B,0x04,0xA0,

/* 吁 */
0x00,0x0F,0xFC,0xA3,0x0A,0x30,0xA3,0x6B,0xFE,0xA3,0x0E,0x30,0xA3,0x00,0x30,0x0F,0x00,0x60,

/* 遇 */
0x00,0x05,0xF8,0x5F,0x81,0xA8,0x5F,0x8D,0xFC,0x53,0xC5,0x7C,0x5D,0xCD,0x1C,0xBF,0xC0,0xFC,

/* 喻 */
0x02,0x00,0x70,0xE9,0x8F,0xBE,0xF0,0x4F,0xFC,0xF5,0xCF,0xD4,0x9D,0x41,0x54,0x15,0xC1,0x48,

/* 峪 */
0x40,0x04,0x48,0x4E,0xCF,0xB4,0xF7,0x0F,0x48,0xFC,0xEF,0xFC,0xF4,0x8F,0x48,0x07,0x80,0xC8,

/* 御 */
0x28,0x06,0xB4,0xDF,0xCB,0x54,0x7F,0x45,0xD4,0xDF,0x45,0x74,0x55,0xC5,0xFC,0x51,0x04,0x10,

/* 愈 */
0x0C,0x01,0xE0,0x33,0x87,0xCC,0xFA,0x87,0xA8,0x7A,0x84,0xB8,0x79,0x83,0x54,0xB1,0x41,0xF0,

/* 欲 */
0x03,0x05,0xA0,0x8A,0x0A,0x7E,0x77,0x44,0xB0,0x9B,0x0F,0xB0,0x52,0x85,0xE8,0xFC,0xE5,0x84,

/* 狱 */
0x01,0x0B,0x98,0x69,0xCC,0x14,0x7F,0xC6,0xB8,0x6B,0x8E,0xE8,0x6A,0x87,0xEC,0xCC,0x65,0x84,

/* 育 */
0x08,0x0F,0xFC,0x1A,0x03,0x38,0x7F,0x83,0xF0,0x21,0x03,0xF0,0x21,0x02,0x10,0x27,0x02,0x30,

/* 誉 */
0x09,0x82,0xD0,0x2F,0xC3,0xB0,0x2D,0x07,0xFC,0xA3,0x43,0xF0,0x3F,0x03,0xF0,0x21,0x02,0x10,

/* 浴 */
0x00,0x06,0xD8,0x7A,0xCB,0x60,0xE7,0x02,0x9C,0x58,0xEE,0xF8,0xC8,0x8C,0x88,0xCF,0x84,0x88,

/* 寓 */
0x0C,0x07,0xFC,0xC1,0xCB,0xF8,0x3F,0x02,0xD0,0x3F,0x07,0xFC,0x4E,0xC7,0xFC,0xC1,0xCC,0x08,

/* 裕 */
0x44,0x06,0x4C,0x2E,0x4F,0xB0,0x77,0x07,0x4C,0xEC,0xC7,0xFC,0x54,0x84,0x48,0x47,0x84,0x48,

/* 预 */
0x10,0x4B,0xB0,0x62,0x46,0x7C,0xFD,0x47,0xD4,0x65,0x46,0x74,0x67,0x46,0x3C,0xEC,0x45,0x00,

/* 豫 */
0x06,0x0F,0x78,0xAF,0xC5,0xBC,0xFF,0xC7,0xE4,0x4E,0xC5,0xF8,0x57,0x84,0xDC,0xD7,0x44,0x20,

/* 驭 */
0x10,0x0D,0xFC,0x54,0xCD,0x08,0xD2,0x8F,0xB8,0xDB,0x03,0xB0,0xDB,0x81,0x6C,0x7C,0xE1,0x00,

/* 鸳 */
0x20,0x03,0xF8,0x5F,0x8F,0x5C,0x3F,0xE7,0xF0,0xB9,0x02,0xF0,0x3F,0xCB,0x3C,0x03,0xC0,0x18,

/* 渊 */
0x12,0x45,0xA4,0x5B,0xCB,0xF4,0xF3,0x45,0xFC,0x56,0x4D,0x7C,0xDA,0xCF,0x24,0xE2,0x44,0x04,

/* 冤 */
0x00,0x0F,0xFC,0x9A,0x83,0xF0,0x66,0x8F,0xF8,0x68,0x87,0xF8,0x1D,0x01,0x54,0x27,0xEC,0x3C,

/* 元 */
0x00,0x07,0xF8,0x00,0x00,0x00,0xFF,0xC1,0x60,0x16,0x01,0x60,0x36,0x42,0x66,0xC3,0xC0,0x00,

/* 垣 */
0x40,0x05,0xFC,0x40,0x07,0xFC,0xF8,0x84,0x88,0x4F,0x84,0x88,0x7F,0x8C,0x88,0x00,0x40,0x00,

/* 袁 */
0x0C,0x00,0xC8,0x7F,0xCF,0xFC,0x21,0x02,0x10,0x21,0x03,0xD8,0x37,0x87,0x30,0x9D,0xC3,0x04,

/* 原 */
0x00,0x47,0xFC,0x46,0x05,0xF8,0x50,0x85,0xF8,0x58,0x85,0x68,0x5F,0x8B,0x6C,0xEE,0x40,0x40,

/* 援 */
0x40,0xC4,0xFC,0x7A,0xCF,0xB8,0x4F,0xC6,0x64,0xDF,0xC4,0x78,0x4D,0x85,0xB0,0xE7,0xC5,0x84,

/* 辕 */
0x42,0x04,0x38,0xFF,0x4D,0xFE,0xEF,0x8F,0xC8,0xFF,0x86,0x7C,0xF5,0xCF,0xD8,0x66,0xE6,0x44,

/* 园 */
0x80,0x0F,0xFC,0xBE,0xC8,0x0C,0xFF,0xCD,0x4C,0x94,0xC9,0x5C,0xF7,0xCC,0x3C,0xFF,0xC8,0x00,

/* 员 */
0x01,0x03,0xF8,0x21,0x03,0xF0,0x20,0x87,0xF8,0x6C,0x86,0xC8,0x68,0x85,0xF0,0x31,0x8C,0x08,

/* 圆 */
0x80,0x0F,0x2C,0xDE,0xCD,0xEC,0xD2,0xCF,0xFC,0xFF,0xCF,0xAC,0xDE,0xCF,0x3C,0xFF,0xC8,0x00,

/* 猿 */
0x02,0x0B,0x38,0x6B,0x47,0xFE,0xAF,0x86,0x88,0x6F,0x8A,0xEC,0x2D,0x83,0xD8,0xE6,0xE4,0xC4,

/* 源 */
0x40,0x47,0xFC,0x12,0x0B,0x7C,0xF4,0xC5,0x7C,0x57,0xCD,0x78,0x57,0x8F,0x94,0xF7,0x44,0x20,

/* 缘 */
0x04,0x06,0x78,0x4D,0x8B,0xF0,0xFF,0xE4,0x6C,0x5F,0xCF,0xF0,0x17,0x8F,0xEC,0xB2,0x60,0x60,

/* 远 */
0x00,0x04,0xF8,0x60,0x00,0x04,0x1F,0xCE,0xF0,0x4F,0x04,0xB4,0x5B,0xC7,0x1C,0xBF,0xE0,0xFC,

/* 苑 */
0x12,0x03,0x34,0x33,0x03,0x20,0x6F,0x87,0xC8,0x5C,0x8B,0x68,0x37,0xC2,0x44,0x47,0xC8,0x00,

/* 愿 */
0x00,0x47,0xFC,0x5F,0x85,0xF8,0x50,0x85,0xF8,0x5F,0x86,0xEC,0xD4,0x8B,0x7C,0x5F,0x40,0xF0,

/* 怨 */
0x20,0x03,0xFC,0x7E,0x85,0xE8,0xF7,0x83,0x64,0x67,0xC8,0xC0,0x34,0x87,0x54,0x93,0x41,0xF0,

/* 院 */
0x02,0x0F,0x20,0xAF,0xCB,0x88,0xDF,0x8A,0x00,0xBF,0xCB,0x70,0xEF,0x08,0xB4,0x9B,0xCA,0x1C,

/* 曰 */
0x00,0x07,0xF8,0x40,0xC4,0x08,0x40,0x87,0xF8,0x40,0x84,0x08,0x40,0x87,0xF8,0x40,0x80,0x00,

/* 约 */
0x22,0x06,0x20,0x46,0x4D,0xCC,0xF8,0x42,0xC4,0x42,0x4F,0x24,0x00,0xC7,0x0C,0xC3,0x80,0x18,

/* 越 */
0x22,0x02,0x38,0xFB,0xC2,0x7E,0x2F,0xCF,0xD8,0xE5,0x8F,0xFC,0xEF,0xCE,0x64,0xBF,0xE0,0x7C,

/* 跃 */
0x00,0x8F,0xFC,0x93,0x09,0x30,0xF2,0x4A,0xFC,0xFB,0x0B,0x30,0xA6,0x8F,0xCC,0xD8,0x60,0x00,

/* 钥 */
0x40,0x04,0x7C,0x7C,0x48,0x44,0xF7,0xC6,0x44,0xFC,0x46,0x7C,0x6C,0x47,0x84,0x79,0xC2,0x08,

/* 岳 */
0x01,0x07,0xF0,0x60,0x07,0xFC,0x64,0x06,0x44,0xFF,0xE0,0xC8,0x4C,0x84,0xC8,0x7F,0x84,0x08,

/* 粤 */
0x18,0x07,0xF8,0x5E,0x85,0xF8,0x7F,0x87,0xF8,0x7F,0x8F,0xFC,0x31,0x03,0xF8,0x01,0x00,0x60,

/* 月 */
0x01,0x03,0xF8,0x21,0x03,0xF0,0x21,0x02,0x10,0x3F,0x02,0x10,0x21,0x06,0x10,0xC7,0x08,0x30,

/* 悦 */
0x48,0x84,0x58,0x65,0x8F,0xFC,0xD8,0x8C,0x88,0x4F,0x84,0x70,0x45,0x04,0xD2,0x49,0xE7,0x00,

/* 阅 */
0x40,0x02,0xFC,0xD2,0xCC,0xCC,0xFF,0xCF,0x3C,0xFF,0xCD,0xCC,0xD5,0xCF,0x7C,0xE1,0xC8,0x08,

/* 耘 */
0x60,0x07,0x7C,0xF0,0x0F,0x00,0x60,0x4F,0xFE,0x63,0x07,0x20,0xF6,0x86,0x4C,0x6F,0xC6,0x04,

/* 云 */
0x00,0x03,0xF8,0x00,0x00,0x00,0x00,0xCF,0xFC,0x08,0x01,0x20,0x21,0x07,0xF8,0x70,0x80,0x00,

/* 郧 */
0x00,0x07,0xFE,0x4A,0x47,0xA8,0xFF,0x8E,0xF8,0xBE,0x4A,0xE6,0xAF,0x63,0xBC,0x4F,0x08,0x20,

/* 匀 */
0x20,0x02,0x00,0x7F,0xC4,0x08,0x98,0x80,0x88,0x08,0x80,0xE8,0x78,0x84,0x08,0x03,0x80,0x10,

/* 陨 */
0x00,0x0F,0xFC,0xAC,0x8A,0xF8,0xE8,0x4A,0xFC,0xBB,0x4F,0xA4,0xEA,0x48,0xFC,0x8C,0xCB,0x04,

/* 允 */
0x08,0x00,0xC0,0x12,0x02,0x18,0xFF,0x85,0x60,0x16,0x01,0x60,0x36,0x42,0x64,0x67,0xE8,0x3C,

/* 运 */
0x00,0x06,0xFC,0x60,0x00,0x04,0x5F,0xCE,0x60,0x45,0x04,0x88,0x5F,0xC6,0x04,0xBF,0xE0,0x1C,

/* 蕴 */
0x12,0x0F,0xFC,0x12,0x06,0xF8,0x7D,0x8B,0xD8,0xEF,0x84,0x98,0xFF,0x81,0xD8,0xFF,0xC3,0xFC,

/* 酝 */
0x00,0x0F,0xFC,0xF0,0x0F,0x80,0xF8,0x4D,0xD8,0xD9,0x08,0xB0,0xFA,0x88,0xE4,0xFF,0xC8,0x00,

/* 晕 */
0x01,0x06,0x18,0x7F,0x87,0xF8,0xFF,0xC9,0x8C,0x7F,0x82,0x48,0x7F,0x8F,0xFC,0x04,0x00,0x40,

/* 韵 */
0x22,0x02,0xA0,0xFF,0xC5,0x44,0x7E,0x49,0x34,0xF9,0x4D,0x9C,0xFE,0x4D,0xC4,0xFB,0xC8,0x08,

/* 孕 */
0x00,0x07,0xF0,0x33,0x43,0x3C,0x3E,0x44,0x2C,0x85,0x80,0x44,0xFF,0xC0,0x40,0x0C,0x00,0xC0,

/* 匝 */
0x00,0x07,0xFC,0x44,0x04,0x48,0x5F,0x85,0x48,0x54,0x85,0x48,0x77,0x84,0x40,0xC4,0x47,0xFC,

/* 砸 */
0x00,0x0F,0xFC,0x49,0x04,0xD4,0xEF,0xCE,0xD4,0xED,0x4E,0xD4,0xED,0xCE,0x90,0x89,0x40,0x80,

/* 杂 */
0x18,0x01,0xA0,0x7F,0x01,0x34,0x33,0xC6,0xDC,0x8C,0x4F,0xFC,0x3F,0x06,0xD8,0xDC,0xC0,0x80,

/* 栽 */
0x02,0x03,0x38,0xFE,0x83,0x24,0xFF,0xC3,0x28,0xFE,0xC7,0x18,0x79,0x0F,0x3C,0xB6,0xC3,0x86,

/* 哉 */
0x32,0x03,0x38,0xFE,0x83,0x20,0x36,0xC0,0x20,0x7A,0xC4,0xB8,0x4B,0x07,0xB0,0x4C,0xC1,0x86,

/* 灾 */
0x08,0x00,0xC0,0xFF,0xC8,0xC8,0x8D,0x02,0xD8,0x6F,0x04,0xE0,0x1A,0x03,0x30,0x61,0xC8,0x04,

/* 宰 */
0x08,0x04,0xCC,0xCC,0xC8,0xC8,0x7F,0x81,0x30,0x16,0x4F,0xFC,0x0C,0x87,0xF8,0x0C,0x00,0xC0,

/* 载 */
0x32,0x03,0xA8,0xFA,0xCF,0xFE,0x22,0x8F,0xE8,0x73,0x8F,0xF0,0x11,0x0F,0xBA,0x14,0xE1,0x86,

/* 再 */
0x00,0x0F,0xFC,0x0C,0x07,0xF8,0x6D,0x87,0xF8,0x6D,0x86,0xDE,0x61,0x86,0x18,0x63,0x84,0x10,

/* 在 */
0x0C,0x00,0x80,0xFF,0xE1,0x20,0x72,0x06,0x20,0x7F,0xCE,0x20,0x62,0x06,0x20,0x7F,0xE6,0x00,

/* 咱 */
0x03,0x00,0x20,0xFF,0xCB,0x84,0xBC,0xCB,0xCC,0xB8,0x4F,0xFC,0xF8,0x48,0x84,0x0F,0xC0,0x84,

/* 攒 */
0x40,0x85,0xF8,0x5F,0xCF,0xFE,0x5F,0x87,0x6E,0xEF,0x8C,0xA8,0x4A,0x84,0xA8,0xC5,0xC5,0x84,

/* 暂 */
0x20,0x06,0xFC,0xF6,0x0F,0xFC,0x35,0x8F,0x58,0x29,0x83,0xF8,0x21,0x03,0xF0,0x3F,0x06,0x10,

/* 赞 */
0x21,0x0E,0x74,0xFF,0xCF,0xFE,0x7B,0x0F,0xDE,0xBF,0x82,0xD0,0x29,0x02,0xF0,0x31,0x8C,0x04,

/* 赃 */
0x03,0x0F,0x14,0x97,0xCF,0x50,0xF5,0x0F,0x54,0xFF,0xCD,0xD0,0xE9,0x07,0x90,0x9F,0xE0,0x00,

/* 脏 */
0x02,0x0F,0x14,0xBF,0xCB,0x90,0xF9,0x0B,0x90,0xFF,0xCF,0x90,0xB9,0x0B,0x90,0xF9,0x63,0x00,

/* 葬 */
0x12,0x0F,0xFE,0x12,0x4F,0xFC,0x7F,0x8F,0xA4,0x33,0xCD,0x30,0xFF,0xE1,0x20,0x23,0x0C,0x20,

/* 遭 */
0x05,0x05,0xFC,0x75,0xC1,0x7C,0x1F,0xCD,0xFC,0x5F,0x84,0x88,0x4F,0x84,0xF8,0xBB,0xE0,0xFC,

/* 糟 */
0x43,0x04,0x7C,0xFF,0x4E,0xFC,0x7F,0xCF,0xF4,0x6F,0xCF,0xF8,0xCC,0xC4,0xF8,0x4F,0x84,0x88,

/* 凿 */
0x14,0x05,0xC8,0x77,0x03,0xF4,0x16,0x05,0xE8,0x7F,0x84,0xC8,0x7F,0x84,0xC8,0x7F,0x84,0x08,

/* 藻 */
0x12,0x0F,0xFE,0x13,0x06,0xF8,0xAF,0x0F,0xFC,0x7F,0xC5,0xEC,0xFF,0xCC,0xF0,0xF6,0xC4,0x60,

/* 枣 */
0x0C,0x0F,0xFC,0x4C,0x87,0xF8,0x4C,0x85,0xE8,0x2F,0x0C,0x9E,0x0C,0x00,0x40,0x1E,0x00,0x20,

/* 早 */
0x00,0x07,0xF8,0x61,0x87,0xF8,0x61,0x87,0xF8,0x6D,0x00,0xC4,0xFF,0xC0,0xC0,0x0C,0x00,0xC0,

/* 澡 */
0x08,0x84,0x98,0x6F,0x8A,0x94,0xFF,0xC7,0x54,0x5F,0xCC,0x66,0xCF,0x0C,0xB8,0xF2,0xE0,0x20,

/* 蚤 */
0x00,0x07,0xF8,0x1F,0x00,0xE0,0x1F,0x0E,0xDC,0x7F,0x86,0xD0,0x7F,0x00,0xD0,0xFF,0x84,0x00,

/* 躁 */
0x84,0x8F,0x48,0xA7,0x8B,0x5C,0xFF,0xC5,0xF4,0xFF,0x4D,0xFE,0xC7,0x0F,0xEC,0x9A,0x60,0x20,

/* 噪 */
0x00,0x0E,0xF8,0xED,0x8E,0xF8,0xFF,0xCF,0x54,0xFF,0xCF,0x64,0xBF,0xC0,0xF8,0x12,0xE2,0x20,

/* 造 */
0x02,0x0C,0xA0,0x6F,0xC5,0x20,0x12,0x4F,0xFC,0x6F,0x84,0x88,0x48,0x84,0xF8,0xF8,0xE8,0xFC,

/* 皂 */
0x08,0x06,0xD8,0x61,0x86,0x18,0x61,0x86,0x18,0x59,0x80,0x8E,0xFE,0x00,0x84,0x0F,0xC0,0xF8,

/* 灶 */
0x02,0x06,0x30,0x62,0x07,0xA0,0xF3,0x4E,0xB0,0xC2,0x04,0x20,0x62,0x05,0x20,0x9B,0x60,0x00,

/* 燥 */
0x40,0x84,0xF8,0x4F,0x87,0xD8,0xFF,0xCD,0x54,0x5F,0xC5,0x26,0x7F,0x8E,0xF8,0x9A,0xE2,0x20,

/* 责 */
0x0C,0x00,0xCC,0x0D,0x87,0xF8,0xFF,0xC0,0x10,0x3F,0x82,0xD0,0x29,0x03,0xF0,0x31,0x8C,0x08,

/* 择 */
0x40,0x04,0xF8,0x55,0x0F,0x30,0x47,0xC7,0xAC,0xE2,0x8C,0xA0,0x43,0x44,0x20,0xC2,0x04,0x20,

/* 则 */
0x00,0x4F,0xC4,0xCD,0x4F,0xD4,0xFD,0x4F,0xD4,0xFD,0x4E,0xD4,0xBB,0x46,0x84,0xCD,0xC0,0x08,

/* 泽 */
0x00,0x85,0xF8,0x47,0x0A,0x60,0xAF,0xE7,0x6C,0x5F,0x8C,0x20,0xFF,0xCC,0x60,0xC6,0x00,0x60,

/* 贼 */
0x01,0x0F,0x1C,0x93,0x6F,0xFC,0xF5,0x0F,0x54,0xFF,0xCD,0x58,0xE5,0x87,0xBA,0x9E,0xE0,0x02,

/* 怎 */
0x10,0x03,0x0C,0x3F,0xC4,0x98,0x8F,0x88,0xFC,0x08,0x00,0x80,0x74,0x8F,0x5C,0xB1,0x49,0xF0,

/* 增 */
0x44,0x84,0x58,0x4F,0xC4,0xFC,0xFF,0xC4,0xFC,0x48,0x44,0xFC,0x7C,0xCC,0xCC,0x0F,0xC0,0x88,

/* 憎 */
0x48,0x84,0x58,0x5F,0xC7,0xAC,0xFF,0xCD,0xF4,0x58,0xC4,0xFC,0x4C,0x84,0x88,0x4F,0x84,0x88,

/* 曾 */
0x23,0x01,0x20,0xFF,0xCE,0xDC,0xDE,0xCF,0xFC,0xC1,0x03,0xF8,0x21,0x02,0x10,0x3F,0x02,0x10,

/* 赠 */
0x04,0xCF,0x68,0x9F,0xEF,0xDE,0xFF,0xEF,0xFE,0xF8,0x4F,0x7C,0xE4,0xC7,0x4C,0x97,0xC0,0x44,

/* 扎 */
0x22,0x02,0x20,0x2A,0x0F,0xA0,0x22,0x03,0xA0,0xF2,0x0A,0x20,0x22,0x42,0x24,0xE3,0xC6,0x1C,

/* 喳 */
0x02,0x0A,0x2C,0xFF,0x0A,0xF8,0xAA,0xCB,0xAC,0xAF,0x8A,0xF8,0xA8,0x80,0xF8,0x08,0x43,0xFC,

/* 渣 */
0x02,0x06,0x24,0x5F,0xCA,0xF0,0xEA,0xC3,0xAE,0x7F,0x84,0xF8,0xC8,0x8C,0xF8,0xC8,0x47,0xFC,

/* 札 */
0x22,0x02,0x20,0x2A,0x0F,0xA0,0x62,0x07,0x20,0x6A,0x0A,0x20,0xA2,0x02,0x24,0x23,0xE2,0x18,

/* 轧 */
0x20,0x06,0x30,0xFE,0x04,0x20,0xF2,0x0B,0xA0,0xFA,0x03,0xA0,0xF2,0x0F,0x24,0x33,0xE2,0x1C,

/* 铡 */
0x40,0x47,0xF4,0xFB,0xCB,0xFC,0xFF,0xC5,0xFC,0xFF,0xC5,0xFC,0x5F,0xC6,0xE4,0x53,0xC2,0x04,

/* 闸 */
0x60,0x02,0xFC,0xE0,0x4F,0xF4,0xF5,0x4F,0xF4,0xF5,0x4F,0xF4,0xF5,0x4C,0x44,0xC5,0xC0,0x08,

/* 眨 */
0x00,0x8F,0x7C,0xB2,0x0A,0x20,0xFF,0x8B,0x18,0xA1,0x0E,0x20,0xA6,0x0B,0x40,0xBF,0xC8,0x1C,

/* 栅 */
0x40,0x05,0xFC,0x5D,0xCF,0xDC,0xDD,0xCF,0xFE,0xFD,0xCD,0x7C,0x57,0xC5,0x6C,0x6E,0xC6,0x48,

/* 榨 */
0x42,0x04,0xA4,0x7F,0xE7,0xD8,0x4C,0xCF,0x64,0xFF,0xC4,0xB8,0x52,0x04,0x3C,0x42,0x04,0x20,

/* 咋 */
0x04,0x0A,0x40,0xAF,0xEA,0xE0,0xB6,0x0B,0x7C,0xA6,0x0E,0x64,0xA7,0xC0,0x60,0x06,0x00,0x60,

/* 乍 */
0x10,0x03,0x00,0x3F,0xE6,0x80,0x48,0x08,0xF8,0x08,0x00,0x84,0x0F,0xC0,0x80,0x08,0x00,0x80,

/* 炸 */
0x02,0x06,0x60,0x66,0x67,0xE0,0xEA,0x0F,0x3C,0xC2,0x06,0x24,0x73,0xE5,0xA0,0x82,0x00,0x20,

/* 诈 */
0x04,0x06,0xC0,0x2F,0xE0,0xE0,0xF6,0x07,0x7C,0x66,0x04,0x64,0x77,0xC6,0x60,0x66,0x00,0x60,

/* 摘 */
0x42,0x04,0x34,0x5D,0x8F,0x50,0x5F,0xC7,0xA4,0xDF,0xCD,0xF4,0x5D,0x45,0xF4,0xD9,0xC5,0x8C,

/* 斋 */
0x08,0x0F,0xFC,0x17,0x00,0xC0,0x1F,0x8E,0x1C,0x7F,0x87,0xF8,0x56,0x85,0x68,0x57,0x84,0x18,

/* 宅 */
0x0C,0x00,0x44,0xFF,0xEC,0x38,0x0F,0x07,0x80,0x08,0xC1,0xF0,0xC8,0x00,0x84,0x08,0xC0,0xFC,

/* 窄 */
0x08,0x07,0xFC,0x96,0xCB,0x38,0x71,0x83,0xFC,0x68,0x0C,0xF8,0x88,0x80,0xFC,0x08,0x00,0x80,

/* 债 */
0x22,0x07,0xFC,0x42,0x84,0xFC,0xFF,0xEC,0x88,0x4F,0xC4,0xA8,0x4A,0x84,0xE8,0x4D,0xC7,0x84,

/* 寨 */
0x0C,0x0F,0xFC,0x92,0xC7,0xF8,0x3F,0x81,0x24,0x3F,0x06,0xFC,0xFE,0xC3,0x70,0x7D,0x88,0x80,

/* 瞻 */
0x06,0x0E,0x78,0xA9,0xCB,0xFC,0xEF,0xCA,0xFE,0xAF,0xCA,0xCC,0xBC,0xCF,0x7C,0xB6,0xC2,0x4C,

/* 毡 */
0x02,0x03,0x20,0xC3,0xC4,0x20,0x72,0x0C,0xF8,0x5C,0x8F,0xC8,0x4F,0x84,0xCC,0x69,0xE3,0xFC,

/* 詹 */
0x18,0x01,0xF0,0x3F,0xC6,0xD8,0xF6,0xC7,0xFC,0x5F,0x84,0x08,0x50,0x85,0xF8,0x99,0x81,0x08,

/* 粘 */
0x22,0x02,0x30,0xBB,0x0F,0x3E,0xFB,0x06,0x30,0x7F,0xC7,0xCC,0xAC,0xC2,0xCC,0x2F,0xC2,0xC4,

/* 沾 */
0x00,0x06,0x60,0x36,0x48,0x7C,0xE6,0x02,0x60,0x7F,0xC5,0x88,0xD8,0x85,0x88,0xDF,0x85,0x08,

/* 盏 */
0x16,0x01,0x38,0xFE,0x40,0xFC,0xFD,0x80,0xF4,0x7F,0xC4,0x1C,0x7F,0x85,0xE8,0x5F,0xCF,0xFC,

/* 斩 */
0x40,0x04,0x7C,0xFE,0x0C,0x40,0xE4,0x4B,0xFC,0xA5,0x82,0x58,0xF5,0x8A,0x58,0x29,0x83,0x18,

/* 辗 */
0x40,0x04,0xFC,0xF8,0xCC,0xFC,0xEB,0xCF,0xFC,0x6B,0xC7,0xFC,0xED,0xC7,0x58,0x76,0xC6,0x44,

/* 崭 */
0x0C,0x04,0xC8,0x7F,0x86,0x08,0x6F,0xC7,0x60,0xFF,0xCF,0xF8,0x3D,0x8E,0x58,0x29,0x83,0x18,

/* 展 */
0x00,0x87,0xF8,0x40,0x87,0xF8,0x4B,0x07,0xFC,0x4A,0x47,0xFC,0x55,0x89,0x30,0x9D,0xC1,0x0C,

/* 蘸 */
0x12,0x0F,0xFC,0x12,0x0F,0xB4,0xF7,0xCF,0xFC,0xFD,0x4D,0xFC,0xFF,0xE9,0xC0,0xFF,0xC8,0xC0,

/* 栈 */
0x42,0x06,0x78,0x76,0x8F,0x7C,0x6E,0x0E,0x3C,0xFE,0x8E,0x38,0x63,0x06,0x72,0x7C,0xE6,0x06,

/* 占 */
0x08,0x00,0xC0,0x08,0x40,0xFC,0x08,0x00,0x80,0x7F,0x84,0x08,0x40,0x84,0x08,0x7F,0x84,0x08,

/* 战 */
0x02,0x06,0x78,0x66,0xC7,0xEC,0x6F,0x06,0x2C,0xFA,0x89,0x38,0x93,0x09,0x3C,0x94,0xC8,0x86,

/* 站 */
0x41,0x06,0x30,0x2B,0x4F,0xBE,0x13,0x09,0x30,0x57,0xC7,0x44,0x6C,0x4F,0x4C,0xC7,0xC0,0x44,

/* 湛 */
0x09,0x8C,0x9C,0x7F,0xC2,0xF8,0xE9,0x8C,0xF8,0x49,0xCF,0xFC,0xD5,0x8D,0x88,0xDF,0xC0,0x00,

/* 绽 */
0x02,0x06,0x30,0x4F,0xCB,0x8C,0xEF,0xCC,0x30,0x4F,0x0E,0xBC,0x8B,0x0F,0xF0,0x97,0xC2,0x0C,

/* 樟 */
0x42,0x04,0x3C,0x6D,0x8F,0x5C,0x5F,0xCE,0xFC,0xEF,0x84,0x88,0x4A,0xC5,0xFE,0x42,0x04,0x20,

/* 章 */
0x08,0x07,0xF8,0x13,0x01,0xA4,0x61,0x83,0xF8,0x3F,0x82,0x18,0x3F,0x0F,0xFC,0x0C,0x00,0xC0,

/* 彰 */
0x20,0x0F,0xCC,0x49,0x83,0x50,0xFE,0xCF,0xC8,0xF9,0x0C,0xE6,0xFC,0xCF,0xD8,0x23,0x02,0xC0,

/* 漳 */
0x02,0x05,0xFC,0x4D,0x8A,0x56,0xBF,0xC2,0xF8,0x4F,0x84,0x88,0xDF,0x87,0xFE,0xC2,0x04,0x20,

/* 张 */
0x04,0x0F,0x48,0x35,0x83,0x70,0xF6,0x08,0xCC,0xFF,0x02,0x50,0x25,0x02,0x58,0xE6,0xC4,0xC0,

/* 掌 */
0x0C,0x03,0xD0,0x7F,0xCF,0xFC,0xB3,0x03,0xF0,0x7F,0x80,0xD8,0x0C,0x4F,0xFC,0x0C,0x01,0x80,

/* 涨 */
0x02,0x07,0xE4,0x4A,0xCB,0xB8,0xFB,0x07,0x7E,0x7B,0x0C,0xA8,0xCA,0x8C,0xAC,0xFB,0x69,0x20,

/* 杖 */
0x61,0x06,0x10,0x71,0x0F,0xFE,0x61,0x0F,0x50,0xF5,0x0E,0x70,0x62,0x06,0x70,0x6D,0xC7,0x04,

/* 丈 */
0x00,0x00,0x60,0x06,0x4F,0xFC,0x26,0x02,0x40,0x14,0x01,0x40,0x0C,0x01,0xE0,0x73,0xC8,0x0C,

/* 帐 */
0x44,0x04,0x48,0x75,0x8F,0x70,0xD4,0x0D,0x44,0xDF,0xCD,0x70,0xF5,0x04,0x58,0x4E,0xC4,0xC0,

/* 账 */
0x04,0x0F,0x48,0xB5,0x8F,0x70,0xB6,0x0B,0xFC,0xF5,0x0F,0x50,0xF5,0x85,0x7C,0x9E,0x40,0x40,

/* 仗 */
0x21,0x02,0x30,0x61,0x45,0xFE,0xC9,0x0C,0xB0,0x4B,0x04,0x60,0x46,0x04,0x70,0x49,0xC7,0x00,

/* 胀 */
0x14,0x0F,0x4C,0xD5,0x8F,0x70,0xF6,0x0D,0xFE,0xF5,0x09,0x50,0x95,0x89,0x5C,0x76,0x62,0x40,

/* 瘴 */
0x04,0x07,0xFC,0x66,0x0F,0xFC,0xEF,0xC7,0xF8,0xFF,0x8D,0xF8,0x5F,0x87,0xFE,0x86,0x00,0x60,

/* 障 */
0x02,0x0F,0xFC,0xA5,0x8E,0x54,0xDF,0xCA,0xFC,0xAF,0x8E,0xF8,0xEA,0xC9,0xFE,0x82,0x08,0x20,

/* 招 */
0x20,0x02,0xFC,0x32,0x4F,0xA4,0x26,0xC3,0xD8,0x6C,0xCE,0x7C,0x24,0x42,0x44,0xE7,0xC6,0x44,

/* 昭 */
0x00,0x0F,0xFC,0xB6,0x4B,0x64,0xB5,0xCF,0x88,0xBC,0xCB,0x4C,0xF4,0xCB,0x4C,0x87,0xC0,0x44,

/* 找 */
0x22,0x02,0x78,0x26,0x8F,0xE4,0x2F,0x83,0xA8,0x63,0x8E,0x30,0x23,0x02,0x74,0x68,0xC6,0x06,

/* 沼 */
0x00,0x07,0xFC,0x34,0xC8,0x4C,0xED,0x86,0x98,0x7D,0x84,0x8C,0xC8,0xC4,0x8C,0x4F,0xC4,0x88,

/* 赵 */
0x20,0x02,0x0C,0xFC,0x82,0x28,0x3D,0x8F,0x90,0x73,0x8F,0xA8,0xF4,0xCF,0x88,0xBF,0xE0,0xFC,

/* 照 */
0x00,0x07,0xFC,0x56,0x45,0x5C,0x7C,0xC5,0x7C,0x54,0xCF,0x7C,0x44,0x85,0x2C,0xD2,0x48,0x00,

/* 罩 */
0x40,0x85,0xEC,0x5E,0xC4,0xC8,0x0F,0x87,0xF8,0x7F,0x86,0x18,0x2D,0xCF,0xFE,0x0C,0x00,0xC0,

/* 兆 */
0x14,0x01,0x60,0x14,0x85,0x78,0x56,0x01,0x60,0x37,0x8D,0x48,0xB4,0x42,0x44,0x47,0xC8,0x38,

/* 肇 */
0x22,0x07,0xFC,0x5F,0x87,0xB8,0x9E,0xEB,0xF8,0xFF,0xC3,0xF8,0x2D,0x03,0xF4,0xFF,0xC0,0x80,

/* 召 */
0x00,0x0F,0xFC,0x18,0x81,0x08,0x37,0x86,0x30,0xFF,0x82,0x08,0x20,0x82,0x08,0x3F,0x82,0x00,

/* 遮 */
0x02,0x05,0x3C,0x57,0x81,0x5C,0x5F,0xCD,0x58,0x57,0x85,0x58,0x6D,0xC7,0xD4,0xB0,0xE1,0xFC,

/* 折 */
0x60,0x86,0xFC,0x6C,0x0F,0xC0,0x6C,0xC7,0xD8,0xE9,0x8E,0x98,0x69,0x86,0x98,0xF1,0x86,0x10,

/* 哲 */
0x20,0x02,0x78,0xFC,0x02,0xFC,0xED,0x8A,0xD8,0x69,0x85,0x10,0x7F,0x86,0x10,0x7F,0x06,0x10,

/* 蛰 */
0x22,0x02,0x28,0xFF,0x87,0xE8,0xE6,0x86,0xAC,0x6C,0x67,0xF8,0x6D,0x87,0xF8,0xFF,0x8E,0x0C,

/* 辙 */
0x48,0x84,0xA8,0xFF,0x0C,0xDE,0xDF,0x4F,0xF4,0xD7,0xC7,0xF8,0xFE,0x85,0x78,0x5F,0x45,0x64,

/* 者 */
0x08,0x00,0x98,0x7F,0x00,0xA0,0xFF,0xC0,0x80,0x3F,0x07,0x10,0xFF,0x02,0x10,0x3F,0x02,0x10,

/* 锗 */
0x42,0x04,0x24,0xFF,0xC8,0x38,0xFF,0xE4,0x30,0x57,0xCF,0xCC,0x57,0xC7,0x4C,0x67,0xC4,0x48,

/* 蔗 */
0x12,0x0F,0xFE,0x1F,0x05,0xFC,0x5B,0x05,0xB4,0x7F,0xC5,0xB0,0x5B,0x0E,0xA8,0xAF,0x42,0x84,

/* 这 */
0x04,0x0C,0x60,0x7F,0xC0,0x18,0x09,0x0E,0x70,0x63,0x06,0x78,0x69,0x87,0x08,0xFF,0xE8,0xFC,

/* 浙 */
0x08,0x05,0xBC,0x7A,0x03,0xE0,0xDB,0xED,0xE8,0x7A,0x8F,0xA8,0xDA,0x8D,0xE8,0xFC,0x81,0x88,

/* 珍 */
0x02,0x0F,0x70,0x45,0x04,0xCC,0x6A,0x6F,0x60,0x4D,0x85,0x34,0x74,0xCD,0xB8,0x06,0x03,0x80,

/* 斟 */
0x40,0x85,0xE8,0xFE,0x85,0x88,0x5E,0x87,0xA8,0x5C,0xCF,0xDC,0xFE,0x8C,0x88,0xFC,0x80,0x08,

/* 真 */
0x0C,0x00,0xCC,0x0D,0x03,0xF0,0x3F,0x02,0x10,0x3F,0x03,0xF0,0x21,0x4F,0xFC,0x73,0x8C,0x0C,

/* 甄 */
0x08,0x47,0x30,0xFE,0x0F,0xFC,0xFE,0x8F,0xF8,0xA3,0x8F,0xE8,0x26,0x83,0xFC,0xE6,0xE0,0x00,

/* 砧 */
0x03,0x0F,0xB0,0x43,0x64,0x3E,0x53,0x0F,0x30,0xDF,0xCD,0xC4,0x5C,0x47,0xC4,0xDF,0xC0,0xC4,

/* 臻 */
0x02,0x0F,0xFC,0x42,0x8A,0xFC,0xFF,0xC4,0x58,0xFF,0xC5,0x2C,0x4F,0x8E,0xF8,0x1A,0xC0,0x20,

/* 贞 */
0x08,0x00,0xCC,0x0C,0x06,0xD8,0x6D,0x86,0xC8,0x6C,0x86,0xC8,0x68,0x81,0xB0,0x31,0xCC,0x04,

/* 针 */
0x63,0x05,0x30,0xF3,0x08,0x30,0xFF,0xE6,0x30,0xFB,0x06,0x30,0x63,0x07,0x30,0x63,0x00,0x30,

/* 侦 */
0x22,0x02,0x24,0x63,0xC5,0xEC,0xDA,0xCD,0xAC,0x5A,0xC5,0xAC,0x5E,0x84,0x58,0x48,0xC7,0x04,

/* 枕 */
0x42,0x06,0x20,0x6A,0x4F,0xFC,0x7A,0x87,0x70,0xF7,0x0E,0x70,0x65,0x06,0x90,0x79,0xE6,0x1C,

/* 疹 */
0x04,0x00,0x44,0x7F,0xCE,0x60,0xE9,0x87,0x2E,0xE4,0x0E,0xB0,0x56,0xC5,0x98,0x86,0x03,0x80,

/* 诊 */
0x02,0x04,0x60,0x65,0x00,0x9C,0x52,0xC6,0x60,0x49,0x04,0x30,0x5C,0xC7,0x38,0x46,0x03,0x80,

/* 震 */
0x01,0x84,0xC4,0xFF,0xCB,0xF8,0x3F,0x07,0xF8,0x5F,0x05,0xFC,0x75,0x8D,0x70,0xBF,0xC3,0x0C,

/* 振 */
0x40,0x04,0xFC,0x78,0x0F,0xF8,0x48,0x06,0xFC,0xCD,0x44,0xDC,0x55,0x85,0x58,0xE6,0xEC,0x40,

/* 镇 */
0x42,0x04,0xFC,0xF2,0x08,0xFC,0xFF,0x84,0xC8,0x5F,0x8F,0xF8,0x5C,0xC7,0xFC,0x6C,0xC5,0x04,

/* 阵 */
0x02,0x0F,0x24,0xBF,0xCA,0x40,0xCF,0x0A,0xBC,0xBF,0x8E,0x34,0xFF,0xE8,0x30,0x83,0x08,0x20,

/* 蒸 */
0x12,0x03,0x24,0x32,0x07,0xF0,0x06,0x8F,0xD8,0x2B,0x05,0x9C,0xC9,0x47,0x50,0x56,0xC9,0x24,

/* 挣 */
0x42,0x04,0x68,0x4D,0x8F,0x98,0x5F,0xC7,0x2C,0xFF,0xC4,0x28,0x5F,0x84,0x20,0xCE,0x04,0x60,

/* 睁 */
0x06,0x0F,0x78,0xAD,0x8B,0xB8,0xF6,0xCA,0x2C,0xBF,0xCA,0x2C,0xAF,0x8E,0x20,0xA6,0x00,0x60,

/* 征 */
0x20,0x07,0x0C,0xC3,0x0A,0x20,0x6A,0x04,0xBC,0xCB,0x04,0xA0,0x4A,0x04,0xA0,0x7F,0xE4,0x00,

/* 狰 */
0x04,0x0B,0xD8,0x69,0x85,0xB8,0xFF,0xC6,0x2C,0x7F,0xCA,0x28,0x3F,0x82,0x20,0xEE,0x04,0x60,

/* 争 */
0x10,0x03,0xF0,0x66,0x07,0xF8,0x8D,0x80,0xCC,0xFF,0xC0,0xC8,0x7F,0x80,0xC0,0x0C,0x01,0x80,

/* 怔 */
0x40,0x04,0xFC,0x43,0x06,0x30,0xFB,0x0C,0xBC,0x4B,0x04,0xB0,0x4B,0x04,0xB0,0x7F,0xE4,0x00,

/* 整 */
0x22,0x0F,0xA4,0xBB,0xCF,0xE8,0xFB,0x07,0xB8,0xAE,0xC3,0xD8,0x2D,0x02,0xF8,0x2C,0x4F,0xFC,

/* 拯 */
0x40,0x04,0xFC,0x51,0x8F,0x30,0x5F,0xC7,0xF8,0xEB,0x8C,0xA8,0x52,0xE6,0x60,0xC2,0x45,0xFC,

/* 正 */
0x00,0x07,0xFC,0x04,0x00,0x40,0x24,0x02,0x78,0x24,0x02,0x40,0x24,0x02,0x40,0xFF,0xE0,0x00,

/* 政 */
0x02,0x0F,0xA0,0x22,0x42,0x7C,0xEC,0x8B,0xE8,0xAB,0x8A,0x30,0xBB,0x0F,0x38,0x8C,0xC3,0x04,

/* 帧 */
0x42,0x06,0x34,0xF3,0xEF,0xBC,0xFF,0xCF,0xFC,0xFF,0xCF,0xFC,0xFE,0xC6,0x78,0x6C,0xC7,0x84,

/* 症 */
0x04,0x00,0x64,0x3F,0xCE,0x04,0xFF,0xC2,0x20,0xFA,0x4E,0xBC,0x4A,0x04,0xA0,0x9A,0x60,0x00,

/* 郑 */
0x08,0x05,0xBE,0x5A,0xCF,0xE8,0x22,0x82,0x68,0xFE,0x42,0x26,0x7B,0xE4,0xAC,0x82,0x00,0x20,

/* 证 */
0x00,0x05,0xFC,0x43,0x00,0x30,0xCB,0x04,0xBC,0x4B,0x04,0xB0,0x6B,0x06,0xB0,0xFF,0xE0,0x00,

/* 芝 */
0x13,0x03,0x34,0xFF,0xE3,0xB0,0x0C,0x8F,0xF8,0x02,0x00,0xC0,0x18,0x0F,0x00,0x9F,0xC0,0x7C,

/* 枝 */
0x62,0x06,0x20,0x7F,0xCF,0x20,0x62,0x07,0xFC,0xF4,0x8E,0x58,0x63,0x06,0x30,0x6D,0xC7,0x04,

/* 支 */
0x04,0x00,0xC0,0xFF,0xC0,0xC0,0x0C,0x07,0xF8,0x13,0x01,0xA0,0x0C,0x00,0xE0,0x33,0xCC,0x0C,

/* 吱 */
0x02,0x00,0x20,0xF3,0xCA,0x20,0xA2,0x0A,0xF8,0xA5,0x8E,0x50,0xA3,0x08,0x70,0x0D,0xC3,0x0C,

/* 蜘 */
0x44,0x04,0xC0,0x6B,0xCF,0xD4,0xF5,0x4F,0x74,0xFF,0x4C,0x54,0x6D,0x4F,0xFC,0x91,0x42,0x00,

/* 知 */
0x60,0x04,0x00,0x7F,0xCA,0x24,0xA2,0x4B,0xE4,0x22,0x42,0x24,0x3A,0xC6,0xAC,0xCA,0x40,0x00,

/* 肢 */
0x02,0x0F,0x30,0xD3,0xCD,0x30,0xF2,0x0D,0xF8,0xD4,0x8F,0x50,0x93,0x09,0x30,0xF5,0xC3,0x04,

/* 脂 */
0x00,0x0F,0xDC,0x9F,0x0D,0xC4,0xFF,0xE9,0x00,0xFF,0xCF,0xCC,0x9F,0xC9,0xCC,0xFF,0xC2,0x4C,

/* 汁 */
0x02,0x06,0x20,0x22,0x0A,0x20,0xFF,0xE6,0x20,0x42,0x04,0x20,0xC2,0x04,0x20,0xC2,0x04,0x20,

/* 之 */
0x08,0x00,0xC0,0x04,0x8F,0xF8,0x03,0x00,0x60,0x0C,0x01,0x80,0x60,0x0B,0x00,0x1F,0xC0,0x00,

/* 织 */
0x20,0x06,0x7C,0x5C,0xC9,0xCC,0xE4,0xC6,0x4C,0x4F,0xCE,0x50,0x06,0x8F,0xCC,0x98,0x61,0x00,

/* 职 */
0x08,0x0D,0x7C,0xD4,0x4F,0x44,0xD4,0x4D,0x7C,0xD4,0x4D,0xB8,0xF2,0xC9,0x44,0x1C,0x61,0x00,

/* 直 */
0x04,0x00,0xCC,0xFF,0xC2,0xD0,0x21,0x03,0xF0,0x21,0x03,0xF0,0x21,0x03,0xF0,0x21,0xC8,0x00,

/* 植 */
0x42,0x04,0x24,0x5F,0xCF,0x28,0x4F,0x8E,0xC8,0xFC,0x8C,0xF8,0x48,0x84,0xF8,0x4C,0xE4,0x00,

/* 殖 */
0x02,0x0F,0x24,0x4F,0xC4,0xA8,0xFC,0x8B,0xF8,0xEC,0x86,0xF8,0x68,0x84,0xF8,0x8C,0xE2,0x00,

/* 执 */
0x46,0x04,0x60,0x74,0x0F,0xF8,0x44,0x87,0x48,0xEC,0x8C,0x68,0x4E,0xA4,0x8A,0xF0,0xE6,0x02,

/* 值 */
0x22,0x06,0x64,0x7F,0xC4,0xE8,0xC8,0x8C,0xF8,0x48,0x84,0xF8,0x48,0x84,0xF8,0x59,0xE4,0x00,

/* 侄 */
0x20,0x03,0xFC,0x46,0x04,0x58,0xCC,0xCC,0xFC,0x42,0x04,0x2C,0x42,0x04,0x20,0x7F,0xE4,0x00,

/* 址 */
0x42,0x04,0x30,0x43,0x04,0xB0,0xFB,0x44,0xBC,0x4B,0x04,0xB0,0x5B,0x0E,0xB0,0xBF,0xE0,0x00,

/* 指 */
0x64,0x06,0xCC,0x7F,0x4F,0xC4,0x6F,0xC7,0x00,0xEF,0xCE,0xCC,0x6F,0xC6,0xCC,0xEF,0xC4,0xCC,

/* 止 */
0x04,0x00,0x40,0x04,0x02,0x40,0x24,0x82,0x78,0x24,0x02,0x40,0x24,0x02,0x40,0xFF,0xC0,0x00,

/* 趾 */
0x01,0x0F,0x10,0x91,0x09,0x50,0xF5,0x4A,0x5C,0xF5,0x0B,0x50,0xA5,0x0B,0xD0,0xFF,0xE0,0x00,

/* 只 */
0x00,0x83,0xF8,0x21,0x82,0x18,0x21,0x83,0xF8,0x21,0x81,0x20,0x31,0x86,0x0C,0xC0,0x40,0x00,

/* 旨 */
0x40,0x04,0x78,0x7C,0x04,0x0C,0x7F,0xC0,0x00,0x7F,0x86,0x18,0x7F,0x86,0x18,0x7F,0x86,0x18,

/* 纸 */
0x00,0x06,0xFC,0x4B,0x0B,0x90,0xE9,0x4E,0xFC,0x49,0x0F,0x90,0x09,0x0E,0xBA,0x8C,0xE0,0x86,

/* 志 */
0x0C,0x00,0xC0,0x0C,0x48,0xC0,0x0C,0x07,0xF8,0x08,0x03,0xC8,0xF4,0xCB,0x16,0xB1,0x01,0xF0,

/* 挚 */
0x22,0x0F,0xF8,0x3E,0x8E,0x68,0xA6,0xC7,0x9C,0x7F,0x83,0xF8,0x0C,0x4F,0xFC,0x1C,0x00,0x80,

/* 掷 */
0x42,0x04,0xFE,0x4D,0x4F,0xF4,0x49,0x47,0xF8,0xDF,0x4C,0x96,0x4D,0x65,0xFE,0xD3,0x46,0x10,

/* 至 */
0x00,0x0F,0xFC,0x08,0x01,0x30,0x31,0x87,0xC8,0x0C,0x07,0xF8,0x0C,0x00,0xC0,0xFF,0xE0,0x00,

/* 致 */
0x03,0x0F,0xA0,0x62,0x45,0x6C,0xFE,0x8E,0xF8,0x2B,0x8F,0xB0,0x23,0x03,0xB8,0xCC,0xC1,0x00,

/* 置 */
0x40,0x85,0xEC,0x7F,0x84,0xCC,0xFF,0xC3,0xF0,0x21,0x02,0x10,0x3F,0x03,0xF0,0x21,0xE0,0x00,

/* 帜 */
0x60,0x04,0x7C,0xFC,0x8F,0x48,0xD4,0x8D,0x48,0xD4,0x8D,0x40,0xF6,0x84,0xCC,0x58,0x44,0x00,

/* 峙 */
0x42,0x04,0x20,0x4F,0xCD,0x20,0xD2,0x4D,0xFC,0xD1,0xCD,0xFC,0xF5,0x8F,0x58,0x01,0x80,0x10,

/* 制 */
0x10,0x45,0x04,0xFD,0x49,0x14,0xB7,0x41,0x14,0xFD,0x4D,0x54,0xD5,0x4D,0x44,0xDD,0xC1,0x08,

/* 智 */
0x60,0x07,0xFC,0xB2,0x4F,0xE4,0x32,0x46,0xA4,0xEB,0x02,0x10,0x3F,0x02,0x10,0x3F,0x02,0x10,

/* 秩 */
0x03,0x07,0x70,0x6F,0x07,0xFC,0xFB,0x06,0x24,0xFF,0xCE,0x30,0x67,0x86,0x48,0x68,0xE7,0x04,

/* 稚 */
0x05,0x0F,0x50,0x6F,0xC7,0xD0,0xFD,0x47,0xFC,0x7D,0x0F,0xFC,0xED,0x06,0xD4,0x6F,0xE6,0xC0,

/* 质 */
0x01,0x87,0xF8,0x46,0x47,0xFE,0x44,0x05,0xF8,0x56,0x85,0x48,0xD4,0x89,0xF8,0x98,0xC6,0x04,

/* 炙 */
0x08,0x01,0xF8,0x39,0x87,0xE0,0x1C,0x03,0xC8,0xED,0x82,0xF0,0x6A,0x01,0xB0,0x31,0xC8,0x04,

/* 痔 */
0x04,0x06,0x64,0x66,0x0E,0x68,0xFF,0x86,0x64,0xE1,0x8F,0xFC,0x49,0x84,0xD8,0x83,0x80,0x10,

/* 滞 */
0x0A,0x8C,0xA8,0x7F,0xEA,0xA8,0xBA,0xC7,0xFE,0x7E,0x8D,0xE8,0xDA,0x8D,0xB8,0xDB,0x80,0x20,

/* 治 */
0x03,0x06,0x30,0x26,0x09,0xCC,0xFF,0xE6,0x86,0x28,0xC4,0x8C,0xC8,0xC4,0x8C,0x4F,0xC4,0x8C,

/* 窒 */
0x08,0x04,0xC4,0xDE,0xCB,0x38,0x61,0xC1,0xA0,0x33,0x07,0xD8,0x0C,0x87,0xF8,0x0C,0x4F,0xFC,

/* 中 */
0x0C,0x00,0xC0,0x0C,0x0F,0xFC,0xCC,0xCC,0xCC,0xFF,0xCC,0xC8,0x0C,0x00,0xC0,0x0C,0x00,0xC0,

/* 盅 */
0x08,0x04,0xC8,0x7F,0x84,0xC8,0x7F,0x84,0xC8,0x0C,0x07,0xF8,0x52,0x85,0x28,0x5E,0xC8,0x00,

/* 忠 */
0x04,0x00,0xC8,0x7F,0x84,0xC8,0x6D,0x86,0xD8,0x0C,0x02,0x80,0x7C,0xCF,0x54,0xB3,0x41,0xF0,

/* 钟 */
0x61,0x06,0x10,0x79,0x0C,0xFE,0xFD,0x44,0xD4,0x7F,0x46,0xD4,0x41,0x07,0x10,0x61,0x04,0x10,

/* 衷 */
0x08,0x00,0xC4,0x8C,0x87,0xF8,0x4C,0x87,0xF8,0x4C,0x81,0xD8,0x32,0x0F,0x30,0x3D,0xE3,0x04,

/* 终 */
0x24,0x06,0x48,0x5F,0x8B,0xD8,0xF3,0x04,0x30,0xD5,0xCF,0xAC,0x03,0x0F,0x00,0x87,0x00,0x18,

/* 种 */
0x01,0x0F,0x10,0x61,0x47,0xFE,0xFD,0x46,0xD4,0x7F,0xCF,0xD4,0xE1,0x06,0x10,0x61,0x06,0x10,

/* 肿 */
0x01,0x0F,0x10,0xD1,0x4F,0xFE,0xFD,0x4D,0xD4,0xFF,0xCD,0xD4,0x91,0x09,0x10,0xB1,0x02,0x10,

/* 重 */
0x03,0x07,0xC0,0xFF,0xC0,0xD0,0x7F,0x86,0xD8,0x6D,0x87,0xF8,0x0C,0x87,0xF8,0xFF,0xC0,0x00,

/* 仲 */
0x22,0x02,0x20,0x62,0x45,0xFC,0x7A,0x4F,0xA4,0x7F,0xC7,0xB4,0x62,0x06,0x20,0x62,0x04,0x20,

/* 众 */
0x0C,0x01,0xC0,0x16,0x03,0x3C,0xE3,0xC2,0x30,0x23,0x03,0x30,0x7F,0x04,0xC8,0x8C,0xE3,0x00,

/* 舟 */
0x0C,0x00,0x80,0x3F,0x82,0x90,0x2D,0x02,0x54,0xFF,0xC2,0x90,0x2D,0x06,0x10,0xC7,0x08,0x30,

/* 周 */
0x00,0x07,0xFC,0x44,0xC5,0xFC,0x45,0xC7,0xFC,0x5E,0xC5,0x2C,0x5E,0xCD,0xAC,0x81,0x80,0x08,

/* 州 */
0x20,0x02,0x6C,0x24,0xC2,0x4C,0xB7,0xCF,0xFC,0xAD,0xC2,0x4C,0x24,0xC4,0x4C,0xC4,0xC0,0x0C,

/* 洲 */
0x08,0x04,0xB4,0x6B,0x4A,0xB4,0xFF,0x47,0xFC,0x7F,0xC4,0xB4,0xCB,0x4D,0x34,0xF3,0x4E,0x04,

/* 诌 */
0x06,0x06,0x48,0x2F,0x80,0x90,0x53,0x4E,0xFC,0x40,0x44,0xFC,0x50,0x47,0x04,0x7F,0xC4,0x04,

/* 粥 */
0x08,0x0E,0x9C,0x3E,0x4B,0xD4,0xFD,0xCB,0xF0,0xA9,0x4F,0xF4,0x7E,0x46,0x84,0xC9,0xCC,0x88,

/* 轴 */
0x41,0x04,0x10,0xF9,0x4C,0xFC,0xED,0x4F,0xD4,0xFF,0xC2,0xF4,0xED,0x4A,0xD4,0x2F,0xC2,0x84,

/* 肘 */
0x00,0x8F,0x18,0xD1,0x8D,0xFE,0xD1,0x8D,0x58,0xF7,0x89,0x38,0x91,0x89,0x18,0x33,0x80,0x10,

/* 帚 */
0x01,0x03,0xF8,0x3F,0x00,0x10,0x01,0x0F,0xFE,0xCD,0x87,0xF8,0x6D,0x86,0xD8,0x6F,0x00,0x80,

/* 咒 */
0x00,0x07,0xBC,0x5A,0x85,0xA8,0x7B,0x80,0x20,0x3E,0x03,0x20,0x32,0x02,0x24,0x63,0xE8,0x3C,

/* 皱 */
0x41,0x04,0x10,0xF7,0xEB,0x54,0xB5,0x0F,0xFC,0x16,0x8F,0x78,0x1D,0x81,0x98,0x1A,0xE1,0x84,

/* 宙 */
0x08,0x00,0xC4,0xFF,0xC8,0xC8,0x8C,0x07,0xF8,0x4C,0x87,0xF8,0x4D,0x84,0xC8,0x7F,0x84,0x08,

/* 昼 */
0x00,0x83,0xF8,0x21,0x86,0x78,0x62,0x06,0x3C,0x61,0xCB,0xF0,0x21,0x03,0xF0,0x21,0xC0,0x00,

/* 骤 */
0x00,0x0F,0xAC,0xEF,0xCA,0xEC,0xAF,0x6B,0xB8,0xF7,0x43,0xFC,0xFF,0x82,0xFC,0x7B,0x60,0x20,

/* 珠 */
0x02,0x01,0xE0,0xFA,0xC4,0xFC,0x52,0x0F,0x34,0x47,0x04,0x78,0x7B,0x8D,0xAC,0xB2,0x40,0x20,

/* 株 */
0x42,0x04,0xE0,0x4E,0x8F,0xF8,0x4A,0x0F,0xFC,0xF7,0x0C,0x78,0x4B,0x85,0xAC,0x62,0x44,0x20,

/* 蛛 */
0x42,0x04,0x70,0x4F,0xCF,0xF0,0xFB,0x0F,0xFC,0xF7,0x0E,0x78,0x7F,0x8F,0xBC,0x93,0x40,0x20,

/* 朱 */
0x0C,0x02,0xC0,0x6D,0x86,0xC0,0x4C,0x0F,0xFC,0x1E,0x01,0xF0,0x2D,0x84,0xCE,0x8C,0x40,0xC0,

/* 猪 */
0x02,0x0B,0x24,0x6F,0xC6,0x28,0xBF,0xE6,0x20,0x6F,0x8A,0xC8,0x3F,0x82,0xC8,0xEF,0x84,0xC8,

/* 诸 */
0x06,0x04,0x64,0x7F,0xC0,0x78,0xFF,0xE4,0x60,0x4F,0xC5,0x88,0x7F,0x86,0x88,0x6F,0xC0,0x88,

/* 诛 */
0x02,0x04,0xA0,0x6A,0x81,0xF8,0xD2,0x07,0xFC,0x47,0x04,0xF0,0x5A,0x87,0xAC,0x72,0x40,0x20,

/* 逐 */
0x00,0x0D,0xFC,0x46,0x00,0xCC,0x17,0x8E,0xF0,0x57,0x84,0xFC,0x5B,0x44,0x60,0xF7,0xE9,0xFC,

/* 竹 */
0x22,0x06,0x20,0x46,0x47,0xFE,0xA9,0x8A,0x98,0x21,0x82,0x18,0x21,0x82,0x18,0x23,0x82,0x10,

/* 烛 */
0x63,0x06,0x30,0x7B,0x47,0xFC,0xEB,0x4E,0xB4,0x4F,0xC6,0xB4,0x73,0x85,0x34,0x9F,0xE0,0x02,

/* 煮 */
0x08,0x00,0xA8,0x2B,0x0F,0xFC,0x0C,0x03,0xF8,0x71,0x0B,0xF0,0x3F,0x01,0x08,0xDA,0xC9,0xA4,

/* 拄 */
0x40,0x06,0x20,0x62,0x4F,0xFC,0x62,0x07,0x20,0xEB,0xCE,0x30,0x62,0x06,0x20,0xE3,0x45,0xFC,

/* 瞩 */
0x00,0x0F,0xFC,0xBF,0xCB,0xBC,0xFF,0x4B,0xFC,0xFF,0xCB,0xFC,0xBF,0xCF,0xFC,0xAC,0xC0,0x84,

/* 嘱 */
0x00,0x0F,0xFC,0xBF,0xCB,0x1C,0xBF,0x8B,0xFC,0xBF,0xCF,0xFC,0x9B,0xC2,0xFC,0x28,0xC4,0x8C,

/* 主 */
0x08,0x00,0xC0,0x04,0xCF,0xFC,0x0C,0x00,0xC0,0x0D,0x80,0xC0,0x0C,0x00,0xC0,0xFF,0xE0,0x00,

/* 著 */
0x12,0x0F,0xFE,0x3B,0x00,0xA0,0x7F,0x80,0xF4,0xFF,0xC3,0xF8,0x71,0x0B,0xF0,0x3F,0x03,0x10,

/* 柱 */
0x62,0x06,0x30,0x62,0x4F,0xFC,0x63,0x07,0x30,0xFF,0xCE,0x30,0x63,0x06,0x30,0x63,0x64,0x00,

/* 助 */
0x03,0x0F,0xB0,0xDB,0x0D,0xFC,0xFB,0x4D,0xA4,0xDA,0x4D,0xA4,0xDE,0x4F,0xCC,0xC9,0x81,0x08,

/* 蛀 */
0x02,0x06,0x30,0x71,0x4F,0xF0,0xF1,0x0F,0x10,0xFF,0xCF,0x30,0x71,0x0F,0x90,0x8F,0xE0,0x00,

/* 贮 */
0x02,0x0F,0x30,0x91,0x4F,0xFE,0xF8,0xCF,0x00,0xF0,0x0D,0x00,0xD0,0x06,0x04,0x9F,0xC0,0x00,

/* 铸 */
0x41,0x04,0x34,0xFF,0xC8,0x2C,0xF6,0x44,0xFC,0xF4,0x84,0xFE,0x54,0x87,0x68,0x63,0x80,0x18,

/* 筑 */
0x62,0x06,0xA4,0xFF,0xCB,0x58,0x19,0x0F,0xF8,0x2D,0x82,0xF8,0x2F,0x8F,0x9A,0x99,0xE2,0x0C,

/* 住 */
0x26,0x02,0x20,0x72,0xC4,0x20,0xE2,0x0C,0x20,0x5F,0xC4,0x20,0x42,0x04,0x20,0x66,0xE4,0x00,

/* 注 */
0x04,0x06,0x60,0x32,0x4B,0xFC,0xE2,0x06,0x20,0x5F,0xC4,0x20,0xC2,0x04,0x20,0xC6,0x64,0x00,

/* 祝 */
0x40,0x06,0xFC,0x68,0xCF,0x8C,0x68,0xC6,0xFC,0xF7,0x0D,0x50,0x45,0x04,0x52,0x49,0xE7,0x0C,

/* 驻 */
0x02,0x0F,0x30,0x7F,0xCF,0x30,0xE3,0x0B,0x34,0xFF,0xC3,0x30,0xD3,0x01,0x30,0x7F,0xE2,0x00,

/* 抓 */
0x40,0x04,0x3C,0x7E,0x8F,0xA8,0x4A,0x87,0xA8,0xEA,0x8C,0xA8,0x5A,0xC5,0x2C,0xF2,0x66,0x20,

/* 爪 */
0x00,0x00,0xF8,0x7E,0x06,0xA0,0x69,0x06,0x90,0x69,0x04,0x90,0x49,0x84,0x8C,0x88,0xE0,0x80,

/* 拽 */
0x42,0x04,0x20,0x6F,0xCF,0xAC,0x4F,0xC7,0xAC,0xEF,0xCC,0xBC,0x41,0x84,0x32,0xCC,0xEC,0x06,

/* 专 */
0x0C,0x00,0x80,0x7F,0x81,0x80,0x18,0x4F,0xFC,0x31,0x03,0xF8,0x02,0x03,0xC0,0x0E,0x00,0x20,

/* 砖 */
0x03,0x0F,0x30,0x6F,0xC4,0x20,0x42,0x4F,0xFE,0xF6,0x0F,0x7C,0xF0,0x8F,0x70,0xF3,0x80,0x18,

/* 转 */
0x21,0x06,0x30,0xFF,0xC4,0x20,0xE2,0x4F,0xFC,0xA6,0x03,0xFC,0xE1,0x82,0x70,0x21,0x82,0x08,

/* 撰 */
0x40,0x05,0xFC,0x7F,0x4F,0xFC,0x5F,0xE6,0x58,0xDD,0xCC,0xD0,0x7F,0xE4,0xD0,0xD8,0xCE,0x04,

/* 赚 */
0x00,0x0F,0x54,0xBF,0xCE,0x58,0xFF,0xCF,0xFE,0xE5,0xCF,0xFC,0xED,0x86,0xDC,0x95,0x60,0x50,

/* 篆 */
0x22,0x07,0xFC,0x55,0x0B,0xF0,0x33,0x03,0xFC,0x39,0x07,0xF0,0x3F,0x07,0x5C,0xFC,0xC0,0xC0,

/* 桩 */
0x42,0x04,0x30,0x4F,0xCF,0x90,0x49,0x0E,0x90,0xFF,0xCC,0x90,0x49,0x04,0x90,0x71,0x46,0x00,

/* 庄 */
0x0C,0x00,0x44,0x7F,0xC4,0x60,0x44,0x04,0x48,0x7F,0x84,0x40,0x44,0x08,0x40,0xFF,0xC0,0x00,

/* 装 */
0x32,0x0B,0x20,0x7F,0xC3,0x20,0xF2,0x8B,0xF8,0x2C,0xCF,0xFC,0x37,0x8F,0x30,0x39,0xC3,0x00,

/* 妆 */
0x22,0x02,0x60,0x26,0x0A,0x44,0xFF,0xE2,0x58,0x2D,0x8E,0x90,0xA7,0x02,0x38,0x24,0xC3,0x84,

/* 撞 */
0x42,0x04,0xFC,0x45,0x8F,0x54,0x5F,0xC6,0xFC,0xCF,0xCC,0xAC,0x4F,0xC4,0xFC,0xC2,0x4D,0xFC,

/* 壮 */
0x23,0x02,0x20,0xA2,0x0E,0x24,0xFF,0xE2,0x20,0x62,0x0E,0x20,0xA2,0x02,0x24,0x2F,0xC2,0x00,

/* 状 */
0x22,0x02,0x38,0x22,0x8A,0x2C,0xFF,0xC2,0x70,0x27,0x0E,0x50,0xA5,0x8A,0xC8,0x28,0xE3,0x04,

/* 椎 */
0x44,0x06,0x50,0x6D,0x4F,0xF0,0x79,0x4F,0xFC,0xF9,0x0E,0xFC,0x69,0x06,0x94,0x6F,0xE4,0x80,

/* 锥 */
0x47,0x04,0x50,0xFF,0xE8,0xD0,0xFD,0x44,0xFC,0x7D,0x04,0xFC,0x5D,0x06,0xD4,0x4F,0xE0,0x00,

/* 追 */
0x02,0x04,0x60,0x6F,0x80,0x88,0x0F,0x8E,0x88,0x4F,0x84,0x88,0x48,0x87,0x88,0xFF,0xE0,0xFC,

/* 赘 */
0x20,0x0F,0xA4,0xFF,0xCF,0xF8,0x79,0x05,0xFC,0xBD,0xC3,0xF8,0x29,0x06,0xD0,0x33,0x8C,0x08,

/* 坠 */
0x92,0x0F,0x20,0xA3,0x0B,0x70,0xD5,0x8F,0xCC,0x98,0xEA,0xC0,0x4D,0x80,0xC0,0x0C,0x40,0x00,

/* 缀 */
0x40,0x05,0xFC,0xCD,0x8B,0xD8,0xFD,0x45,0x64,0xDF,0xCF,0xD8,0x0D,0x8F,0xD8,0xB3,0xE0,0x40,

/* 谆 */
0x06,0x04,0x24,0x5F,0xC0,0xF8,0xC8,0x84,0xF8,0x4F,0xC4,0x30,0x7F,0xE6,0x20,0x42,0x00,0x60,

/* 准 */
0x0E,0x08,0xB0,0xFF,0xC7,0xB0,0x7B,0x47,0xFC,0xDB,0x0D,0xFC,0xDB,0x0D,0xB4,0x9F,0xC1,0x00,

/* 捉 */
0x60,0x06,0xFC,0x7C,0x8F,0xC8,0x6F,0xC7,0xA0,0xEA,0x0E,0xBC,0x6A,0x07,0xE0,0xF7,0xE6,0x1C,

/* 拙 */
0x63,0x06,0x30,0x6B,0x4F,0xB4,0x6B,0x47,0xFC,0xE3,0x4E,0xB4,0x6B,0x46,0xB4,0xFF,0xC4,0x04,

/* 卓 */
0x0C,0x00,0xFC,0x0C,0x03,0xF8,0x21,0x83,0xF8,0x21,0x83,0xF8,0x0C,0x48,0xC0,0x0C,0x00,0xC0,

/* 桌 */
0x08,0x00,0xFC,0x0C,0x07,0xF8,0x7F,0x86,0x18,0x7F,0x82,0xC4,0xBE,0x03,0xF0,0x6D,0xE8,0xC4,

/* 琢 */
0x00,0x4F,0xFC,0x44,0x44,0xCC,0x77,0x8F,0xF8,0x4F,0x85,0x78,0xEF,0xC9,0x36,0x26,0x00,0x20,

/* 茁 */
0x22,0x03,0x34,0x3B,0x02,0xF0,0x6C,0x84,0xC8,0x7F,0x84,0xC8,0x4C,0x84,0xC8,0xFF,0x80,0x08,

/* 酌 */
0x01,0x0F,0xF0,0x73,0xCF,0xA4,0xFA,0x4D,0xE4,0xDD,0x48,0x94,0xF8,0x48,0x84,0xF9,0xC8,0x88,

/* 啄 */
0x00,0x4F,0xFC,0xE6,0x0A,0xCC,0xB7,0x8B,0xF0,0xBF,0x8E,0xF8,0xAB,0xC1,0x36,0x26,0x00,0x60,

/* 着 */
0x12,0x01,0x2C,0xFF,0xC7,0xF8,0x18,0x4F,0xFC,0x3F,0x87,0x10,0xF1,0x03,0xF0,0x3F,0x02,0x10,

/* 灼 */
0x22,0x02,0x60,0x2F,0xC3,0xC4,0xAC,0x4A,0xA4,0xF3,0x46,0x34,0x70,0x45,0x8C,0x83,0xC0,0x08,

/* 浊 */
0x02,0x06,0x20,0x72,0x03,0xFC,0xFA,0xC7,0xAC,0x5A,0xC5,0xA8,0xC2,0x8C,0x24,0xDF,0xC5,0x04,

/* 兹 */
0x23,0x01,0x20,0x16,0x62,0x30,0x22,0x05,0xE8,0xF5,0x8E,0x70,0x23,0x05,0x28,0xFF,0xC0,0x40,

/* 咨 */
0x0C,0x0D,0xCC,0x7E,0xC7,0x60,0xE6,0x08,0x98,0xB1,0xC7,0xF0,0x61,0x06,0x10,0x7F,0x06,0x10,

/* 资 */
0x00,0x0C,0xC8,0x3E,0xC7,0x60,0xCD,0x8F,0x9C,0xFF,0x06,0xD0,0x69,0x07,0x90,0x33,0x8C,0x08,

/* 姿 */
0x04,0x05,0xC8,0x3E,0xC7,0x60,0x4F,0x05,0x9C,0x78,0xCF,0xFC,0x32,0x03,0xE0,0x1F,0x0E,0x18,

/* 滋 */
0x09,0x84,0xD0,0x6F,0x6A,0x98,0xED,0x45,0x74,0x5F,0xCD,0xB8,0xC9,0x8D,0x54,0xFF,0xE0,0x00,

/* 淄 */
0x0A,0x04,0xAC,0x74,0x8B,0x68,0xEA,0xC4,0x84,0x5F,0xCD,0x2C,0xDF,0xCD,0x2C,0xDF,0xC5,0x04,

/* 孜 */
0x02,0x0F,0xE0,0x1E,0x42,0x7C,0x24,0x83,0xD8,0xEB,0x8A,0x30,0x23,0x02,0x38,0xEC,0xE7,0x04,

/* 紫 */
0x12,0x05,0x2C,0x5F,0x85,0x24,0xFF,0xED,0x90,0x3F,0x03,0xD0,0x7F,0x83,0x70,0x6C,0x88,0xC0,

/* 仔 */
0x20,0x03,0xFC,0x61,0x84,0x30,0xC3,0x0C,0x34,0x7F,0xC4,0x20,0x42,0x04,0x20,0x4E,0x04,0x60,

/* 籽 */
0x20,0x03,0xFC,0xF0,0x8F,0x10,0xF9,0x06,0x34,0x7B,0x0F,0x10,0xA1,0x02,0x10,0x67,0x06,0x20,

/* 滓 */
0x02,0x05,0x24,0x76,0xEB,0x20,0xFF,0xC4,0xD8,0x4D,0x65,0x64,0xC2,0xC5,0x60,0xC2,0x04,0x20,

/* 子 */
0x00,0x07,0xF8,0x03,0x00,0xC0,0x0C,0x00,0xCE,0x0C,0x00,0xC0,0x0C,0x00,0xC0,0x1C,0x00,0x80,

/* 自 */
0x08,0x00,0x80,0x7F,0x86,0x18,0x61,0x87,0xF8,0x61,0x87,0xF8,0x61,0x86,0x18,0x7F,0x86,0x10,

/* 渍 */
0x02,0x05,0xFC,0x72,0x8A,0xFC,0xBF,0xC6,0x88,0x4F,0xC4,0xA8,0xCA,0x8C,0xE8,0xC4,0xC7,0x84,

/* 字 */
0x08,0x00,0xC4,0xFF,0xC8,0x08,0x7F,0x00,0x20,0x0C,0x4F,0xFC,0x0C,0x00,0xC0,0x1C,0x00,0x80,

/* 鬃 */
0x00,0x87,0xF8,0x7C,0xC7,0xF0,0x79,0xCF,0xE0,0x7F,0xCF,0xFC,0xA0,0xC3,0xF0,0x6D,0xC8,0xC4,

/* 棕 */
0x42,0x04,0x34,0x4F,0xEF,0x88,0x4F,0x8E,0x00,0xFF,0xCC,0xB0,0x4F,0x85,0xB4,0x77,0x44,0x20,

/* 踪 */
0x02,0x0F,0x34,0x9C,0x69,0x80,0xF7,0xCA,0x00,0xFF,0xEE,0x10,0xEF,0xCF,0xD4,0xDF,0x40,0x30,

/* 宗 */
0x08,0x04,0xC4,0x7F,0xCC,0x08,0x3F,0x00,0x00,0xFF,0xC3,0x40,0x35,0x86,0x4C,0xDC,0x40,0xC0,

/* 综 */
0x42,0x04,0xA4,0xCF,0xEB,0x88,0xEF,0x84,0x00,0xDF,0xCE,0x30,0x0F,0xCF,0xB4,0x97,0x40,0x20,

/* 总 */
0x21,0x03,0x30,0x16,0x07,0xF8,0x61,0x86,0x18,0x7F,0x82,0x88,0xB5,0xCB,0x54,0xBF,0x01,0xE0,

/* 纵 */
0x01,0x86,0xD8,0x4D,0x8B,0x98,0xE9,0x86,0x98,0xCD,0x8E,0xF8,0x0E,0x8F,0x2C,0xB4,0x62,0x80,

/* 邹 */
0x20,0x06,0xBC,0x5A,0xCD,0x28,0xFE,0x80,0xA8,0x0A,0xCF,0xA4,0x0A,0x40,0xAC,0x0A,0x00,0xA0,

/* 走 */
0x0C,0x00,0xC8,0x7F,0x80,0xC0,0xFF,0xC0,0xC0,0x2C,0x06,0xF8,0x6C,0x05,0xC0,0x8F,0xE0,0x0C,

/* 奏 */
0x0C,0x00,0xC8,0x09,0x87,0xF8,0x18,0x4B,0x30,0x33,0x05,0xDC,0xFF,0xC1,0xC0,0x33,0x04,0x08,

/* 揍 */
0x42,0x04,0x24,0x5F,0xCF,0xF8,0x54,0x47,0xFC,0xC9,0x85,0xFE,0x76,0xC4,0x70,0xCD,0x8D,0x8C,

/* 租 */
0x10,0x0F,0x78,0x64,0x87,0x48,0xFF,0x86,0x48,0xF4,0x8F,0x78,0x64,0x86,0x48,0x6C,0xC7,0x00,

/* 足 */
0x01,0x02,0x18,0x21,0x02,0x10,0x7F,0x02,0xD0,0x2C,0x86,0xF8,0x6C,0x07,0xC0,0x9F,0xC0,0x00,

/* 卒 */
0x08,0x00,0xC8,0x7F,0x83,0x30,0x33,0x05,0xD8,0x4C,0x88,0xC4,0xFF,0xC0,0xC0,0x0C,0x00,0xC0,

/* 族 */
0x42,0x02,0x64,0xFF,0xC4,0xE0,0x56,0xC7,0x7C,0x5B,0x45,0xFE,0xD3,0x8B,0x28,0xA4,0xE1,0x84,

/* 祖 */
0x40,0x06,0xFC,0x2C,0x8F,0xC8,0x2F,0x86,0xC8,0xFC,0x84,0xF8,0x4C,0x84,0xC8,0x6C,0xE6,0x00,

/* 诅 */
0x00,0x86,0xFC,0x68,0x80,0x88,0xEF,0x84,0x88,0x48,0x84,0xF8,0x78,0x86,0x88,0x6C,0xE0,0x00,

/* 阻 */
0x00,0x8F,0xF8,0xAC,0x8A,0xC8,0xEF,0x8A,0xC8,0xBC,0x8B,0xF8,0xAC,0x88,0xC8,0x8C,0xE8,0x00,

/* 组 */
0x20,0x06,0xF8,0x5C,0x89,0xC8,0xEF,0x86,0xC8,0x4C,0x8F,0xF8,0x0C,0x87,0xC8,0xCC,0xE1,0x00,

/* 钻 */
0x42,0x05,0x30,0x7B,0x08,0x3E,0xF3,0x04,0x30,0x7F,0xC6,0xCC,0x4C,0xC7,0xCC,0x6F,0xC4,0xC4,

/* 纂 */
0x42,0x07,0xFC,0xBF,0x83,0xF0,0x3F,0x03,0xF0,0xFF,0xC7,0xFC,0xFE,0xC3,0xF0,0x7F,0x88,0xC8,

/* 嘴 */
0x05,0x0B,0xD4,0xFF,0xCB,0xD6,0xBD,0xCA,0xF8,0xBF,0xCF,0xFC,0xAF,0xC0,0xAC,0x13,0xC2,0x08,

/* 醉 */
0x03,0x0F,0x94,0x67,0xCF,0xE8,0xFF,0xCF,0xF4,0xF9,0x09,0xB4,0xFB,0x09,0x90,0xF9,0x08,0x10,

/* 最 */
0x01,0x06,0x18,0x7F,0x07,0xF8,0x61,0x4F,0xFC,0x7F,0x87,0xA8,0x4B,0x0F,0xF8,0x8E,0xE0,0x80,

/* 罪 */
0x00,0x07,0xFC,0x52,0xC7,0xFC,0x1E,0x0F,0x7C,0x16,0x07,0x7C,0x16,0x0F,0x7C,0x16,0x01,0x60,

/* 尊 */
0x13,0x01,0x24,0xFF,0xC7,0xF8,0x57,0x87,0x38,0x7F,0x87,0xF8,0xFF,0xE1,0x10,0x17,0x00,0x20,

/* 遵 */
0x09,0x04,0x74,0x7F,0xC1,0xFC,0x1F,0x8F,0xF8,0x5F,0xC7,0x9C,0x7F,0xC6,0x70,0xFF,0xE0,0xFC,

/* 昨 */
0x06,0x0F,0x60,0xF7,0xEB,0xE0,0xBA,0x0F,0x3C,0xB2,0x0B,0x24,0xF3,0xEB,0x20,0x02,0x00,0x20,

/* 左 */
0x08,0x00,0x80,0xFF,0xC1,0x80,0x10,0x03,0x08,0x3F,0xC6,0x60,0x46,0x08,0x60,0xFF,0xE0,0x00,

/* 佐 */
0x24,0x06,0x40,0x44,0x47,0xFC,0xCC,0x0C,0x80,0x4F,0xC5,0x30,0x53,0x06,0x30,0x63,0xE4,0x00,

/* 柞 */
0x66,0x04,0x40,0x7F,0xEF,0xE0,0x6A,0x0F,0x3C,0xF2,0x0C,0x24,0x43,0xC4,0x20,0x42,0x04,0x20,

/* 做 */
0x41,0x06,0x90,0x49,0x07,0xFE,0xCA,0xCC,0xA8,0x7D,0x87,0x58,0x75,0x87,0xD8,0x76,0xE4,0x84,

/* 作 */
0x24,0x02,0x40,0x6C,0x44,0xE0,0xF6,0x0F,0x7C,0x66,0x06,0x60,0x67,0xC6,0x60,0x66,0x04,0x60,

/* 坐 */
0x00,0x02,0xD8,0x6D,0x86,0xD0,0x6F,0x8B,0xEC,0x9E,0x40,0xC8,0x7F,0x80,0xC0,0x0C,0x40,0x00,

/* 座 */
0x04,0x04,0x44,0x7F,0xC5,0x68,0x55,0x85,0x58,0x6F,0xC6,0xE4,0x5F,0x88,0x40,0x86,0x47,0xFC,

};
